season,team,pfr_player_id,player,pos_group,side,start_week,end_week,games_missed,games_remaining,body_region,injury_label,went_on_ir,out_at_season_end,season_ending,ongoing
2020,ARI,AlleZa01,Zach Allen,DL,Defense,9,11,3,9,Ankle,Ankle,True,False,False,False
2020,ARI,BakeBu00,Budda Baker,DB,Defense,4,4,1,13,Hand / Wrist,Thumb,False,False,False,False
2020,ARI,BanjCh00,Chris Banjo,DB,Defense,4,5,2,13,Hamstring,Hamstring,False,False,False,False
2020,ARI,BanjCh00,Chris Banjo,DB,Defense,17,17,1,1,Hip / Groin,Hip,False,True,False,False
2020,ARI,ColeMa02,Mason Cole,OL,Offense,2,3,2,15,Hamstring,Hamstring,False,False,False,False
2020,ARI,DaniDa02,Darrell Daniels,TE,Offense,11,14,4,7,Ankle,Ankle,True,False,False,False
2020,ARI,DrakKe00,Kenyan Drake,RB,Offense,9,9,1,9,Ankle,Ankle,False,False,False,False
2020,ARI,FittKy00,Kylie Fitts,LB,Defense,6,6,1,11,Hamstring,Hamstring,False,False,False,False
2020,ARI,FittKy00,Kylie Fitts,LB,Defense,15,15,1,3,Hamstring,Hamstring,False,False,False,False
2020,ARI,FittKy00,Kylie Fitts,LB,Defense,17,17,1,1,Hamstring,Hamstring,True,True,True,False
2020,ARI,FitzLa00,Larry Fitzgerald,WR,Offense,17,17,1,1,Hip / Groin,Groin,False,True,False,False
2020,ARI,FotuLe00,Leki Fotu,DL,Defense,10,12,3,8,Ankle,Ankle,True,False,False,False
2020,ARI,GardDe01,Dennis Gardeck,LB,Defense,16,17,2,2,Knee,Knee,True,True,True,False
2020,ARI,IrviIs00,Isaiah Irving,LB,Defense,9,17,9,9,Unspecified (IR),,True,True,True,False
2020,ARI,JoneCh03,Chandler Jones,LB,Defense,6,17,11,11,Unspecified (IR),,True,True,True,False
2020,ARI,JoneJo07,Josh Jones,OL,Offense,1,1,1,16,Ankle,Ankle,False,False,False,False
2020,ARI,JoseJo20,Johnathan Joseph,DB,Defense,14,17,4,4,Neck,Neck,True,True,True,False
2020,ARI,KennDe00,Devon Kennard,LB,Defense,4,5,2,13,Lower Leg,Calf,False,False,False,False
2020,ARI,KirkCh01,Christian Kirk,WR,Offense,3,3,1,14,Hip / Groin,Groin,False,False,False,False
2020,ARI,KirkDr00,Dre Kirkpatrick,DB,Defense,9,9,1,9,Quad / Thigh,Thigh,False,False,False,False
2020,ARI,KirkDr00,Dre Kirkpatrick,DB,Defense,16,16,1,2,Hamstring,Hamstring,False,False,False,False
2020,ARI,LawrRa01,Rashard Lawrence,DL,Defense,6,13,7,11,Lower Leg,Calf,True,False,False,False
2020,ARI,MaurJo00,Josh Mauro,DL,Defense,12,17,6,6,Hamstring,Hamstring,True,True,True,False
2020,ARI,MurrJu00,Justin Murray,OL,Offense,10,12,3,8,Hand / Wrist,Hand,False,False,False,False
2020,ARI,PeteCo00,Corey Peters,DL,Defense,11,17,7,7,Knee,Knee,True,True,True,False
2020,ARI,PeteKe01,Kevin Peterson,DB,Defense,10,13,4,8,Unspecified (IR),,True,False,False,False
2020,ARI,PhilJo01,Jordan Phillips,DL,Defense,10,13,4,8,Hamstring,Hamstring,True,False,False,False
2020,ARI,PhilJo01,Jordan Phillips,DL,Defense,15,17,3,3,Hamstring,Hamstring,True,True,True,False
2020,ARI,PughJu00,Justin Pugh,OL,Offense,15,15,1,3,Lower Leg,Calf,False,False,False,False
2020,ARI,SweeJ.00,J.R. Sweezy,OL,Offense,6,9,3,11,Arm / Elbow,Elbow,True,False,False,False
2020,ARI,ThomDe06,Deionte Thompson,DB,Defense,10,10,1,8,Knee,Knee,False,False,False,False
2020,ARI,ThomJa04,Jalen Thompson,DB,Defense,2,7,6,15,Ankle,Ankle,False,False,False,False
2020,ARI,ThomJa04,Jalen Thompson,DB,Defense,12,16,5,6,Ankle,Ankle,False,False,False,False
2020,ARI,WashCh01,Charles Washington,DB,Defense,11,11,1,7,Hip / Groin,Groin,False,False,False,False
2020,ARI,WillMa04,Maxx Williams,TE,Offense,2,7,6,15,Ankle,Ankle,False,False,False,False
2020,ARI,WillMa04,Maxx Williams,TE,Offense,16,16,1,2,Ankle,Ankle,False,False,False,False
2020,ATL,AlleRi00,Ricardo Allen,DB,Defense,3,4,2,14,Arm / Elbow,Elbow,False,False,False,False
2020,ATL,AlleRi00,Ricardo Allen,DB,Defense,14,15,2,4,Head / Concussion,Concussion,False,False,False,False
2020,ATL,CarpJa00,James Carpenter,OL,Offense,13,14,2,5,Hip / Groin,Groin,False,False,False,False
2020,ATL,CarpJa00,James Carpenter,OL,Offense,16,16,1,2,Hip / Groin,Groin,False,False,False,False
2020,ATL,DaviMa01,Marlon Davidson,DL,Defense,1,2,2,16,Knee,Knee,False,False,False,False
2020,ATL,DaviMa01,Marlon Davidson,DL,Defense,15,16,2,3,Knee,Knee,False,False,False,False
2020,ATL,DennDa00,Darqueze Dennard,DB,Defense,4,8,5,13,Unspecified (IR),,True,False,False,False
2020,ATL,DennDa00,Darqueze Dennard,DB,Defense,15,17,3,3,Quad / Thigh,Quadricep,False,True,False,False
2020,ATL,FowlDa00,Dante Fowler,DL,Defense,9,11,2,8,Hamstring,Hamstring,False,False,False,False
2020,ATL,GurlTo01,Todd Gurley,RB,Offense,12,12,1,6,Knee,Knee,False,False,False,False
2020,ATL,HarrCh03,Charles Harris,DL,Defense,1,2,2,16,Ankle,Ankle,False,False,False,False
2020,ATL,HawkJa00,Jaylinn Hawkins,DB,Defense,5,7,3,12,Head / Concussion,Concussion,False,False,False,False
2020,ATL,JoneJu02,Julio Jones,WR,Offense,3,3,1,14,Hamstring,Hamstring,False,False,False,False
2020,ATL,JoneJu02,Julio Jones,WR,Offense,5,5,1,12,Hamstring,Hamstring,False,False,False,False
2020,ATL,JoneJu02,Julio Jones,WR,Offense,12,12,1,6,Hamstring,Hamstring,False,False,False,False
2020,ATL,JoneJu02,Julio Jones,WR,Offense,14,17,4,4,Hamstring,Hamstring,False,True,False,False
2020,ATL,KazeDa00,Damontae Kazee,DB,Defense,5,17,12,12,Unspecified (IR),,True,True,True,False
2020,ATL,MackAl20,Alex Mack,OL,Offense,16,17,2,2,Head / Concussion,Concussion,False,True,False,False
2020,ATL,McGaKa00,Kaleb McGary,OL,Offense,3,3,1,14,Knee,Knee,False,False,False,False
2020,ATL,McKiTa00,Takkarist McKinley,DL,Defense,3,4,2,14,Hip / Groin,Groin,False,False,False,False
2020,ATL,McKiTa00,Takkarist McKinley,DL,Defense,6,6,1,11,Hip / Groin,Groin,False,False,False,False
2020,ATL,McKiTa00,Takkarist McKinley,DL,Defense,8,9,2,9,Hip / Groin,Groin,False,False,False,False
2020,ATL,MillJo05,Jordan Miller,DB,Defense,5,16,11,12,Core / Abdomen,Oblique,True,False,False,False
2020,ATL,NealKe01,Keanu Neal,DB,Defense,4,4,1,13,Hamstring,Hamstring,False,False,False,False
2020,ATL,OluoFo00,Foyesade Oluokun,LB,Defense,3,3,1,14,Hamstring,Hamstring,False,False,False,False
2020,ATL,PoweBr00,Brandon Powell,WR,Offense,17,17,1,1,Foot / Toe,Foot,False,True,False,False
2020,ATL,RidlCa00,Calvin Ridley,WR,Offense,9,9,1,8,Foot / Toe,Foot,False,False,False,False
2020,ATL,ShefKe00,Kendall Sheffield,DB,Defense,1,3,3,16,Foot / Toe,Foot,False,False,False,False
2020,ATL,WetzJo00,John Wetzel,OL,Offense,4,12,8,13,Ankle,Ankle,False,False,False,False
2020,ATL,ZaccOl01,Olamide Zaccheaus,WR,Offense,13,17,5,5,Unspecified (IR),,True,True,True,False
2020,BAL,AlakOt01,Otaro Alaka,LB,Defense,6,17,11,11,Unspecified (IR),,True,True,True,False
2020,BAL,AndrMa00,Mark Andrews,TE,Offense,12,13,2,6,Quad / Thigh,Thigh,False,False,False,False
2020,BAL,AverAn00,Anthony Averett,DB,Defense,8,12,5,10,Ankle,Ankle,True,False,False,False
2020,BAL,BondTe00,Terrell Bonds,DB,Defense,11,17,7,7,Unspecified (IR),,True,True,True,False
2020,BAL,BoylNi00,Nick Boyle,TE,Offense,11,17,7,7,Unspecified (IR),,True,True,True,False
2020,BAL,CampCa99,Calais Campbell,DL,Defense,10,12,3,8,Lower Leg,Calf,False,False,False,False
2020,BAL,CampCa99,Calais Campbell,DL,Defense,15,15,1,3,Lower Leg,Calf,False,False,False,False
2020,BAL,DorsKh00,Khalil Dorsey,DB,Defense,10,17,8,8,Unspecified (IR),,True,True,True,False
2020,BAL,FortL.00,L.J. Fort,LB,Defense,9,10,2,9,Hand / Wrist,Finger,False,False,False,False
2020,BAL,GrifRo01,Robert Griffin III,QB,Offense,13,17,5,5,Quad / Thigh,Thigh,True,True,True,False
2020,BAL,HarrDa05,Davontae Harris,DB,Defense,16,17,2,2,Ankle,Ankle,True,True,True,False
2020,BAL,HillJu00,Justice Hill,RB,Offense,1,3,3,16,Quad / Thigh,Thigh,False,False,False,False
2020,BAL,IngrMa01,Mark Ingram,RB,Offense,8,9,2,10,Ankle,Ankle,False,False,False,False
2020,BAL,JudoMa00,Matt Judon,LB,Defense,12,13,2,6,Ankle,Ankle,False,False,False,False
2020,BAL,LeviAn00,Anthony Levine,DB,Defense,6,6,1,11,Core / Abdomen,Abdomen,False,False,False,False
2020,BAL,MaduJu00,Nnamdi Madubuike,DL,Defense,1,4,4,16,Knee,Knee,False,False,False,False
2020,BAL,McSoTr00,Trace McSorley,QB,Offense,15,17,3,3,Unspecified (IR),,True,True,True,False
2020,BAL,MekaPa00,Patrick Mekari,OL,Offense,17,17,1,1,Back,Back,False,True,False,False
2020,BAL,MoorCh00,Chris Moore,WR,Offense,1,6,6,16,Hand / Wrist,Finger,False,False,False,False
2020,BAL,MoorCh00,Chris Moore,WR,Offense,9,15,7,9,Quad / Thigh,Thigh,True,False,False,False
2020,BAL,NgakYa00,Yannick Ngakoue,DL,Defense,17,17,1,1,Quad / Thigh,Thigh,False,True,False,False
2020,BAL,PeteMa00,Marcus Peters,DB,Defense,15,16,2,3,Lower Leg,Calf,False,False,False,False
2020,BAL,PhilTy00,Tyre Phillips,OL,Offense,5,5,1,12,Shoulder,Shoulder,False,False,False,False
2020,BAL,PhilTy00,Tyre Phillips,OL,Offense,9,11,3,9,Hand / Wrist,Hand,True,False,False,False
2020,BAL,SmitJi03,Jimmy Smith,DB,Defense,10,10,1,8,Ankle,Ankle,False,False,False,False
2020,BAL,SmitJi03,Jimmy Smith,DB,Defense,13,13,1,5,Hip / Groin,Groin,False,False,False,False
2020,BAL,SmitJi03,Jimmy Smith,DB,Defense,15,17,3,3,Chest / Ribs,Ribs,False,True,False,False
2020,BAL,SneaWi00,Willie Snead,WR,Offense,17,17,1,1,Ankle,Ankle,False,True,False,False
2020,BAL,StanRo00,Ronnie Stanley,OL,Offense,4,4,1,13,Shoulder,Shoulder,False,False,False,False
2020,BAL,StanRo00,Ronnie Stanley,OL,Offense,9,17,9,9,Unspecified (IR),,True,True,True,False
2020,BAL,WashBr01,Broderick Washington Jr.,DL,Defense,13,14,2,5,Head / Concussion,Concussion,False,False,False,False
2020,BAL,WelcKr00,Kristian Welch,LB,Defense,15,15,1,3,Foot / Toe,Foot,False,False,False,False
2020,BAL,WillBr02,Brandon Williams,DL,Defense,11,12,2,7,Ankle,Ankle,False,False,False,False
2020,BAL,WillLu00,Luke Willson,TE,Offense,14,15,2,4,Hip / Groin,Hip,False,False,False,False
2020,BAL,WillTr99,Tramon Williams,DB,Defense,13,14,2,5,Quad / Thigh,Thigh,False,False,False,False
2020,BAL,WolfDe00,Derek Wolfe,DL,Defense,4,4,1,13,Arm / Elbow,Elbow,False,False,False,False
2020,BAL,WolfDe00,Derek Wolfe,DL,Defense,6,6,1,11,Neck,Neck,False,False,False,False
2020,BAL,YounTa01,Tavon Young,DB,Defense,3,17,14,14,Knee,Knee,True,True,True,False
2020,BUF,BeasCo00,Cole Beasley,WR,Offense,17,17,1,1,Knee,Knee,False,True,False,False
2020,BUF,BrowJo02,John Brown,WR,Offense,5,5,1,12,Knee,Knee,False,False,False,False
2020,BUF,BrowJo02,John Brown,WR,Offense,7,7,1,10,Knee,Knee,False,False,False,False
2020,BUF,BrowJo02,John Brown,WR,Offense,12,16,5,6,Ankle,Ankle,True,False,False,False
2020,BUF,ButlVe00,Vernon Butler,DL,Defense,1,1,1,16,Hamstring,Hamstring,False,False,False,False
2020,BUF,ButlVe00,Vernon Butler,DL,Defense,8,8,1,9,Hip / Groin,Groin,False,False,False,False
2020,BUF,DodsTy01,Tyrel Dodson,LB,Defense,7,13,6,10,Hamstring,Hamstring,True,False,False,False
2020,BUF,EdmuTr01,Tremaine Edmunds,LB,Defense,2,2,1,15,Shoulder,Shoulder,False,False,False,False
2020,BUF,FordCo00,Cody Ford,OL,Offense,7,8,2,10,Knee,Knee,False,False,False,False
2020,BUF,FordCo00,Cody Ford,OL,Offense,10,17,7,7,Ankle,Ankle,True,True,True,False
2020,BUF,GillRe00,Reggie Gilliam,TE,Offense,16,17,2,2,Knee,Knee,False,True,False,False
2020,BUF,HydeMi00,Micah Hyde,DB,Defense,8,8,1,9,Head / Concussion,Concussion,False,False,False,False
2020,BUF,JohnJa11,Jaquan Johnson,DB,Defense,14,15,2,4,Ankle,Ankle,False,False,False,False
2020,BUF,JoneTa00,Taiwan Jones,RB,Offense,9,10,2,8,Hamstring,Hamstring,False,False,False,False
2020,BUF,KnoxDa00,Dawson Knox,TE,Offense,3,3,1,14,Head / Concussion,Concussion,False,False,False,False
2020,BUF,KnoxDa00,Dawson Knox,TE,Offense,6,8,3,11,Lower Leg,Calf,False,False,False,False
2020,BUF,LewiCa00,Cameron Lewis,DB,Defense,7,17,10,10,Hand / Wrist,Wrist,True,True,True,False
2020,BUF,MilaMa00,Matt Milano,LB,Defense,2,2,1,15,Hamstring,Hamstring,False,False,False,False
2020,BUF,MilaMa00,Matt Milano,LB,Defense,5,6,2,12,Chest / Ribs,Pectoral,False,False,False,False
2020,BUF,MilaMa00,Matt Milano,LB,Defense,9,12,3,8,Chest / Ribs,Pectoral,True,False,False,False
2020,BUF,MorsMi00,Mitch Morse,OL,Offense,9,10,2,8,Head / Concussion,Concussion,False,False,False,False
2020,BUF,MossZa00,Zack Moss,RB,Offense,3,5,3,14,Foot / Toe,Toe,False,False,False,False
2020,BUF,NormJo01,Josh Norman,DB,Defense,1,3,3,16,Hamstring,Hamstring,False,False,False,False
2020,BUF,NormJo01,Josh Norman,DB,Defense,7,10,4,10,Hamstring,Hamstring,False,False,False,False
2020,BUF,PhilDe00,Del'Shawn Phillips,LB,Defense,2,8,7,15,Quad / Thigh,Quadricep,True,False,False,False
2020,BUF,PhilDe00,Del'Shawn Phillips,LB,Defense,10,17,7,7,Quad / Thigh,Quadricep,True,True,True,False
2020,BUF,SpaiQu00,Quinton Spain,OL,Offense,5,7,3,12,Foot / Toe,Foot,False,False,False,False
2020,BUF,WallLe00,Levi Wallace,DB,Defense,5,7,3,12,Ankle,Ankle,False,False,False,False
2020,BUF,WhitTr01,Tre'Davious White,DB,Defense,5,5,1,12,Back,Back,False,False,False,False
2020,BUF,YeldT.00,T.J. Yeldon,RB,Offense,6,17,11,11,Back,Back,False,True,False,False
2020,CAR,ApplEl00,Eli Apple,DB,Defense,5,6,2,12,Hamstring,Hamstring,False,False,False,False
2020,CAR,ApplEl00,Eli Apple,DB,Defense,8,8,1,9,Hamstring,Hamstring,False,False,False,False
2020,CAR,BonnRe00,Reggie Bonnafon,RB,Offense,5,17,12,12,Ankle,Ankle,True,True,True,False
2020,CAR,BridTe00,Teddy Bridgewater,QB,Offense,11,11,1,6,Knee,Knee,False,False,False,False
2020,CAR,BurnBr00,Brian Burns,DL,Defense,17,17,1,1,Shoulder,Shoulder,False,True,False,False
2020,CAR,BurrJu00,Juston Burris,DB,Defense,7,9,3,10,Unspecified (IR),,True,False,False,False
2020,CAR,ChinJe00,Jeremy Chinn,DB,Defense,9,9,1,8,Knee,Knee,False,False,False,False
2020,CAR,DaleDe00,Dennis Daley,OL,Offense,1,6,6,16,Ankle,Ankle,False,False,False,False
2020,CAR,DaleDe00,Dennis Daley,OL,Offense,12,17,5,5,Head / Concussion,Concussion,True,True,True,False
2020,CAR,DaviMi01,Mike Davis,RB,Offense,17,17,1,1,Ankle,Ankle,False,True,False,False
2020,CAR,FranSa00,Sam Franklin,DB,Defense,11,12,2,6,Ankle,Ankle,False,False,False,False
2020,CAR,GlanAd00,Adarius Taylor,LB,Defense,10,12,3,7,Unspecified (IR),,True,False,False,False
2020,CAR,GrosYe00,Yetur Gross-Matos,DL,Defense,2,2,1,15,Head / Concussion,Concussion,False,False,False,False
2020,CAR,GrosYe00,Yetur Gross-Matos,DL,Defense,6,8,3,11,Ankle,Ankle,True,False,False,False
2020,CAR,JackDo02,Donte Jackson,DB,Defense,11,12,2,6,Foot / Toe,Toe,False,False,False,False
2020,CAR,JameNa00,Natrell Jamerson,DB,Defense,15,17,3,3,Hip / Groin,Hip,False,True,False,False
2020,CAR,KerrZa00,Zach Kerr,DL,Defense,8,8,1,9,Foot / Toe,Toe,False,False,False,False
2020,CAR,KirkKe00,Keith Kirkwood,WR,Offense,7,17,10,10,Unspecified (IR),,True,True,True,False
2020,CAR,LarkAu00,Austin Larkin,DL,Defense,15,16,2,3,Shoulder,Shoulder,False,False,False,False
2020,CAR,LittGr01,Greg Little,OL,Offense,1,1,1,16,Ankle,Ankle,False,False,False,False
2020,CAR,LittGr01,Greg Little,OL,Offense,12,17,5,5,Ankle,Ankle,True,True,True,False
2020,CAR,McCaCh01,Christian McCaffrey,RB,Offense,3,8,6,14,Shoulder,Shoulder,True,False,False,False
2020,CAR,McCaCh01,Christian McCaffrey,RB,Offense,10,17,7,7,Shoulder,Shoulder,False,True,False,False
2020,CAR,MillJo04,John Miller,OL,Offense,7,7,1,10,Ankle,Ankle,False,False,False,False
2020,CAR,MillJo04,John Miller,OL,Offense,11,11,1,6,Knee,Knee,False,False,False,False
2020,CAR,OkunRu20,Russell Okung,OL,Offense,3,4,2,14,Hip / Groin,Groin,False,False,False,False
2020,CAR,OkunRu20,Russell Okung,OL,Offense,8,11,4,9,Lower Leg,Calf,False,False,False,False
2020,CAR,OkunRu20,Russell Okung,OL,Offense,15,17,3,3,Lower Leg,Calf,False,True,False,False
2020,CAR,PridTr00,Troy Pride Jr.,DB,Defense,16,17,2,2,Hip / Groin,Hip,True,True,True,False
2020,CAR,SamuCu00,Curtis Samuel,WR,Offense,6,6,1,11,Knee,Knee,False,False,False,False
2020,CAR,ScotTr01,Trenton Scott,OL,Offense,1,1,1,16,Knee,Knee,False,False,False,False
2020,CAR,ScotTr01,Trenton Scott,OL,Offense,17,17,1,1,Unspecified (IR),,True,True,True,False
2020,CAR,ShorKa00,Kawann Short,DL,Defense,2,3,2,15,Foot / Toe,Foot,False,False,False,False
2020,CAR,ShorKa00,Kawann Short,DL,Defense,6,17,11,11,Shoulder,Shoulder,True,True,True,False
2020,CAR,ThomSt00,Stantley Thomas-Oliver,DB,Defense,1,2,2,16,Hamstring,Hamstring,False,False,False,False
2020,CAR,WeatSt00,Stephen Weatherly,DL,Defense,10,17,7,7,Hand / Wrist,Finger,True,True,True,False
2020,CAR,WhitTa00,Tahir Whitehead,LB,Defense,11,11,1,6,Chest / Ribs,Rib,False,False,False,False
2020,CHI,BushDe00,Deon Bush,DB,Defense,5,6,2,12,Hamstring,Hamstring,False,False,False,False
2020,CHI,BushDe00,Deon Bush,DB,Defense,15,15,1,3,Foot / Toe,Foot,False,False,False,False
2020,CHI,BushDe00,Deon Bush,DB,Defense,17,17,1,1,Foot / Toe,Foot,False,True,False,False
2020,CHI,CoheTa00,Tarik Cohen,RB,Offense,4,17,13,13,Unspecified (IR),,True,True,True,False
2020,CHI,DaniJa01,James Daniels,OL,Offense,6,17,11,11,Unspecified (IR),,True,True,True,False
2020,CHI,FoleNi00,Nick Foles,QB,Offense,12,15,4,6,Hip / Groin,Hip,False,False,False,False
2020,CHI,HarrDe03,Demetrius Harris,TE,Offense,16,16,1,2,Foot / Toe,Foot,False,False,False,False
2020,CHI,HarrDw00,Dwayne Harris,WR,Offense,12,17,6,6,Unspecified (IR),,True,True,True,False
2020,CHI,HickAk00,Akiem Hicks,DL,Defense,12,12,1,6,Hamstring,Hamstring,False,False,False,False
2020,CHI,JenkJo00,John Jenkins,DL,Defense,3,5,3,14,Hand / Wrist,Thumb,False,False,False,False
2020,CHI,JenkJo00,John Jenkins,DL,Defense,9,10,2,8,Ankle,Ankle,False,False,False,False
2020,CHI,JohnJa13,Jaylon Johnson,DB,Defense,15,17,3,3,Shoulder,Shoulder,False,True,False,False
2020,CHI,MassBo00,Bobby Massie,OL,Offense,9,17,8,8,Unspecified (IR),,True,True,True,False
2020,CHI,McMaSh99,Sherrick McManis,DB,Defense,4,5,2,13,Hamstring,Hamstring,False,False,False,False
2020,CHI,McMaSh99,Sherrick McManis,DB,Defense,7,7,1,10,Hamstring,Hamstring,False,False,False,False
2020,CHI,McMaSh99,Sherrick McManis,DB,Defense,10,12,2,7,Hand / Wrist,Hand,False,False,False,False
2020,CHI,MontDa01,David Montgomery,RB,Offense,10,10,1,7,Head / Concussion,Concussion,False,False,False,False
2020,CHI,MustSa01,Sam Mustipher,OL,Offense,9,10,2,8,Knee,Knee,False,False,False,False
2020,CHI,QuinRo00,Robert Quinn,LB,Defense,1,1,1,16,Ankle,Ankle,False,False,False,False
2020,CHI,RobeRo00,Roy Robertson-Harris,DL,Defense,9,17,8,8,Shoulder,Shoulder,True,True,True,False
2020,CHI,SkriBu00,Buster Skrine,DB,Defense,14,17,4,4,Head / Concussion,Concussion,False,True,False,False
2020,CHI,SpriJa00,Jason Spriggs,OL,Offense,1,4,4,16,Knee,Knee,False,False,False,False
2020,CHI,SpriJa00,Jason Spriggs,OL,Offense,6,7,2,11,Hand / Wrist,Thumb,False,False,False,False
2020,CHI,SpriJa00,Jason Spriggs,OL,Offense,9,10,2,8,Knee,Knee,False,False,False,False
2020,CHI,TrubMi00,Mitchell Trubisky,QB,Offense,9,10,2,8,Shoulder,right Shoulder,False,False,False,False
2020,CHI,VaugJa01,James Vaughters,LB,Defense,13,14,2,5,Knee,Knee,False,False,False,False
2020,CHI,WhitCo03,Cody Whitehair,OL,Offense,8,9,2,9,Lower Leg,Calf,False,False,False,False
2020,CIN,AlexMa01,Mackensie Alexander,DB,Defense,4,5,2,13,Chest / Ribs,Ribs,False,False,False,False
2020,CIN,AlleBr00,Brandon Allen,QB,Offense,15,15,1,3,Knee,Knee,False,False,False,False
2020,CIN,AtkiGe99,Geno Atkins,DL,Defense,1,4,4,16,Shoulder,Shoulder,False,False,False,False
2020,CIN,AtkiGe99,Geno Atkins,DL,Defense,15,17,3,3,Unspecified (IR),,True,True,True,False
2020,CIN,BailMa01,Markus Bailey,LB,Defense,5,6,2,12,Neck,Neck,False,False,False,False
2020,CIN,BoydTy00,Tyler Boyd,WR,Offense,16,16,1,2,Head / Concussion,Concussion,False,False,False,False
2020,CIN,BrowTo01,Tony Brown,DB,Defense,13,15,3,5,Hamstring,Hamstring,True,False,False,False
2020,CIN,BurrJo01,Joe Burrow,QB,Offense,12,17,6,6,Unspecified (IR),,True,True,True,False
2020,CIN,DaniMi00,Mike Daniels,DL,Defense,2,2,1,15,Hip / Groin,Groin,False,False,False,False
2020,CIN,DaniMi00,Mike Daniels,DL,Defense,4,6,3,13,Arm / Elbow,Elbow,False,False,False,False
2020,CIN,EvanJo01,Jordan Evans,LB,Defense,16,16,1,2,Hamstring,Hamstring,False,False,False,False
2020,CIN,FinnB.01,B.J. Finney,OL,Offense,11,17,7,7,Back,Back,True,True,True,False
2020,CIN,HartBo00,Bobby Hart,OL,Offense,8,10,2,9,Knee,Knee,False,False,False,False
2020,CIN,HopkTr01,Trey Hopkins,OL,Offense,8,8,1,9,Head / Concussion,Concussion,False,False,False,False
2020,CIN,HubbSa00,Sam Hubbard,DL,Defense,6,8,3,11,Arm / Elbow,Elbow,True,False,False,False
2020,CIN,JackWi02,William Jackson III,DB,Defense,7,7,1,10,Head / Concussion,Concussion,False,False,False,False
2020,CIN,JackWi02,William Jackson III,DB,Defense,17,17,1,1,Head / Concussion,Concussion,False,True,False,False
2020,CIN,JordMi01,Michael Jordan,OL,Offense,8,8,1,9,Back,Back,False,False,False,False
2020,CIN,PhilDa02,Darius Phillips,DB,Defense,10,13,4,8,Hip / Groin,Groin,True,False,False,False
2020,CIN,ReadD.00,D.J. Reader,DL,Defense,6,17,11,11,Unspecified (IR),,True,True,True,False
2020,CIN,RedmAl01,Alex Redmond,OL,Offense,13,13,1,5,Head / Concussion,Concussion,False,False,False,False
2020,CIN,RossJo00,John Ross,WR,Offense,7,17,10,10,Foot / Toe,Foot,True,True,True,False
2020,CIN,SimsLe00,LeShaun Sims,DB,Defense,10,10,1,8,Head / Concussion,Concussion,False,False,False,False
2020,CIN,Sua-Xa00,Xavier Su'a-Filo,OL,Offense,2,12,10,15,Ankle,Ankle,True,False,False,False
2020,CIN,TateAu00,Auden Tate,WR,Offense,6,6,1,11,Shoulder,Shoulder,False,False,False,False
2020,CIN,TateAu00,Auden Tate,WR,Offense,13,17,5,5,Shoulder,Shoulder,True,True,True,False
2020,CIN,ThomMi04,Mike Thomas,WR,Offense,11,12,2,7,Hamstring,Hamstring,False,False,False,False
2020,CIN,UzomC.00,C.J. Uzomah,TE,Offense,3,17,14,14,Unspecified (IR),,True,True,True,False
2020,CIN,WillJo10,Jonah Williams,OL,Offense,8,10,2,9,Neck,Stinger,False,False,False,False
2020,CIN,WillJo10,Jonah Williams,OL,Offense,14,17,4,4,Unspecified (IR),,True,True,True,False
2020,CIN,WillSh02,Shawn Williams,DB,Defense,1,2,2,16,Lower Leg,Calf,False,False,False,False
2020,CIN,WilsBr01,Brandon Wilson,DB,Defense,14,14,1,4,Hamstring,Hamstring,False,False,False,False
2020,CIN,WilsLo00,Logan Wilson,LB,Defense,4,4,1,13,Head / Concussion,Concussion,False,False,False,False
2020,CIN,WilsLo00,Logan Wilson,LB,Defense,15,17,3,3,Ankle,Ankle,False,True,False,False
2020,CLE,BeckOd00,Odell Beckham Jr.,WR,Offense,8,17,9,9,Unspecified (IR),,True,True,True,False
2020,CLE,ChubNi00,Nick Chubb,RB,Offense,5,8,4,12,Unspecified (IR),,True,False,False,False
2020,CLE,ClayAd00,Adrian Clayborn,DL,Defense,4,4,1,13,Hip / Groin,Hip,False,False,False,False
2020,CLE,ConkJa00,Jack Conklin,OL,Offense,2,2,1,15,Ankle,Ankle,False,False,False,False
2020,CLE,DaviTa00,Tae Davis,LB,Defense,4,5,2,13,Arm / Elbow,Elbow,False,False,False,False
2020,CLE,HarrNi01,Nick Harris,OL,Offense,12,12,1,6,Ankle,Ankle,False,False,False,False
2020,CLE,HarrNi01,Nick Harris,OL,Offense,17,17,1,1,Knee,Knee,False,True,False,False
2020,CLE,HarrRo02,Ronnie Harrison,DB,Defense,6,6,1,11,Head / Concussion,Concussion,False,False,False,False
2020,CLE,HarrRo02,Ronnie Harrison,DB,Defense,13,16,4,5,Knee,Knee,True,False,False,False
2020,CLE,HodgKh00,KhaDarel Hodge,WR,Offense,13,14,2,5,Hamstring,Hamstring,False,False,False,False
2020,CLE,HodgKh00,KhaDarel Hodge,WR,Offense,16,16,1,2,Hamstring,Hamstring,False,False,False,False
2020,CLE,HoopAu00,Austin Hooper,TE,Offense,7,8,2,10,Core / Abdomen,Abdomen,False,False,False,False
2020,CLE,HoopAu00,Austin Hooper,TE,Offense,14,14,1,4,Neck,Neck,False,False,False,False
2020,CLE,HubbCh00,Chris Hubbard,OL,Offense,1,1,1,16,Ankle,Ankle,False,False,False,False
2020,CLE,HubbCh00,Chris Hubbard,OL,Offense,16,17,2,2,Unspecified (IR),,True,True,True,False
2020,CLE,JoseKa00,Karl Joseph,DB,Defense,5,6,2,12,Hamstring,Hamstring,False,False,False,False
2020,CLE,LandJa00,Jarvis Landry,WR,Offense,16,16,1,2,Hip / Groin,Hip,False,False,False,False
2020,CLE,NatsJo00,Jojo Natson,WR,Offense,4,17,13,13,Unspecified (IR),,True,True,True,False
2020,CLE,OgunLa00,Larry Ogunjobi,DL,Defense,5,5,1,12,Core / Abdomen,Abdomen,False,False,False,False
2020,CLE,PhilJa01,Jacob Phillips,LB,Defense,2,3,2,15,Knee,Knee,False,False,False,False
2020,CLE,PhilJa01,Jacob Phillips,LB,Defense,6,10,4,11,Knee,Knee,False,False,False,False
2020,CLE,RedwSh00,Sheldrick Redwine,DB,Defense,12,12,1,6,Knee,Knee,False,False,False,False
2020,CLE,SendAn00,Andrew Sendejo,DB,Defense,15,15,1,3,Head / Concussion,Concussion,False,False,False,False
2020,CLE,SmitMa02,Malcolm Smith,LB,Defense,17,17,1,1,Hamstring,Hamstring,False,True,False,False
2020,CLE,TaylTa00,Taywan Taylor,WR,Offense,13,17,5,5,Neck,Neck,True,True,True,False
2020,CLE,TellWy00,Wyatt Teller,OL,Offense,6,8,3,11,Lower Leg,Calf,False,False,False,False
2020,CLE,TellWy00,Wyatt Teller,OL,Offense,15,16,2,3,Ankle,Ankle,False,False,False,False
2020,CLE,VernOl00,Olivier Vernon,DL,Defense,2,3,2,15,Core / Abdomen,Abdomen,False,False,False,False
2020,CLE,WardDe02,Denzel Ward,DB,Defense,12,14,3,6,Lower Leg,Calf,False,False,False,False
2020,CLE,WilsMa03,Mack Wilson,LB,Defense,1,2,2,16,Knee,Knee,False,False,False,False
2020,DAL,AwuzCh00,Chidobe Awuzie,DB,Defense,3,9,7,14,Hamstring,Hamstring,True,False,False,False
2020,DAL,BiadTy00,Tyler Biadasz,OL,Offense,9,13,4,8,Hamstring,Hamstring,True,False,False,False
2020,DAL,BrowAn02,Anthony Brown,DB,Defense,2,4,3,15,Chest / Ribs,Ribs,False,False,False,False
2020,DAL,BrowAn02,Anthony Brown,DB,Defense,12,14,3,6,Chest / Ribs,Ribs,False,False,False,False
2020,DAL,BurtDe00,Deante Burton,DB,Defense,15,17,3,3,Shoulder,Shoulder,True,True,True,False
2020,DAL,DaltAn00,Andy Dalton,QB,Offense,8,9,2,9,Head / Concussion,Concussion,False,False,False,False
2020,DAL,DiNuBe00,Ben DiNucci,QB,Offense,9,17,8,8,Hand / Wrist,right Wrist,False,True,False,False
2020,DAL,DiggTr00,Trevon Diggs,DB,Defense,11,14,4,7,Foot / Toe,Foot,True,False,False,False
2020,DAL,ElliEz00,Ezekiel Elliott,RB,Offense,15,15,1,3,Lower Leg,Calf,False,False,False,False
2020,DAL,ErviCa00,Cameron Erving,OL,Offense,13,17,5,5,Knee,Knee,True,True,True,False
2020,DAL,GiffLu00,Luke Gifford,LB,Defense,1,1,1,16,Hamstring,Hamstring,False,False,False,False
2020,DAL,HillTr00,Trysten Hill,DL,Defense,6,17,11,11,Unspecified (IR),,True,True,True,False
2020,DAL,JarwBl00,Blake Jarwin,TE,Offense,2,17,15,15,Unspecified (IR),,True,True,True,False
2020,DAL,KnigBr01,Brandon Knight,OL,Offense,7,9,3,10,Knee,Knee,True,False,False,False
2020,DAL,LewiJo01,Jourdan Lewis,DB,Defense,1,1,1,16,Ankle,Ankle,False,False,False,False
2020,DAL,LoonJo01,Joe Looney,OL,Offense,5,7,3,12,Knee,Knee,False,False,False,False
2020,DAL,MarcJu00,Justin March,LB,Defense,15,17,3,3,Unspecified (IR),,True,True,True,False
2020,DAL,MartZa00,Zack Martin,OL,Offense,7,7,1,10,Head / Concussion,Concussion,False,False,False,False
2020,DAL,MartZa00,Zack Martin,OL,Offense,13,17,5,5,Lower Leg,Calf,True,True,True,False
2020,DAL,PresDa01,Dak Prescott,QB,Offense,6,17,11,11,Unspecified (IR),,True,True,True,False
2020,DAL,RobiRa00,Rashard Robinson,DB,Defense,15,17,3,3,Knee,Knee,False,True,False,False
2020,DAL,SmitTy00,Tyron Smith,OL,Offense,2,3,2,15,Neck,Neck,False,False,False,False
2020,DAL,SmitTy00,Tyron Smith,OL,Offense,5,17,12,12,Neck,Neck,True,True,True,False
2020,DAL,ThomDa05,Darian Thompson,DB,Defense,17,17,1,1,Head / Concussion,Concussion,False,True,False,False
2020,DAL,ThomJo04,Joe Thomas,LB,Defense,9,9,1,8,Hand / Wrist,Wrist,False,False,False,False
2020,DAL,VandLe00,Leighton Vander Esch,LB,Defense,16,17,2,2,Ankle,Ankle,False,True,False,False
2020,DAL,WilsDo01,Donovan Wilson,DB,Defense,13,14,2,5,Hip / Groin,Groin,False,False,False,False
2020,DAL,WoodAn02,Antwaun Woods,DL,Defense,16,17,2,2,Ankle,Ankle,True,True,True,False
2020,DAL,WoodXa00,Xavier Woods,DB,Defense,16,16,1,2,Chest / Ribs,Ribs,False,False,False,False
2020,DEN,AttaJe00,Jeremiah Attaochu,LB,Defense,4,7,3,13,Quad / Thigh,Quadricep,False,False,False,False
2020,DEN,BassEs01,Essang Bassey,DB,Defense,14,17,4,4,Unspecified (IR),,True,True,True,False
2020,DEN,BeckAn01,Andrew Beck,TE,Offense,7,12,6,11,Hamstring,Hamstring,True,False,False,False
2020,DEN,BellLe02,LeVante Bellamy,RB,Offense,6,15,10,12,Ankle,Ankle,True,False,False,False
2020,DEN,BouyA.00,A.J. Bouye,DB,Defense,2,6,4,15,Shoulder,Shoulder,False,False,False,False
2020,DEN,BouyA.00,A.J. Bouye,DB,Defense,9,9,1,9,Head / Concussion,Concussion,False,False,False,False
2020,DEN,ButtJa00,Jake Butt,TE,Offense,7,17,11,11,Hamstring,Hamstring,True,True,True,False
2020,DEN,CaliAu00,Austin Calitro,LB,Defense,4,7,3,13,Hamstring,Hamstring,False,False,False,False
2020,DEN,CallBr00,Bryce Callahan,DB,Defense,9,9,1,9,Ankle,Ankle,False,False,False,False
2020,DEN,CallBr00,Bryce Callahan,DB,Defense,13,17,5,5,Foot / Toe,Foot,True,True,True,False
2020,DEN,CaseJu00,Jurrell Casey,DL,Defense,4,17,13,13,Arm / Elbow,Biceps,True,True,True,False
2020,DEN,ChicAn00,Anthony Chickillo,LB,Defense,17,17,1,1,Chest / Ribs,Ribs,False,True,False,False
2020,DEN,ChubBr00,Bradley Chubb,LB,Defense,16,17,2,2,Ankle,Ankle,False,True,False,False
2020,DEN,ClevTy00,Tyrie Cleveland,WR,Offense,2,2,1,15,Hip / Groin,Hip,False,False,False,False
2020,DEN,DawsDu00,Duke Dawson,DB,Defense,15,17,3,3,Knee,Knee,True,True,True,False
2020,DEN,DotsDe00,Demar Dotson,OL,Offense,10,10,1,8,Hip / Groin,Groin,False,False,False,False
2020,DEN,DotsDe00,Demar Dotson,OL,Offense,14,17,4,4,Hand / Wrist,Hand,False,True,False,False
2020,DEN,FantNo00,Noah Fant,TE,Offense,6,6,1,12,Ankle,Ankle,False,False,False,False
2020,DEN,GlasGr00,Graham Glasgow,OL,Offense,14,14,1,4,Ankle,Ankle,False,False,False,False
2020,DEN,HamlKJ00,KJ Hamler,WR,Offense,1,1,1,16,Hamstring,Hamstring,False,False,False,False
2020,DEN,HamlKJ00,KJ Hamler,WR,Offense,6,6,1,12,Hamstring,Hamstring,False,False,False,False
2020,DEN,HamlKJ00,KJ Hamler,WR,Offense,17,17,1,1,Head / Concussion,Concussion,True,True,True,False
2020,DEN,HarrDa05,Davontae Harris,DB,Defense,3,4,2,14,Hamstring,Hamstring,False,False,False,False
2020,DEN,HarrSh00,Shelby Harris,DL,Defense,17,17,1,1,Knee,Knee,True,True,True,False
2020,DEN,JoneJo05,Joseph Jones,LB,Defense,10,11,2,8,Lower Leg,Calf,False,False,False,False
2020,DEN,LindPh00,Phillip Lindsay,RB,Offense,2,4,3,15,Foot / Toe,Foot,False,False,False,False
2020,DEN,LindPh00,Phillip Lindsay,RB,Offense,16,17,2,2,Hip / Groin,Hip,True,True,True,False
2020,DEN,LockDr00,Drew Lock,QB,Offense,3,4,2,14,Shoulder,right Shoulder,False,False,False,False
2020,DEN,LockDr00,Drew Lock,QB,Offense,12,12,1,6,Chest / Ribs,Ribs,False,False,False,False
2020,DEN,MarsTr00,Trey Marshall,DB,Defense,12,14,3,6,Lower Leg,Shin,False,False,False,False
2020,DEN,MarsTr00,Trey Marshall,DB,Defense,17,17,1,1,Quad / Thigh,Quadricep,False,True,False,False
2020,DEN,OkwuAl00,Albert Okwuegbunam,TE,Offense,1,4,4,16,Ankle,Ankle,False,False,False,False
2020,DEN,OkwuAl00,Albert Okwuegbunam,TE,Offense,10,17,8,8,Unspecified (IR),,True,True,True,False
2020,DEN,PatrTi00,Tim Patrick,WR,Offense,8,8,1,10,Hamstring,Hamstring,False,False,False,False
2020,DEN,PurcMi00,Mike Purcell,DL,Defense,8,17,10,10,Knee,Knee,True,True,True,False
2020,DEN,RodgJa03,Jake Rodgers,OL,Offense,10,11,2,8,Shoulder,Shoulder,False,False,False,False
2020,DEN,SpenDi00,Diontae Spencer,WR,Offense,7,9,3,11,Shoulder,Shoulder,False,False,False,False
2020,DEN,SuttCo00,Courtland Sutton,WR,Offense,1,1,1,16,Shoulder,Shoulder,False,False,False,False
2020,DEN,SuttCo00,Courtland Sutton,WR,Offense,3,17,14,14,Shoulder,Shoulder,True,True,True,False
2020,DEN,ToliKe00,Kevin Toliver,DB,Defense,15,17,3,3,Knee,Knee,True,True,True,False
2020,DEN,TuszDe00,Derrek Tuszka,LB,Defense,8,13,6,10,Hand / Wrist,Hand,True,False,False,False
2020,DEN,WilkEl00,Elijah Wilkinson,OL,Offense,4,11,7,13,Knee,Knee,True,False,False,False
2020,DET,AmenDa00,Danny Amendola,WR,Offense,11,12,2,7,Hip / Groin,Hip,False,False,False,False
2020,DET,BryaAu00,Austin Bryant,DL,Defense,1,8,7,16,Quad / Thigh,Thigh,True,False,False,False
2020,DET,BryaAu00,Austin Bryant,DL,Defense,11,13,3,7,Quad / Thigh,Thigh,False,False,False,False
2020,DET,BryaHu02,Hunter Bryant,TE,Offense,1,12,11,16,Hamstring,Hamstring,True,False,False,False
2020,DET,CollJa00,Jamie Collins,LB,Defense,16,17,2,2,Neck,Neck,False,True,False,False
2020,DET,CrosTy00,Tyrell Crosby,OL,Offense,14,17,4,4,Ankle,Ankle,False,True,False,False
2020,DET,DahlJo00,Joe Dahl,OL,Offense,2,4,3,15,Hip / Groin,Groin,False,False,False,False
2020,DET,DahlJo00,Joe Dahl,OL,Offense,9,11,3,9,Back,Back,False,False,False,False
2020,DET,DahlJo00,Joe Dahl,OL,Offense,17,17,1,1,Back,Back,False,True,False,False
2020,DET,DaviJa01,Jarrad Davis,LB,Defense,9,10,2,9,Knee,Knee,False,False,False,False
2020,DET,FlowTr00,Trey Flowers,DL,Defense,9,17,9,9,Unspecified (IR),,True,True,True,False
2020,DET,FordMi01,Mike Ford,DB,Defense,12,12,1,6,Head / Concussion,Concussion,False,False,False,False
2020,DET,GollKe00,Kenny Golladay,WR,Offense,1,2,2,16,Hamstring,Hamstring,False,False,False,False
2020,DET,GollKe00,Kenny Golladay,WR,Offense,9,17,9,9,Hip / Groin,Hip,False,True,False,False
2020,DET,HandDa00,Da'Shawn Hand,DL,Defense,11,13,3,7,Hip / Groin,Groin,False,False,False,False
2020,DET,HandDa00,Da'Shawn Hand,DL,Defense,15,17,3,3,Ankle,Ankle,True,True,True,False
2020,DET,KearJa00,Jayron Kearse,DB,Defense,16,16,1,2,Hip / Groin,Hip,False,False,False,False
2020,DET,McRaTo00,Tony McRae,DB,Defense,10,17,8,8,Unspecified (IR),,True,True,True,False
2020,DET,MoorCJ01,C.J. Moore,DB,Defense,1,1,1,16,Hamstring,Hamstring,False,False,False,False
2020,DET,MoorCJ01,C.J. Moore,DB,Defense,3,4,2,14,Lower Leg,Calf,False,False,False,False
2020,DET,MoorCJ01,C.J. Moore,DB,Defense,14,14,1,4,Ankle,Ankle,False,False,False,False
2020,DET,OkudJe00,Jeff Okudah,DB,Defense,1,1,1,16,Hamstring,Hamstring,False,False,False,False
2020,DET,OkudJe00,Jeff Okudah,DB,Defense,12,17,6,6,Shoulder,Shoulder,True,True,True,False
2020,DET,OkwaJu00,Julian Okwara,DL,Defense,7,15,9,11,Knee,Knee,True,False,False,False
2020,DET,RagnFr00,Frank Ragnow,OL,Offense,15,16,2,3,Neck,Throat,False,False,False,False
2020,DET,RobeDa00,Darryl Roberts,DB,Defense,9,12,4,9,Hip / Groin,Hip,True,False,False,False
2020,DET,RobeDa00,Darryl Roberts,DB,Defense,15,15,1,3,Hip / Groin,Hip,False,False,False,False
2020,DET,ShelDa01,Danny Shelton,DL,Defense,13,16,4,5,Unspecified (IR),,True,False,False,False
2020,DET,SwifDA00,D'Andre Swift,RB,Offense,11,13,3,7,Head / Concussion,Concussion,False,False,False,False
2020,DET,TrufDe00,Desmond Trufant,DB,Defense,2,3,2,15,Hamstring,Hamstring,False,False,False,False
2020,DET,TrufDe00,Desmond Trufant,DB,Defense,6,8,3,12,Hamstring,Hamstring,False,False,False,False
2020,DET,TrufDe00,Desmond Trufant,DB,Defense,13,17,5,5,Unspecified (IR),,True,True,True,False
2020,DET,VaitHa00,Halapoulivaati Vaitai,OL,Offense,1,2,2,16,Foot / Toe,Foot,False,False,False,False
2020,DET,VaitHa00,Halapoulivaati Vaitai,OL,Offense,10,10,1,8,Foot / Toe,Foot,False,False,False,False
2020,DET,VaitHa00,Halapoulivaati Vaitai,OL,Offense,12,14,3,6,Foot / Toe,Foot,True,False,False,False
2020,DET,WalkTr01,Tracy Walker,DB,Defense,9,9,1,9,Foot / Toe,Foot,False,False,False,False
2020,DET,WillNi01,Nick Williams,DL,Defense,2,2,1,15,Shoulder,Shoulder,False,False,False,False
2020,DET,WillNi01,Nick Williams,DL,Defense,10,10,1,8,Shoulder,Shoulder,False,False,False,False
2020,GB,AdamDa01,Davante Adams,WR,Offense,3,4,2,14,Hamstring,Hamstring,False,False,False,False
2020,GB,AdamMo00,Montravius Adams,DL,Defense,1,1,1,16,Foot / Toe,Toe,False,False,False,False
2020,GB,AdamMo00,Montravius Adams,DL,Defense,11,17,7,7,Foot / Toe,Toe,True,True,True,False
2020,GB,AlexJa00,Jaire Alexander,DB,Defense,10,10,1,8,Head / Concussion,Concussion,False,False,False,False
2020,GB,BakhDa00,David Bakhtiari,OL,Offense,7,9,3,11,Chest / Ribs,Chest,False,False,False,False
2020,GB,BakhDa00,David Bakhtiari,OL,Offense,17,17,1,1,Knee,Knee,True,True,True,False
2020,GB,BurgJa01,James Burgess,LB,Defense,12,17,6,6,Hamstring,Hamstring,True,True,True,False
2020,GB,ClarKe01,Kenny Clark,DL,Defense,2,4,3,15,Hip / Groin,Groin,False,False,False,False
2020,GB,DeguJo00,Josiah Deguara,TE,Offense,2,3,2,15,Lower Leg,Shin,False,False,False,False
2020,GB,DeguJo00,Josiah Deguara,TE,Offense,6,17,12,12,Unspecified (IR),,True,True,True,False
2020,GB,ErviTy00,Tyler Ervin,RB,Offense,6,7,2,12,Hand / Wrist,Wrist,False,False,False,False
2020,GB,ErviTy00,Tyler Ervin,RB,Offense,11,12,2,7,Hand / Wrist,Wrist,False,False,False,False
2020,GB,ErviTy00,Tyler Ervin,RB,Offense,14,17,4,4,Chest / Ribs,Ribs,True,True,True,False
2020,GB,GaryRa00,Rashan Gary,LB,Defense,4,4,1,13,Ankle,Ankle,False,False,False,False
2020,GB,GreeRa02,Raven Greene,DB,Defense,1,1,1,16,Quad / Thigh,Quadricep,False,False,False,False
2020,GB,GreeRa02,Raven Greene,DB,Defense,8,8,1,10,Core / Abdomen,Oblique,False,False,False,False
2020,GB,GreeRa02,Raven Greene,DB,Defense,14,17,4,4,Unspecified (IR),,True,True,True,False
2020,GB,HollKa00,Ka'dar Hollman,DB,Defense,11,11,1,7,Quad / Thigh,Quadricep,False,False,False,False
2020,GB,JackJo01,Josh Jackson,DB,Defense,12,13,2,6,Head / Concussion,Concussion,False,False,False,False
2020,GB,JoneAa00,Aaron Jones,RB,Offense,7,8,2,11,Lower Leg,Calf,False,False,False,False
2020,GB,KekeKi00,Kingsley Keke,DL,Defense,17,17,1,1,Head / Concussion,Concussion,False,True,False,False
2020,GB,KingKe01,Kevin King,DB,Defense,6,10,5,12,Quad / Thigh,Quadricep,False,False,False,False
2020,GB,KirkCh00,Christian Kirksey,LB,Defense,4,9,5,13,Chest / Ribs,Pectoral,True,False,False,False
2020,GB,LancTy00,Tyler Lancaster,DL,Defense,7,7,1,11,Shoulder,Shoulder,False,False,False,False
2020,GB,LazaAl00,Allen Lazard,WR,Offense,4,10,6,13,Core / Abdomen,Core,True,False,False,False
2020,GB,LewiMa00,Marcedes Lewis,TE,Offense,4,4,1,13,Knee,Knee,False,False,False,False
2020,GB,LinsCo00,Corey Linsley,OL,Offense,13,15,3,5,Knee,Knee,True,False,False,False
2020,GB,MartKa01,Kamal Martin,LB,Defense,9,9,1,9,Knee,Knee,False,False,False,False
2020,GB,NickPa00,Parry Nickerson,DB,Defense,7,17,11,11,Unspecified (IR),,True,True,True,False
2020,GB,RamsRa00,Randy Ramsey,LB,Defense,1,3,3,16,Hip / Groin,Groin,False,False,False,False
2020,GB,RedmWi00,Will Redmond,DB,Defense,9,10,2,9,Shoulder,Shoulder,False,False,False,False
2020,GB,RedmWi00,Will Redmond,DB,Defense,16,16,1,2,Head / Concussion,Concussion,False,False,False,False
2020,GB,SavaDa00,Darnell Savage Jr.,DB,Defense,7,7,1,11,Quad / Thigh,Quadricep,False,False,False,False
2020,GB,ScotVe00,Vernon Scott,DB,Defense,9,9,1,9,Shoulder,Shoulder,False,False,False,False
2020,GB,ShepDa00,Darrius Shepherd,WR,Offense,10,10,1,8,Shoulder,Shoulder,False,False,False,False
2020,GB,St.BEq00,Equanimeous St. Brown,WR,Offense,1,4,4,16,Knee,Knee,False,False,False,False
2020,GB,SterJa00,Jace Sternberger,TE,Offense,14,17,4,4,Head / Concussion,Concussion,False,True,False,False
2020,GB,TaylLa01,Lane Taylor,OL,Offense,2,17,15,15,Knee,Knee,True,True,True,False
2020,GB,TaylMa01,Malik Taylor,WR,Offense,14,14,1,4,Hamstring,Hamstring,False,False,False,False
2020,GB,WillJa06,Jamaal Williams,RB,Offense,16,16,1,2,Quad / Thigh,Quadricep,False,False,False,False
2020,GB,WinnBi00,Billy Winn,DL,Defense,14,17,4,4,Unspecified (IR),,True,True,True,False
2020,HOU,AkinJo00,Jordan Akins,TE,Offense,5,7,3,12,Ankle,Ankle,False,False,False,False
2020,HOU,ArmsCo00,Cornell Armstrong,DB,Defense,1,6,6,16,Knee,Knee,False,False,False,False
2020,HOU,BrowPh01,Pharaoh Brown,TE,Offense,14,14,1,4,Head / Concussion,Concussion,False,False,False,False
2020,HOU,CobbRa00,Randall Cobb,WR,Offense,12,17,6,6,Foot / Toe,Toe,True,True,True,False
2020,HOU,ColeDy00,Dylan Cole,LB,Defense,9,17,9,9,Back,Back,True,True,True,False
2020,HOU,CookBr00,Brandin Cooks,WR,Offense,14,14,1,4,Foot / Toe,Foot,False,False,False,False
2020,HOU,DunnBr00,Brandon Dunn,DL,Defense,15,17,3,3,Unspecified (IR),,True,True,True,False
2020,HOU,EmanKy00,Kyle Emanuel,LB,Defense,9,12,4,9,Head / Concussion,Concussion,True,False,False,False
2020,HOU,GainPh00,Phillip Gaines,DB,Defense,14,17,4,4,Knee,Knee,False,True,False,False
2020,HOU,GillCu00,Cullen Gillaspia,RB,Offense,1,1,1,16,Hamstring,Hamstring,False,False,False,False
2020,HOU,GillCu00,Cullen Gillaspia,RB,Offense,4,4,1,13,Hamstring,Hamstring,False,False,False,False
2020,HOU,GillCu00,Cullen Gillaspia,RB,Offense,11,17,7,7,Back,Back,True,True,True,False
2020,HOU,GreeJo04,Jonathan Greenard,LB,Defense,1,3,3,16,Ankle,Ankle,False,False,False,False
2020,HOU,HallP.00,P.J. Hall,DL,Defense,12,17,6,6,Knee,Knee,True,True,True,False
2020,HOU,HowaTy00,Tytus Howard,OL,Offense,16,17,2,2,Unspecified (IR),,True,True,True,False
2020,HOU,HoweGr00,Buddy Howell,RB,Offense,5,6,2,12,Hamstring,Hamstring,False,False,False,False
2020,HOU,JohnDa08,David Johnson,RB,Offense,10,12,3,8,Head / Concussion,Concussion,True,False,False,False
2020,HOU,JohnDu00,Duke Johnson,RB,Offense,2,3,2,15,Ankle,Ankle,False,False,False,False
2020,HOU,JohnDu00,Duke Johnson,RB,Offense,15,17,3,3,Neck,Neck,False,True,False,False
2020,HOU,KalaPe00,Peter Kalambayi,LB,Defense,2,7,6,15,Hamstring,Hamstring,False,False,False,False
2020,HOU,KeleSe00,Senio Kelemete,OL,Offense,10,11,2,8,Head / Concussion,Concussion,False,False,False,False
2020,HOU,McKiBe00,Benardrick McKinney,LB,Defense,5,17,12,12,Shoulder,Shoulder,True,True,True,False
2020,HOU,MoorA.00,A.J. Moore,DB,Defense,4,9,5,13,Unspecified (IR),,True,False,False,False
2020,HOU,OmenCh00,Charles Omenihu,DL,Defense,10,10,1,8,Hamstring,Hamstring,False,False,False,False
2020,HOU,ProsC.00,C.J. Prosise,RB,Offense,15,17,3,3,Ankle,Ankle,False,True,False,False
2020,HOU,QvalBr01,Brent Qvale,OL,Offense,17,17,1,1,Head / Concussion,Concussion,True,True,True,False
2020,HOU,ReidJo00,John Reid,DB,Defense,14,15,2,4,Neck,Neck,False,False,False,False
2020,HOU,ReidJu00,Justin Reid,DB,Defense,15,17,3,3,Unspecified (IR),,True,True,True,False
2020,HOU,RobyBr00,Bradley Roby,DB,Defense,9,9,1,9,Knee,Not Injury Related,False,False,False,False
2020,HOU,ScarBr00,Brennan Scarlett,LB,Defense,10,14,5,8,Unspecified (IR),,True,False,False,False
2020,HOU,StilKe00,Kenny Stills,WR,Offense,12,12,1,6,Quad / Thigh,Quadricep,False,False,False,False
2020,HOU,ThomMi02,Michael Thomas,DB,Defense,11,17,7,7,Shoulder,Shoulder,True,True,True,False
2020,HOU,TunsLa00,Laremy Tunsil,OL,Offense,17,17,1,1,Ankle,Ankle,False,True,False,False
2020,HOU,WarrKa00,Kahale Warring,TE,Offense,2,11,9,15,Unspecified (IR),,True,False,False,False
2020,IND,AdamMa00,Matthew Adams,LB,Defense,3,8,5,14,Ankle,Ankle,True,False,False,False
2020,IND,AlieMo00,Mo Alie-Cox,TE,Offense,6,6,1,11,Knee,Knee,False,False,False,False
2020,IND,BlacJu01,Julian Blackmon,DB,Defense,1,1,1,16,Knee,Knee,False,False,False,False
2020,IND,CampPa00,Parris Campbell,WR,Offense,3,17,14,14,Unspecified (IR),,True,True,True,False
2020,IND,CarrTr00,T.J. Carrie,DB,Defense,4,4,1,13,Hamstring,Hamstring,False,False,False,False
2020,IND,CastAn00,Anthony Castonzo,OL,Offense,5,5,1,12,Chest / Ribs,Rib,False,False,False,False
2020,IND,CastAn00,Anthony Castonzo,OL,Offense,13,13,1,5,Knee,Knee,False,False,False,False
2020,IND,CastAn00,Anthony Castonzo,OL,Offense,16,17,2,2,Knee,Knee,True,True,True,False
2020,IND,ClarLe01,Le'Raven Clark,OL,Offense,14,17,4,4,Unspecified (IR),,True,True,True,False
2020,IND,DoylJa00,Jack Doyle,TE,Offense,2,2,1,15,Ankle,Ankle,False,False,False,False
2020,IND,DoylJa00,Jack Doyle,TE,Offense,10,10,1,8,Head / Concussion,Concussion,False,False,False,False
2020,IND,DuliAs00,Ashton Dulin,WR,Offense,9,11,3,9,Knee,Knee,True,False,False,False
2020,IND,GreeCh02,Chaz Green,OL,Offense,6,6,1,11,Back,Back,False,False,False,False
2020,IND,HiltT.00,T.Y. Hilton,WR,Offense,9,9,1,9,Hip / Groin,Groin,False,False,False,False
2020,IND,HoldWi00,Will Holden,OL,Offense,17,17,1,1,Ankle,Ankle,False,True,False,False
2020,IND,HookMa00,Malik Hooker,DB,Defense,3,17,14,14,Unspecified (IR),,True,True,True,False
2020,IND,JohnMa07,Marcus Johnson,WR,Offense,16,17,2,2,Quad / Thigh,Quadricep,False,True,False,False
2020,IND,KellRy00,Ryan Kelly,OL,Offense,12,12,1,6,Neck,Neck,False,False,False,False
2020,IND,LeonDa00,Shaquille Leonard,LB,Defense,5,6,2,12,Hip / Groin,Groin,False,False,False,False
2020,IND,MackMa00,Marlon Mack,RB,Offense,2,17,15,15,Unspecified (IR),,True,True,True,False
2020,IND,OkerBo00,Bobby Okereke,LB,Defense,12,13,2,6,Ankle,Ankle,False,False,False,False
2020,IND,PatmDe00,Dezmon Patmon,WR,Offense,1,16,15,16,Knee,Knee,False,False,False,False
2020,IND,PittMi01,Michael Pittman Jr.,WR,Offense,4,6,3,13,Lower Leg,Calf,False,False,False,False
2020,IND,RodgIs00,Isaiah Rodgers,DB,Defense,11,12,2,7,Knee,Knee,False,False,False,False
2020,IND,SmitBr06,Braden Smith,OL,Offense,11,11,1,7,Hand / Wrist,Thumb,False,False,False,False
2020,IND,TogiNo00,Noah Togiai,TE,Offense,11,17,7,7,Knee,Knee,True,True,True,False
2020,IND,TuraKe00,Kemoko Turay,DL,Defense,1,10,9,16,Ankle,Ankle,True,False,False,False
2020,IND,WillKh00,Khari Willis,DB,Defense,13,13,1,5,Back,Back,False,False,False,False
2020,IND,WillKh00,Khari Willis,DB,Defense,17,17,1,1,Head / Concussion,Concussion,False,True,False,False
2020,IND,Ya-SRo00,Rock Ya-Sin,DB,Defense,2,3,2,15,Foot / Toe,Non-Football Illness,False,False,False,False
2020,IND,Ya-SRo00,Rock Ya-Sin,DB,Defense,17,17,1,1,Head / Concussion,Concussion,False,True,False,False
2020,JAX,AlleDa01,Dakota Allen,LB,Defense,9,10,2,9,Ankle,Ankle,False,False,False,False
2020,JAX,AlleDa01,Dakota Allen,LB,Defense,13,13,1,5,Hamstring,Hamstring,False,False,False,False
2020,JAX,AlleJo03,Josh Hines-Allen,DL,Defense,5,6,2,12,Knee,Knee,False,False,False,False
2020,JAX,AlleJo03,Josh Hines-Allen,DL,Defense,12,17,6,6,Hip / Groin,Hip,True,True,True,False
2020,JAX,CannA.00,A.J. Cann,OL,Offense,7,7,1,10,Shoulder,Shoulder,False,False,False,False
2020,JAX,CharDJ00,DJ Chark,WR,Offense,3,3,1,14,Chest / Ribs,Chest,False,False,False,False
2020,JAX,CharDJ00,DJ Chark,WR,Offense,12,12,1,6,Chest / Ribs,Ribs,False,False,False,False
2020,JAX,CharDJ00,DJ Chark,WR,Offense,17,17,1,1,Lower Leg,Shin,False,True,False,False
2020,JAX,ClayCh02,Chris Claybrooks,DB,Defense,12,14,3,6,Core / Abdomen,Core Muscle,True,False,False,False
2020,JAX,ConlCh00,Chris Conley,WR,Offense,12,12,1,6,Hip / Groin,Hip,False,False,False,False
2020,JAX,CorrKa00,Kamalei Correa,LB,Defense,13,17,5,5,Hamstring,Hamstring,False,True,False,False
2020,JAX,CostDo00,Doug Costin,DL,Defense,10,10,1,8,Head / Concussion,Concussion,False,False,False,False
2020,JAX,DaviTy02,Tyler Davis,TE,Offense,1,2,2,16,Knee,Knee,False,False,False,False
2020,JAX,EifeTy00,Tyler Eifert,TE,Offense,7,7,1,10,Neck,Neck,False,False,False,False
2020,JAX,EkuaDa00,Daniel Ekuale,DL,Defense,1,7,7,16,Ankle,Ankle,False,False,False,False
2020,JAX,ElleBe00,Ben Ellefson,TE,Offense,13,17,5,5,Knee,Knee,True,True,True,False
2020,JAX,HamiDa02,DaVon Hamilton,DL,Defense,13,17,5,5,Knee,Knee,True,True,True,False
2020,JAX,HaydDJ00,D.J. Hayden,DB,Defense,5,10,5,12,Hamstring,Hamstring,True,False,False,False
2020,JAX,HaydDJ00,D.J. Hayden,DB,Defense,12,17,6,6,Hamstring,Hamstring,True,True,True,False
2020,JAX,HendCJ00,C.J. Henderson,DB,Defense,5,5,1,12,Shoulder,Shoulder,False,False,False,False
2020,JAX,HendCJ00,C.J. Henderson,DB,Defense,11,17,7,7,Hip / Groin,Groin,True,True,True,False
2020,JAX,JackMy00,Myles Jack,LB,Defense,5,5,1,12,Ankle,Ankle,False,False,False,False
2020,JAX,JackMy00,Myles Jack,LB,Defense,7,7,1,10,Ankle,Ankle,False,False,False,False
2020,JAX,JacoLe00,Leon Jacobs,LB,Defense,4,17,13,13,Unspecified (IR),,True,True,True,False
2020,JAX,JohnCo01,Collin Johnson,WR,Offense,16,17,2,2,Hamstring,Hamstring,True,True,True,False
2020,JAX,JoneAb00,Abry Jones,DL,Defense,6,17,11,11,Ankle,Ankle,True,True,True,False
2020,JAX,JoneJo06,Josh Jones,DB,Defense,10,12,3,8,Chest / Ribs,Chest,True,False,False,False
2020,JAX,JoneSi00,Sidney Jones,DB,Defense,11,13,3,7,Achilles,Achilles,False,False,False,False
2020,JAX,JoneSi00,Sidney Jones,DB,Defense,15,17,3,3,Achilles,Achilles,True,True,True,False
2020,JAX,LindBr00,Brandon Linder,OL,Offense,3,4,2,14,Knee,Knee,False,False,False,False
2020,JAX,LindBr00,Brandon Linder,OL,Offense,10,10,1,8,Back,Back,False,False,False,False
2020,JAX,LindBr00,Brandon Linder,OL,Offense,14,17,4,4,Ankle,Ankle,True,True,True,False
2020,JAX,MinsGa00,Gardner Minshew II,QB,Offense,9,13,5,9,Hand / Wrist,right Thumb,False,False,False,False
2020,JAX,NorwAn01,Andrew Norwell,OL,Offense,12,14,3,6,Arm / Elbow,Forearm,True,False,False,False
2020,JAX,O'ShJa00,James O'Shaughnessy,TE,Offense,11,11,1,7,Knee,Knee,False,False,False,False
2020,JAX,OgunDa00,Dare Ogunbowale,RB,Offense,12,12,1,6,Hand / Wrist,Hand,False,False,False,False
2020,JAX,OzigDe01,Devine Ozigbo,RB,Offense,1,6,6,16,Hamstring,Hamstring,False,False,False,False
2020,JAX,OzigDe01,Devine Ozigbo,RB,Offense,9,10,2,9,Hamstring,Hamstring,False,False,False,False
2020,JAX,QuarSh00,Shaquille Quarterman,LB,Defense,9,12,4,9,Knee,Knee,True,False,False,False
2020,JAX,RobiJa00,James Robinson,RB,Offense,16,17,2,2,Ankle,Ankle,False,True,False,False
2020,JAX,ScotJo00,Josiah Scott,DB,Defense,1,6,6,16,Shoulder,Shoulder,False,False,False,False
2020,JAX,ShenLa00,Laviska Shenault Jr.,WR,Offense,10,11,2,8,Hamstring,Hamstring,False,False,False,False
2020,JAX,ThomCh03,Chris Thompson,RB,Offense,11,17,7,7,Unspecified (IR),,True,True,True,False
2020,JAX,ThomDa07,Daniel Thomas,DB,Defense,12,17,6,6,Unspecified (IR),,True,True,True,False
2020,JAX,WestDe00,Dede Westbrook,WR,Offense,9,17,9,9,Unspecified (IR),,True,True,True,False
2020,JAX,WillQu01,Quincy Williams,LB,Defense,1,4,4,16,Core / Abdomen,Core Muscle Injury,False,False,False,False
2020,JAX,WilsJa00,Jarrod Wilson,DB,Defense,7,7,1,10,Hamstring,Hamstring,False,False,False,False
2020,JAX,WingAn01,Andrew Wingard,DB,Defense,6,9,3,11,Core / Abdomen,Core Muscle Injury,True,False,False,False
2020,KC,BellLe00,Le'Veon Bell,RB,Offense,17,17,1,1,Knee,Knee,False,True,False,False
2020,KC,CharTa00,Taco Charlton,DL,Defense,7,7,1,10,Knee,Knee,False,False,False,False
2020,KC,CharTa00,Taco Charlton,DL,Defense,11,17,7,7,Ankle,Ankle,True,True,True,False
2020,KC,DannMi00,Michael Danna,DL,Defense,5,7,3,12,Hamstring,Hamstring,False,False,False,False
2020,KC,EdwaCl00,Clyde Edwards-Helaire,RB,Offense,16,17,2,2,Ankle,Ankle,False,True,False,False
2020,KC,HillTy00,Tyreek Hill,WR,Offense,17,17,1,1,Hamstring,Hamstring,False,True,False,False
2020,KC,JoneCh09,Chris Jones,DL,Defense,4,4,1,13,Hip / Groin,Groin,False,False,False,False
2020,KC,KeyeTh00,Thakarius Keyes,DB,Defense,11,16,6,7,Ankle,Ankle,False,False,False,False
2020,KC,NiemBe00,Ben Niemann,LB,Defense,17,17,1,1,Hamstring,Hamstring,False,True,False,False
2020,KC,NnadDe00,Derrick Nnadi,DL,Defense,17,17,1,1,Knee,Knee,False,True,False,False
2020,KC,ODanDo00,Dorian O'Daniel,LB,Defense,13,17,5,5,Ankle,Ankle,True,True,True,False
2020,KC,OkafAl00,Alex Okafor,DL,Defense,2,3,2,15,Hamstring,Hamstring,False,False,False,False
2020,KC,OkafAl00,Alex Okafor,DL,Defense,7,9,3,10,Hamstring,Hamstring,True,False,False,False
2020,KC,OsemKe00,Kelechi Osemele,OL,Offense,6,17,11,11,Knee,Knee,True,True,True,False
2020,KC,PrinBy00,Byron Pringle,WR,Offense,12,14,3,6,Unspecified (IR),,True,False,False,False
2020,KC,RankMa00,Martinas Rankin,OL,Offense,1,16,15,16,Knee,Knee,True,False,False,False
2020,KC,RemmMi00,Mike Remmers,OL,Offense,15,15,1,3,Back,Back,False,False,False,False
2020,KC,RemmMi00,Mike Remmers,OL,Offense,17,17,1,1,Back,Back,False,True,False,False
2020,KC,SaunKh00,Khalen Saunders,DL,Defense,2,6,5,15,Arm / Elbow,Elbow,False,False,False,False
2020,KC,SaunKh00,Khalen Saunders,DL,Defense,8,16,8,9,Arm / Elbow,Elbow,False,False,False,False
2020,KC,SchwMi00,Mitchell Schwartz,OL,Offense,7,17,10,10,Back,Back,True,True,True,False
2020,KC,SneeLJ00,L'Jarius Sneed,DB,Defense,4,9,6,13,Shoulder,Collarbone,True,False,False,False
2020,KC,WardCh01,Charvarius Ward,DB,Defense,2,2,1,15,Hand / Wrist,Hand,False,False,False,False
2020,KC,WardCh01,Charvarius Ward,DB,Defense,17,17,1,1,Hamstring,Hamstring,False,True,False,False
2020,KC,WatkSa00,Sammy Watkins,WR,Offense,6,11,5,11,Hamstring,Hamstring,False,False,False,False
2020,KC,WatkSa00,Sammy Watkins,WR,Offense,17,17,1,1,Lower Leg,Calf,False,True,False,False
2020,KC,WilsDa02,Damien Wilson,LB,Defense,14,16,3,4,Knee,Knee,False,False,False,False
2020,KC,YeldDe00,Deon Yelder,TE,Offense,1,2,2,16,Hip / Groin,Groin,False,False,False,False
2020,LA,AkerCa00,Cam Akers,RB,Offense,3,4,2,14,Chest / Ribs,Ribs,False,False,False,False
2020,LA,AkerCa00,Cam Akers,RB,Offense,16,16,1,2,Ankle,Ankle,False,False,False,False
2020,LA,BurgTe00,Terrell Burgess,DB,Defense,8,17,9,9,Unspecified (IR),,True,True,True,False
2020,LA,EvanBo00,Bobby Evans,OL,Offense,5,8,4,12,Shoulder,Shoulder,False,False,False,False
2020,LA,FullJo01,Jordan Fuller,DB,Defense,4,4,1,13,Shoulder,Shoulder,False,False,False,False
2020,LA,FullJo01,Jordan Fuller,DB,Defense,6,8,3,11,Shoulder,Shoulder,True,False,False,False
2020,LA,GoffJa00,Jared Goff,QB,Offense,17,17,1,1,Hand / Wrist,Thumb,False,True,False,False
2020,LA,HendDa00,Darrell Henderson,RB,Offense,17,17,1,1,Unspecified (IR),,True,True,True,False
2020,LA,HigbTy00,Tyler Higbee,TE,Offense,7,7,1,10,Hand / Wrist,Hand,False,False,False,False
2020,LA,KiseMi00,Micah Kiser,LB,Defense,5,5,1,12,Hip / Groin,Groin,False,False,False,False
2020,LA,KiseMi00,Micah Kiser,LB,Defense,12,17,6,6,Knee,Knee,True,True,True,False
2020,LA,LewiTe00,Terrell Lewis,LB,Defense,12,15,4,6,Knee,Knee,False,False,False,False
2020,LA,NoteJo00,Joseph Noteboom,OL,Offense,3,8,6,14,Lower Leg,Calf,True,False,False,False
2020,LA,OkorOg00,Ogbonnia Okoronkwo,LB,Defense,6,12,6,11,Arm / Elbow,Elbow,True,False,False,False
2020,LA,RappTa00,Taylor Rapp,DB,Defense,11,17,7,7,Unspecified (IR),,True,True,True,False
2020,LA,WhitAn20,Andrew Whitworth,OL,Offense,11,17,7,7,Back,Back,True,True,True,False
2020,LAC,AddaJa00,Jahleel Addae,DB,Defense,17,17,1,1,Lower Leg,Calf,False,True,False,False
2020,LAC,AddeNa00,Nasir Adderley,DB,Defense,15,15,1,3,Shoulder,Shoulder,False,False,False,False
2020,LAC,AlleKe00,Keenan Allen,WR,Offense,16,17,2,2,Hamstring,Hamstring,False,True,False,False
2020,LAC,BallKa00,Kalen Ballage,RB,Offense,12,12,1,6,Ankle,Ankle,False,False,False,False
2020,LAC,BilaAs00,Asmar Bilal,LB,Defense,3,12,9,14,Lower Leg,Calf,True,False,False,False
2020,LAC,BosaJo00,Joey Bosa,DL,Defense,9,10,2,9,Head / Concussion,Concussion,False,False,False,False
2020,LAC,BosaJo00,Joey Bosa,DL,Defense,16,17,2,2,Lower Leg,Shin,False,True,False,False
2020,LAC,BulaBr20,Bryan Bulaga,OL,Offense,4,7,3,13,Back,Back,False,False,False,False
2020,LAC,BulaBr20,Bryan Bulaga,OL,Offense,12,12,1,6,Knee,Knee,False,False,False,False
2020,LAC,BulaBr20,Bryan Bulaga,OL,Offense,15,15,1,3,Head / Concussion,Concussion,False,False,False,False
2020,LAC,BulaBr20,Bryan Bulaga,OL,Offense,17,17,1,1,Foot / Toe,Foot,False,True,False,False
2020,LAC,EkelAu00,Austin Ekeler,RB,Offense,5,11,6,12,Hamstring,Hamstring,True,False,False,False
2020,LAC,GreeVi00,Virgil Green,TE,Offense,8,17,10,10,Ankle,Ankle,True,True,True,False
2020,LAC,GroyRy00,Ryan Groy,OL,Offense,8,17,10,10,Arm / Elbow,Biceps,True,True,True,False
2020,LAC,HarrCh01,Chris Harris Jr.,DB,Defense,4,11,7,13,Foot / Toe,Foot,True,False,False,False
2020,LAC,HaywCa00,Casey Hayward,DB,Defense,12,12,1,6,Hip / Groin,Groin,False,False,False,False
2020,LAC,HaywCa00,Casey Hayward,DB,Defense,17,17,1,1,Hamstring,Hamstring,True,True,True,False
2020,LAC,HillKJ00,K.J. Hill,WR,Offense,7,7,1,11,Hip / Groin,Hip,False,False,False,False
2020,LAC,IngrMe00,Melvin Ingram,DL,Defense,3,5,3,14,Knee,Knee,False,False,False,False
2020,LAC,IngrMe00,Melvin Ingram,DL,Defense,12,17,6,6,Knee,Knee,True,True,True,False
2020,LAC,JackJu01,Justin Jackson,RB,Offense,2,3,2,15,Quad / Thigh,Quadricep,False,False,False,False
2020,LAC,JackJu01,Justin Jackson,RB,Offense,10,13,4,8,Knee,Knee,True,False,False,False
2020,LAC,JeffMa00,Malik Jefferson,LB,Defense,17,17,1,1,Shoulder,Shoulder,True,True,True,False
2020,LAC,JenkRa00,Rayshawn Jenkins,DB,Defense,17,17,1,1,Ankle,Ankle,False,True,False,False
2020,LAC,JoneJu03,Justin Jones,DL,Defense,3,5,3,14,Shoulder,Shoulder,False,False,False,False
2020,LAC,KellJo01,Joshua Kelley,RB,Offense,14,14,1,4,Foot / Toe,Foot,False,False,False,False
2020,LAC,NortSt00,Storm Norton,OL,Offense,1,4,4,16,Knee,Knee,False,False,False,False
2020,LAC,NortSt00,Storm Norton,OL,Offense,7,12,6,11,Knee,Knee,False,False,False,False
2020,LAC,NwosUc00,Uchenna Nwosu,DL,Defense,12,12,1,6,Shoulder,Shoulder,False,False,False,False
2020,LAC,NwosUc00,Uchenna Nwosu,DL,Defense,16,17,2,2,Knee,Knee,True,True,True,False
2020,LAC,PerrDe00,Denzel Perryman,LB,Defense,13,15,3,5,Back,Back,False,False,False,False
2020,LAC,PopeTr00,Troymaine Pope,RB,Offense,9,9,1,9,Head / Concussion,Concussion,False,False,False,False
2020,LAC,PopeTr00,Troymaine Pope,RB,Offense,13,17,5,5,Neck,Neck,False,True,False,False
2020,LAC,ReedJo03,Joe Reed,WR,Offense,13,15,3,5,Chest / Ribs,Ribs,False,False,False,False
2020,LAC,TaylTy00,Tyrod Taylor,QB,Offense,2,8,6,15,Chest / Ribs,Ribs,False,False,False,False
2020,LAC,TaylTy00,Tyrod Taylor,QB,Offense,10,17,8,8,Chest / Ribs,Ribs,False,True,False,False
2020,LAC,TeviSa00,Sam Tevi,OL,Offense,17,17,1,1,Knee,Knee,False,True,False,False
2020,LAC,TranDr00,Drue Tranquill,LB,Defense,2,17,15,15,Unspecified (IR),,True,True,True,False
2020,LAC,TurnTr01,Trai Turner,OL,Offense,1,1,1,16,Knee,Knee,False,False,False,False
2020,LAC,TurnTr01,Trai Turner,OL,Offense,3,9,6,14,Hip / Groin,Groin,False,False,False,False
2020,LAC,VigiNi00,Nick Vigil,LB,Defense,3,3,1,14,Hip / Groin,Groin,False,False,False,False
2020,LAC,WhitKy00,Kyzir White,LB,Defense,16,17,2,2,Unspecified (IR),,True,True,True,False
2020,LAC,WillMi07,Mike Williams,WR,Offense,4,4,1,13,Hamstring,Hamstring,False,False,False,False
2020,LV,AbraJo01,Johnathan Abram,DB,Defense,13,13,1,5,Knee,Knee,False,False,False,False
2020,LV,AbraJo01,Johnathan Abram,DB,Defense,15,15,1,3,Head / Concussion,Concussion,False,False,False,False
2020,LV,ArneDa00,Damon Arnette,DB,Defense,4,9,5,13,Hand / Wrist,Wrist,True,False,False,False
2020,LV,ArneDa00,Damon Arnette,DB,Defense,14,15,2,4,Head / Concussion,Concussion,False,False,False,False
2020,LV,BrowTr02,Trent Brown,OL,Offense,2,4,3,15,Lower Leg,Calf,False,False,False,False
2020,LV,BrowTr02,Trent Brown,OL,Offense,17,17,1,1,Knee,Knee,False,True,False,False
2020,LV,CollMa00,Maliek Collins,DL,Defense,5,5,1,12,Shoulder,Shoulder,False,False,False,False
2020,LV,CollMa00,Maliek Collins,DL,Defense,13,15,3,5,Hamstring,Hamstring,True,False,False,False
2020,LV,EdwaBr01,Bryan Edwards,WR,Offense,4,8,4,13,Foot / Toe,Foot,False,False,False,False
2020,LV,FerrCl00,Clelin Ferrell,DL,Defense,15,17,3,3,Shoulder,Shoulder,True,True,True,False
2020,LV,GaffRi00,Rico Gafford,WR,Offense,4,4,1,13,Hamstring,Hamstring,False,False,False,False
2020,LV,GoodDe01,Denzelle Good,OL,Offense,17,17,1,1,Ankle,Ankle,False,True,False,False
2020,LV,HeatJe00,Jeff Heath,DB,Defense,14,16,3,4,Head / Concussion,Concussion,True,False,False,False
2020,LV,HursMa00,Maurice Hurst Jr.,DL,Defense,9,11,3,9,Ankle,Ankle,False,False,False,False
2020,LV,HursMa00,Maurice Hurst Jr.,DL,Defense,17,17,1,1,Lower Leg,Calf,False,True,False,False
2020,LV,IncoRi20,Richie Incognito,OL,Offense,3,17,14,14,Achilles,Achilles,True,True,True,False
2020,LV,JacoJo01,Josh Jacobs,RB,Offense,13,13,1,5,Ankle,Ankle,False,False,False,False
2020,LV,JohnIs02,Isaiah Johnson,DB,Defense,13,13,1,5,Hip / Groin,Groin,False,False,False,False
2020,LV,KeyxAr00,Arden Key,DL,Defense,8,9,2,10,Foot / Toe,Foot,False,False,False,False
2020,LV,KwiaNi00,Nick Kwiatkoski,LB,Defense,2,3,2,15,Chest / Ribs,Pectoral,False,False,False,False
2020,LV,LeavDa00,Dallin Leavitt,DB,Defense,8,9,2,10,Ankle,Ankle,False,False,False,False
2020,LV,MillKo00,Kolton Miller,OL,Offense,9,10,2,9,Ankle,Ankle,False,False,False,False
2020,LV,MorrNi00,Nicholas Morrow,LB,Defense,15,16,2,3,Head / Concussion,Concussion,False,False,False,False
2020,LV,NassCa00,Carl Nassib,DL,Defense,13,14,2,5,Knee,Knee,False,False,False,False
2020,LV,NixoKe00,Keisean Nixon,DB,Defense,7,7,1,11,Hip / Groin,Groin,False,False,False,False
2020,LV,RichJa01,Jalen Richard,RB,Offense,11,12,2,7,Chest / Ribs,Chest,False,False,False,False
2020,LV,RossDa02,Daniel Ross,DL,Defense,4,8,4,13,Foot / Toe,Foot,True,False,False,False
2020,LV,RuggHe00,Henry Ruggs III,WR,Offense,3,4,2,14,Knee,Knee,False,False,False,False
2020,LV,SimpJo00,John Simpson,OL,Offense,5,5,1,12,Shoulder,Shoulder,False,False,False,False
2020,LV,YounSa21,Sam Young,OL,Offense,2,3,2,15,Hip / Groin,Groin,False,False,False,False
2020,LV,YounSa21,Sam Young,OL,Offense,11,12,2,7,Knee,Knee,False,False,False,False
2020,LV,YounSa21,Sam Young,OL,Offense,14,14,1,4,Knee,Knee,False,False,False,False
2020,MIA,AhmeSa01,Salvon Ahmed,RB,Offense,12,14,3,6,Shoulder,Shoulder,False,False,False,False
2020,MIA,BreiMa00,Matt Breida,RB,Offense,9,10,2,9,Hamstring,Hamstring,False,False,False,False
2020,MIA,FejeCl00,Clayton Fejedelem,DB,Defense,1,3,3,16,Chest / Ribs,Pectoral,False,False,False,False
2020,MIA,FlowEr00,Ereck Flowers,OL,Offense,14,15,2,4,Ankle,Ankle,False,False,False,False
2020,MIA,FrazKa00,Kavon Frazier,DB,Defense,4,4,1,13,Shoulder,Shoulder,False,False,False,False
2020,MIA,GaskMy00,Myles Gaskin,RB,Offense,9,12,4,9,Knee,Knee,True,False,False,False
2020,MIA,GaskMy00,Myles Gaskin,RB,Offense,14,15,2,4,Knee,Knee,False,False,False,False
2020,MIA,GesiMi00,Mike Gesicki,TE,Offense,15,15,1,3,Shoulder,Shoulder,False,False,False,False
2020,MIA,GodcDa00,Davon Godchaux,DL,Defense,6,17,11,11,Arm / Elbow,Biceps,True,True,True,False
2020,MIA,GranJa00,Jakeem Grant,WR,Offense,15,15,1,3,Hamstring,Hamstring,False,False,False,False
2020,MIA,GranJa00,Jakeem Grant,WR,Offense,17,17,1,1,Ankle,Ankle,False,True,False,False
2020,MIA,JackAu00,Austin Jackson,OL,Offense,5,8,3,12,Foot / Toe,Foot,True,False,False,False
2020,MIA,JoneBy00,Byron Jones,DB,Defense,3,4,2,14,Hip / Groin,Groin,False,False,False,False
2020,MIA,KindSo00,Solomon Kindley,OL,Offense,12,12,1,6,Foot / Toe,Foot,False,False,False,False
2020,MIA,KindSo00,Solomon Kindley,OL,Offense,16,17,2,2,Knee,Knee,False,True,False,False
2020,MIA,LawsSh00,Shaq Lawson,DL,Defense,5,5,1,12,Shoulder,Shoulder,False,False,False,False
2020,MIA,LawsSh00,Shaq Lawson,DL,Defense,16,16,1,2,Shoulder,Shoulder,False,False,False,False
2020,MIA,ParkDe01,DeVante Parker,WR,Offense,15,16,2,3,Hamstring,Hamstring,False,False,False,False
2020,MIA,RobeEl00,Elandon Roberts,LB,Defense,2,2,1,15,Head / Concussion,Concussion,False,False,False,False
2020,MIA,RobeEl00,Elandon Roberts,LB,Defense,14,14,1,4,Chest / Ribs,Chest,False,False,False,False
2020,MIA,RobeEl00,Elandon Roberts,LB,Defense,17,17,1,1,Knee,Knee,True,True,True,False
2020,MIA,SmytDu00,Durham Smythe,TE,Offense,5,5,1,12,Knee,Knee,False,False,False,False
2020,MIA,TagoTu00,Tua Tagovailoa,QB,Offense,1,5,5,16,Hip / Groin,Hip,False,False,False,False
2020,MIA,TagoTu00,Tua Tagovailoa,QB,Offense,12,12,1,6,Hand / Wrist,left Thumb,False,False,False,False
2020,MIA,VanNKy00,Kyle Van Noy,LB,Defense,6,6,1,11,Hip / Groin,Groin,False,False,False,False
2020,MIA,VanNKy00,Kyle Van Noy,LB,Defense,14,14,1,4,Hip / Groin,Hip,False,False,False,False
2020,MIA,WashDe00,DeAndre Washington,RB,Offense,13,13,1,5,Hamstring,Hamstring,False,False,False,False
2020,MIA,WillPr01,Preston Williams,WR,Offense,10,17,8,8,Unspecified (IR),,True,True,True,False
2020,MIA,WiltJo01,Jamal Perry,DB,Defense,8,9,2,10,Foot / Toe,Foot,False,False,False,False
2020,MIN,BarrAn00,Anthony Barr,LB,Defense,3,17,14,14,Unspecified (IR),,True,True,True,False
2020,MIN,BoydKr00,Kris Boyd,DB,Defense,4,6,3,13,Hamstring,Hamstring,False,False,False,False
2020,MIN,BoydKr00,Kris Boyd,DB,Defense,15,17,3,3,Unspecified (IR),,True,True,True,False
2020,MIN,ChisDa00,Dan Chisena,WR,Offense,8,8,1,10,Hip / Groin,Hip,False,False,False,False
2020,MIN,ClevEz00,Ezra Cleveland,OL,Offense,11,12,2,7,Ankle,Ankle,False,False,False,False
2020,MIN,CookDa01,Dalvin Cook,RB,Offense,6,6,1,11,Hip / Groin,Groin,False,False,False,False
2020,MIN,DantCa00,Cameron Dantzler,DB,Defense,2,3,2,15,Chest / Ribs,Rib,False,False,False,False
2020,MIN,DantCa00,Cameron Dantzler,DB,Defense,9,10,2,9,Head / Concussion,Concussion,False,False,False,False
2020,MIN,DantCa00,Cameron Dantzler,DB,Defense,17,17,1,1,Hamstring,Hamstring,False,True,False,False
2020,MIN,DaviTo01,Todd Davis,LB,Defense,16,16,1,2,Chest / Ribs,Ribs,False,False,False,False
2020,MIN,DyexTr00,Troy Dye,LB,Defense,3,6,4,14,Foot / Toe,Foot,False,False,False,False
2020,MIN,DyexTr00,Troy Dye,LB,Defense,16,16,1,2,Head / Concussion,Concussion,False,False,False,False
2020,MIN,ElflPa00,Pat Elflein,OL,Offense,2,10,8,15,Shoulder,Shoulder,True,False,False,False
2020,MIN,FielMa01,Mark Fields II,DB,Defense,9,14,6,9,Chest / Ribs,Chest,True,False,False,False
2020,MIN,HamxC.00,C.J. Ham,RB,Offense,16,16,1,2,Quad / Thigh,Quadricep,False,False,False,False
2020,MIN,HillHo00,Holton Hill,DB,Defense,5,14,9,12,Foot / Toe,Foot,True,False,False,False
2020,MIN,HolmJa01,Jalyn Holmes,DL,Defense,16,17,2,2,Hip / Groin,Groin,False,True,False,False
2020,MIN,HughMi00,Mike Hughes,DB,Defense,3,4,2,14,Neck,Neck,False,False,False,False
2020,MIN,HughMi00,Mike Hughes,DB,Defense,8,17,10,10,Neck,Neck,True,True,True,False
2020,MIN,IlokGe00,George Iloka,DB,Defense,8,17,10,10,Unspecified (IR),,True,True,True,False
2020,MIN,JoneCh06,Chris Jones,DB,Defense,17,17,1,1,Hip / Groin,Groin,False,True,False,False
2020,MIN,KendEr00,Eric Kendricks,LB,Defense,13,17,5,5,Lower Leg,Calf,False,True,False,False
2020,MIN,MattAl01,Alexander Mattison,RB,Offense,16,16,1,2,Head / Concussion,Concussion,False,False,False,False
2020,MIN,OdenIf00,Ifeadi Odenigbo,DL,Defense,17,17,1,1,Chest / Ribs,Chest,False,True,False,False
2020,MIN,OsboKJ00,K.J. Osborn,WR,Offense,5,6,2,12,Hamstring,Hamstring,False,False,False,False
2020,MIN,RudoKy00,Kyle Rudolph,TE,Offense,14,17,4,4,Foot / Toe,Foot,True,True,True,False
2020,MIN,SamiDr00,Dru Samia,OL,Offense,6,6,1,11,Hand / Wrist,Wrist,False,False,False,False
2020,MIN,SmitIr01,Irv Smith Jr.,TE,Offense,10,10,1,8,Hip / Groin,Groin,False,False,False,False
2020,MIN,SmitIr01,Irv Smith Jr.,TE,Offense,12,13,2,6,Hip / Groin,Groin,False,False,False,False
2020,MIN,UdohOl01,Oli Udoh,OL,Offense,2,5,4,15,Hand / Wrist,Finger,False,False,False,False
2020,MIN,WonnDJ00,D.J. Wonnum,DL,Defense,13,13,1,5,Ankle,Ankle,False,False,False,False
2020,NE,AndrDa00,David Andrews,OL,Offense,3,6,3,14,Hand / Wrist,Hand,False,False,False,False
2020,NE,AndrDa00,David Andrews,OL,Offense,17,17,1,1,Lower Leg,Calf,False,True,False,False
2020,NE,AsiaDe00,Devin Asiasi,TE,Offense,7,13,7,11,Unspecified (IR),,True,False,False,False
2020,NE,BentJa00,Ja'Whaun Bentley,LB,Defense,9,10,2,9,Hip / Groin,Groin,False,False,False,False
2020,NE,BentJa00,Ja'Whaun Bentley,LB,Defense,16,16,1,2,Shoulder,Shoulder,False,False,False,False
2020,NE,BoweTa00,Tashawn Bower,DL,Defense,17,17,1,1,Neck,Neck,True,True,True,False
2020,NE,BurkRe00,Rex Burkhead,RB,Offense,12,17,6,6,Knee,Knee,True,True,True,False
2020,NE,ButlAd00,Adam Butler,DL,Defense,11,11,1,7,Shoulder,Shoulder,False,False,False,False
2020,NE,CalhSh00,Shilique Calhoun,LB,Defense,10,14,5,8,Knee,Knee,True,False,False,False
2020,NE,CalhSh00,Shilique Calhoun,LB,Defense,16,16,1,2,Knee,Knee,False,False,False,False
2020,NE,CopeBr00,Brandon Copeland,LB,Defense,8,17,10,10,Unspecified (IR),,True,True,True,False
2020,NE,CowaBy00,Byron Cowart,DL,Defense,12,12,1,6,Back,Back,False,False,False,False
2020,NE,DaviCa01,Carl Davis,DL,Defense,6,8,3,12,Head / Concussion,Concussion,False,False,False,False
2020,NE,DaviCa01,Carl Davis,DL,Defense,12,17,6,6,Head / Concussion,Concussion,True,True,True,False
2020,NE,DaviCo02,Cody Davis,DB,Defense,4,7,3,13,Chest / Ribs,Rib,False,False,False,False
2020,NE,DuggKy00,Kyle Dugger,DB,Defense,7,8,2,11,Ankle,Ankle,False,False,False,False
2020,NE,EdelJu00,Julian Edelman,WR,Offense,8,17,10,10,Knee,Knee,True,True,True,False
2020,NE,ElueJe00,Jermaine Eluemunor,OL,Offense,7,9,3,11,Ankle,Ankle,True,False,False,False
2020,NE,GilmSt00,Stephon Gilmore,DB,Defense,8,10,3,10,Knee,Knee,False,False,False,False
2020,NE,GilmSt00,Stephon Gilmore,DB,Defense,16,17,2,2,Unspecified (IR),,True,True,True,False
2020,NE,GuyxLa00,Lawrence Guy,DL,Defense,9,9,1,9,Shoulder,Shoulder,False,False,False,False
2020,NE,GuyxLa00,Lawrence Guy,DL,Defense,16,16,1,2,Shoulder,Shoulder,False,False,False,False
2020,NE,HallTe01,Terez Hall,LB,Defense,17,17,1,1,Ankle,Ankle,False,True,False,False
2020,NE,HarrDa06,Damien Harris,RB,Offense,15,17,3,3,Ankle,Ankle,True,True,True,False
2020,NE,HarrNK00,N'Keal Harry,WR,Offense,8,9,2,10,Head / Concussion,Concussion,False,False,False,False
2020,NE,HerrJu00,Justin Herron,OL,Offense,8,11,4,10,Ankle,Ankle,True,False,False,False
2020,NE,IzzoRy00,Ryan Izzo,TE,Offense,14,17,4,4,Hamstring,Hamstring,True,True,True,False
2020,NE,JennAn00,Anfernee Jennings,LB,Defense,17,17,1,1,Shoulder,Shoulder,False,True,False,False
2020,NE,KeenDa00,Dalton Keene,TE,Offense,1,6,5,16,Neck,Neck,False,False,False,False
2020,NE,KeenDa00,Dalton Keene,TE,Offense,8,12,5,10,Knee,Knee,True,False,False,False
2020,NE,MaluCa00,Cassh Maluia,LB,Defense,1,1,1,16,Knee,Knee,False,False,False,False
2020,NE,MasoSh01,Shaq Mason,OL,Offense,4,6,2,13,Lower Leg,Calf,False,False,False,False
2020,NE,MasoSh01,Shaq Mason,OL,Offense,17,17,1,1,Lower Leg,Calf,False,True,False,False
2020,NE,MichSo00,Sony Michel,RB,Offense,4,11,7,13,Quad / Thigh,Quadricep,True,False,False,False
2020,NE,MoncDo00,Donte Moncrief,WR,Offense,15,15,1,3,Quad / Thigh,Thigh,False,False,False,False
2020,NE,OlszGu00,Gunner Olszewski,WR,Offense,1,3,3,16,Foot / Toe,Foot,False,False,False,False
2020,NE,TaylJJ01,J.J. Taylor,RB,Offense,4,14,10,13,Quad / Thigh,Quadricep,False,False,False,False
2020,NE,UcheJo00,Joshua Uche,LB,Defense,1,7,6,16,Ankle,Ankle,False,False,False,False
2020,NE,UcheJo00,Joshua Uche,LB,Defense,17,17,1,1,Foot / Toe,Foot,True,True,True,False
2020,NE,WynnIs00,Isaiah Wynn,OL,Offense,12,17,6,6,Knee,Knee,True,True,True,False
2020,NO,AlexKw00,Kwon Alexander,LB,Defense,9,9,1,9,Ankle,Ankle,False,False,False,False
2020,NO,AlexKw00,Kwon Alexander,LB,Defense,17,17,1,1,Unspecified (IR),,True,True,True,False
2020,NO,BreeDr00,Drew Brees,QB,Offense,11,14,4,7,Shoulder,right Shoulder,True,False,False,False
2020,NO,BrowMa01,Malcom Brown,DL,Defense,14,16,3,4,Shoulder,Shoulder,False,False,False,False
2020,NO,CallMa01,Marquez Callaway,WR,Offense,8,8,1,10,Ankle,Ankle,False,False,False,False
2020,NO,CallMa01,Marquez Callaway,WR,Offense,13,15,3,5,Knee,Knee,True,False,False,False
2020,NO,CookJa02,Jared Cook,TE,Offense,4,4,1,13,Hip / Groin,Groin,False,False,False,False
2020,NO,DaveMa00,Marcus Davenport,DL,Defense,1,4,4,16,Arm / Elbow,Elbow,False,False,False,False
2020,NO,DaveMa00,Marcus Davenport,DL,Defense,13,13,1,5,Head / Concussion,Concussion,False,False,False,False
2020,NO,EastNi00,Nick Easton,OL,Offense,7,8,2,11,Head / Concussion,Concussion,False,False,False,False
2020,NO,EastNi00,Nick Easton,OL,Offense,15,16,2,3,Head / Concussion,Concussion,False,False,False,False
2020,NO,FowlBe00,Bennie Fowler,WR,Offense,7,17,11,11,Shoulder,Shoulder,True,True,True,False
2020,NO,HansCh02,Chase Hansen,LB,Defense,2,16,14,15,Hip / Groin,Hip,True,False,False,False
2020,NO,HardJu01,Justin Hardee,DB,Defense,5,5,1,12,Hamstring,Hamstring,False,False,False,False
2020,NO,HardJu01,Justin Hardee,DB,Defense,9,13,5,9,Hip / Groin,Groin,True,False,False,False
2020,NO,HarrDe07,Deonte Harty,WR,Offense,5,5,1,12,Hamstring,Hamstring,False,False,False,False
2020,NO,HarrDe07,Deonte Harty,WR,Offense,12,17,6,6,Neck,Neck,True,True,True,False
2020,NO,HendTr00,Trey Hendrickson,DL,Defense,16,16,1,2,Neck,Neck,False,False,False,False
2020,NO,HillJo02,Josh Hill,TE,Offense,11,11,1,7,Head / Concussion,Concussion,False,False,False,False
2020,NO,HillJo02,Josh Hill,TE,Offense,17,17,1,1,Hand / Wrist,Hand,False,True,False,False
2020,NO,JenkJa03,Jackrabbit Jenkins,DB,Defense,4,5,2,13,Shoulder,Shoulder,False,False,False,False
2020,NO,JenkJa03,Jackrabbit Jenkins,DB,Defense,13,13,1,5,Knee,Knee,False,False,False,False
2020,NO,LattMa01,Marshon Lattimore,DB,Defense,4,4,1,13,Hamstring,Hamstring,False,False,False,False
2020,NO,LattMa01,Marshon Lattimore,DB,Defense,11,11,1,7,Core / Abdomen,Abdomen,False,False,False,False
2020,NO,MontTy01,Ty Montgomery,WR,Offense,3,9,6,14,Hamstring,Hamstring,True,False,False,False
2020,NO,MontTy01,Ty Montgomery,WR,Offense,12,15,4,6,Hamstring,Hamstring,False,False,False,False
2020,NO,MurrLa00,Latavius Murray,RB,Offense,17,17,1,1,Quad / Thigh,Quadricep,False,True,False,False
2020,NO,OnyeDa00,David Onyemata,DL,Defense,3,3,1,14,Lower Leg,Calf,False,False,False,False
2020,NO,PeatAn00,Andrus Peat,OL,Offense,4,4,1,13,Ankle,Ankle,False,False,False,False
2020,NO,PeatAn00,Andrus Peat,OL,Offense,12,12,1,6,Head / Concussion,Concussion,False,False,False,False
2020,NO,PeatAn00,Andrus Peat,OL,Offense,16,16,1,2,Ankle,Ankle,False,False,False,False
2020,NO,RankSh00,Sheldon Rankins,DL,Defense,9,12,4,9,Knee,Knee,True,False,False,False
2020,NO,RobiPa99,Patrick Robinson,DB,Defense,14,17,4,4,Hamstring,Hamstring,True,True,True,False
2020,NO,SmitTr03,Tre'Quan Smith,WR,Offense,16,17,2,2,Ankle,Ankle,True,True,True,False
2020,NO,ThomMi05,Michael Thomas,WR,Offense,2,8,6,15,Ankle,Ankle,False,False,False,False
2020,NO,ThomMi05,Michael Thomas,WR,Offense,15,17,3,3,Ankle,Ankle,True,True,True,False
2020,NO,WashDw00,Dwayne Washington,RB,Offense,10,11,2,8,Back,Back,False,False,False,False
2020,NO,WillMa06,Marcus Williams,DB,Defense,16,17,2,2,Ankle,Ankle,False,True,False,False
2020,NO,WillP.00,P.J. Williams,DB,Defense,1,1,1,16,Hamstring,Hamstring,False,False,False,False
2020,NYG,BarkSa00,Saquon Barkley,RB,Offense,3,17,14,14,Unspecified (IR),,True,True,True,False
2020,NYG,BoarC.00,C.J. Board,WR,Offense,7,8,2,10,Head / Concussion,Concussion,False,False,False,False
2020,NYG,CartLo01,Lorenzo Carter,LB,Defense,6,17,11,11,Unspecified (IR),,True,True,True,False
2020,NYG,ColbAd00,Adrian Colbert,DB,Defense,2,3,2,15,Quad / Thigh,Quadricep,False,False,False,False
2020,NYG,ColbAd00,Adrian Colbert,DB,Defense,6,14,8,11,Shoulder,Shoulder,True,False,False,False
2020,NYG,CougCa00,Carter Coughlin,LB,Defense,2,2,1,15,Hamstring,Hamstring,False,False,False,False
2020,NYG,CrowTa00,Tae Crowder,LB,Defense,1,1,1,16,Hamstring,Hamstring,False,False,False,False
2020,NYG,CrowTa00,Tae Crowder,LB,Defense,7,10,4,10,Hamstring,Hamstring,True,False,False,False
2020,NYG,FackKy00,Kyler Fackrell,LB,Defense,13,16,4,5,Unspecified (IR),,True,False,False,False
2020,NYG,FreeDe00,Devonta Freeman,RB,Offense,8,17,9,9,Ankle,Ankle,True,True,True,False
2020,NYG,HarpMa00,Madre Harper,DB,Defense,14,17,4,4,Knee,Knee,True,True,True,False
2020,NYG,HolmDa01,Darnay Holmes,DB,Defense,7,7,1,10,Neck,Neck,False,False,False,False
2020,NYG,HolmDa01,Darnay Holmes,DB,Defense,14,16,3,4,Knee,Knee,False,False,False,False
2020,NYG,JoneDa05,Daniel Jones,QB,Offense,13,13,1,5,Hamstring,Hamstring,False,False,False,False
2020,NYG,JoneDa05,Daniel Jones,QB,Offense,15,15,1,3,Hamstring,Hamstring,False,False,False,False
2020,NYG,LewiRy01,Ryan Lewis,DB,Defense,8,17,9,9,Hamstring,Hamstring,True,True,True,False
2020,NYG,McKiXa00,Xavier McKinney,DB,Defense,7,10,4,10,Unspecified (IR),,True,False,False,False
2020,NYG,PennEl00,Elijhaa Penny,RB,Offense,16,17,2,2,Unspecified (IR),,True,True,True,False
2020,NYG,PeppJa00,Jabrill Peppers,DB,Defense,4,4,1,13,Ankle,Ankle,False,False,False,False
2020,NYG,PettDa00,Dante Pettis,WR,Offense,9,15,6,8,Shoulder,Shoulder,False,False,False,False
2020,NYG,TateGo00,Golden Tate,WR,Offense,1,1,1,16,Hamstring,Hamstring,False,False,False,False
2020,NYG,TateGo00,Golden Tate,WR,Offense,16,17,2,2,Lower Leg,Calf,False,True,False,False
2020,NYG,WillBr07,Brandon Williams,DB,Defense,3,9,7,14,Hip / Groin,Groin,True,False,False,False
2020,NYG,XimiOs00,Oshane Ximines,LB,Defense,5,17,12,12,Shoulder,Shoulder,True,True,True,False
2020,NYJ,AndrJo01,Josh Andrews,OL,Offense,17,17,1,1,Quad / Thigh,Thigh,True,True,True,False
2020,NYJ,AustBl00,Blessuan Austin,DB,Defense,5,5,1,12,Lower Leg,Calf,False,False,False,False
2020,NYJ,AustBl00,Blessuan Austin,DB,Defense,11,13,3,7,Neck,Neck,True,False,False,False
2020,NYJ,BectMe00,Mekhi Becton,OL,Offense,5,6,2,12,Shoulder,Shoulder,False,False,False,False
2020,NYJ,CashBl00,Blake Cashman,LB,Defense,8,11,3,9,Hamstring,Hamstring,False,False,False,False
2020,NYJ,CashBl00,Blake Cashman,LB,Defense,13,17,5,5,Hamstring,Hamstring,True,True,True,False
2020,NYJ,CrowJa00,Jamison Crowder,WR,Offense,2,3,2,15,Hamstring,Hamstring,False,False,False,False
2020,NYJ,CrowJa00,Jamison Crowder,WR,Offense,7,8,2,10,Hip / Groin,Groin,False,False,False,False
2020,NYJ,DarnSa00,Sam Darnold,QB,Offense,5,6,2,12,Shoulder,right Shoulder,False,False,False,False
2020,NYJ,DarnSa00,Sam Darnold,QB,Offense,9,11,2,8,Shoulder,right Shoulder,False,False,False,False
2020,NYJ,DaviAs00,Ashtyn Davis,DB,Defense,3,4,2,14,Hip / Groin,Groin,False,False,False,False
2020,NYJ,DaviAs00,Ashtyn Davis,DB,Defense,14,17,4,4,Foot / Toe,Foot,True,True,True,False
2020,NYJ,EdogCh00,Chuma Edoga,OL,Offense,12,13,2,6,Ankle,Ankle,False,False,False,False
2020,NYJ,FantGe00,George Fant,OL,Offense,3,3,1,14,Head / Concussion,Concussion,False,False,False,False
2020,NYJ,FantGe00,George Fant,OL,Offense,12,12,1,6,Knee,Knee,False,False,False,False
2020,NYJ,FlacJo00,Joe Flacco,QB,Offense,1,3,3,16,Neck,Neck,False,False,False,False
2020,NYJ,GoreFr00,Frank Gore,RB,Offense,17,17,1,1,Chest / Ribs,Chest,True,True,True,False
2020,NYJ,GuidJa01,Javelin Guidry,DB,Defense,16,16,1,2,Knee,Knee,False,False,False,False
2020,NYJ,HallBr02,Bryce Hall,DB,Defense,8,8,1,9,Unspecified (IR),,True,False,False,False
2020,NYJ,HampSa00,Saquan Hampton,DB,Defense,15,17,3,3,Unspecified (IR),,True,True,True,False
2020,NYJ,HogaCh00,Chris Hogan,WR,Offense,6,13,7,11,Chest / Ribs,Ribs,True,False,False,False
2020,NYJ,JackBe00,Bennett Jackson,DB,Defense,14,17,4,4,Hamstring,Hamstring,True,True,True,False
2020,NYJ,JenkJo01,Jordan Jenkins,LB,Defense,14,17,4,4,Shoulder,Shoulder,True,True,True,False
2020,NYJ,LangHa00,Harvey Langi,LB,Defense,16,17,2,2,Unspecified (IR),,True,True,True,False
2020,NYJ,LewiAl01,Alex Lewis,OL,Offense,7,7,1,10,Shoulder,Shoulder,False,False,False,False
2020,NYJ,LuvuFr00,Frankie Luvu,LB,Defense,7,9,3,10,Unspecified (IR),,True,False,False,False
2020,NYJ,McDoBr01,Bradley McDougald,DB,Defense,8,17,9,9,Shoulder,Shoulder,True,True,True,False
2020,NYJ,MimsDe00,Denzel Mims,WR,Offense,1,6,6,16,Hamstring,Hamstrings,False,False,False,False
2020,NYJ,OnwuPa00,Patrick Onwuasor,LB,Defense,1,9,9,16,Hamstring,Hamstring,True,False,False,False
2020,NYJ,OnwuPa00,Patrick Onwuasor,LB,Defense,12,17,6,6,Hamstring,Hamstring,True,True,True,False
2020,NYJ,PeriLa00,La'Mical Perine,RB,Offense,1,1,1,16,Ankle,Ankle,False,False,False,False
2020,NYJ,PeriLa00,La'Mical Perine,RB,Offense,12,15,4,6,Unspecified (IR),,True,False,False,False
2020,NYJ,PerrBr02,Breshad Perriman,WR,Offense,3,5,3,14,Ankle,Ankle,False,False,False,False
2020,NYJ,PerrBr02,Breshad Perriman,WR,Offense,8,8,1,9,Head / Concussion,Concussion,False,False,False,False
2020,NYJ,PhilKy00,Kyle Phillips,DL,Defense,8,17,9,9,Unspecified (IR),,True,True,True,False
2020,NYJ,PoolBr01,Brian Poole,DB,Defense,11,17,7,7,Unspecified (IR),,True,True,True,False
2020,NYJ,SmitVy00,Vyncint Smith,WR,Offense,9,9,1,8,Hip / Groin,Groin,False,False,False,False
2020,NYJ,VanRGr00,Greg Van Roten,OL,Offense,14,16,3,4,Foot / Toe,Toe,True,False,False,False
2020,NYJ,WescTr00,Trevon Wesco,TE,Offense,9,13,4,8,Ankle,Ankle,True,False,False,False
2020,NYJ,WillAv00,Avery Williamson,LB,Defense,1,1,1,16,Hamstring,Hamstring,False,False,False,False
2020,NYJ,WillJo09,Jordan Willis,DL,Defense,4,7,4,13,Ankle,Ankle,False,False,False,False
2020,NYJ,WillQu00,Quinnen Williams,DL,Defense,9,9,1,8,Hamstring,Hamstring,False,False,False,False
2020,NYJ,WillQu00,Quinnen Williams,DL,Defense,16,17,2,2,Head / Concussion,Concussion,True,True,True,False
2020,NYJ,WilsQu01,Quincy Wilson,DB,Defense,3,4,2,14,Head / Concussion,Concussion,False,False,False,False
2020,PHI,ArceJJ00,JJ Arcega-Whiteside,WR,Offense,4,4,1,13,Lower Leg,Calf,False,False,False,False
2020,PHI,ArnoGr01,Grayland Arnold,DB,Defense,14,15,2,4,Hamstring,Hamstring,False,False,False,False
2020,PHI,AverGe00,Genard Avery,DL,Defense,8,11,3,9,Arm / Elbow,Elbow,True,False,False,False
2020,PHI,BarnDe01,Derek Barnett,DL,Defense,1,1,1,16,Hamstring,Hamstring,False,False,False,False
2020,PHI,BarnDe01,Derek Barnett,DL,Defense,16,17,2,2,Lower Leg,Calf,False,True,False,False
2020,PHI,BradSh00,Shaun Bradley,LB,Defense,17,17,1,1,Neck,Neck,True,True,True,False
2020,PHI,CoxxFl00,Fletcher Cox,DL,Defense,17,17,1,1,Neck,Neck,False,True,False,False
2020,PHI,DrisJa00,Jack Driscoll,OL,Offense,7,8,2,10,Ankle,Ankle,False,False,False,False
2020,PHI,DrisJa00,Jack Driscoll,OL,Offense,15,17,3,3,Knee,Knee,True,True,True,False
2020,PHI,EdwaTJ02,T.J. Edwards,LB,Defense,5,7,3,12,Hamstring,Hamstring,False,False,False,False
2020,PHI,EdwaTJ02,T.J. Edwards,LB,Defense,14,14,1,4,Hamstring,Hamstring,False,False,False,False
2020,PHI,EppsMa00,Marcus Epps,DB,Defense,6,6,1,11,Chest / Ribs,Rib,False,False,False,False
2020,PHI,ErtzZa00,Zach Ertz,TE,Offense,7,12,5,10,Ankle,Ankle,True,False,False,False
2020,PHI,FordRu00,Rudy Ford,DB,Defense,3,3,1,14,Hip / Groin,Groin,False,False,False,False
2020,PHI,FordRu00,Rudy Ford,DB,Defense,5,7,3,12,Hamstring,Hamstring,False,False,False,False
2020,PHI,FordRu00,Rudy Ford,DB,Defense,11,14,4,7,Hamstring,Hamstring,False,False,False,False
2020,PHI,GerrNa00,Nathan Gerry,LB,Defense,8,17,9,9,Ankle,Ankle,True,True,True,False
2020,PHI,GoedDa00,Dallas Goedert,TE,Offense,17,17,1,1,Lower Leg,Calf,False,True,False,False
2020,PHI,HargJa00,Javon Hargrave,DL,Defense,1,1,1,16,Chest / Ribs,Pectoral,False,False,False,False
2020,PHI,JackDe00,DeSean Jackson,WR,Offense,4,6,3,13,Hamstring,Hamstring,False,False,False,False
2020,PHI,JackDe00,DeSean Jackson,WR,Offense,8,15,7,9,Hamstring,Hamstring,True,False,False,False
2020,PHI,JackDe00,DeSean Jackson,WR,Offense,17,17,1,1,Ankle,Ankle,False,True,False,False
2020,PHI,JackMa02,Malik Jackson,DL,Defense,7,7,1,10,Quad / Thigh,Quadricep,False,False,False,False
2020,PHI,JacqMi00,Michael Jacquet,DB,Defense,14,14,1,4,Hamstring,Hamstring,False,False,False,False
2020,PHI,JacqMi00,Michael Jacquet,DB,Defense,17,17,1,1,Lower Leg,Calf,False,True,False,False
2020,PHI,JameCr01,Craig James,DB,Defense,8,17,9,9,Hamstring,Hamstring,True,True,True,False
2020,PHI,JeffAl00,Alshon Jeffery,WR,Offense,1,8,8,16,Foot / Toe,Foot,False,False,False,False
2020,PHI,JohnLa01,Lane Johnson,OL,Offense,1,1,1,16,Ankle,Ankle,False,False,False,False
2020,PHI,JohnLa01,Lane Johnson,OL,Offense,6,6,1,11,Ankle,Ankle,False,False,False,False
2020,PHI,JohnLa01,Lane Johnson,OL,Offense,8,8,1,9,Knee,Knee,False,False,False,False
2020,PHI,JohnLa01,Lane Johnson,OL,Offense,12,17,6,6,Ankle,Ankle,True,True,True,False
2020,PHI,LeBlCr01,Cre'von LeBlanc,DB,Defense,8,8,1,9,Quad / Thigh,Quadricep,False,False,False,False
2020,PHI,LeBlCr01,Cre'von LeBlanc,DB,Defense,12,17,6,6,Unspecified (IR),,True,True,True,False
2020,PHI,MaddAv00,Avonte Maddox,DB,Defense,4,6,3,13,Ankle,Ankle,False,False,False,False
2020,PHI,MaddAv00,Avonte Maddox,DB,Defense,15,17,3,3,Knee,Knee,True,True,True,False
2020,PHI,MailJo00,Jordan Mailata,OL,Offense,17,17,1,1,Head / Concussion,Concussion,False,True,False,False
2020,PHI,McLeRo00,Rodney McLeod,DB,Defense,15,17,3,3,Unspecified (IR),,True,True,True,False
2020,PHI,OpetIo00,Sua Opeta,OL,Offense,12,17,6,6,Back,Back,True,True,True,False
2020,PHI,PeteJa21,Jason Peters,OL,Offense,4,7,4,13,Foot / Toe,Foot,False,False,False,False
2020,PHI,PeteJa21,Jason Peters,OL,Offense,14,17,4,4,Foot / Toe,Toe,True,True,True,False
2020,PHI,ReagJa00,Jalen Reagor,WR,Offense,3,7,5,14,Hand / Wrist,Thumb,False,False,False,False
2020,PHI,RidgHa00,Hassan Ridgeway,DL,Defense,8,17,9,9,Unspecified (IR),,True,True,True,False
2020,PHI,RileDu00,Duke Riley,LB,Defense,6,6,1,11,Chest / Ribs,Rib,False,False,False,False
2020,PHI,RileDu00,Duke Riley,LB,Defense,16,17,2,2,Arm / Elbow,Biceps,True,True,True,False
2020,PHI,RodgRi00,Richard Rodgers,TE,Offense,16,17,2,2,Ankle,Ankle,False,True,False,False
2020,PHI,SandMi01,Miles Sanders,RB,Offense,1,1,1,16,Hamstring,Hamstring,False,False,False,False
2020,PHI,SandMi01,Miles Sanders,RB,Offense,7,8,2,10,Knee,Knee,False,False,False,False
2020,PHI,SandMi01,Miles Sanders,RB,Offense,17,17,1,1,Knee,Knee,False,True,False,False
2020,PHI,SeumIs00,Isaac Seumalo,OL,Offense,3,10,7,14,Knee,Knee,True,False,False,False
2020,PHI,SeymKe00,Kevon Seymour,DB,Defense,16,17,2,2,Knee,Knee,True,True,True,False
2020,PHI,SlayDa00,Darius Slay,DB,Defense,15,15,1,3,Head / Concussion,Concussion,False,False,False,False
2020,PHI,SweaJo00,Josh Sweat,DL,Defense,16,17,2,2,Hand / Wrist,Wrist,True,True,True,False
2020,PHI,TaylDa01,Davion Taylor,LB,Defense,14,17,4,4,Unspecified (IR),,True,True,True,False
2020,PHI,WallKV00,K'Von Wallace,DB,Defense,7,7,1,10,Shoulder,Shoulder,False,False,False,False
2020,PHI,WillTr05,Trevor Williams,DB,Defense,4,7,4,13,Chest / Ribs,Rib,False,False,False,False
2020,PIT,AdenOl00,Olasunkanmi Adeniyi,LB,Defense,16,16,1,2,Shoulder,Shoulder,False,False,False,False
2020,PIT,AlleMa03,Marcus Allen,LB,Defense,5,5,1,13,Foot / Toe,Foot,False,False,False,False
2020,PIT,AlleMa03,Marcus Allen,LB,Defense,16,16,1,2,Neck,Neck,False,False,False,False
2020,PIT,AluaTy99,Tyson Alualu,DL,Defense,9,9,1,9,Knee,Knee,False,False,False,False
2020,PIT,BannZa00,Zach Banner,OL,Offense,2,17,15,15,Knee,Knee,True,True,True,False
2020,PIT,BuggIs00,Isaiah Buggs,DL,Defense,10,11,2,8,Ankle,Ankle,False,False,False,False
2020,PIT,BushDe01,Devin Bush Jr.,LB,Defense,7,17,11,11,Knee,Knee,True,True,True,False
2020,PIT,ConnJa00,James Conner,RB,Offense,15,15,1,3,Quad / Thigh,Quadricep,False,False,False,False
2020,PIT,DangJo00,Jordan Dangerfield,DB,Defense,8,8,1,10,Quad / Thigh,Quadricep,False,False,False,False
2020,PIT,DeCaDa00,David DeCastro,OL,Offense,1,2,2,16,Knee,Knee,False,False,False,False
2020,PIT,DeCaDa00,David DeCastro,OL,Offense,6,6,1,12,Core / Abdomen,Abdomen,False,False,False,False
2020,PIT,DotsKe00,Kevin Dotson,OL,Offense,15,15,1,3,Shoulder,Shoulder,False,False,False,False
2020,PIT,DuprAl00,Bud Dupree,LB,Defense,13,17,5,5,Unspecified (IR),,True,True,True,False
2020,PIT,EdmuTe00,Terrell Edmunds,DB,Defense,17,17,1,1,Shoulder,Shoulder,False,True,False,False
2020,PIT,EdmuTr00,Trey Edmunds,RB,Offense,11,17,7,7,Hamstring,Hamstring,True,True,True,False
2020,PIT,FeilMa00,Matt Feiler,OL,Offense,15,17,3,3,Unspecified (IR),,True,True,True,False
2020,PIT,GentZa00,Zach Gentry,TE,Offense,12,17,6,6,Unspecified (IR),,True,True,True,False
2020,PIT,GilbUl00,Ulysees Gilbert,LB,Defense,8,13,6,10,Back,Back,True,False,False,False
2020,PIT,GilbUl00,Ulysees Gilbert,LB,Defense,16,17,2,2,Ankle,Ankle,True,True,True,False
2020,PIT,HadeJo99,Joe Haden,DB,Defense,14,14,1,4,Head / Concussion,Concussion,False,False,False,False
2020,PIT,HiltMi01,Mike Hilton,DB,Defense,7,10,4,11,Shoulder,Shoulder,False,False,False,False
2020,PIT,JohnDi01,Diontae Johnson,WR,Offense,6,6,1,12,Back,Back,False,False,False,False
2020,PIT,NelsSt01,Steven Nelson,DB,Defense,13,13,1,5,Knee,Knee,False,False,False,False
2020,PIT,SamuJa00,Jaylen Samuels,RB,Offense,11,12,2,7,Quad / Thigh,Quadricep,False,False,False,False
2020,PIT,SpilRo00,Robert Spillane,LB,Defense,14,17,4,4,Knee,Knee,True,True,True,False
2020,PIT,WattDe00,Derek Watt,RB,Offense,5,5,1,13,Hamstring,Hamstring,False,False,False,False
2020,PIT,WattDe00,Derek Watt,RB,Offense,7,9,3,11,Hamstring,Hamstring,False,False,False,False
2020,PIT,WisnSt01,Stefen Wisniewski,OL,Offense,2,9,7,15,Chest / Ribs,Chest,True,False,False,False
2020,PIT,WormCh00,Chris Wormley,DL,Defense,8,10,3,10,Knee,Knee,True,False,False,False
2020,SEA,AdamJa00,Jamal Adams,DB,Defense,4,8,4,13,Hip / Groin,Groin,False,False,False,False
2020,SEA,AmadUg00,Ugo Amadi,DB,Defense,8,9,2,10,Hamstring,Hamstring,False,False,False,False
2020,SEA,BlaiMa01,Marquise Blair,DB,Defense,3,17,14,14,Unspecified (IR),,True,True,True,False
2020,SEA,BrooJo01,Jordyn Brooks,LB,Defense,4,5,2,13,Knee,Knee,False,False,False,False
2020,SEA,CarsCh00,Chris Carson,RB,Offense,8,11,4,10,Foot / Toe,Foot,False,False,False,False
2020,SEA,DallDe00,DeeJay Dallas,RB,Offense,16,17,2,2,Ankle,Ankle,False,True,False,False
2020,SEA,DunbQu00,Quinton Dunbar,DB,Defense,3,4,2,14,Knee,Knee,False,False,False,False
2020,SEA,DunbQu00,Quinton Dunbar,DB,Defense,10,17,8,8,Knee,Knee,True,True,True,False
2020,SEA,DunlCa99,Carlos Dunlap,DL,Defense,14,14,1,4,Foot / Toe,Foot,False,False,False,False
2020,SEA,FlowTr01,Tre Flowers,DB,Defense,13,16,4,5,Hamstring,Hamstring,True,False,False,False
2020,SEA,GreeRa01,Rasheem Green,DL,Defense,2,8,6,15,Neck,Neck,True,False,False,False
2020,SEA,GrifSh00,Shaquill Griffin,DB,Defense,8,11,4,10,Head / Concussion,Concussion,False,False,False,False
2020,SEA,HarrDa03,Damon Harrison,DL,Defense,16,16,1,2,Knee,Knee,False,False,False,False
2020,SEA,HillDe02,Lano Hill,DB,Defense,3,17,14,14,Back,Back,True,True,True,False
2020,SEA,HomeTr00,Travis Homer,RB,Offense,11,17,7,7,Knee,Knee,True,True,True,False
2020,SEA,HydeCa00,Carlos Hyde,RB,Offense,4,5,2,13,Shoulder,Shoulder,False,False,False,False
2020,SEA,HydeCa00,Carlos Hyde,RB,Offense,8,10,3,10,Hamstring,Hamstring,False,False,False,False
2020,SEA,IrviBr00,Bruce Irvin,LB,Defense,3,17,14,14,Unspecified (IR),,True,True,True,False
2020,SEA,IupaMi20,Mike Iupati,OL,Offense,5,9,4,12,Knee,Knee,False,False,False,False
2020,SEA,IupaMi20,Mike Iupati,OL,Offense,16,17,2,2,Neck,Neck,False,True,False,False
2020,SEA,JoneJa08,Jamarco Jones,OL,Offense,14,17,4,4,Hip / Groin,Groin,True,True,True,False
2020,SEA,MayoBe00,Benson Mayowa,DL,Defense,8,10,3,10,Ankle,Ankle,False,False,False,False
2020,SEA,MoneBr00,Bryan Mone,DL,Defense,10,15,6,8,Ankle,Ankle,True,False,False,False
2020,SEA,NealRy00,Ryan Neal,DB,Defense,14,14,1,4,Hip / Groin,Hip,False,False,False,False
2020,SEA,OgbuCe00,Cedric Ogbuehi,OL,Offense,1,3,3,16,Chest / Ribs,Pectoral,False,False,False,False
2020,SEA,OgbuCe00,Cedric Ogbuehi,OL,Offense,13,14,2,5,Lower Leg,Calf,False,False,False,False
2020,SEA,OlseGr00,Greg Olsen,TE,Offense,12,15,4,6,Foot / Toe,Foot,True,False,False,False
2020,SEA,OlseGr00,Greg Olsen,TE,Offense,17,17,1,1,Foot / Toe,Foot,False,True,False,False
2020,SEA,PennRa00,Rashaad Penny,RB,Offense,1,14,13,16,Knee,Knee,True,False,False,False
2020,SEA,PociEt00,Ethan Pocic,OL,Offense,10,11,2,8,Head / Concussion,Concussion,False,False,False,False
2020,SEA,RandDa00,Damarious Randall,DB,Defense,15,17,3,3,Foot / Toe,Foot,False,True,False,False
2020,SEA,RushAn00,Anthony Rush,DL,Defense,7,8,2,11,Knee,Knee,False,False,False,False
2020,SEA,ShelBr00,Brandon Shell,OL,Offense,12,13,2,6,Ankle,Ankle,False,False,False,False
2020,SEA,ShelBr00,Brandon Shell,OL,Offense,15,17,3,3,Ankle,Ankle,False,True,False,False
2020,SEA,SimmJo00,Jordan Simmons,OL,Offense,11,12,2,7,Lower Leg,Calf,False,False,False,False
2020,SEA,SmitGe00,Geno Smith,QB,Offense,1,13,12,16,Back,Back,False,False,False,False
2020,SEA,StanJa00,Jayson Stanley,DB,Defense,17,17,1,1,Hamstring,Hamstring,False,True,False,False
2020,SEA,ThorNe00,Neiko Thorpe,DB,Defense,3,9,6,14,Hip / Groin,Hip,True,False,False,False
2020,SEA,ThorNe00,Neiko Thorpe,DB,Defense,11,17,7,7,Core / Abdomen,Core,True,True,True,False
2020,SEA,WillLu00,Luke Willson,TE,Offense,9,17,9,9,Hip / Groin,Hip,False,True,False,False
2020,SF,AiyuBr00,Brandon Aiyuk,WR,Offense,1,1,1,16,Hamstring,Hamstring,False,False,False,False
2020,SF,AiyuBr00,Brandon Aiyuk,WR,Offense,17,17,1,1,Ankle,Ankle,False,True,False,False
2020,SF,AlexKw00,Kwon Alexander,LB,Defense,6,8,3,11,Ankle,Ankle,False,False,False,False
2020,SF,AnsaEz00,Ezekiel Ansah,DL,Defense,5,17,12,12,Arm / Elbow,Biceps,True,True,True,False
2020,SF,BosaNi00,Nick Bosa,DL,Defense,3,17,14,14,Unspecified (IR),,True,True,True,False
2020,SF,ColeTe01,Tevin Coleman,RB,Offense,3,7,5,14,Knee,Knee,False,False,False,False
2020,SF,ColeTe01,Tevin Coleman,RB,Offense,9,12,3,8,Knee,Knee,False,False,False,False
2020,SF,CompTo00,Tom Compton,OL,Offense,12,12,1,6,Head / Concussion,Concussion,False,False,False,False
2020,SF,CompTo00,Tom Compton,OL,Offense,14,16,3,4,Head / Concussion,Concussion,True,False,False,False
2020,SF,CyprJo00,Johnathan Cyprien,DB,Defense,12,15,4,6,Unspecified (IR),,True,False,False,False
2020,SF,FlanDe00,Demetrius Flannigan-Fowles,LB,Defense,9,12,3,8,Hamstring,Hamstring,False,False,False,False
2020,SF,FordDe00,Dee Ford,DL,Defense,2,17,15,15,Neck,Neck,True,True,True,False
2020,SF,GarlBe00,Ben Garland,OL,Offense,1,1,1,16,Ankle,Ankle,False,False,False,False
2020,SF,GarlBe00,Ben Garland,OL,Offense,7,17,10,10,Unspecified (IR),,True,True,True,False
2020,SF,GaroJi00,Jimmy Garoppolo,QB,Offense,3,4,2,14,Ankle,Ankle,False,False,False,False
2020,SF,GaroJi00,Jimmy Garoppolo,QB,Offense,9,17,8,8,Ankle,Ankle,True,True,True,False
2020,SF,GrasHr00,Hroniss Grasu,OL,Offense,14,15,2,4,Knee,Knee,False,False,False,False
2020,SF,GreeDr00,Dre Greenlaw,LB,Defense,3,4,2,14,Quad / Thigh,Quadricep,False,False,False,False
2020,SF,GreeDr00,Dre Greenlaw,LB,Defense,17,17,1,1,Lower Leg,Calf,False,True,False,False
2020,SF,HastJa02,Jamycal Hasty,RB,Offense,12,17,6,6,Unspecified (IR),,True,True,True,False
2020,SF,JameRi00,Richie James,WR,Offense,2,5,4,15,Hamstring,Hamstring,False,False,False,False
2020,SF,JameRi00,Richie James,WR,Offense,8,8,1,9,Ankle,Ankle,False,False,False,False
2020,SF,JohnDo02,Dontae Johnson,DB,Defense,5,6,2,12,Hip / Groin,Groin,False,False,False,False
2020,SF,JoneD.01,D.J. Jones,DL,Defense,14,14,1,4,Ankle,Ankle,False,False,False,False
2020,SF,JordDi00,Dion Jordan,DL,Defense,16,16,1,2,Knee,Knee,False,False,False,False
2020,SF,KinlJa00,Javon Kinlaw,DL,Defense,16,17,2,2,Knee,Knee,False,True,False,False
2020,SF,KittGe00,George Kittle,TE,Offense,2,3,2,15,Knee,Knee,False,False,False,False
2020,SF,KittGe00,George Kittle,TE,Offense,9,15,6,8,Foot / Toe,Foot,True,False,False,False
2020,SF,MoseEm00,Emmanuel Moseley,DB,Defense,4,5,2,13,Head / Concussion,Concussion,False,False,False,False
2020,SF,MoseEm00,Emmanuel Moseley,DB,Defense,13,14,2,5,Hamstring,Hamstring,False,False,False,False
2020,SF,MostRa00,Raheem Mostert,RB,Offense,3,4,2,14,Knee,Knee,False,False,False,False
2020,SF,MostRa00,Raheem Mostert,RB,Offense,7,10,4,10,Ankle,Ankle,True,False,False,False
2020,SF,MostRa00,Raheem Mostert,RB,Offense,16,17,2,2,Ankle,Ankle,True,True,True,False
2020,SF,MullNi00,Nick Mullens,QB,Offense,16,17,2,2,Arm / Elbow,right Elbow,True,True,True,False
2020,SF,NzeoMa00,Mark Nzeocha,LB,Defense,4,15,11,13,Unspecified (IR),,True,False,False,False
2020,SF,PettDa00,Dante Pettis,WR,Offense,5,7,3,12,Knee,Knee,False,False,False,False
2020,SF,ReedJo02,Jordan Reed,TE,Offense,4,8,5,13,Knee,Knee,True,False,False,False
2020,SF,SamuDe00,Deebo Samuel,WR,Offense,1,3,3,16,Foot / Toe,Foot,False,False,False,False
2020,SF,SamuDe00,Deebo Samuel,WR,Offense,8,10,3,9,Hamstring,Hamstring,False,False,False,False
2020,SF,SamuDe00,Deebo Samuel,WR,Offense,15,17,3,3,Hamstring,Hamstring,False,True,False,False
2020,SF,SherRi00,Richard Sherman,DB,Defense,2,10,9,15,Unspecified (IR),,True,False,False,False
2020,SF,SherRi00,Richard Sherman,DB,Defense,16,17,2,2,Lower Leg,Calf,False,True,False,False
2020,SF,TartJa00,Jaquiski Tartt,DB,Defense,7,8,2,10,Hip / Groin,Groin,False,False,False,False
2020,SF,TartJa00,Jaquiski Tartt,DB,Defense,10,17,7,7,Hip / Groin,Groin,True,True,True,False
2020,SF,TaylJa01,Jamar Taylor,DB,Defense,13,17,5,5,Unspecified (IR),,True,True,True,False
2020,SF,ThomSo00,Solomon Thomas,DL,Defense,3,17,14,14,Unspecified (IR),,True,True,True,False
2020,SF,VerrJa00,Jason Verrett,DB,Defense,1,2,2,16,Hamstring,Hamstring,False,False,False,False
2020,SF,WardJi01,Jimmie Ward,DB,Defense,7,7,1,10,Quad / Thigh,Quadricep,False,False,False,False
2020,SF,WardJi01,Jimmie Ward,DB,Defense,16,16,1,2,Head / Concussion,Concussion,False,False,False,False
2020,SF,WebsKe00,Ken Webster,DB,Defense,13,17,5,5,Unspecified (IR),,True,True,True,False
2020,SF,WillJo09,Jordan Willis,DL,Defense,17,17,1,1,Ankle,Ankle,True,True,True,False
2020,SF,WillKW00,K'Waun Williams,DB,Defense,5,7,3,12,Knee,Knee,False,False,False,False
2020,SF,WillKW00,K'Waun Williams,DB,Defense,10,14,4,7,Ankle,Ankle,False,False,False,False
2020,SF,WillKW00,K'Waun Williams,DB,Defense,17,17,1,1,Lower Leg,Shin,False,True,False,False
2020,SF,WillTr21,Trent Williams,OL,Offense,17,17,1,1,Arm / Elbow,Elbow,True,True,True,False
2020,SF,WilsJe01,Jeff Wilson,RB,Offense,6,6,1,11,Lower Leg,Calf,False,False,False,False
2020,SF,WilsJe01,Jeff Wilson,RB,Offense,8,10,3,9,Ankle,Ankle,True,False,False,False
2020,SF,WithAh00,Ahkello Witherspoon,DB,Defense,3,4,2,14,Hamstring,Hamstring,False,False,False,False
2020,TB,AuclAn00,Antony Auclair,TE,Offense,2,7,6,15,Lower Leg,Calf,False,False,False,False
2020,TB,BarnKe00,Kenjon Barner,RB,Offense,17,17,1,1,Unspecified (IR),,True,True,True,False
2020,TB,CichJa00,Jack Cichy,LB,Defense,6,16,10,11,Unspecified (IR),,True,False,False,False
2020,TB,DaviCa02,Carlton Davis,DB,Defense,16,17,2,2,Hip / Groin,Groin,False,True,False,False
2020,TB,DaviKh00,Khalil Davis,DL,Defense,1,11,11,16,Ankle,Ankle,False,False,False,False
2020,TB,DeanJa00,Jamel Dean,DB,Defense,12,14,2,5,Head / Concussion,Concussion,False,False,False,False
2020,TB,FourLe00,Leonard Fournette,RB,Offense,4,4,1,13,Ankle,Ankle,False,False,False,False
2020,TB,FourLe00,Leonard Fournette,RB,Offense,6,6,1,11,Ankle,Ankle,False,False,False,False
2020,TB,GodwCh00,Chris Godwin,WR,Offense,2,2,1,15,Head / Concussion,Concussion,False,False,False,False
2020,TB,GodwCh00,Chris Godwin,WR,Offense,4,5,2,13,Hamstring,Hamstring,False,False,False,False
2020,TB,GodwCh00,Chris Godwin,WR,Offense,8,8,1,9,Hand / Wrist,Finger,False,False,False,False
2020,TB,HowaO.00,O.J. Howard,TE,Offense,5,17,12,12,Achilles,Achilles,True,True,True,False
2020,TB,JoneRo01,Ronald Jones II,RB,Offense,15,16,2,3,Hand / Wrist,Finger,False,False,False,False
2020,TB,LedbJe00,Jeremiah Ledbetter,DL,Defense,17,17,1,1,Lower Leg,Calf,False,True,False,False
2020,TB,MarpAl00,Ali Marpet,OL,Offense,9,11,3,8,Head / Concussion,Concussion,False,False,False,False
2020,TB,McCoLe01,LeSean McCoy,RB,Offense,5,5,1,12,Ankle,Ankle,False,False,False,False
2020,TB,MotlPa00,Parnell Motley,DB,Defense,1,2,2,16,Hamstring,Hamstring,False,False,False,False
2020,TB,ShipA.20,A.Q. Shipley,OL,Offense,12,17,5,5,Neck,Neck,True,True,True,False
2020,TB,VeaxVi00,Vita Vea,DL,Defense,6,17,11,11,Unspecified (IR),,True,True,True,False
2020,TB,WatsJu01,Justin Watson,WR,Offense,3,3,1,14,Shoulder,Shoulder,False,False,False,False
2020,TB,WatsJu01,Justin Watson,WR,Offense,5,5,1,12,Chest / Ribs,Chest,False,False,False,False
2020,TEN,BeasVi00,Vic Beasley,DL,Defense,1,2,2,16,Knee,Knee,False,False,False,False
2020,TEN,BordBr00,Breon Borders,DB,Defense,14,17,4,4,Hip / Groin,Hip,True,True,True,False
2020,TEN,BrowAJ00,A.J. Brown,WR,Offense,2,3,2,15,Knee,Knee,False,False,False,False
2020,TEN,BrowJa06,Jayon Brown,LB,Defense,12,17,6,6,Unspecified (IR),,True,True,True,False
2020,TEN,ClowJa00,Jadeveon Clowney,DL,Defense,9,9,1,9,Knee,Knee,False,False,False,False
2020,TEN,ClowJa00,Jadeveon Clowney,DL,Defense,11,17,7,7,Knee,Knee,True,True,True,False
2020,TEN,CruiDa00,Dane Cruikshank,DB,Defense,8,8,1,10,Hip / Groin,Groin,False,False,False,False
2020,TEN,CruiDa00,Dane Cruikshank,DB,Defense,10,17,8,8,Hip / Groin,Groin,True,True,True,False
2020,TEN,DougJa00,Jamil Douglas,OL,Offense,1,2,2,16,Hand / Wrist,Hand,False,False,False,False
2020,TEN,EvanDa02,Darrynton Evans,RB,Offense,1,2,2,16,Hamstring,Hamstring,False,False,False,False
2020,TEN,EvanDa02,Darrynton Evans,RB,Offense,6,14,9,12,Hamstring,Hamstring,True,False,False,False
2020,TEN,FultKr00,Kristian Fulton,DB,Defense,8,16,9,10,Knee,Knee,True,False,False,False
2020,TEN,HumpAd00,Adam Humphries,WR,Offense,9,12,4,9,Head / Concussion,Concussion,False,False,False,False
2020,TEN,HumpAd00,Adam Humphries,WR,Offense,14,17,4,4,Head / Concussion,Concussion,True,True,True,False
2020,TEN,JackAd00,Adoree' Jackson,DB,Defense,1,14,13,16,Knee,Knee,True,False,False,False
2020,TEN,JackCh01,Chris Jackson,DB,Defense,3,3,1,14,Hamstring,Hamstring,False,False,False,False
2020,TEN,JackCh01,Chris Jackson,DB,Defense,6,6,1,12,Hamstring,Hamstring,False,False,False,False
2020,TEN,LewaTa00,Taylor Lewan,OL,Offense,7,17,11,11,Shoulder,Shoulder,True,True,True,False
2020,TEN,MiltCh00,Christopher Milton,DB,Defense,16,17,2,2,Knee,Knee,True,True,True,False
2020,TEN,MunyDa00,Daniel Munyer,OL,Offense,5,17,13,13,Hand / Wrist,Hand,False,True,False,False
2020,TEN,MurcLa00,Larrell Murchison,DL,Defense,11,13,3,7,Chest / Ribs,Rib,False,False,False,False
2020,TEN,OrrxKa00,Kareem Orr,DB,Defense,9,13,5,9,Hip / Groin,Groin,True,False,False,False
2020,TEN,PerrSe00,Senorise Perry,RB,Offense,3,10,7,14,Knee,Knee,True,False,False,False
2020,TEN,PruiMy00,MyCole Pruitt,TE,Offense,10,12,3,8,Knee,Knee,False,False,False,False
2020,TEN,RobeDe01,Derick Roberson,LB,Defense,1,5,4,16,Knee,Knee,False,False,False,False
2020,TEN,RobeDe01,Derick Roberson,LB,Defense,16,17,2,2,Hamstring,Hamstring,False,True,False,False
2020,TEN,SaffRo20,Rodger Saffold,OL,Offense,11,11,1,7,Ankle,Ankle,False,False,False,False
2020,TEN,SambTy00,Ty Sambrailo,OL,Offense,12,17,6,6,Unspecified (IR),,True,True,True,False
2020,TEN,SmitJo01,Jonnu Smith,TE,Offense,13,13,1,5,Knee,Knee,False,False,False,False
2020,TEN,SmitTy01,Tye Smith,DB,Defense,8,11,4,10,Shoulder,Shoulder,True,False,False,False
2020,TEN,SwaiGe00,Geoff Swaim,TE,Offense,15,15,1,3,Ankle,Ankle,False,False,False,False
2020,TEN,VaccKe00,Kenny Vaccaro,DB,Defense,11,11,1,7,Head / Concussion,Concussion,False,False,False,False
2020,WAS,AlleKy00,Kyle Allen,QB,Offense,10,17,8,8,Ankle,Ankle,True,True,True,False
2020,WAS,AndeRy00,Ryan Anderson,DL,Defense,11,17,7,7,Knee,Knee,True,True,True,False
2020,WAS,CharSa00,Saahdiq Charles,OL,Offense,1,5,5,16,Lower Leg,Calf,False,False,False,False
2020,WAS,CharSa00,Saahdiq Charles,OL,Offense,7,17,10,10,Knee,Knee,True,True,True,False
2020,WAS,ChriGe01,Geron Christian,OL,Offense,7,17,10,10,Knee,Knee,True,True,True,False
2020,WAS,CollLa00,Landon Collins,DB,Defense,9,17,9,9,Unspecified (IR),,True,True,True,False
2020,WAS,DaviTh20,Thomas Davis,LB,Defense,1,2,2,16,Lower Leg,Calf,False,False,False,False
2020,WAS,DaviTh20,Thomas Davis,LB,Defense,16,17,2,2,Knee,Knee,False,True,False,False
2020,WAS,DionSh00,Shaun Dion Hamilton,LB,Defense,16,17,2,2,Unspecified (IR),,True,True,True,False
2020,WAS,EverDe01,Deshazor Everett,DB,Defense,11,12,2,7,Ankle,Ankle,False,False,False,False
2020,WAS,EverDe01,Deshazor Everett,DB,Defense,15,17,3,3,Unspecified (IR),,True,True,True,False
2020,WAS,FullKe00,Kendall Fuller,DB,Defense,1,2,2,16,Knee,Knee,False,False,False,False
2020,WAS,GandAn00,Antonio Gandy-Golden,WR,Offense,1,1,1,16,Head / Concussion,Concussion,False,False,False,False
2020,WAS,GandAn00,Antonio Gandy-Golden,WR,Offense,7,15,8,10,Hamstring,Hamstring,True,False,False,False
2020,WAS,GibsAn00,Antonio Gibson,RB,Offense,14,15,2,4,Foot / Toe,Toe,False,False,False,False
2020,WAS,HemiTe00,Temarrick Hemingway,TE,Offense,14,17,4,4,Unspecified (IR),,True,True,True,False
2020,WAS,HolcCo00,Cole Holcomb,LB,Defense,2,5,4,15,Knee,Knee,False,False,False,False
2020,WAS,HolcCo00,Cole Holcomb,LB,Defense,15,15,1,3,Head / Concussion,Concussion,False,False,False,False
2020,WAS,InmaDo00,Dontrelle Inman,WR,Offense,9,11,3,9,Hamstring,Hamstring,False,False,False,False
2020,WAS,IoanMa01,Matthew Ioannidis,DL,Defense,4,17,13,13,Unspecified (IR),,True,True,True,False
2020,WAS,LucaCo01,Cornelius Lucas,OL,Offense,11,12,2,7,Ankle,Ankle,False,False,False,False
2020,WAS,McLaTe00,Terry McLaurin,WR,Offense,16,16,1,2,Ankle,Ankle,False,False,False,False
2020,WAS,NorrJa00,Jared Norris,LB,Defense,10,12,3,8,Hamstring,Hamstring,False,False,False,False
2020,WAS,PierKe00,Kevin Pierre-Louis,LB,Defense,15,17,3,3,Ankle,Ankle,False,True,False,False
2020,WAS,SharDa02,David Sharpe,OL,Offense,14,14,1,4,Knee,Knee,False,False,False,False
2020,WAS,SimsSt00,Steven Sims,WR,Offense,4,7,4,13,Foot / Toe,Toe,False,False,False,False
2020,WAS,SmitAl03,Alex Smith,QB,Offense,15,16,2,3,Lower Leg,Calf,False,False,False,False
2020,WAS,SmitJa08,James Smith-Williams,DL,Defense,7,7,1,10,Head / Concussion,Concussion,False,False,False,False
2020,WAS,StroGr00,Greg Stroman,DB,Defense,5,17,12,12,Foot / Toe,Foot,True,True,True,False
2020,WAS,WrigIs01,Isaiah Wright,WR,Offense,7,7,1,10,Shoulder,Shoulder,False,False,False,False
2020,WAS,YounCh04,Chase Young,DL,Defense,4,4,1,13,Hip / Groin,Groin,False,False,False,False
2021,ARI,AlfoRo00,Robert Alford,DB,Defense,15,18,4,4,Chest / Ribs,Pectoral,True,True,True,False
2021,ARI,BeacKe00,Kelvin Beachum,OL,Offense,3,4,2,15,Chest / Ribs,Ribs,False,False,False,False
2021,ARI,BenjEn00,Eno Benjamin,RB,Offense,1,4,4,17,Hamstring,Hamstring,False,False,False,False
2021,ARI,ConnJa00,James Conner,RB,Offense,16,17,2,3,Foot / Toe,Heel,False,False,False,False
2021,ARI,DaniDa02,Darrell Daniels,TE,Offense,7,7,1,11,Hamstring,Hamstring,False,False,False,False
2021,ARI,EdmoCh00,Chase Edmonds,RB,Offense,10,14,4,8,Ankle,Ankle,True,False,False,False
2021,ARI,EdmoCh00,Chase Edmonds,RB,Offense,18,18,1,1,Chest / Ribs,Ribs,False,True,False,False
2021,ARI,FittKy00,Kylie Fitts,LB,Defense,7,18,11,11,Head / Concussion,Concussion,True,True,True,False
2021,ARI,GarcMa00,Max Garcia,OL,Offense,8,8,1,10,Achilles,Achilles,False,False,False,False
2021,ARI,GarcMa00,Max Garcia,OL,Offense,10,10,1,8,Achilles,Achilles,False,False,False,False
2021,ARI,GardDe01,Dennis Gardeck,LB,Defense,1,3,3,17,Knee,Knee,True,False,False,False
2021,ARI,HarrDe03,Demetrius Harris,TE,Offense,17,18,2,2,Shoulder,Shoulder,False,True,False,False
2021,ARI,HopkDe00,DeAndre Hopkins,WR,Offense,9,11,3,9,Hamstring,Hamstring,False,False,False,False
2021,ARI,HopkDe00,DeAndre Hopkins,WR,Offense,15,18,4,4,Knee,Knee,True,True,True,False
2021,ARI,HudsRo00,Rodney Hudson,OL,Offense,6,8,3,12,Chest / Ribs,Ribs,True,False,False,False
2021,ARI,KennDe00,Devon Kennard,LB,Defense,2,2,1,16,Hamstring,Hamstring,False,False,False,False
2021,ARI,KerrZa00,Zach Kerr,DL,Defense,14,18,5,5,Chest / Ribs,Ribs,False,True,False,False
2021,ARI,LawrRa01,Rashard Lawrence,DL,Defense,7,13,6,11,Lower Leg,Calf,True,False,False,False
2021,ARI,MileJo00,Joshua Miles,OL,Offense,1,5,5,17,Ankle,Ankle,True,False,False,False
2021,ARI,MoorRo02,Rondale Moore,WR,Offense,16,18,3,3,Ankle,Ankle,False,True,False,False
2021,ARI,MurpBy00,Byron Murphy,DB,Defense,5,5,1,13,Chest / Ribs,Ribs,False,False,False,False
2021,ARI,MurrJu00,Justin Murray,OL,Offense,4,18,14,14,Back,Back,True,True,True,False
2021,ARI,MurrKy00,Kyler Murray,QB,Offense,9,11,3,9,Ankle,Ankle,False,False,False,False
2021,ARI,PhilJo01,Jordan Phillips,DL,Defense,1,5,5,17,Unspecified (IR),,True,False,False,False
2021,ARI,PhilJo01,Jordan Phillips,DL,Defense,16,18,3,3,Knee,Knee,False,True,False,False
2021,ARI,PughJu00,Justin Pugh,OL,Offense,10,13,3,8,Lower Leg,Calf,False,False,False,False
2021,ARI,TurnZe00,Zeke Turner,LB,Defense,6,18,12,12,Unspecified (IR),,True,True,True,False
2021,ARI,VallTa00,Tanner Vallejo,LB,Defense,6,6,1,12,Hand / Wrist,Hand,False,False,False,False
2021,ARI,VallTa00,Tanner Vallejo,LB,Defense,11,16,5,7,Knee,Knee,True,False,False,False
2021,ARI,WardJo00,Jonathan Ward,RB,Offense,9,13,4,9,Head / Concussion,Concussion,False,False,False,False
2021,ARI,WashCh01,Charles Washington,DB,Defense,4,14,10,14,Unspecified (IR),,True,False,False,False
2021,ARI,WattJ.00,J.J. Watt,DL,Defense,8,18,10,10,Shoulder,Shoulder,True,True,True,False
2021,ARI,WellDa00,David Wells,TE,Offense,10,16,6,8,Hand / Wrist,Hand,True,False,False,False
2021,ARI,WiggJa00,James Wiggins,DB,Defense,9,18,9,9,Knee,Knee,True,True,True,False
2021,ARI,WillMa04,Maxx Williams,TE,Offense,6,18,12,12,Shoulder,Shoulder,True,True,True,False
2021,ARI,WilsMa04,Marco Wilson,DB,Defense,5,5,1,13,Chest / Ribs,Ribs,False,False,False,False
2021,ARI,WilsMa04,Marco Wilson,DB,Defense,17,18,2,2,Shoulder,Shoulder,False,True,False,False
2021,ATL,AndrJo01,Josh Andrews,OL,Offense,1,5,5,17,Unspecified (IR),,True,False,False,False
2021,ATL,BateDa00,Daren Bates,LB,Defense,11,15,5,8,Hip / Groin,Groin,True,False,False,False
2021,ATL,BullJo00,Jonathan Bullard,DL,Defense,9,10,2,10,Head / Concussion,Concussion,False,False,False,False
2021,ATL,BullJo00,Jonathan Bullard,DL,Defense,12,15,4,7,Ankle,Ankle,False,False,False,False
2021,ATL,ComiJo00,John Cominsky,DL,Defense,5,13,8,13,Shoulder,Shoulder,False,False,False,False
2021,ATL,CopeBr00,Brandon Copeland,LB,Defense,1,1,1,17,Hamstring,Hamstring,False,False,False,False
2021,ATL,DarbFr00,Frank Darby,WR,Offense,1,4,4,17,Lower Leg,Calf,False,False,False,False
2021,ATL,DarbFr00,Frank Darby,WR,Offense,18,18,1,1,Shoulder,Shoulder,False,True,False,False
2021,ATL,DaviMa01,Marlon Davidson,DL,Defense,4,5,2,14,Ankle,Ankle,False,False,False,False
2021,ATL,ElleEm00,Emmanuel Ellerbee,LB,Defense,15,18,4,4,Unspecified (IR),,True,True,True,False
2021,ATL,FowlDa00,Dante Fowler,LB,Defense,7,9,3,12,Knee,Knee,True,False,False,False
2021,ATL,GageRu00,Russell Gage,WR,Offense,3,5,3,15,Ankle,Ankle,False,False,False,False
2021,ATL,GranRi00,Richie Grant,DB,Defense,14,14,1,5,Ankle,Ankle,False,False,False,False
2021,ATL,HarrEr00,Erik Harris,DB,Defense,5,5,1,13,Lower Leg,Calf,False,False,False,False
2021,ATL,HarrEr00,Erik Harris,DB,Defense,15,18,4,4,Chest / Ribs,Chest,True,True,True,False
2021,ATL,HawkJa00,Jaylinn Hawkins,DB,Defense,10,11,2,9,Ankle,Ankle,False,False,False,False
2021,ATL,HursHa00,Hayden Hurst,TE,Offense,11,13,3,8,Ankle,Ankle,True,False,False,False
2021,ATL,JoneDe01,Deion Jones,LB,Defense,12,12,1,7,Shoulder,Shoulder,False,False,False,False
2021,ATL,MayfJa00,Jalen Mayfield,OL,Offense,18,18,1,1,Back,Back,False,True,False,False
2021,ATL,MeanSt00,Steven Means,LB,Defense,10,12,3,9,Knee,Knee,True,False,False,False
2021,ATL,MoreFa00,Fabian Moreau,DB,Defense,17,17,1,2,Chest / Ribs,Ribs,False,False,False,False
2021,ATL,OgunAd01,Adetokunbo Ogundeji,LB,Defense,14,14,1,5,Ankle,Ankle,False,False,False,False
2021,ATL,OlivIs00,Isaiah Oliver,DB,Defense,5,18,13,13,Unspecified (IR),,True,True,True,False
2021,ATL,PattCo00,Cordarrelle Patterson,RB,Offense,11,11,1,8,Ankle,Ankle,False,False,False,False
2021,ATL,SharTa00,Tajae Sharpe,WR,Offense,16,17,2,3,Foot / Toe,Foot,False,False,False,False
2021,ATL,ShefKe00,Kendall Sheffield,DB,Defense,1,4,4,17,Unspecified (IR),,True,False,False,False
2021,ATL,ShefKe00,Kendall Sheffield,DB,Defense,10,12,3,9,Hamstring,Hamstring,False,False,False,False
2021,ATL,SmitLe00,Lee Smith,TE,Offense,10,10,1,9,Back,Back,False,False,False,False
2021,ATL,TerrAJ00,AJ Terrell,DB,Defense,3,3,1,15,Head / Concussion,Concussion,False,False,False,False
2021,ATL,WillAv02,Avery Williams,DB,Defense,5,7,2,13,Hamstring,Hamstring,False,False,False,False
2021,BAL,AverAn00,Anthony Averett,DB,Defense,11,11,1,8,Quad / Thigh,Thigh,False,False,False,False
2021,BAL,AverAn00,Anthony Averett,DB,Defense,17,18,2,2,Chest / Ribs,Ribs,False,True,False,False
2021,BAL,BateRa00,Rashod Bateman,WR,Offense,1,5,5,17,Unspecified (IR),,True,False,False,False
2021,BAL,BoykMi00,Miles Boykin,WR,Offense,1,4,4,17,Unspecified (IR),,True,False,False,False
2021,BAL,BoykMi00,Miles Boykin,WR,Offense,11,14,4,8,Hand / Wrist,Finger,False,False,False,False
2021,BAL,BoylNi00,Nick Boyle,TE,Offense,1,10,9,17,Knee,Knee,True,False,False,False
2021,BAL,BoylNi00,Nick Boyle,TE,Offense,13,14,2,6,Knee,Knee,False,False,False,False
2021,BAL,BrowMa04,Marquise Brown,WR,Offense,11,11,1,8,Quad / Thigh,Thigh,False,False,False,False
2021,BAL,CampCa99,Calais Campbell,DL,Defense,12,12,1,7,Head / Concussion,Concussion,False,False,False,False
2021,BAL,CampCa99,Calais Campbell,DL,Defense,15,15,1,4,Quad / Thigh,Thigh,False,False,False,False
2021,BAL,ClevBe00,Ben Cleveland,OL,Offense,6,10,4,12,Unspecified (IR),,True,False,False,False
2021,BAL,DuveDe00,Devin Duvernay,WR,Offense,16,16,1,3,Ankle,Ankle,False,False,False,False
2021,BAL,ElliDe02,DeShon Elliott,DB,Defense,4,5,2,14,Quad / Thigh,Quadricep,False,False,False,False
2021,BAL,ElliDe02,DeShon Elliott,DB,Defense,10,18,9,9,Unspecified (IR),,True,True,True,False
2021,BAL,HarrMa06,Malik Harrison,LB,Defense,9,11,3,10,Unspecified (IR),,True,False,False,False
2021,BAL,HayeDa00,Daelin Hayes,LB,Defense,1,2,2,17,Knee,Knee,False,False,False,False
2021,BAL,HayeDa00,Daelin Hayes,LB,Defense,4,18,14,14,Knee,Knee,True,True,True,False
2021,BAL,HumpMa00,Marlon Humphrey,DB,Defense,14,18,5,5,Unspecified (IR),,True,True,True,False
2021,BAL,JackLa00,Lamar Jackson,QB,Offense,15,18,4,4,Ankle,Ankle,False,True,False,False
2021,BAL,McPhPe00,Pernell McPhee,LB,Defense,11,17,7,8,Knee,Knee,True,False,False,False
2021,BAL,MekaPa00,Patrick Mekari,OL,Offense,9,10,2,10,Ankle,Ankle,False,False,False,False
2021,BAL,MekaPa00,Patrick Mekari,OL,Offense,14,15,2,5,Hand / Wrist,Hand,False,False,False,False
2021,BAL,MurrLa00,Latavius Murray,RB,Offense,7,10,3,11,Ankle,Ankle,False,False,False,False
2021,BAL,OgbuCe00,Cedric Ogbuehi,OL,Offense,11,13,3,8,Quad / Thigh,Thigh,False,False,False,False
2021,BAL,OwehJa00,Odafe Oweh,LB,Defense,17,18,2,2,Foot / Toe,Foot,False,True,False,False
2021,BAL,PhilTy00,Tyre Phillips,OL,Offense,2,5,4,16,Unspecified (IR),,True,False,False,False
2021,BAL,PhilTy00,Tyre Phillips,OL,Offense,16,18,3,3,Knee,Knee,True,True,True,False
2021,BAL,PoweBe00,Ben Powers,OL,Offense,15,18,4,4,Foot / Toe,Foot,False,True,False,False
2021,BAL,RicaPa00,Patrick Ricard,RB,Offense,14,16,3,5,Back,Back,False,False,False,False
2021,BAL,RicaPa00,Patrick Ricard,RB,Offense,18,18,1,1,Knee,Knee,False,True,False,False
2021,BAL,SmitJi03,Jimmy Smith,DB,Defense,1,2,2,17,Ankle,Ankle,False,False,False,False
2021,BAL,SmitJi03,Jimmy Smith,DB,Defense,11,12,2,8,Hip / Groin,Hip,False,False,False,False
2021,BAL,StanRo00,Ronnie Stanley,OL,Offense,2,18,16,16,Ankle,Ankle,True,True,True,False
2021,BAL,StonGe00,Geno Stone,DB,Defense,5,5,1,13,Quad / Thigh,Thigh,False,False,False,False
2021,BAL,WashAr00,Ar'Darius Washington,DB,Defense,12,18,7,7,Foot / Toe,Foot,True,True,True,False
2021,BAL,WatkSa00,Sammy Watkins,WR,Offense,6,9,3,12,Quad / Thigh,Thigh,False,False,False,False
2021,BAL,WatkSa00,Sammy Watkins,WR,Offense,15,15,1,4,Knee,Knee,False,False,False,False
2021,BAL,WestCh03,Chris Westry,DB,Defense,2,9,7,16,Knee,Knee,True,False,False,False
2021,BAL,WestCh03,Chris Westry,DB,Defense,12,13,2,7,Quad / Thigh,Thigh,False,False,False,False
2021,BAL,WestCh03,Chris Westry,DB,Defense,15,16,2,4,Knee,Knee,False,False,False,False
2021,BAL,WillBr02,Brandon Williams,DL,Defense,3,3,1,15,Neck,Neck,False,False,False,False
2021,BAL,WillBr02,Brandon Williams,DL,Defense,9,11,3,10,Shoulder,Shoulder,False,False,False,False
2021,BUF,BoetIk00,Ike Boettger,OL,Offense,17,18,2,2,Unspecified (IR),,True,True,True,False
2021,BUF,BrowSp00,Spencer Brown,OL,Offense,8,9,2,11,Back,Back,False,False,False,False
2021,BUF,EdmuTr01,Tremaine Edmunds,LB,Defense,10,11,2,9,Hamstring,Hamstring,False,False,False,False
2021,BUF,EpenAJ00,A.J. Epenesa,DL,Defense,15,16,2,4,Ankle,Ankle,False,False,False,False
2021,BUF,FeliJo00,Jon Feliciano,OL,Offense,4,4,1,14,Head / Concussion,Concussion,False,False,False,False
2021,BUF,FeliJo00,Jon Feliciano,OL,Offense,9,13,5,10,Lower Leg,Calf,True,False,False,False
2021,BUF,GillRe00,Reggie Gilliam,RB,Offense,13,13,1,6,Ankle,Ankle,False,False,False,False
2021,BUF,HartBo00,Bobby Hart,OL,Offense,3,15,12,15,Chest / Ribs,Chest,False,False,False,False
2021,BUF,JohnTa01,Taron Johnson,DB,Defense,4,4,1,14,Hip / Groin,Groin,False,False,False,False
2021,BUF,KnoxDa00,Dawson Knox,TE,Offense,8,9,2,11,Hand / Wrist,Hand,False,False,False,False
2021,BUF,LotuSt00,Star Lotulelei,DL,Defense,1,1,1,17,Lower Leg,Calf,False,False,False,False
2021,BUF,LotuSt00,Star Lotulelei,DL,Defense,14,14,1,5,Foot / Toe,Toe,False,False,False,False
2021,BUF,MilaMa00,Matt Milano,LB,Defense,5,5,1,13,Hamstring,Hamstring,False,False,False,False
2021,BUF,ObadEf00,Efe Obada,DL,Defense,2,4,3,16,Lower Leg,Calf,False,False,False,False
2021,BUF,ObadEf00,Efe Obada,DL,Defense,13,13,1,6,Hip / Groin,Hip,False,False,False,False
2021,BUF,ObadEf00,Efe Obada,DL,Defense,18,18,1,1,Ankle,Ankle,False,True,False,False
2021,BUF,PoyeJo00,Jordan Poyer,DB,Defense,4,4,1,14,Ankle,Ankle,False,False,False,False
2021,BUF,SandEm00,Emmanuel Sanders,WR,Offense,15,15,1,4,Knee,Knee,False,False,False,False
2021,BUF,SandEm00,Emmanuel Sanders,WR,Offense,17,18,2,2,Knee,Knee,False,True,False,False
2021,BUF,StevMa00,Marquez Stevenson,WR,Offense,1,11,10,17,Unspecified (IR),,True,False,False,False
2021,BUF,SweeTo00,Tommy Sweeney,TE,Offense,14,14,1,5,Hip / Groin,Hip,False,False,False,False
2021,BUF,WhitTr01,Tre'Davious White,DB,Defense,13,18,6,6,Unspecified (IR),,True,True,True,False
2021,BUF,ZimmJu00,Justin Zimmer,DL,Defense,8,18,11,11,Foot / Toe,Foot,True,True,True,False
2021,CAR,BouyA.00,A.J. Bouye,DB,Defense,15,18,4,4,Foot / Toe,Foot,True,True,True,False
2021,CAR,BrowDe06,Deonte Brown,OL,Offense,6,12,7,12,Knee,Knee,True,False,False,False
2021,CAR,BurrJu00,Juston Burris,DB,Defense,4,9,6,14,Unspecified (IR),,True,False,False,False
2021,CAR,BurrJu00,Juston Burris,DB,Defense,17,17,1,2,Hip / Groin,Groin,False,False,False,False
2021,CAR,ChanSe00,Sean Chandler,DB,Defense,17,18,2,2,Hip / Groin,Groin,False,True,False,False
2021,CAR,DarnSa00,Sam Darnold,QB,Offense,10,15,5,8,Shoulder,right Shoulder,True,False,False,False
2021,CAR,ElflPa00,Pat Elflein,OL,Offense,3,9,7,15,Hamstring,Hamstring,True,False,False,False
2021,CAR,ErviCa00,Cameron Erving,OL,Offense,5,5,1,13,Neck,Neck,False,False,False,False
2021,CAR,ErviCa00,Cameron Erving,OL,Offense,10,12,3,8,Knee,Knee,True,False,False,False
2021,CAR,ErviCa00,Cameron Erving,OL,Offense,16,18,3,3,Lower Leg,Calf,True,True,True,False
2021,CAR,GilmSt00,Stephon Gilmore,DB,Defense,5,7,3,13,Quad / Thigh,Quadricep,True,False,False,False
2021,CAR,GilmSt00,Stephon Gilmore,DB,Defense,17,18,2,2,Hip / Groin,Groin,False,True,False,False
2021,CAR,GrosYe00,Yetur Gross-Matos,DL,Defense,3,4,2,15,Ankle,Ankle,False,False,False,False
2021,CAR,HartMy00,Myles Hartsfield,DB,Defense,2,8,7,16,Unspecified (IR),,True,False,False,False
2021,CAR,HendCJ00,C.J. Henderson,DB,Defense,6,6,1,12,Shoulder,Shoulder,False,False,False,False
2021,CAR,HendCJ00,C.J. Henderson,DB,Defense,8,9,2,10,Shoulder,Shoulder,False,False,False,False
2021,CAR,HendCJ00,C.J. Henderson,DB,Defense,17,17,1,2,Shoulder,Shoulder,False,False,False,False
2021,CAR,HornJa00,Jaycee Horn,DB,Defense,4,18,14,14,Back,Back,True,True,True,False
2021,CAR,HoskPh00,Phil Hoskins,DL,Defense,16,18,3,3,Back,Back,False,True,False,False
2021,CAR,JackDo02,Donte Jackson,DB,Defense,14,18,5,5,Unspecified (IR),,True,True,True,False
2021,CAR,JohnDa10,Darryl Johnson,DL,Defense,5,17,12,13,Hamstring,Hamstring,True,False,False,False
2021,CAR,JordMi01,Michael Jordan,OL,Offense,14,14,1,5,Hamstring,Hamstring,False,False,False,False
2021,CAR,MarsTe00,Terrace Marshall Jr.,WR,Offense,7,8,2,11,Head / Concussion,Concussion,False,False,False,False
2021,CAR,MarsTe00,Terrace Marshall Jr.,WR,Offense,18,18,1,1,Unspecified (IR),,True,True,True,False
2021,CAR,MartKa01,Kamal Martin,LB,Defense,6,6,1,12,Head / Concussion,Concussion,False,False,False,False
2021,CAR,McCaCh01,Christian McCaffrey,RB,Offense,4,8,5,14,Hamstring,Hamstring,True,False,False,False
2021,CAR,McCaCh01,Christian McCaffrey,RB,Offense,14,18,5,5,Unspecified (IR),,True,True,True,False
2021,CAR,MelvRa00,Rashaan Melvin,DB,Defense,10,12,3,8,Hand / Wrist,Hand,False,False,False,False
2021,CAR,MillJo04,John Miller,OL,Offense,8,10,3,10,Ankle,Ankle,True,False,False,False
2021,CAR,MillJo04,John Miller,OL,Offense,12,14,2,6,Ankle,Ankle,False,False,False,False
2021,CAR,NixoDa00,Daviyon Nixon,DL,Defense,8,18,10,10,Knee,Knee,True,True,True,False
2021,CAR,ParaMa00,Matt Paradis,OL,Offense,10,18,8,8,Knee,Knee,True,True,True,False
2021,CAR,RiccGi00,Giovanni Ricci,RB,Offense,7,7,1,11,Head / Concussion,Concussion,False,False,False,False
2021,CAR,SmitSh03,Shi Smith,WR,Offense,1,5,5,17,Shoulder,Shoulder,False,False,False,False
2021,CAR,ThomSh01,Shaq Thompson,LB,Defense,5,7,3,13,Foot / Toe,Foot,False,False,False,False
2021,CAR,ThomSt00,Stantley Thomas-Oliver,DB,Defense,9,14,5,9,Foot / Toe,Toe,True,False,False,False
2021,CAR,ZylsBr00,Brandon Zylstra,WR,Offense,7,9,3,11,Unspecified (IR),,True,False,False,False
2021,CHI,AttaJe00,Jeremiah Attaochu,LB,Defense,6,18,12,12,Unspecified (IR),,True,True,True,False
2021,CHI,BoroLa00,Larry Borom,OL,Offense,2,7,6,16,Ankle,Ankle,True,False,False,False
2021,CHI,BurnAr00,Artie Burns,DB,Defense,6,6,1,12,Foot / Toe,Foot,False,False,False,False
2021,CHI,BushDe00,Deon Bush,DB,Defense,7,9,3,11,Unspecified (IR),,True,False,False,False
2021,CHI,CrawXa00,Xavier Crawford,DB,Defense,15,18,4,4,Head / Concussion,Concussion,True,True,True,False
2021,CHI,DaltAn00,Andy Dalton,QB,Offense,3,4,2,15,Knee,Knee,False,False,False,False
2021,CHI,DaltAn00,Andy Dalton,QB,Offense,14,16,3,5,Hand / Wrist,left Hand,False,False,False,False
2021,CHI,EdwaMa01,Mario Edwards,DL,Defense,12,13,2,7,Chest / Ribs,Ribs,False,False,False,False
2021,CHI,FielJu00,Justin Fields,QB,Offense,12,13,2,7,Chest / Ribs,Ribs,False,False,False,False
2021,CHI,FielJu00,Justin Fields,QB,Offense,16,18,3,3,Ankle,Ankle,False,True,False,False
2021,CHI,GipsTa00,Tashaun Gipson,DB,Defense,3,4,2,15,Hamstring,Hamstring,False,False,False,False
2021,CHI,GipsTa00,Tashaun Gipson,DB,Defense,7,7,1,11,Hip / Groin,Hip,False,False,False,False
2021,CHI,GoldEd00,Eddie Goldman,DL,Defense,1,3,3,17,Knee,Knee,False,False,False,False
2021,CHI,GoodMa00,Marquise Goodwin,WR,Offense,13,15,3,6,Foot / Toe,Foot,False,False,False,False
2021,CHI,GranJa00,Jakeem Grant,WR,Offense,16,16,1,3,Head / Concussion,Concussion,False,False,False,False
2021,CHI,GranJa00,Jakeem Grant,WR,Offense,18,18,1,1,Ankle,Ankle,True,True,True,False
2021,CHI,HickAk00,Akiem Hicks,DL,Defense,5,5,1,13,Hip / Groin,Groin,False,False,False,False
2021,CHI,HickAk00,Akiem Hicks,DL,Defense,7,7,1,11,Hip / Groin,Groin,False,False,False,False
2021,CHI,HickAk00,Akiem Hicks,DL,Defense,11,14,4,8,Ankle,Ankle,False,False,False,False
2021,CHI,HickAk00,Akiem Hicks,DL,Defense,18,18,1,1,Ankle,Ankle,False,True,False,False
2021,CHI,HoltJ.01,J.P. Holtz,TE,Offense,5,6,2,13,Quad / Thigh,Quadricep,False,False,False,False
2021,CHI,HoltJ.01,J.P. Holtz,TE,Offense,9,9,1,9,Head / Concussion,Concussion,False,False,False,False
2021,CHI,HorsJe00,Jesper Horsted,TE,Offense,16,18,3,3,Unspecified (IR),,True,True,True,False
2021,CHI,HousDe00,DeAndre Houston-Carson,DB,Defense,15,18,4,4,Arm / Elbow,Forearm,True,True,True,False
2021,CHI,IfedGe00,Germain Ifedi,OL,Offense,6,14,8,12,Unspecified (IR),,True,False,False,False
2021,CHI,IyieJo00,Joel Iyiegbuniwe,LB,Defense,1,1,1,17,Shoulder,Shoulder,False,False,False,False
2021,CHI,IyieJo00,Joel Iyiegbuniwe,LB,Defense,4,5,2,14,Hamstring,Hamstring,False,False,False,False
2021,CHI,JackEd01,Eddie Jackson,DB,Defense,9,11,2,9,Hamstring,Hamstring,False,False,False,False
2021,CHI,JenkTe00,Teven Jenkins,OL,Offense,1,12,11,17,Unspecified (IR),,True,False,False,False
2021,CHI,JohnCa04,Caleb Johnson,LB,Defense,6,8,3,12,Knee,Knee,False,False,False,False
2021,CHI,MackKh00,Khalil Mack,LB,Defense,8,18,10,10,Foot / Toe,Foot,True,True,True,False
2021,CHI,MarsCa00,Cassius Marsh,LB,Defense,14,18,5,5,Knee,Knee,True,True,True,False
2021,CHI,MontDa01,David Montgomery,RB,Offense,5,8,4,13,Knee,Knee,True,False,False,False
2021,CHI,OgleAl00,Alec Ogletree,LB,Defense,9,9,1,9,Ankle,Ankle,False,False,False,False
2021,CHI,PeteJa21,Jason Peters,OL,Offense,15,16,2,4,Ankle,Ankle,False,False,False,False
2021,CHI,RobiAl02,Allen Robinson,WR,Offense,11,13,3,8,Hamstring,Hamstring,False,False,False,False
2021,CHI,ShelDu00,Duke Shelley,DB,Defense,12,15,4,7,Hamstring,Hamstring,True,False,False,False
2021,CHI,ShelDu00,Duke Shelley,DB,Defense,17,18,2,2,Foot / Toe,Heel,False,True,False,False
2021,CHI,TaboTe00,Teez Tabor,DB,Defense,17,18,2,2,Unspecified (IR),,True,True,True,False
2021,CHI,TongKh00,Khyiris Tonga,DL,Defense,15,15,1,4,Shoulder,Shoulder,False,False,False,False
2021,CHI,TrevDa00,Danny Trevathan,LB,Defense,1,4,4,17,Knee,Knee,True,False,False,False
2021,CHI,TrevDa00,Danny Trevathan,LB,Defense,11,18,8,8,Knee,Knee,True,True,True,False
2021,CHI,WillDa05,Damien Williams,RB,Offense,6,6,1,12,Foot / Toe,Foot,False,False,False,False
2021,CHI,WillDa05,Damien Williams,RB,Offense,9,13,4,9,Knee,Knee,False,False,False,False
2021,CIN,AdenHa00,Hakeem Adeniji,OL,Offense,1,8,8,17,Unspecified (IR),,True,False,False,False
2021,CIN,AlleRi00,Ricardo Allen,DB,Defense,2,4,3,16,Hand / Wrist,Hand,True,False,False,False
2021,CIN,AwuzCh00,Chidobe Awuzie,DB,Defense,4,4,1,14,Hip / Groin,Groin,False,False,False,False
2021,CIN,AwuzCh00,Chidobe Awuzie,DB,Defense,15,15,1,4,Foot / Toe,Foot,False,False,False,False
2021,CIN,BachJo01,Joe Bachie,LB,Defense,16,18,3,3,Unspecified (IR),,True,True,True,False
2021,CIN,BailMa01,Markus Bailey,LB,Defense,14,14,1,5,Neck,Neck,False,False,False,False
2021,CIN,BateJe00,Jessie Bates III,DB,Defense,4,4,1,14,Neck,Neck,False,False,False,False
2021,CIN,DaviAk01,Akeem Davis-Gaither,LB,Defense,11,18,8,8,Unspecified (IR),,True,True,True,False
2021,CIN,DaviJa06,Jalen Davis,DB,Defense,17,18,2,2,Ankle,Ankle,False,True,False,False
2021,CIN,EvanCh02,Chris Evans,RB,Offense,8,8,1,10,Hamstring,Hamstring,False,False,False,False
2021,CIN,EvanCh02,Chris Evans,RB,Offense,13,14,2,6,Ankle,Ankle,False,False,False,False
2021,CIN,EvanJo01,Jordan Evans,LB,Defense,6,18,12,12,Unspecified (IR),,True,True,True,False
2021,CIN,HiggTe00,Tee Higgins,WR,Offense,3,4,2,15,Shoulder,Shoulder,False,False,False,False
2021,CIN,HillTr03,Trey Hill,OL,Offense,1,2,2,17,Hip / Groin,Hip,False,False,False,False
2021,CIN,HopkTr01,Trey Hopkins,OL,Offense,13,13,1,6,Ankle,Ankle,False,False,False,False
2021,CIN,HubbSa00,Sam Hubbard,DL,Defense,18,18,1,1,Quad / Thigh,Thigh,False,True,False,False
2021,CIN,KareKh00,Khalid Kareem,DL,Defense,1,7,7,17,Unspecified (IR),,True,False,False,False
2021,CIN,KareKh00,Khalid Kareem,DL,Defense,16,16,1,3,Head / Concussion,Concussion,False,False,False,False
2021,CIN,PhilDa02,Darius Phillips,DB,Defense,13,13,1,6,Knee,Knee,False,False,False,False
2021,CIN,PhilDa02,Darius Phillips,DB,Defense,15,18,4,4,Unspecified (IR),,True,True,True,False
2021,CIN,ReadD.00,D.J. Reader,DL,Defense,16,16,1,3,Knee,Knee,False,False,False,False
2021,CIN,ReifRi00,Riley Reiff,OL,Offense,13,13,1,6,Ankle,Ankle,False,False,False,False
2021,CIN,ReifRi00,Riley Reiff,OL,Offense,15,18,4,4,Ankle,Ankle,True,True,True,False
2021,CIN,SampCa00,Cameron Sample,DL,Defense,9,9,1,9,Knee,Knee,False,False,False,False
2021,CIN,SampCa00,Cameron Sample,DL,Defense,17,18,2,2,Hamstring,Hamstring,False,True,False,False
2021,CIN,ShelTy00,Tyler Shelvin,DL,Defense,11,15,5,8,Knee,Knee,False,False,False,False
2021,CIN,SmitDA03,D'Ante Smith,OL,Offense,1,14,13,17,Knee,Knee,True,False,False,False
2021,CIN,Sua-Xa00,Xavier Su'a-Filo,OL,Offense,3,18,15,15,Knee,Knee,True,True,True,False
2021,CIN,TateAu00,Auden Tate,WR,Offense,8,18,10,10,Quad / Thigh,Thigh,True,True,True,False
2021,CIN,ThomMi04,Mike Thomas,WR,Offense,5,7,3,13,Ankle,Ankle,False,False,False,False
2021,CIN,UzomC.00,C.J. Uzomah,TE,Offense,18,18,1,1,Knee,Knee,False,True,False,False
2021,CIN,WaynTr00,Trae Waynes,DB,Defense,1,3,3,17,Hamstring,Hamstring,False,False,False,False
2021,CIN,WaynTr00,Trae Waynes,DB,Defense,6,14,8,12,Hamstring,Hamstring,True,False,False,False
2021,CIN,WilsBr01,Brandon Wilson,DB,Defense,11,18,8,8,Unspecified (IR),,True,True,True,False
2021,CIN,WilsLo00,Logan Wilson,LB,Defense,14,16,3,5,Shoulder,Shoulder,False,False,False,False
2021,CLE,BeckOd00,Odell Beckham Jr.,WR,Offense,1,2,2,17,Knee,Knee,False,False,False,False
2021,CLE,BeckOd00,Odell Beckham Jr.,WR,Offense,9,9,1,9,Shoulder,Shoulder,False,False,False,False
2021,CLE,BryaHa00,Harrison Bryant,TE,Offense,14,14,1,5,Ankle,Ankle,False,False,False,False
2021,CLE,ChubNi00,Nick Chubb,RB,Offense,6,7,2,12,Lower Leg,Calf,False,False,False,False
2021,CLE,ClowJa00,Jadeveon Clowney,DL,Defense,5,5,1,13,Arm / Elbow,Elbow,False,False,False,False
2021,CLE,ConkJa00,Jack Conklin,OL,Offense,6,7,2,12,Knee,Knee,False,False,False,False
2021,CLE,ConkJa00,Jack Conklin,OL,Offense,9,11,3,9,Arm / Elbow,Elbow,True,False,False,False
2021,CLE,ConkJa00,Jack Conklin,OL,Offense,14,18,5,5,Unspecified (IR),,True,True,True,False
2021,CLE,DelpGr00,Grant Delpit,DB,Defense,1,1,1,17,Hamstring,Hamstring,False,False,False,False
2021,CLE,DunnMi01,Michael Dunn,OL,Offense,1,1,1,17,Back,Back,False,False,False,False
2021,CLE,FielTo00,Tony Fields,LB,Defense,5,5,1,13,Shoulder,Shoulder,False,False,False,False
2021,CLE,GreeAJ00,A.J. Green,DB,Defense,6,8,3,12,Shoulder,Shoulder,False,False,False,False
2021,CLE,GreeAJ00,A.J. Green,DB,Defense,11,11,1,7,Head / Concussion,Concussion,False,False,False,False
2021,CLE,HarrNi01,Nick Harris,OL,Offense,5,8,4,13,Unspecified (IR),,True,False,False,False
2021,CLE,HarrRo02,Ronnie Harrison,DB,Defense,14,18,5,5,Ankle,Ankle,False,True,False,False
2021,CLE,HillTr01,Troy Hill,DB,Defense,11,11,1,7,Neck,Neck,False,False,False,False
2021,CLE,HillTr01,Troy Hill,DB,Defense,15,18,4,4,Ankle,Ankle,False,True,False,False
2021,CLE,HubbCh00,Chris Hubbard,OL,Offense,2,18,16,16,Arm / Elbow,Triceps,True,True,True,False
2021,CLE,HuntKa00,Kareem Hunt,RB,Offense,7,11,5,11,Lower Leg,Calf,True,False,False,False
2021,CLE,HuntKa00,Kareem Hunt,RB,Offense,15,18,4,4,Ankle,Ankle,False,True,False,False
2021,CLE,JackJo02,Joe Jackson,DL,Defense,9,9,1,9,Shoulder,Shoulder,False,False,False,False
2021,CLE,JackMa02,Malik Jackson,DL,Defense,18,18,1,1,Knee,Knee,False,True,False,False
2021,CLE,JanoAn00,Andy Janovich,RB,Offense,6,8,3,12,Unspecified (IR),,True,False,False,False
2021,CLE,JohnJo10,John Johnson,DB,Defense,16,17,2,3,Hamstring,Hamstring,False,False,False,False
2021,CLE,LandJa00,Jarvis Landry,WR,Offense,3,6,4,15,Knee,Knee,True,False,False,False
2021,CLE,MayfBa00,Baker Mayfield,QB,Offense,7,7,1,11,Shoulder,left Shoulder,False,False,False,False
2021,CLE,MayfBa00,Baker Mayfield,QB,Offense,15,15,1,4,Foot / Toe,Foot,False,False,False,False
2021,CLE,MayfBa00,Baker Mayfield,QB,Offense,18,18,1,1,Shoulder,left Shoulder,True,True,True,False
2021,CLE,McKiTa00,Takkarist McKinley,DL,Defense,8,8,1,10,Hip / Groin,Groin,False,False,False,False
2021,CLE,McKiTa00,Takkarist McKinley,DL,Defense,10,11,2,8,Hip / Groin,Groin,False,False,False,False
2021,CLE,McKiTa00,Takkarist McKinley,DL,Defense,16,18,3,3,Unspecified (IR),,True,True,True,False
2021,CLE,NewsGr00,Greg Newsome II,DB,Defense,4,5,2,14,Lower Leg,Calf,False,False,False,False
2021,CLE,NewsGr00,Greg Newsome II,DB,Defense,14,16,3,5,Head / Concussion,Concussion,False,False,False,False
2021,CLE,OwusJe00,Jeremiah Owusu-Koramoah,LB,Defense,7,9,3,11,Ankle,Ankle,True,False,False,False
2021,CLE,PeopDo00,Donovan Peoples-Jones,WR,Offense,7,8,2,11,Hip / Groin,Groin,False,False,False,False
2021,CLE,PeopDo00,Donovan Peoples-Jones,WR,Offense,11,11,1,7,Hip / Groin,Groin,False,False,False,False
2021,CLE,PhilJa01,Jacob Phillips,LB,Defense,1,12,12,17,Arm / Elbow,Biceps,True,False,False,False
2021,CLE,SchwAn00,Anthony Schwartz,WR,Offense,11,14,3,7,Head / Concussion,Concussion,False,False,False,False
2021,CLE,SmitMa02,Malcolm Smith,LB,Defense,6,6,1,12,Core / Abdomen,Abdomen,False,False,False,False
2021,CLE,StewM.00,M.J. Stewart,DB,Defense,6,9,4,12,Unspecified (IR),,True,False,False,False
2021,CLE,TakiSi00,Sione Takitaki,LB,Defense,3,3,1,15,Hamstring,Hamstring,False,False,False,False
2021,CLE,TakiSi00,Sione Takitaki,LB,Defense,18,18,1,1,Shoulder,Shoulder,True,True,True,False
2021,CLE,TretJC00,J.C. Tretter,OL,Offense,16,16,1,3,Knee,Knee,False,False,False,False
2021,CLE,WalkAn01,Anthony Walker,LB,Defense,2,4,3,16,Hamstring,Hamstring,True,False,False,False
2021,CLE,WardDe02,Denzel Ward,DB,Defense,8,8,1,10,Hamstring,Hamstring,False,False,False,False
2021,CLE,WardDe02,Denzel Ward,DB,Defense,18,18,1,1,Hip / Groin,Groin,False,True,False,False
2021,CLE,WillGr00,Greedy Williams,DB,Defense,10,10,1,8,Shoulder,Shoulder,False,False,False,False
2021,CLE,WillJe04,Jedrick Wills Jr.,OL,Offense,5,6,2,13,Ankle,Ankle,False,False,False,False
2021,DAL,ArmsDo00,Dorance Armstrong Jr.,DL,Defense,3,6,4,15,Ankle,Ankle,False,False,False,False
2021,DAL,BernFr01,Francis Bernard,LB,Defense,1,8,7,17,Unspecified (IR),,True,False,False,False
2021,DAL,BrowNo00,Noah Brown,WR,Offense,14,16,3,5,Hip / Groin,Groin,True,False,False,False
2021,DAL,CanaMa00,Maurice Canady,DB,Defense,8,15,8,11,Unspecified (IR),,True,False,False,False
2021,DAL,CoopAm00,Amari Cooper,WR,Offense,11,12,2,8,Hamstring,Hamstring,False,False,False,False
2021,DAL,CoxxJa00,Jabril Cox,LB,Defense,9,18,10,10,Unspecified (IR),,True,True,True,False
2021,DAL,GallMi00,Michael Gallup,WR,Offense,2,9,7,16,Unspecified (IR),,True,False,False,False
2021,DAL,GallMi00,Michael Gallup,WR,Offense,18,18,1,1,Unspecified (IR),,True,True,True,False
2021,DAL,GallNe00,Neville Gallimore,DL,Defense,1,13,12,17,Unspecified (IR),,True,False,False,False
2021,DAL,GolsCh00,Chauncey Golston,DL,Defense,1,2,2,17,Hamstring,Hamstring,False,False,False,False
2021,DAL,GregRa00,Randy Gregory,DL,Defense,10,13,4,9,Lower Leg,Calf,True,False,False,False
2021,DAL,HillTr00,Trysten Hill,DL,Defense,1,9,8,17,Foot / Toe,Foot,True,False,False,False
2021,DAL,JarwBl00,Blake Jarwin,TE,Offense,9,17,9,10,Hip / Groin,Hip,True,False,False,False
2021,DAL,JoseKe02,Kelvin Joseph,DB,Defense,1,6,6,17,Unspecified (IR),,True,False,False,False
2021,DAL,KearJa00,Jayron Kearse,DB,Defense,18,18,1,1,Hamstring,Hamstring,False,True,False,False
2021,DAL,LambCe00,CeeDee Lamb,WR,Offense,12,12,1,7,Head / Concussion,Concussion,False,False,False,False
2021,DAL,LawrDe00,DeMarcus Lawrence,DL,Defense,2,12,10,16,Foot / Toe,Foot,True,False,False,False
2021,DAL,McKeSe01,Sean McKeon,TE,Offense,1,8,7,17,Ankle,Ankle,True,False,False,False
2021,DAL,McKeSe01,Sean McKeon,TE,Offense,14,14,1,5,Neck,Neck,False,False,False,False
2021,DAL,PollTo00,Tony Pollard,RB,Offense,14,14,1,5,Foot / Toe,Foot,False,False,False,False
2021,DAL,PollTo00,Tony Pollard,RB,Offense,18,18,1,1,Foot / Toe,Foot,False,True,False,False
2021,DAL,PresDa01,Dak Prescott,QB,Offense,8,8,1,11,Lower Leg,Calf,False,False,False,False
2021,DAL,SmitTy00,Tyron Smith,OL,Offense,9,11,3,10,Ankle,Ankle,False,False,False,False
2021,DAL,SmitTy00,Tyron Smith,OL,Offense,15,16,2,4,Ankle,Ankle,False,False,False,False
2021,DAL,TurnMa00,Malik Turner,WR,Offense,1,3,3,17,Unspecified (IR),,True,False,False,False
2021,DAL,UrbaBr00,Brent Urban,DL,Defense,8,18,11,11,Unspecified (IR),,True,True,True,False
2021,DAL,WatkCa00,Carlos Watkins,DL,Defense,3,4,2,15,Knee,Knee,False,False,False,False
2021,DAL,WilsCe01,Cedrick Wilson Jr.,WR,Offense,13,13,1,6,Ankle,Ankle,False,False,False,False
2021,DAL,WilsDo01,Donovan Wilson,DB,Defense,2,5,4,16,Hip / Groin,Groin,False,False,False,False
2021,DAL,WilsDo01,Donovan Wilson,DB,Defense,12,15,4,7,Shoulder,Shoulder,True,False,False,False
2021,DAL,WrigNa00,Nahshon Wright,DB,Defense,11,11,1,8,Hamstring,Hamstring,False,False,False,False
2021,DEN,AgimMc00,McTelvin Agim,DL,Defense,10,10,1,8,Knee,Knee,False,False,False,False
2021,DEN,AndeCa00,Calvin Anderson,OL,Offense,13,18,6,6,Ankle,Ankle,True,True,True,False
2021,DEN,BassEs01,Essang Bassey,DB,Defense,1,10,10,17,Unspecified (IR),,True,False,False,False
2021,DEN,BeckAn01,Andrew Beck,TE,Offense,16,18,3,3,Arm / Elbow,Elbow,True,True,True,False
2021,DEN,BollGa00,Garett Bolles,OL,Offense,9,12,3,9,Ankle,Ankle,False,False,False,False
2021,DEN,BoonMi00,Mike Boone,RB,Offense,1,5,5,17,Unspecified (IR),,True,False,False,False
2021,DEN,BoonMi00,Mike Boone,RB,Offense,10,10,1,8,Hip / Groin,Hip,False,False,False,False
2021,DEN,BridTe00,Teddy Bridgewater,QB,Offense,16,18,3,3,Head / Concussion,Concussion,True,True,True,False
2021,DEN,BrowBa01,Baron Browning,LB,Defense,4,4,1,14,Back,Back,False,False,False,False
2021,DEN,BrowBa01,Baron Browning,LB,Defense,7,7,1,11,Head / Concussion,Concussion,False,False,False,False
2021,DEN,CallBr00,Bryce Callahan,DB,Defense,9,14,5,9,Unspecified (IR),,True,False,False,False
2021,DEN,ChubBr00,Bradley Chubb,LB,Defense,1,1,1,17,Ankle,Ankle,False,False,False,False
2021,DEN,ChubBr00,Bradley Chubb,LB,Defense,3,10,8,15,Ankle,Ankle,True,False,False,False
2021,DEN,ChubBr00,Bradley Chubb,LB,Defense,17,17,1,2,Shoulder,Shoulder,False,False,False,False
2021,DEN,ClevTy00,Tyrie Cleveland,WR,Offense,12,17,6,7,Hamstring,Hamstring,False,False,False,False
2021,DEN,DarbRo00,Ronald Darby,DB,Defense,2,5,4,16,Hamstring,Hamstring,True,False,False,False
2021,DEN,DarbRo00,Ronald Darby,DB,Defense,17,18,2,2,Shoulder,Shoulder,True,True,True,False
2021,DEN,FordMi01,Mike Ford,DB,Defense,6,8,3,12,Knee,Knee,True,False,False,False
2021,DEN,GlasGr00,Graham Glasgow,OL,Offense,4,4,1,14,Knee,Knee,False,False,False,False
2021,DEN,GlasGr00,Graham Glasgow,OL,Offense,10,18,8,8,Hip / Groin,Hip,True,True,True,False
2021,DEN,GordMe00,Melvin Gordon,RB,Offense,13,13,1,6,Shoulder,Shoulder,False,False,False,False
2021,DEN,GrifJo01,Jonas Griffith,LB,Defense,4,7,4,14,Unspecified (IR),,True,False,False,False
2021,DEN,HamlKJ00,KJ Hamler,WR,Offense,4,18,14,14,Unspecified (IR),,True,True,True,False
2021,DEN,HarrSh00,Shelby Harris,DL,Defense,12,12,1,7,Ankle,Ankle,False,False,False,False
2021,DEN,JackKa99,Kareem Jackson,DB,Defense,12,12,1,7,Neck,Neck,False,False,False,False
2021,DEN,JackKa99,Kareem Jackson,DB,Defense,18,18,1,1,Back,Back,True,True,True,False
2021,DEN,JeudJe00,Jerry Jeudy,WR,Offense,2,7,6,16,Unspecified (IR),,True,False,False,False
2021,DEN,JeweJo00,Josey Jewell,LB,Defense,3,18,15,15,Unspecified (IR),,True,True,True,False
2021,DEN,JohnAl01,Alexander Johnson,LB,Defense,7,18,11,11,Chest / Ribs,Chest,True,True,True,False
2021,DEN,JohnJa15,Jamar Johnson,DB,Defense,1,14,13,17,Quad / Thigh,Quadricep,False,False,False,False
2021,DEN,JoneDr00,Dre'Mont Jones,DL,Defense,15,15,1,4,Foot / Toe,Foot,False,False,False,False
2021,DEN,KiseMi00,Micah Kiser,LB,Defense,8,13,5,10,Unspecified (IR),,True,False,False,False
2021,DEN,MassBo00,Bobby Massie,OL,Offense,10,12,2,8,Ankle,Ankle,False,False,False,False
2021,DEN,MillVo00,Von Miller,LB,Defense,8,8,1,10,Ankle,Ankle,False,False,False,False
2021,DEN,MintAn00,Andre Mintze,LB,Defense,4,4,1,14,Hamstring,Hamstring,False,False,False,False
2021,DEN,MintAn00,Andre Mintze,LB,Defense,7,16,9,11,Hamstring,Hamstring,True,False,False,False
2021,DEN,OjemMi00,Michael Ojemudia,DB,Defense,1,16,15,17,Unspecified (IR),,True,False,False,False
2021,DEN,OkwuAl00,Albert Okwuegbunam,TE,Offense,5,7,3,13,Hamstring,Hamstring,True,False,False,False
2021,DEN,PatrAa00,Aaron Patrick,LB,Defense,6,7,2,12,Ankle,Ankle,False,False,False,False
2021,DEN,PurcMi00,Mike Purcell,DL,Defense,8,9,2,10,Hand / Wrist,Thumb,False,False,False,False
2021,DEN,PurcMi00,Mike Purcell,DL,Defense,13,13,1,6,Hand / Wrist,Thumb,False,False,False,False
2021,DEN,ReedMa01,Malik Reed,LB,Defense,9,9,1,9,Hip / Groin,Hip,False,False,False,False
2021,DEN,ReedMa01,Malik Reed,LB,Defense,14,15,2,5,Hand / Wrist,Wrist,False,False,False,False
2021,DEN,RisnDa00,Dalton Risner,OL,Offense,4,4,1,14,Ankle,Ankle,False,False,False,False
2021,DEN,RisnDa00,Dalton Risner,OL,Offense,18,18,1,1,Arm / Elbow,Elbow,True,True,True,False
2021,DEN,SterCa00,Caden Sterns,DB,Defense,15,15,1,4,Shoulder,Shoulder,False,False,False,False
2021,DEN,SurtPa01,Patrick Surtain II,DB,Defense,18,18,1,1,Lower Leg,Calf,True,True,True,False
2021,DEN,WillDe04,DeShawn Williams,DL,Defense,17,18,2,2,Unspecified (IR),,True,True,True,False
2021,DEN,YounKe03,Kenny Young,LB,Defense,15,18,4,4,Head / Concussion,Concussion,False,True,False,False
2021,DET,AnzaAl00,Alex Anzalone,LB,Defense,16,18,3,3,Ankle,Ankle,True,True,True,False
2021,DET,BallCo00,Corey Ballentine,DB,Defense,6,13,7,12,Hamstring,Hamstring,True,False,False,False
2021,DET,BensTr00,Trinity Benson,WR,Offense,11,16,6,8,Knee,Knee,False,False,False,False
2021,DET,BoylTi00,Tim Boyle,QB,Offense,1,10,9,17,Unspecified (IR),,True,False,False,False
2021,DET,BryaAu00,Austin Bryant,LB,Defense,10,10,1,9,Shoulder,Shoulder,False,False,False,False
2021,DET,CabiJa00,Jason Cabinda,RB,Offense,7,7,1,11,Hip / Groin,Hip,False,False,False,False
2021,DET,CabiJa00,Jason Cabinda,RB,Offense,17,18,2,2,Knee,Knee,False,True,False,False
2021,DET,CephQu00,Quintez Cephus,WR,Offense,6,18,12,12,Unspecified (IR),,True,True,True,False
2021,DET,DeckTa00,Taylor Decker,OL,Offense,1,8,8,17,Hand / Wrist,Finger,True,False,False,False
2021,DET,FlowTr00,Trey Flowers,LB,Defense,3,4,2,15,Shoulder,Shoulder,False,False,False,False
2021,DET,FlowTr00,Trey Flowers,LB,Defense,11,18,8,8,Knee,Knee,True,True,True,False
2021,DET,GoffJa00,Jared Goff,QB,Offense,11,11,1,8,Core / Abdomen,Oblique,False,False,False,False
2021,DET,GoffJa00,Jared Goff,QB,Offense,16,17,2,3,Knee,Knee,False,False,False,False
2021,DET,HandDa00,Da'Shawn Hand,DL,Defense,1,7,7,17,Unspecified (IR),,True,False,False,False
2021,DET,HandDa00,Da'Shawn Hand,DL,Defense,12,13,2,7,Hip / Groin,Groin,True,False,False,False
2021,DET,HockTJ00,T.J. Hockenson,TE,Offense,14,18,5,5,Hand / Wrist,Hand,True,True,True,False
2021,DET,JackJo03,Jonah Jackson,OL,Offense,15,15,1,4,Back,Back,False,False,False,False
2021,DET,JacoJe00,Jerry Jacobs,DB,Defense,15,18,4,4,Unspecified (IR),,True,True,True,False
2021,DET,JeffJe00,Jermar Jefferson,RB,Offense,11,11,1,8,Knee,Knee,False,False,False,False
2021,DET,MeliIf00,Ifeatu Melifonwu,DB,Defense,3,12,9,15,Unspecified (IR),,True,False,False,False
2021,DET,NelsMa00,Matt Nelson,OL,Offense,11,13,3,8,Ankle,Ankle,False,False,False,False
2021,DET,OkudJe00,Jeff Okudah,DB,Defense,2,18,16,16,Unspecified (IR),,True,True,True,False
2021,DET,OkwaJu00,Julian Okwara,LB,Defense,14,16,3,5,Ankle,Ankle,False,False,False,False
2021,DET,OkwaRo01,Romeo Okwara,LB,Defense,5,18,13,13,Shoulder,Shoulder,True,True,True,False
2021,DET,OnwuLe00,Levi Onwuzurike,DL,Defense,1,1,1,17,Hip / Groin,Hip,False,False,False,False
2021,DET,OruwAm00,Amani Oruwariye,DB,Defense,16,18,3,3,Hand / Wrist,Thumb,True,True,True,False
2021,DET,ParkAJ00,AJ Parker,DB,Defense,8,8,1,10,Neck,Neck,False,False,False,False
2021,DET,ParkAJ00,AJ Parker,DB,Defense,12,14,3,7,Ankle,Ankle,True,False,False,False
2021,DET,PricBo00,Bobby Price,DB,Defense,13,14,2,6,Shoulder,Shoulder,False,False,False,False
2021,DET,RagnFr00,Frank Ragnow,OL,Offense,5,18,13,13,Unspecified (IR),,True,True,True,False
2021,DET,ReevJa00,Jalen Reeves-Maybin,LB,Defense,13,14,2,6,Shoulder,Shoulder,False,False,False,False
2021,DET,SewePe00,Penei Sewell,OL,Offense,18,18,1,1,Hand / Wrist,Thumb,False,True,False,False
2021,DET,StenLo00,Logan Stenberg,OL,Offense,8,18,10,10,Unspecified (IR),,True,True,True,False
2021,DET,StroKe00,Kevin Strong,DL,Defense,2,11,9,16,Head / Concussion,Concussion,True,False,False,False
2021,DET,SwifDA00,D'Andre Swift,RB,Offense,13,16,4,6,Shoulder,Shoulder,False,False,False,False
2021,DET,VaitHa00,Halapoulivaati Vaitai,OL,Offense,12,12,1,7,Head / Concussion,Concussion,False,False,False,False
2021,DET,WillJa06,Jamaal Williams,RB,Offense,8,10,2,10,Quad / Thigh,Thigh,False,False,False,False
2021,DET,WillTy00,Tyrell Williams,WR,Offense,2,8,7,16,Head / Concussion,Concussion,True,False,False,False
2021,DET,WoodJo02,Josh Woods,LB,Defense,16,18,3,3,Neck,Neck,True,True,True,False
2021,GB,AlexJa00,Jaire Alexander,DB,Defense,5,18,13,13,Shoulder,Shoulder,True,True,True,False
2021,GB,BakhDa00,David Bakhtiari,OL,Offense,1,17,16,17,Knee,Knee,True,False,False,False
2021,GB,BarnKr00,Krys Barnes,LB,Defense,4,4,1,14,Head / Concussion,Concussion,False,False,False,False
2021,GB,CampDe00,De'Vondre Campbell,LB,Defense,18,18,1,1,Arm / Elbow,Elbow,False,True,False,False
2021,GB,CobbRa00,Randall Cobb,WR,Offense,14,18,5,5,Core / Abdomen,Core,True,True,True,False
2021,GB,DafnDo00,Dominique Dafney,TE,Offense,3,7,5,15,Hip / Groin,Hip,True,False,False,False
2021,GB,DafnDo00,Dominique Dafney,TE,Offense,10,10,1,8,Hamstring,Hamstring,False,False,False,False
2021,GB,DafnDo00,Dominique Dafney,TE,Offense,15,15,1,4,Ankle,Ankle,False,False,False,False
2021,GB,DeguJo00,Josiah Deguara,TE,Offense,2,2,1,16,Head / Concussion,Concussion,False,False,False,False
2021,GB,GaryRa00,Rashan Gary,LB,Defense,11,11,1,7,Arm / Elbow,Elbow,False,False,False,False
2021,GB,HeflJa00,Jack Heflin,DL,Defense,5,8,4,13,Ankle,Ankle,False,False,False,False
2021,GB,HillKy00,Kylin Hill,RB,Offense,9,18,9,9,Unspecified (IR),,True,True,True,False
2021,GB,JenkEl00,Elgton Jenkins,OL,Offense,3,5,3,15,Ankle,Ankle,False,False,False,False
2021,GB,JenkEl00,Elgton Jenkins,OL,Offense,12,18,6,6,Unspecified (IR),,True,True,True,False
2021,GB,JoneAa00,Aaron Jones,RB,Offense,11,11,1,7,Knee,Knee,False,False,False,False
2021,GB,JoneAa00,Aaron Jones,RB,Offense,18,18,1,1,Knee,Knee,False,True,False,False
2021,GB,KekeKi00,Kingsley Keke,DL,Defense,9,10,2,9,Head / Concussion,Concussion,False,False,False,False
2021,GB,KellDe00,Dennis Kelly,OL,Offense,5,8,4,13,Back,Back,False,False,False,False
2021,GB,KellDe00,Dennis Kelly,OL,Offense,10,12,3,8,Back,Back,False,False,False,False
2021,GB,KingKe01,Kevin King,DB,Defense,3,4,2,15,Head / Concussion,Concussion,False,False,False,False
2021,GB,KingKe01,Kevin King,DB,Defense,6,8,3,12,Shoulder,Shoulder,False,False,False,False
2021,GB,KingKe01,Kevin King,DB,Defense,12,12,1,6,Hip / Groin,Hip,False,False,False,False
2021,GB,LazaAl00,Allen Lazard,WR,Offense,11,11,1,7,Shoulder,Shoulder,False,False,False,False
2021,GB,MercWh00,Whitney Mercilus,DL,Defense,11,18,7,7,Unspecified (IR),,True,True,True,False
2021,GB,MyerJo00,Josh Myers,OL,Offense,5,5,1,13,Hand / Wrist,Finger,False,False,False,False
2021,GB,MyerJo00,Josh Myers,OL,Offense,7,17,10,11,Knee,Knee,True,False,False,False
2021,GB,RiveCh01,Chauncey Rivers,LB,Defense,5,18,13,13,Knee,Knee,True,True,True,False
2021,GB,ScotVe00,Vernon Scott,DB,Defense,1,3,3,17,Hamstring,Hamstring,False,False,False,False
2021,GB,ScotVe00,Vernon Scott,DB,Defense,5,15,10,13,Knee,Knee,False,False,False,False
2021,GB,SmitPr00,Preston Smith,LB,Defense,7,7,1,11,Core / Abdomen,Oblique,False,False,False,False
2021,GB,SmitZa00,Za'Darius Smith,LB,Defense,2,18,16,16,Back,Back,True,True,True,False
2021,GB,St.BEq00,Equanimeous St. Brown,WR,Offense,10,10,1,8,Ankle,Ankle,False,False,False,False
2021,GB,St.BEq00,Equanimeous St. Brown,WR,Offense,15,15,1,4,Head / Concussion,Concussion,False,False,False,False
2021,GB,SummTy00,Ty Summers,LB,Defense,16,18,3,3,Hamstring,Hamstring,True,True,True,False
2021,GB,TaylMa01,Malik Taylor,WR,Offense,11,12,2,7,Core / Abdomen,Abdomen,False,False,False,False
2021,GB,TaylMa01,Malik Taylor,WR,Offense,16,18,3,3,Shoulder,Shoulder,True,True,True,False
2021,GB,TonyRo00,Robert Tonyan,TE,Offense,9,18,9,9,Unspecified (IR),,True,True,True,False
2021,GB,TurnBi00,Billy Turner,OL,Offense,15,18,4,4,Knee,Knee,False,True,False,False
2021,GB,ValdMa00,Marquez Valdes-Scantling,WR,Offense,4,8,5,14,Hamstring,Hamstring,True,False,False,False
2021,HOU,AmenDa00,Danny Amendola,WR,Offense,3,6,4,15,Quad / Thigh,Thigh,False,False,False,False
2021,HOU,AmenDa00,Danny Amendola,WR,Offense,13,17,5,6,Knee,Knee,True,False,False,False
2021,HOU,ArnoGr01,Grayland Arnold,DB,Defense,18,18,1,1,Unspecified (IR),,True,True,True,False
2021,HOU,BritJu00,Justin Britt,OL,Offense,6,6,1,12,Knee,Knee,False,False,False,False
2021,HOU,BritJu00,Justin Britt,OL,Offense,8,12,4,10,Knee,Knee,True,False,False,False
2021,HOU,BritJu00,Justin Britt,OL,Offense,16,16,1,3,Knee,Knee,False,False,False,False
2021,HOU,BrooTe00,Terrence Brooks,DB,Defense,7,9,3,11,Chest / Ribs,Chest,True,False,False,False
2021,HOU,BrooTe00,Terrence Brooks,DB,Defense,13,15,3,6,Hamstring,Hamstring,False,False,False,False
2021,HOU,BrowPh01,Pharaoh Brown,TE,Offense,8,9,2,10,Quad / Thigh,Thigh,False,False,False,False
2021,HOU,BurkRe00,Rex Burkhead,RB,Offense,5,5,1,13,Hip / Groin,Hip,False,False,False,False
2021,HOU,CannMa00,Marcus Cannon,OL,Offense,5,18,13,13,Back,Back,True,True,True,False
2021,HOU,CollNi00,Nico Collins,WR,Offense,3,5,3,15,Shoulder,Shoulder,True,False,False,False
2021,HOU,ConlCh00,Chris Conley,WR,Offense,18,18,1,1,Knee,Knee,False,True,False,False
2021,HOU,DaviDa03,Davion Davis,WR,Offense,15,18,4,4,Unspecified (IR),,True,True,True,False
2021,HOU,DorsPh00,Phillip Dorsett,WR,Offense,17,18,2,2,Unspecified (IR),,True,True,True,False
2021,HOU,DrisJe00,Jeff Driskel,QB,Offense,16,18,3,3,Unspecified (IR),,True,True,True,False
2021,HOU,GreeJo04,Jonathan Greenard,DL,Defense,11,11,1,8,Foot / Toe,Foot,False,False,False,False
2021,HOU,GrugKa00,Kamu Grugier-Hill,LB,Defense,3,3,1,15,Knee,Knee,False,False,False,False
2021,HOU,JenkJo01,Jordan Jenkins,DL,Defense,12,14,3,7,Knee,Knee,True,False,False,False
2021,HOU,JenkJo01,Jordan Jenkins,DL,Defense,16,16,1,3,Knee,Knee,False,False,False,False
2021,HOU,JohnDa08,David Johnson,RB,Offense,16,17,2,3,Quad / Thigh,Quadricep,False,False,False,False
2021,HOU,JohnJa09,Jaleel Johnson,DL,Defense,7,8,2,11,Back,Back,False,False,False,False
2021,HOU,JohnLo01,Lonnie Johnson Jr.,DB,Defense,1,1,1,17,Quad / Thigh,Thigh,False,False,False,False
2021,HOU,JohnLo01,Lonnie Johnson Jr.,DB,Defense,16,17,2,3,Quad / Thigh,Quadricep,False,False,False,False
2021,HOU,JordBr00,Brevin Jordan,TE,Offense,15,15,1,4,Hand / Wrist,Hand,False,False,False,False
2021,HOU,KirkCh00,Christian Kirksey,LB,Defense,9,12,3,9,Hand / Wrist,Thumb,True,False,False,False
2021,HOU,McCrJu00,Justin McCray,OL,Offense,13,13,1,6,Head / Concussion,Concussion,False,False,False,False
2021,HOU,MitcTe00,Terrance Mitchell,DB,Defense,3,3,1,15,Head / Concussion,Concussion,False,False,False,False
2021,HOU,MitcTe00,Terrance Mitchell,DB,Defense,15,16,2,4,Ankle,Ankle,False,False,False,False
2021,HOU,MoorA.00,A.J. Moore,DB,Defense,1,3,3,17,Unspecified (IR),,True,False,False,False
2021,HOU,MoreJi00,Jimmy Moreland,DB,Defense,14,15,2,5,Foot / Toe,Foot,False,False,False,False
2021,HOU,NickHa02,Hardy Nickerson,LB,Defense,9,18,9,9,Head / Concussion,Concussion,True,True,True,False
2021,HOU,OwenJo01,Jonathan Owens,DB,Defense,18,18,1,1,Unspecified (IR),,True,True,True,False
2021,HOU,PhilSc01,Scottie Phillips,RB,Offense,11,18,8,8,Unspecified (IR),,True,True,True,False
2021,HOU,PierKe00,Kevin Pierre-Louis,LB,Defense,1,6,6,17,Quad / Thigh,Thigh,True,False,False,False
2021,HOU,PierKe00,Kevin Pierre-Louis,LB,Defense,14,14,1,5,Hamstring,Hamstring,False,False,False,False
2021,HOU,ReidJu00,Justin Reid,DB,Defense,3,3,1,15,Knee,Knee,False,False,False,False
2021,HOU,ReidJu00,Justin Reid,DB,Defense,15,15,1,4,Head / Concussion,Concussion,False,False,False,False
2021,HOU,TaylTy00,Tyrod Taylor,QB,Offense,3,8,6,15,Quad / Thigh,Thigh,True,False,False,False
2021,HOU,TaylTy00,Tyrod Taylor,QB,Offense,14,18,5,5,Hand / Wrist,left Wrist,False,True,False,False
2021,HOU,TaylVi00,Vincent Taylor,DL,Defense,2,18,16,16,Unspecified (IR),,True,True,True,False
2021,HOU,ToneCo00,Cole Toner,OL,Offense,17,18,2,2,Unspecified (IR),,True,True,True,False
2021,HOU,TunsLa00,Laremy Tunsil,OL,Offense,6,18,12,12,Hand / Wrist,Thumb,True,True,True,False
2021,HOU,WalkDe03,DeMarcus Walker,DL,Defense,13,15,3,6,Hamstring,Hamstring,True,False,False,False
2021,IND,BlacJu01,Julian Blackmon,DB,Defense,7,18,11,11,Achilles,Achilles,True,True,True,False
2021,IND,CampPa00,Parris Campbell,WR,Offense,2,2,1,16,Core / Abdomen,Abdomen,False,False,False,False
2021,IND,CampPa00,Parris Campbell,WR,Offense,7,17,10,11,Unspecified (IR),,True,False,False,False
2021,IND,CarrTr00,T.J. Carrie,DB,Defense,4,9,6,14,Knee,Knee,True,False,False,False
2021,IND,EhliSa00,Sam Ehlinger,QB,Offense,1,8,8,17,Unspecified (IR),,True,False,False,False
2021,IND,FishEr00,Eric Fisher,OL,Offense,1,1,1,17,Achilles,Achilles,False,False,False,False
2021,IND,FishEr00,Eric Fisher,OL,Offense,17,17,1,2,Knee,Knee/Shoulder/Toe,False,False,False,False
2021,IND,GlasJo00,Jordan Glasgow,LB,Defense,3,7,5,15,Head / Concussion,Concussion,True,False,False,False
2021,IND,HiltT.00,T.Y. Hilton,WR,Offense,1,5,5,17,Quad / Thigh,Quadricep,True,False,False,False
2021,IND,HiltT.00,T.Y. Hilton,WR,Offense,7,7,1,11,Quad / Thigh,Quadricep,False,False,False,False
2021,IND,HiltT.00,T.Y. Hilton,WR,Offense,9,9,1,9,Head / Concussion,Concussion,False,False,False,False
2021,IND,KellRy00,Ryan Kelly,OL,Offense,13,16,3,5,Knee,Knee,False,False,False,False
2021,IND,KeyeTh00,Thakarius Keyes,DB,Defense,8,11,4,10,Hamstring,Hamstring,False,False,False,False
2021,IND,LewiTy00,Tyquan Lewis,DL,Defense,9,18,9,9,Unspecified (IR),,True,True,True,False
2021,IND,NelsQu00,Quenton Nelson,OL,Offense,4,6,3,14,Ankle,Ankle,True,False,False,False
2021,IND,OdeyDa00,Dayo Odeyingbo,DL,Defense,1,7,7,17,Unspecified (IR),,True,False,False,False
2021,IND,PatmDe00,Dezmon Patmon,WR,Offense,1,8,8,17,Unspecified (IR),,True,False,False,False
2021,IND,PayeKw00,Kwity Paye,DL,Defense,4,5,2,14,Hamstring,Hamstring,False,False,False,False
2021,IND,PintDa00,Danny Pinter,OL,Offense,1,1,1,17,Foot / Toe,Foot,False,False,False,False
2021,IND,RhodXa00,Xavier Rhodes,DB,Defense,1,2,2,17,Lower Leg,Calf,False,False,False,False
2021,IND,RhodXa00,Xavier Rhodes,DB,Defense,10,10,1,8,Lower Leg,Calf,False,False,False,False
2021,IND,RhodXa00,Xavier Rhodes,DB,Defense,18,18,1,1,Hamstring,Hamstring,False,True,False,False
2021,IND,SendAn00,Andrew Sendejo,DB,Defense,6,6,1,12,Head / Concussion,Concussion,False,False,False,False
2021,IND,SendAn00,Andrew Sendejo,DB,Defense,16,18,3,3,Head / Concussion,Concussion,False,True,False,False
2021,IND,SmitBr06,Braden Smith,OL,Offense,2,7,6,16,Foot / Toe,Foot,False,False,False,False
2021,IND,TuraKe00,Kemoko Turay,DL,Defense,1,1,1,17,Hip / Groin,Groin,False,False,False,False
2021,IND,TuraKe00,Kemoko Turay,DL,Defense,6,7,2,12,Hip / Groin,Groin,False,False,False,False
2021,IND,WilkJo01,Jordan Wilkins,RB,Offense,5,8,4,13,Foot / Toe,Non-Football Illness,False,False,False,False
2021,IND,WillKh00,Khari Willis,DB,Defense,4,4,1,14,Ankle,Ankle,False,False,False,False
2021,IND,WillKh00,Khari Willis,DB,Defense,9,12,4,9,Lower Leg,Calf,True,False,False,False
2021,IND,WoodAn02,Antwaun Woods,DL,Defense,4,6,3,14,Back,Back,False,False,False,False
2021,IND,WoodAn02,Antwaun Woods,DL,Defense,15,18,4,4,Lower Leg,Calf,True,True,True,False
2021,IND,Ya-SRo00,Rock Ya-Sin,DB,Defense,4,5,2,14,Ankle,Ankle,False,False,False,False
2021,IND,Ya-SRo00,Rock Ya-Sin,DB,Defense,7,7,1,11,Ankle,Ankle,False,False,False,False
2021,JAX,AgneJa00,Jamal Agnew,WR,Offense,12,18,7,7,Unspecified (IR),,True,True,True,False
2021,JAX,AlleDa01,Dakota Allen,LB,Defense,11,12,2,8,Shoulder,Shoulder,False,False,False,False
2021,JAX,AlleDa01,Dakota Allen,LB,Defense,17,17,1,2,Shoulder,Shoulder,False,False,False,False
2021,JAX,AlleJo03,Josh Hines-Allen,LB,Defense,16,16,1,3,Shoulder,Shoulder,False,False,False,False
2021,JAX,ArnoDa00,Dan Arnold,TE,Offense,13,18,6,6,Unspecified (IR),,True,True,True,False
2021,JAX,AustTa00,Tavon Austin,WR,Offense,1,3,3,17,Unspecified (IR),,True,False,False,False
2021,JAX,AustTa00,Tavon Austin,WR,Offense,18,18,1,1,Hamstring,Hamstring,False,True,False,False
2021,JAX,CampTy01,Tyson Campbell,DB,Defense,5,6,2,13,Foot / Toe,Toe,False,False,False,False
2021,JAX,CannA.00,A.J. Cann,OL,Offense,5,18,13,13,Unspecified (IR),,True,True,True,False
2021,JAX,CharDJ00,DJ Chark,WR,Offense,5,18,13,13,Unspecified (IR),,True,True,True,False
2021,JAX,GrifSh00,Shaquill Griffin,DB,Defense,12,13,2,7,Head / Concussion,Concussion,False,False,False,False
2021,JAX,HamiDa02,DaVon Hamilton,DL,Defense,13,13,1,6,Knee,Knee,False,False,False,False
2021,JAX,HendCJ00,C.J. Henderson,DB,Defense,3,3,1,15,Hip / Groin,Groin,False,False,False,False
2021,JAX,HernTr00,Tre Herndon,DB,Defense,1,3,3,17,Knee,Knee,False,False,False,False
2021,JAX,HydeCa00,Carlos Hyde,RB,Offense,15,18,4,4,Head / Concussion,Concussion,True,True,True,False
2021,JAX,JackMy00,Myles Jack,LB,Defense,6,6,1,12,Back,Back,False,False,False,False
2021,JAX,JackMy00,Myles Jack,LB,Defense,16,16,1,3,Knee,Knee,False,False,False,False
2021,JAX,JenkRa00,Rayshawn Jenkins,DB,Defense,16,18,3,3,Unspecified (IR),,True,True,True,False
2021,JAX,LindBr00,Brandon Linder,OL,Offense,6,11,5,12,Back,Back,True,False,False,False
2021,JAX,LindBr00,Brandon Linder,OL,Offense,14,14,1,5,Back,Back,False,False,False,False
2021,JAX,McCrLe01,Lerentee McCray,DL,Defense,2,2,1,16,Hamstring,Hamstring,False,False,False,False
2021,JAX,McCrLe01,Lerentee McCray,DL,Defense,5,5,1,13,Hamstring,Hamstring,False,False,False,False
2021,JAX,McCrLe01,Lerentee McCray,DL,Defense,16,18,3,3,Ankle,Ankle,False,True,False,False
2021,JAX,O'ShJa00,James O'Shaughnessy,TE,Offense,3,11,8,15,Unspecified (IR),,True,False,False,False
2021,JAX,O'ShJa00,James O'Shaughnessy,TE,Offense,17,18,2,2,Hip / Groin,Hip,False,True,False,False
2021,JAX,RichWi01,Will Richardson,OL,Offense,14,15,2,5,Back,Back,False,False,False,False
2021,JAX,RichWi01,Will Richardson,OL,Offense,17,18,2,2,Hand / Wrist,Finger,True,True,True,False
2021,JAX,RobeRo00,Roy Robertson-Harris,DL,Defense,3,5,3,15,Ankle,Ankle,False,False,False,False
2021,JAX,RobiJa00,James Robinson,RB,Offense,9,9,1,10,Foot / Toe,Heel,False,False,False,False
2021,JAX,RobiJa00,James Robinson,RB,Offense,17,18,2,2,Knee,Knee,True,True,True,False
2021,JAX,ShenLa00,Laviska Shenault Jr.,WR,Offense,16,16,1,3,Shoulder,Shoulder,False,False,False,False
2021,JAX,SmitJo03,Jordan Smith,LB,Defense,1,16,15,17,Knee,Knee,False,False,False,False
2021,JAX,TufeJa00,Jay Tufele,DL,Defense,6,12,6,12,Hand / Wrist,Hand,True,False,False,False
2021,KC,BellBl00,Blake Bell,TE,Offense,6,6,1,12,Back,Back,False,False,False,False
2021,KC,BlytAu00,Austin Blythe,OL,Offense,1,9,9,17,Core / Abdomen,Abdomen,False,False,False,False
2021,KC,BurtMi00,Michael Burton,RB,Offense,7,7,1,11,Chest / Ribs,Pectoral,False,False,False,False
2021,KC,ClarFr01,Frank Clark,DL,Defense,1,1,1,17,Hamstring,Hamstring,False,False,False,False
2021,KC,ClarFr01,Frank Clark,DL,Defense,3,4,2,15,Hamstring,Hamstring,False,False,False,False
2021,KC,EdwaCl00,Clyde Edwards-Helaire,RB,Offense,6,10,5,12,Knee,Knee,True,False,False,False
2021,KC,EdwaCl00,Clyde Edwards-Helaire,RB,Offense,17,18,2,2,Shoulder,Shoulder,False,True,False,False
2021,KC,FentRa00,Rashad Fenton,DB,Defense,4,4,1,14,Head / Concussion,Concussion,False,False,False,False
2021,KC,FentRa00,Rashad Fenton,DB,Defense,13,13,1,6,Knee,Knee,False,False,False,False
2021,KC,FortJo01,Jody Fortson,TE,Offense,7,18,11,11,Achilles,Achilles,True,True,True,False
2021,KC,GayJWi00,Willie Gay Jr.,LB,Defense,1,4,4,17,Unspecified (IR),,True,False,False,False
2021,KC,HennCh01,Chad Henne,QB,Offense,8,9,2,10,Hand / Wrist,right Finger,False,False,False,False
2021,KC,HitcAn00,Anthony Hitchens,LB,Defense,7,8,2,11,Arm / Elbow,Triceps,False,False,False,False
2021,KC,JoneCh09,Chris Jones,DL,Defense,5,6,2,13,Hand / Wrist,Wrist,False,False,False,False
2021,KC,JoneCh09,Chris Jones,DL,Defense,15,15,1,4,Ankle,Ankle,False,False,False,False
2021,KC,KainJo00,Joshua Kaindoh,DL,Defense,5,18,13,13,Unspecified (IR),,True,True,True,False
2021,KC,LammCh00,Chris Lammons,DB,Defense,14,18,5,5,Ankle,Ankle,True,True,True,False
2021,KC,McKiJe00,Jerick McKinnon,RB,Offense,13,16,4,6,Unspecified (IR),,True,False,False,False
2021,KC,NianLu00,Lucas Niang,OL,Offense,10,13,3,8,Chest / Ribs,Ribs,False,False,False,False
2021,KC,NianLu00,Lucas Niang,OL,Offense,18,18,1,1,Knee,Knee,True,True,True,False
2021,KC,RemmMi00,Mike Remmers,OL,Offense,8,18,10,10,Knee,Knee,True,True,True,False
2021,KC,SaunKh00,Khalen Saunders,DL,Defense,8,18,10,10,Knee,Knee,True,True,True,False
2021,KC,WardCh01,Charvarius Ward,DB,Defense,3,6,4,15,Quad / Thigh,Quadricep,False,False,False,False
2021,LA,AkerCa00,Cam Akers,RB,Offense,1,17,16,17,Achilles,Achilles,True,False,False,False
2021,LA,AlleBr02,Brian Allen,OL,Offense,14,14,1,5,Knee,Knee,False,False,False,False
2021,LA,AtweTu00,Tutu Atwell,WR,Offense,9,18,9,9,Unspecified (IR),,True,True,True,False
2021,LA,DeayDo01,Donte Deayon,DB,Defense,10,10,1,8,Quad / Thigh,Thigh,False,False,False,False
2021,LA,FunkJa00,Jake Funk,RB,Offense,7,14,7,11,Hamstring,Hamstring,True,False,False,False
2021,LA,HarrJa03,Jacob Harris,TE,Offense,10,18,8,8,Unspecified (IR),,True,True,True,False
2021,LA,HendDa00,Darrell Henderson,RB,Offense,3,3,1,15,Chest / Ribs,Rib,False,False,False,False
2021,LA,HendDa00,Darrell Henderson,RB,Offense,13,14,2,6,Quad / Thigh,Thigh,False,False,False,False
2021,LA,HendDa00,Darrell Henderson,RB,Offense,17,18,2,2,Unspecified (IR),,True,True,True,False
2021,LA,HollJu00,Justin Hollins,LB,Defense,4,13,9,14,Unspecified (IR),,True,False,False,False
2021,LA,HowaTr00,Travin Howard,LB,Defense,9,14,5,9,Unspecified (IR),,True,False,False,False
2021,LA,HoweGr00,Buddy Howell,RB,Offense,13,15,3,6,Quad / Thigh,Thigh,True,False,False,False
2021,LA,JoneEr01,Ernest Jones,LB,Defense,17,18,2,2,Unspecified (IR),,True,True,True,False
2021,LA,JoneJa11,Jamir Jones,LB,Defense,16,16,1,3,Ankle,Ankle,False,False,False,False
2021,LA,JoseSe00,Sebastian Joseph-Day,DL,Defense,8,18,10,10,Chest / Ribs,Chest,True,True,True,False
2021,LA,LewiTe00,Terrell Lewis,LB,Defense,13,18,6,6,Back,Back,False,True,False,False
2021,LA,MillVo00,Von Miller,LB,Defense,9,9,1,9,Ankle,Ankle,False,False,False,False
2021,LA,MundJo00,Johnny Mundt,TE,Offense,7,18,11,11,Unspecified (IR),,True,True,True,False
2021,LA,OkorOg00,Ogbonnia Okoronkwo,LB,Defense,1,3,3,17,Unspecified (IR),,True,False,False,False
2021,LA,RochRo00,Robert Rochell,DB,Defense,14,18,5,5,Chest / Ribs,Chest,True,True,True,False
2021,LA,SkowBe00,Ben Skowronek,WR,Offense,1,2,2,17,Arm / Elbow,Forearm,False,False,False,False
2021,LA,SkowBe00,Ben Skowronek,WR,Offense,12,12,1,7,Back,Back,False,False,False,False
2021,LA,WhitAn20,Andrew Whitworth,OL,Offense,8,8,1,10,Knee,Knee,False,False,False,False
2021,LA,WillDa09,Darious Williams,DB,Defense,6,8,3,12,Ankle,Ankle,True,False,False,False
2021,LA,WoodRo02,Robert Woods,WR,Offense,10,18,8,8,Knee,Knee,True,True,True,False
2021,LAC,AbouOd00,Oday Aboushi,OL,Offense,6,18,12,12,Unspecified (IR),,True,True,True,False
2021,LAC,AddeNa00,Nasir Adderley,DB,Defense,6,6,1,12,Hip / Groin,Hip,False,False,False,False
2021,LAC,AddeNa00,Nasir Adderley,DB,Defense,10,10,1,9,Ankle,Ankle,False,False,False,False
2021,LAC,BulaBr20,Bryan Bulaga,OL,Offense,2,18,16,16,Hip / Groin,Groin,True,True,True,False
2021,LAC,DaviMi03,Michael Davis,DB,Defense,9,10,2,10,Hamstring,Hamstring,False,False,False,False
2021,LAC,FackKy00,Kyler Fackrell,LB,Defense,14,17,4,5,Knee,Knee,True,False,False,False
2021,LAC,FeilMa00,Matt Feiler,OL,Offense,12,12,1,7,Ankle,Ankle,False,False,False,False
2021,LAC,GaziJo01,Joe Gaziano,DL,Defense,18,18,1,1,Ankle,Ankle,False,True,False,False
2021,LAC,GilmAl00,Alohi Gilman,DB,Defense,9,9,1,10,Ankle,Ankle,False,False,False,False
2021,LAC,GilmAl00,Alohi Gilman,DB,Defense,11,15,5,8,Quad / Thigh,Quadricep,False,False,False,False
2021,LAC,HarrCh01,Chris Harris Jr.,DB,Defense,2,4,3,16,Shoulder,Shoulder,False,False,False,False
2021,LAC,JackJu01,Justin Jackson,RB,Offense,5,5,1,13,Hip / Groin,Groin,False,False,False,False
2021,LAC,JackJu01,Justin Jackson,RB,Offense,9,10,2,10,Quad / Thigh,Quadricep,False,False,False,False
2021,LAC,JameDe00,Derwin James,DB,Defense,16,16,1,3,Hamstring,Hamstring,False,False,False,False
2021,LAC,JoneJu03,Justin Jones,DL,Defense,2,6,5,16,Lower Leg,Calf,True,False,False,False
2021,LAC,JoseLi99,Linval Joseph,DL,Defense,11,13,3,8,Shoulder,Shoulder,False,False,False,False
2021,LAC,MarsTr00,Trey Marshall,DB,Defense,1,1,1,17,Ankle,Ankle,False,False,False,False
2021,LAC,MurrKe00,Kenneth Murray,LB,Defense,4,9,5,14,Ankle,Ankle,True,False,False,False
2021,LAC,ParhDo00,Donald Parham,TE,Offense,16,18,3,3,Head / Concussion,Concussion,True,True,True,False
2021,LAC,SamuAs00,Asante Samuel Jr.,DB,Defense,9,9,1,10,Head / Concussion,Concussion,False,False,False,False
2021,LAC,SamuAs00,Asante Samuel Jr.,DB,Defense,12,15,4,7,Head / Concussion,Concussion,False,False,False,False
2021,LAC,SmitRy00,Ryan Smith,DB,Defense,1,4,4,17,Unspecified (IR),,True,False,False,False
2021,LAC,SmitRy00,Ryan Smith,DB,Defense,10,18,9,9,Knee,Knee,True,True,True,False
2021,LAC,TranDr00,Drue Tranquill,LB,Defense,6,6,1,12,Chest / Ribs,Chest,False,False,False,False
2021,LAC,TranDr00,Drue Tranquill,LB,Defense,17,17,1,2,Ankle,Ankle,False,False,False,False
2021,LAC,WebbMa01,Mark Webb,DB,Defense,10,18,9,9,Knee,Knee,True,True,True,False
2021,LV,AbraJo01,Johnathan Abram,DB,Defense,16,18,3,3,Shoulder,Shoulder,True,True,True,False
2021,LV,ArneDa00,Damon Arnette,DB,Defense,5,10,5,13,Hip / Groin,Groin,True,False,False,False
2021,LV,BarbPe01,Peyton Barber,RB,Offense,5,10,5,13,Foot / Toe,Toe,False,False,False,False
2021,LV,BoweNi00,Nick Bowers,TE,Offense,7,14,7,11,Neck,Neck,True,False,False,False
2021,LV,CarrDe00,Derek Carrier,TE,Offense,5,17,12,13,Chest / Ribs,Pectoral,True,False,False,False
2021,LV,DrakKe00,Kenyan Drake,RB,Offense,14,18,5,5,Ankle,Ankle,True,True,True,False
2021,LV,FerrCl00,Clelin Ferrell,DL,Defense,1,1,1,17,Back,Back,False,False,False,False
2021,LV,GillTy00,Tyree Gillespie,DB,Defense,10,15,6,9,Hamstring,Hamstring,True,False,False,False
2021,LV,GoodDe01,Denzelle Good,OL,Offense,2,18,16,16,Knee,Knee,True,True,True,False
2021,LV,HankJo00,Johnathan Hankins,DL,Defense,6,6,1,12,Hip / Groin,Hip,False,False,False,False
2021,LV,HankJo00,Johnathan Hankins,DL,Defense,16,17,2,3,Back,Back,False,False,False,False
2021,LV,HelmDa01,Daniel Helm,TE,Offense,18,18,1,1,Knee,Knee,False,True,False,False
2021,LV,IngoAl01,Alec Ingold,RB,Offense,11,18,8,8,Knee,Knee,True,True,True,False
2021,LV,JacoJo01,Josh Jacobs,RB,Offense,2,3,2,16,Foot / Toe,Toe,False,False,False,False
2021,LV,KwiaNi00,Nick Kwiatkoski,LB,Defense,2,2,1,16,Head / Concussion,Concussion,False,False,False,False
2021,LV,KwiaNi00,Nick Kwiatkoski,LB,Defense,10,12,3,9,Ankle,Ankle,False,False,False,False
2021,LV,KwiaNi00,Nick Kwiatkoski,LB,Defense,14,18,5,5,Ankle,Ankle,True,True,True,False
2021,LV,LeavDa00,Dallin Leavitt,DB,Defense,3,3,1,15,Head / Concussion,Concussion,False,False,False,False
2021,LV,MariMa01,Marcus Mariota,QB,Offense,2,6,5,16,Quad / Thigh,Quadricep,True,False,False,False
2021,LV,McCoGe99,Gerald McCoy,DL,Defense,2,18,16,16,Knee,Knee,True,True,True,False
2021,LV,MullTr00,Trayvon Mullen,DB,Defense,5,13,8,13,Foot / Toe,Toe,True,False,False,False
2021,LV,MullTr00,Trayvon Mullen,DB,Defense,15,18,4,4,Foot / Toe,Toe,True,True,True,False
2021,LV,NassCa00,Carl Nassib,DL,Defense,13,14,2,6,Knee,Knee,False,False,False,False
2021,LV,NixoKe00,Keisean Nixon,DB,Defense,1,4,4,17,Unspecified (IR),,True,False,False,False
2021,LV,NixoKe00,Keisean Nixon,DB,Defense,11,12,2,8,Ankle,Ankle,False,False,False,False
2021,LV,OnwuPa00,Patrick Onwuasor,LB,Defense,13,14,2,6,Hamstring,Hamstring,False,False,False,False
2021,LV,PerrDe00,Denzel Perryman,LB,Defense,14,15,2,5,Ankle,Ankle,False,False,False,False
2021,LV,PhilDa01,Darius Philon,DL,Defense,10,13,4,9,Unspecified (IR),,True,False,False,False
2021,LV,RichJa01,Jalen Richard,RB,Offense,1,4,4,17,Unspecified (IR),,True,False,False,False
2021,LV,RichJa01,Jalen Richard,RB,Offense,11,11,1,8,Chest / Ribs,Ribs,False,False,False,False
2021,LV,RobeAm00,Amik Robertson,DB,Defense,7,10,3,11,Hip / Groin,Hip,False,False,False,False
2021,LV,TeamRo00,Roderic Teamer,DB,Defense,1,3,3,17,Shoulder,Shoulder,False,False,False,False
2021,LV,TeamRo00,Roderic Teamer,DB,Defense,7,10,3,11,Ankle,Ankle,True,False,False,False
2021,LV,WallDa01,Darren Waller,TE,Offense,7,7,1,11,Ankle,Ankle,False,False,False,False
2021,LV,WallDa01,Darren Waller,TE,Offense,13,17,5,6,Back,Back,False,False,False,False
2021,LV,WhitJa04,Javin White,LB,Defense,1,13,12,17,Unspecified (IR),,True,False,False,False
2021,MIA,BakeJe00,Jerome Baker,LB,Defense,8,8,1,10,Knee,Knee,False,False,False,False
2021,MIA,BiegVi00,Vince Biegel,LB,Defense,1,8,8,17,Unspecified (IR),,True,False,False,False
2021,MIA,BrisJa00,Jacoby Brissett,QB,Offense,7,8,2,11,Hamstring,Hamstring,False,False,False,False
2021,MIA,BrisJa00,Jacoby Brissett,QB,Offense,11,13,3,7,Knee,Knee,False,False,False,False
2021,MIA,BrowMa03,Malcolm Brown,RB,Offense,8,18,10,10,Chest / Ribs,Ribs,True,True,True,False
2021,MIA,CampEl00,Elijah Campbell,DB,Defense,10,10,1,8,Foot / Toe,Toe,False,False,False,False
2021,MIA,CampEl00,Elijah Campbell,DB,Defense,12,18,6,6,Foot / Toe,Toe,True,True,True,False
2021,MIA,DaviJa06,Jalen Davis,DB,Defense,13,18,5,5,Ankle,Ankle,False,True,False,False
2021,MIA,DaviRa03,Raekwon Davis,DL,Defense,2,4,3,16,Unspecified (IR),,True,False,False,False
2021,MIA,DeitMi00,Michael Deiter,OL,Offense,4,12,9,14,Foot / Toe,Foot,True,False,False,False
2021,MIA,FullWi01,Will Fuller,WR,Offense,5,18,13,13,Chest / Ribs,Chest,True,True,True,False
2021,MIA,HowaXa00,Xavien Howard,DB,Defense,6,6,1,12,Shoulder,Shoulder,False,False,False,False
2021,MIA,IgbiNo00,Noah Igbinoghene,DB,Defense,7,9,3,11,Knee,Knee,False,False,False,False
2021,MIA,JenkJo00,John Jenkins,DL,Defense,7,9,3,11,Knee,Knee,False,False,False,False
2021,MIA,JoneBr06,Brandon Jones,DB,Defense,12,13,2,6,Ankle,Ankle,False,False,False,False
2021,MIA,JoneBy00,Byron Jones,DB,Defense,6,6,1,12,Achilles,Achilles,False,False,False,False
2021,MIA,LairPa00,Patrick Laird,RB,Offense,15,18,4,4,Unspecified (IR),,True,True,True,False
2021,MIA,LindPh00,Phillip Lindsay,RB,Offense,13,15,2,5,Ankle,Ankle,False,False,False,False
2021,MIA,MancGr00,Greg Mancz,OL,Offense,7,7,1,11,Hip / Groin,Groin,False,False,False,False
2021,MIA,MancGr00,Greg Mancz,OL,Offense,10,18,8,8,Ankle,Ankle,True,True,True,False
2021,MIA,McCoJa99,Jason McCourty,DB,Defense,8,18,10,10,Unspecified (IR),,True,True,True,False
2021,MIA,ParkDe01,DeVante Parker,WR,Offense,5,7,3,13,Shoulder,Shoulder,False,False,False,False
2021,MIA,ParkDe01,DeVante Parker,WR,Offense,9,12,4,9,Shoulder,Shoulder,True,False,False,False
2021,MIA,ScarBr00,Brennan Scarlett,LB,Defense,12,16,4,6,Unspecified (IR),,True,False,False,False
2021,MIA,ShahAd00,Adam Shaheen,TE,Offense,6,6,1,12,Knee,Knee,False,False,False,False
2021,MIA,ShahAd00,Adam Shaheen,TE,Offense,12,15,3,6,Knee,Knee,False,False,False,False
2021,MIA,TagoTu00,Tua Tagovailoa,QB,Offense,3,5,3,15,Chest / Ribs,Ribs,True,False,False,False
2021,MIA,TagoTu00,Tua Tagovailoa,QB,Offense,9,9,1,9,Chest / Ribs,Ribs,False,False,False,False
2021,MIA,WillPr01,Preston Williams,WR,Offense,1,1,1,17,Foot / Toe,Foot,False,False,False,False
2021,MIA,WillPr01,Preston Williams,WR,Offense,3,4,2,15,Foot / Toe,Foot,False,False,False,False
2021,MIA,WillPr01,Preston Williams,WR,Offense,6,6,1,12,Hip / Groin,Groin,False,False,False,False
2021,MIA,WillTr07,Trill Williams,DB,Defense,1,17,16,17,Hamstring,Hamstring,False,False,False,False
2021,MIA,WiltJo01,Jamal Perry,DB,Defense,12,18,6,6,Unspecified (IR),,True,True,True,False
2021,MIN,AlexMa01,Mackensie Alexander,DB,Defense,18,18,1,1,Ankle,Ankle,False,True,False,False
2021,MIN,BarrAn00,Anthony Barr,LB,Defense,1,4,4,17,Knee,Knee,False,False,False,False
2021,MIN,BarrAn00,Anthony Barr,LB,Defense,10,10,1,9,Knee,Knee,False,False,False,False
2021,MIN,BarrAn00,Anthony Barr,LB,Defense,13,13,1,6,Knee,Knee,False,False,False,False
2021,MIN,BoydKr00,Kris Boyd,DB,Defense,4,4,1,14,Hamstring,Hamstring,False,False,False,False
2021,MIN,BoydKr00,Kris Boyd,DB,Defense,18,18,1,1,Chest / Ribs,Ribs,False,True,False,False
2021,MIN,BynuCa00,Camryn Bynum,DB,Defense,12,13,2,7,Ankle,Ankle,False,False,False,False
2021,MIN,ChisDa00,Dan Chisena,WR,Offense,1,5,5,17,Unspecified (IR),,True,False,False,False
2021,MIN,ColeMa02,Mason Cole,OL,Offense,16,18,3,3,Arm / Elbow,Elbow,True,True,True,False
2021,MIN,ConnRy00,Ryan Connelly,LB,Defense,15,18,4,4,Quad / Thigh,Quadricep,True,True,True,False
2021,MIN,CookDa01,Dalvin Cook,RB,Offense,3,3,1,15,Ankle,Ankle,False,False,False,False
2021,MIN,CookDa01,Dalvin Cook,RB,Offense,5,5,1,13,Ankle,Ankle,False,False,False,False
2021,MIN,CookDa01,Dalvin Cook,RB,Offense,13,13,1,6,Shoulder,Shoulder,False,False,False,False
2021,MIN,CookDa01,Dalvin Cook,RB,Offense,16,16,1,3,Shoulder,Shoulder,False,False,False,False
2021,MIN,DantCa00,Cameron Dantzler,DB,Defense,17,17,1,2,Lower Leg,Calf,False,False,False,False
2021,MIN,DarrCh00,Christian Darrisaw,OL,Offense,1,3,3,17,Hip / Groin,Groin,False,False,False,False
2021,MIN,DarrCh00,Christian Darrisaw,OL,Offense,13,14,2,6,Ankle,Ankle,False,False,False,False
2021,MIN,DaviWy00,Wyatt Davis,OL,Offense,11,15,5,8,Ankle,Ankle,False,False,False,False
2021,MIN,ElleBe00,Ben Ellefson,TE,Offense,6,17,11,12,Knee,Knee,True,False,False,False
2021,MIN,GrifEv99,Everson Griffen,DL,Defense,2,2,1,16,Head / Concussion,Concussion,False,False,False,False
2021,MIN,HandHa00,Harrison Hand,DB,Defense,2,3,2,16,Hamstring,Hamstring,False,False,False,False
2021,MIN,HuntDa01,Danielle Hunter,DL,Defense,9,18,10,10,Unspecified (IR),,True,True,True,False
2021,MIN,JonePa00,Patrick Jones II,DL,Defense,1,8,7,17,Knee,Knee,False,False,False,False
2021,MIN,KendEr00,Eric Kendricks,LB,Defense,13,13,1,6,Arm / Elbow,Biceps,False,False,False,False
2021,MIN,LyncBl00,Blake Lynch,LB,Defense,14,14,1,5,Hip / Groin,Hip,False,False,False,False
2021,MIN,NwanKe00,Kene Nwangwu,RB,Offense,1,6,6,17,Unspecified (IR),,True,False,False,False
2021,MIN,PetePa00,Patrick Peterson,DB,Defense,8,10,3,11,Unspecified (IR),,True,False,False,False
2021,MIN,PierMi00,Michael Pierce,DL,Defense,5,12,7,13,Arm / Elbow,Elbow,True,False,False,False
2021,MIN,SmitHa00,Harrison Smith,DB,Defense,9,10,2,10,Hip / Groin,Groin,False,False,False,False
2021,MIN,SmitIh00,Ihmir Smith-Marsette,WR,Offense,4,6,3,14,Foot / Toe,Toe,False,False,False,False
2021,MIN,ThieAd00,Adam Thielen,WR,Offense,14,15,2,5,Ankle,Ankle,False,False,False,False
2021,MIN,ThieAd00,Adam Thielen,WR,Offense,17,18,2,2,Ankle,Ankle,True,True,True,False
2021,MIN,WestDe00,Dede Westbrook,WR,Offense,8,8,1,11,Ankle,Ankle,False,False,False,False
2021,NE,AghoNe00,Nelson Agholor,WR,Offense,16,17,2,3,Head / Concussion,Concussion,False,False,False,False
2021,NE,AndeHe00,Henry Anderson,DL,Defense,5,18,13,13,Chest / Ribs,Pectoral,True,True,True,False
2021,NE,BentJa00,Ja'Whaun Bentley,LB,Defense,4,4,1,14,Shoulder,Shoulder,False,False,False,False
2021,NE,BrowTr02,Trent Brown,OL,Offense,2,9,8,16,Lower Leg,Calf,True,False,False,False
2021,NE,CajuYo00,Yodny Cajuste,OL,Offense,1,1,1,17,Hamstring,Hamstring,False,False,False,False
2021,NE,CollJa00,Jamie Collins,LB,Defense,10,12,3,8,Ankle,Ankle,True,False,False,False
2021,NE,DuggKy00,Kyle Dugger,DB,Defense,18,18,1,1,Hand / Wrist,Hand,False,True,False,False
2021,NE,HarrDa06,Damien Harris,RB,Offense,10,10,1,8,Head / Concussion,Concussion,False,False,False,False
2021,NE,HarrDa06,Damien Harris,RB,Offense,15,15,1,4,Hamstring,Hamstring,False,False,False,False
2021,NE,HarrNK00,N'Keal Harry,WR,Offense,1,3,3,17,Unspecified (IR),,True,False,False,False
2021,NE,HarrNK00,N'Keal Harry,WR,Offense,9,9,1,9,Knee,Knee,False,False,False,False
2021,NE,HarrNK00,N'Keal Harry,WR,Offense,17,17,1,2,Hip / Groin,Hip,False,False,False,False
2021,NE,HighDo01,Dont'a Hightower,LB,Defense,7,7,1,11,Arm / Elbow,Elbow,False,False,False,False
2021,NE,HighDo01,Dont'a Hightower,LB,Defense,18,18,1,1,Knee,Knee,False,True,False,False
2021,NE,JoneJo03,Jonathan Jones,DB,Defense,7,18,11,11,Shoulder,Shoulder,True,True,True,False
2021,NE,KingBr02,Brandon King,LB,Defense,8,8,1,10,Quad / Thigh,Thigh,False,False,False,False
2021,NE,LangHa00,Harvey Langi,LB,Defense,8,18,10,10,Unspecified (IR),,True,True,True,False
2021,NE,MasoSh01,Shaq Mason,OL,Offense,5,6,2,13,Core / Abdomen,Abdomen,False,False,False,False
2021,NE,MillJa02,Jalen Mills,DB,Defense,5,5,1,13,Hamstring,Hamstring,False,False,False,False
2021,NE,OlszGu00,Gunner Olszewski,WR,Offense,10,10,1,8,Head / Concussion,Concussion,False,False,False,False
2021,NE,SmitJo01,Jonnu Smith,TE,Offense,10,10,1,8,Shoulder,Shoulder,False,False,False,False
2021,NE,UcheJo00,Joshua Uche,LB,Defense,3,3,1,15,Back,Back,False,False,False,False
2021,NE,UcheJo00,Joshua Uche,LB,Defense,11,15,4,7,Ankle,Ankle,True,False,False,False
2021,NE,VanNKy00,Kyle Van Noy,LB,Defense,2,2,1,16,Neck,Throat,False,False,False,False
2021,NE,WadeSh00,Shaun Wade,DB,Defense,1,10,10,17,Head / Concussion,Concussion,False,False,False,False
2021,NE,WhitJa02,James White,RB,Offense,4,18,14,14,Hip / Groin,Hip,True,True,True,False
2021,NE,WinoCh00,Chase Winovich,DL,Defense,7,10,4,11,Unspecified (IR),,True,False,False,False
2021,NO,AlexKw00,Kwon Alexander,LB,Defense,2,5,4,16,Arm / Elbow,Elbow,True,False,False,False
2021,NO,ArmsTe00,Terron Armstead,OL,Offense,4,5,2,14,Arm / Elbow,Elbow,False,False,False,False
2021,NO,ArmsTe00,Terron Armstead,OL,Offense,10,11,2,9,Knee,Knee,False,False,False,False
2021,NO,ArmsTe00,Terron Armstead,OL,Offense,13,13,1,6,Knee,Knee,False,False,False,False
2021,NO,ArmsTe00,Terron Armstead,OL,Offense,15,18,4,4,Knee,Knee,False,True,False,False
2021,NO,ClapWi00,Will Clapp,OL,Offense,1,3,3,17,Unspecified (IR),,True,False,False,False
2021,NO,CrawKe02,Ken Crawley,DB,Defense,1,9,8,17,Hamstring,Hamstring,True,False,False,False
2021,NO,DaveMa00,Marcus Davenport,DL,Defense,2,5,4,16,Shoulder,Shoulder,True,False,False,False
2021,NO,DaveMa00,Marcus Davenport,DL,Defense,12,13,2,7,Shoulder,Shoulder,False,False,False,False
2021,NO,ElliKa00,Kaden Elliss,LB,Defense,13,16,4,6,Hamstring,Hamstring,False,False,False,False
2021,NO,GardCh00,C.J. Gardner-Johnson,DB,Defense,2,2,1,16,Knee,Knee,False,False,False,False
2021,NO,GardCh00,C.J. Gardner-Johnson,DB,Defense,10,13,4,9,Foot / Toe,Foot,True,False,False,False
2021,NO,GranCa01,Carl Granderson,DL,Defense,9,9,1,10,Shoulder,Shoulder,False,False,False,False
2021,NO,GrifGa00,Garrett Griffin,TE,Offense,15,18,4,4,Knee,Knee,True,True,True,False
2021,NO,HansCh02,Chase Hansen,LB,Defense,1,12,11,17,Hip / Groin,Groin,True,False,False,False
2021,NO,HarrDe07,Deonte Harty,WR,Offense,7,7,1,12,Hamstring,Hamstring,False,False,False,False
2021,NO,HillTa00,Taysom Hill,QB,Offense,7,8,2,12,Head / Concussion,Concussion,False,False,False,False
2021,NO,HillTa00,Taysom Hill,QB,Offense,11,12,2,8,Foot / Toe,Foot,False,False,False,False
2021,NO,HumpLi01,Lil'Jordan Humphrey,WR,Offense,14,14,1,5,Hamstring,Hamstring,False,False,False,False
2021,NO,IngrMa01,Mark Ingram,RB,Offense,12,12,1,7,Knee,Knee,False,False,False,False
2021,NO,IngrMa01,Mark Ingram,RB,Offense,17,18,2,2,Knee,Knee,False,True,False,False
2021,NO,JoneTo04,Tony Jones,RB,Offense,5,10,5,13,Unspecified (IR),,True,False,False,False
2021,NO,KamaAl00,Alvin Kamara,RB,Offense,10,13,4,9,Knee,Knee,False,False,False,False
2021,NO,KpasTa00,Tanoh Kpassagnon,DL,Defense,2,2,1,16,Lower Leg,Calf,False,False,False,False
2021,NO,KpasTa00,Tanoh Kpassagnon,DL,Defense,11,18,8,8,Ankle,Ankle,True,True,True,False
2021,NO,LattMa01,Marshon Lattimore,DB,Defense,2,2,1,16,Hand / Wrist,Hand,False,False,False,False
2021,NO,McCoEr01,Erik McCoy,OL,Offense,2,5,4,16,Lower Leg,Calf,False,False,False,False
2021,NO,MontTy01,Ty Montgomery,WR,Offense,9,9,1,10,Hamstring,Hamstring,False,False,False,False
2021,NO,MontTy01,Ty Montgomery,WR,Offense,11,11,1,8,Hand / Wrist,Hand,False,False,False,False
2021,NO,PeatAn00,Andrus Peat,OL,Offense,8,18,11,11,Chest / Ribs,Pectoral,True,True,True,False
2021,NO,RamcRy00,Ryan Ramczyk,OL,Offense,11,17,7,8,Knee,Knee,False,False,False,False
2021,NO,RoacMa01,Malcolm Roach,DL,Defense,11,17,7,8,Knee,Knee,True,False,False,False
2021,NO,RobyBr00,Bradley Roby,DB,Defense,17,18,2,2,Shoulder,Shoulder,False,True,False,False
2021,NO,SmitTr03,Tre'Quan Smith,WR,Offense,1,5,5,17,Hamstring,Hamstring,True,False,False,False
2021,NO,SmitTr03,Tre'Quan Smith,WR,Offense,17,17,1,2,Chest / Ribs,Chest,False,False,False,False
2021,NO,TrauAd00,Adam Trautman,TE,Offense,12,14,3,7,Knee,Knee,True,False,False,False
2021,NO,TurnPa02,Payton Turner,DL,Defense,7,8,2,12,Lower Leg,Calf,False,False,False,False
2021,NO,TurnPa02,Payton Turner,DL,Defense,10,18,9,9,Shoulder,Shoulder,True,True,True,False
2021,NO,VannNi00,Nick Vannett,TE,Offense,1,10,9,17,Unspecified (IR),,True,False,False,False
2021,NO,VannNi00,Nick Vannett,TE,Offense,17,17,1,2,Ankle,Ankle,False,False,False,False
2021,NO,WashDw00,Dwayne Washington,RB,Offense,7,8,2,12,Neck,Neck,False,False,False,False
2021,NO,WernPe00,Pete Werner,LB,Defense,2,2,1,16,Hamstring,Hamstring,False,False,False,False
2021,NO,WernPe00,Pete Werner,LB,Defense,14,14,1,5,Arm / Elbow,Elbow,False,False,False,False
2021,NO,WillP.00,P.J. Williams,DB,Defense,18,18,1,1,Ankle,Ankle,False,True,False,False
2021,NO,WinsJa00,Jameis Winston,QB,Offense,9,18,10,10,Knee,Knee,True,True,True,False
2021,NO,YounLa00,Landon Young,OL,Offense,12,18,7,7,Foot / Toe,Foot,True,True,True,False
2021,NYG,BarkSa00,Saquon Barkley,RB,Offense,6,9,4,12,Ankle,Ankle,False,False,False,False
2021,NYG,BealSa00,Sam Beal,DB,Defense,7,7,1,11,Hamstring,Hamstring,False,False,False,False
2021,NYG,BoarC.00,C.J. Board,WR,Offense,7,18,11,11,Unspecified (IR),,True,True,True,False
2021,NYG,BredBe00,Ben Bredeson,OL,Offense,4,6,3,14,Hand / Wrist,Hand,False,False,False,False
2021,NYG,BredBe00,Ben Bredeson,OL,Offense,15,16,2,4,Ankle,Ankle,False,False,False,False
2021,NYG,BrigGa00,Gary Brightwell,RB,Offense,16,18,3,3,Neck,Neck,True,True,True,False
2021,NYG,BrowCa01,Cam Brown,LB,Defense,2,5,4,16,Hamstring,Hamstring,True,False,False,False
2021,NYG,CartLo01,Lorenzo Carter,LB,Defense,8,11,3,10,Ankle,Ankle,False,False,False,False
2021,NYG,CougCa00,Carter Coughlin,LB,Defense,8,18,10,10,Ankle,Ankle,True,True,True,False
2021,NYG,EbneNa00,Nate Ebner,DB,Defense,3,3,1,15,Quad / Thigh,Quadricep,False,False,False,False
2021,NYG,EbneNa00,Nate Ebner,DB,Defense,8,18,10,10,Ankle,Ankle,True,True,True,False
2021,NYG,EngrEv00,Evan Engram,TE,Offense,1,2,2,17,Lower Leg,Calf,False,False,False,False
2021,NYG,GateNi00,Nick Gates,OL,Offense,3,18,15,15,Unspecified (IR),,True,True,True,False
2021,NYG,GillCu00,Cullen Gillaspia,RB,Offense,11,12,2,8,Lower Leg,Calf,False,False,False,False
2021,NYG,GlenMi00,Mike Glennon,QB,Offense,18,18,1,1,Hand / Wrist,left Wrist,False,True,False,False
2021,NYG,GollKe00,Kenny Golladay,WR,Offense,6,8,3,12,Knee,Knee,False,False,False,False
2021,NYG,HarrTr01,Trent Harris,LB,Defense,13,17,5,6,Ankle,Ankle,True,False,False,False
2021,NYG,HillJu01,Justin Hilliard,LB,Defense,1,3,3,17,Foot / Toe,Foot,False,False,False,False
2021,NYG,HillJu01,Justin Hilliard,LB,Defense,6,18,12,12,Achilles,Achilles,True,True,True,False
2021,NYG,HolmDa01,Darnay Holmes,DB,Defense,13,18,6,6,Unspecified (IR),,True,True,True,False
2021,NYG,JackAd00,Adoree' Jackson,DB,Defense,13,16,4,6,Quad / Thigh,Quadricep,False,False,False,False
2021,NYG,JohnCo01,Collin Johnson,WR,Offense,16,17,2,3,Hamstring,Hamstring,False,False,False,False
2021,NYG,JoneDa05,Daniel Jones,QB,Offense,13,18,6,6,Neck,Neck,True,True,True,False
2021,NYG,LemiSh00,Shane Lemieux,OL,Offense,2,18,16,16,Knee,Knee,True,True,True,False
2021,NYG,MartBl01,Blake Martinez,LB,Defense,4,18,14,14,Knee,Knee,True,True,True,False
2021,NYG,PearMa00,Matt Peart,OL,Offense,17,18,2,2,Unspecified (IR),,True,True,True,False
2021,NYG,PeppJa00,Jabrill Peppers,DB,Defense,5,5,1,13,Hamstring,Hamstring,False,False,False,False
2021,NYG,PeppJa00,Jabrill Peppers,DB,Defense,8,18,10,10,Unspecified (IR),,True,True,True,False
2021,NYG,PettDa00,Dante Pettis,WR,Offense,9,18,9,9,Shoulder,Shoulder,True,True,True,False
2021,NYG,RobiAa00,Aaron Robinson,DB,Defense,1,7,7,17,Unspecified (IR),,True,False,False,False
2021,NYG,RossJo00,John Ross,WR,Offense,1,3,3,17,Unspecified (IR),,True,False,False,False
2021,NYG,RossJo00,John Ross,WR,Offense,15,18,4,4,Knee,Knee,False,True,False,False
2021,NYG,RudoKy00,Kyle Rudolph,TE,Offense,12,12,1,7,Ankle,Ankle,False,False,False,False
2021,NYG,ShelDa01,Danny Shelton,DL,Defense,7,8,2,11,Chest / Ribs,Pectoral,False,False,False,False
2021,NYG,ShepSt00,Sterling Shepard,WR,Offense,4,5,2,14,Hamstring,Hamstring,False,False,False,False
2021,NYG,ShepSt00,Sterling Shepard,WR,Offense,7,7,1,11,Hamstring,Hamstring,False,False,False,False
2021,NYG,ShepSt00,Sterling Shepard,WR,Offense,9,13,4,9,Quad / Thigh,Quadricep,False,False,False,False
2021,NYG,ShepSt00,Sterling Shepard,WR,Offense,16,18,3,3,Lower Leg,Calf,True,True,True,False
2021,NYG,SlayDa01,Darius Slayton,WR,Offense,4,6,3,14,Hamstring,Hamstring,False,False,False,False
2021,NYG,SmitEl00,Elerson Smith,LB,Defense,1,8,8,17,Unspecified (IR),,True,False,False,False
2021,NYG,SmitEl00,Elerson Smith,LB,Defense,18,18,1,1,Neck,Neck,True,True,True,False
2021,NYG,SmitKa00,Kaden Smith,TE,Offense,11,18,8,8,Knee,Knee,True,True,True,False
2021,NYG,ThomAn02,Andrew Thomas,OL,Offense,5,5,1,13,Foot / Toe,Foot,False,False,False,False
2021,NYG,ThomAn02,Andrew Thomas,OL,Offense,7,9,3,11,Foot / Toe,Foot,True,False,False,False
2021,NYG,ToneKa00,Kadarius Toney,WR,Offense,7,7,1,11,Ankle,Ankle,False,False,False,False
2021,NYG,ToneKa00,Kadarius Toney,WR,Offense,12,15,4,7,Quad / Thigh,Quadricep,False,False,False,False
2021,NYG,ToneKa00,Kadarius Toney,WR,Offense,17,18,2,2,Shoulder,Shoulder,False,True,False,False
2021,NYG,WillRo07,Rodarius Williams,DB,Defense,6,18,12,12,Knee,Knee,True,True,True,False
2021,NYJ,BectMe00,Mekhi Becton,OL,Offense,2,18,16,16,Head / Concussion,Concussion,True,True,True,False
2021,NYJ,BerrBr00,Braxton Berrios,WR,Offense,18,18,1,1,Quad / Thigh,Quadricep,True,True,True,False
2021,NYJ,CartMi02,Michael Carter II,DB,Defense,14,14,1,5,Head / Concussion,Concussion,False,False,False,False
2021,NYJ,CartMi03,Michael Carter,RB,Offense,12,14,3,7,Ankle,Ankle,True,False,False,False
2021,NYJ,CashBl00,Blake Cashman,LB,Defense,2,4,3,16,Unspecified (IR),,True,False,False,False
2021,NYJ,CashBl00,Blake Cashman,LB,Defense,8,18,11,11,Unspecified (IR),,True,True,True,False
2021,NYJ,ColbAd00,Adrian Colbert,DB,Defense,5,8,3,13,Head / Concussion,Concussion,False,False,False,False
2021,NYJ,ColeKe00,Keelan Cole,WR,Offense,1,1,1,17,Knee,Knee,False,False,False,False
2021,NYJ,ColeTe01,Tevin Coleman,RB,Offense,7,9,3,12,Hamstring,Hamstring,False,False,False,False
2021,NYJ,ColeTe01,Tevin Coleman,RB,Offense,14,14,1,5,Head / Concussion,Concussion,False,False,False,False
2021,NYJ,CrowJa00,Jamison Crowder,WR,Offense,1,3,3,17,Hip / Groin,Groin,False,False,False,False
2021,NYJ,CrowJa00,Jamison Crowder,WR,Offense,16,17,2,3,Lower Leg,Calf,False,False,False,False
2021,NYJ,DaviAs00,Ashtyn Davis,DB,Defense,1,3,3,17,Unspecified (IR),,True,False,False,False
2021,NYJ,DaviCo03,Corey Davis,WR,Offense,8,9,2,11,Hip / Groin,Hip,False,False,False,False
2021,NYJ,DaviCo03,Corey Davis,WR,Offense,12,12,1,7,Hip / Groin,Groin,False,False,False,False
2021,NYJ,DaviCo03,Corey Davis,WR,Offense,14,18,5,5,Hip / Groin,Groin,True,True,True,False
2021,NYJ,DaviJa01,Jarrad Davis,LB,Defense,1,7,6,17,Unspecified (IR),,True,False,False,False
2021,NYJ,DuveLa00,Laurent Duvernay-Tardif,OL,Offense,16,16,1,3,Ankle,Ankle,False,False,False,False
2021,NYJ,EchoBr00,Brandin Echols,DB,Defense,11,13,3,8,Unspecified (IR),,True,False,False,False
2021,NYJ,EdogCh00,Chuma Edoga,OL,Offense,9,16,8,10,Knee,Knee,True,False,False,False
2021,NYJ,FantGe00,George Fant,OL,Offense,15,15,1,4,Knee,Knee,False,False,False,False
2021,NYJ,FantGe00,George Fant,OL,Offense,18,18,1,1,Unspecified (IR),,True,True,True,False
2021,NYJ,HuffBr00,Bryce Huff,DL,Defense,8,14,7,11,Back,Back,True,False,False,False
2021,NYJ,HuffBr00,Bryce Huff,DL,Defense,18,18,1,1,Unspecified (IR),,True,True,True,False
2021,NYJ,JoynLa00,Lamarcus Joyner,DB,Defense,2,18,16,16,Unspecified (IR),,True,True,True,False
2021,NYJ,KrofTy00,Tyler Kroft,TE,Offense,5,7,2,13,Back,Back,False,False,False,False
2021,NYJ,KrofTy00,Tyler Kroft,TE,Offense,10,14,5,9,Unspecified (IR),,True,False,False,False
2021,NYJ,MayeMa00,Marcus Maye,DB,Defense,4,5,2,14,Ankle,Ankle,False,False,False,False
2021,NYJ,MayeMa00,Marcus Maye,DB,Defense,10,18,9,9,Unspecified (IR),,True,True,True,False
2021,NYJ,McDeCo00,Conor McDermott,OL,Offense,1,10,9,17,Unspecified (IR),,True,False,False,False
2021,NYJ,McGoCo00,Connor McGovern,OL,Offense,17,18,2,2,Unspecified (IR),,True,True,True,False
2021,NYJ,MoorEl00,Elijah Moore,WR,Offense,4,4,1,14,Head / Concussion,Concussion,False,False,False,False
2021,NYJ,MoorEl00,Elijah Moore,WR,Offense,14,18,5,5,Quad / Thigh,Quadricep,True,True,True,False
2021,NYJ,MoslC.00,C.J. Mosley,LB,Defense,7,7,1,12,Hamstring,Hamstring,False,False,False,False
2021,NYJ,NasiHa00,Hamsah Nasirildeen,LB,Defense,5,8,3,13,Unspecified (IR),,True,False,False,False
2021,NYJ,NeasSh00,Sharrod Neasman,DB,Defense,1,3,3,17,Hamstring,Hamstring,True,False,False,False
2021,NYJ,PeriLa00,La'Mical Perine,RB,Offense,1,5,5,17,Foot / Toe,Foot,False,False,False,False
2021,NYJ,PhilKy00,Kyle Phillips,DL,Defense,1,10,9,17,Unspecified (IR),,True,False,False,False
2021,NYJ,RankSh00,Sheldon Rankins,DL,Defense,13,13,1,6,Knee,Knee,False,False,False,False
2021,NYJ,RileEl01,Elijah Riley,DB,Defense,16,16,1,3,Head / Concussion,Concussion,False,False,False,False
2021,NYJ,SherJa00,Jamien Sherwood,LB,Defense,2,2,1,16,Ankle,Ankle,False,False,False,False
2021,NYJ,SherJa00,Jamien Sherwood,LB,Defense,8,18,11,11,Unspecified (IR),,True,True,True,False
2021,NYJ,SmitJe03,Jeff Smith,WR,Offense,4,7,3,14,Head / Concussion,Concussion,False,False,False,False
2021,NYJ,WescTr00,Trevon Wesco,TE,Offense,8,8,1,11,Knee,Knee,False,False,False,False
2021,NYJ,WescTr00,Trevon Wesco,TE,Offense,13,14,2,6,Ankle,Ankle,False,False,False,False
2021,NYJ,WescTr00,Trevon Wesco,TE,Offense,17,18,2,2,Unspecified (IR),,True,True,True,False
2021,NYJ,WillQu00,Quinnen Williams,DL,Defense,16,17,2,3,Shoulder,Shoulder,False,False,False,False
2021,NYJ,WilsZa00,Zach Wilson,QB,Offense,8,11,4,11,Knee,Knee,False,False,False,False
2021,PHI,AndeJa01,Jack Anderson,OL,Offense,3,15,12,15,Hamstring,Hamstring,True,False,False,False
2021,PHI,ArceJJ00,JJ Arcega-Whiteside,WR,Offense,9,9,1,9,Ankle,Ankle,False,False,False,False
2021,PHI,BradSh00,Shaun Bradley,LB,Defense,16,17,2,3,Shoulder,Shoulder,False,False,False,False
2021,PHI,BrooBr00,Brandon Brooks,OL,Offense,3,18,15,15,Knee,Knee,True,True,True,False
2021,PHI,DickLa00,Landon Dickerson,OL,Offense,1,1,1,17,Knee,Knee,False,False,False,False
2021,PHI,DickLa00,Landon Dickerson,OL,Offense,18,18,1,1,Hand / Wrist,Thumb,False,True,False,False
2021,PHI,DrisJa00,Jack Driscoll,OL,Offense,1,3,3,17,Unspecified (IR),,True,False,False,False
2021,PHI,DrisJa00,Jack Driscoll,OL,Offense,13,18,5,5,Unspecified (IR),,True,True,True,False
2021,PHI,GowaTa00,Tay Gowan,DB,Defense,9,17,8,9,Quad / Thigh,Quadricep,False,False,False,False
2021,PHI,GrahBr99,Brandon Graham,DL,Defense,3,18,15,15,Unspecified (IR),,True,True,True,False
2021,PHI,HarrAn01,Anthony Harris,DB,Defense,7,8,2,11,Hand / Wrist,Hands,False,False,False,False
2021,PHI,HowaJo00,Jordan Howard,RB,Offense,12,13,2,6,Knee,Knee,False,False,False,False
2021,PHI,HurtJa00,Jalen Hurts,QB,Offense,13,13,1,5,Ankle,Ankle,False,False,False,False
2021,PHI,HurtJa00,Jalen Hurts,QB,Offense,18,18,1,1,Ankle,Ankle,False,True,False,False
2021,PHI,JackTy01,Tyree Jackson,TE,Offense,1,8,8,17,Unspecified (IR),,True,False,False,False
2021,PHI,JohnLa01,Lane Johnson,OL,Offense,4,6,3,14,Ankle,Ankle,False,False,False,False
2021,PHI,MailJo00,Jordan Mailata,OL,Offense,3,4,2,15,Knee,Knee,False,False,False,False
2021,PHI,McLeRo00,Rodney McLeod,DB,Defense,1,3,3,17,Knee,Knee,False,False,False,False
2021,PHI,McPhZe00,Zech McPhearson,DB,Defense,8,8,1,10,Hamstring,Hamstring,False,False,False,False
2021,PHI,SandMi01,Miles Sanders,RB,Offense,8,10,3,10,Ankle,Ankle,True,False,False,False
2021,PHI,SandMi01,Miles Sanders,RB,Offense,17,18,2,2,Hand / Wrist,Hand,False,True,False,False
2021,PHI,ScotJo00,Josiah Scott,DB,Defense,1,3,3,17,Unspecified (IR),,True,False,False,False
2021,PHI,SeumIs00,Isaac Seumalo,OL,Offense,4,18,14,14,Unspecified (IR),,True,True,True,False
2021,PHI,TaylDa01,Davion Taylor,LB,Defense,1,1,1,17,Lower Leg,Calf,False,False,False,False
2021,PHI,TaylDa01,Davion Taylor,LB,Defense,3,3,1,15,Lower Leg,Calf,False,False,False,False
2021,PHI,TaylDa01,Davion Taylor,LB,Defense,12,18,6,6,Knee,Knee,True,True,True,False
2021,PHI,WallKV00,K'Von Wallace,DB,Defense,4,7,4,14,Unspecified (IR),,True,False,False,False
2021,PIT,AluaTy99,Tyson Alualu,DL,Defense,3,18,15,15,Unspecified (IR),,True,True,True,False
2021,PIT,BannZa00,Zach Banner,OL,Offense,1,9,8,17,Knee,Knee,True,False,False,False
2021,PIT,BuggIs00,Isaiah Buggs,DL,Defense,12,18,7,7,Ankle,Ankle,False,True,False,False
2021,PIT,BushDe01,Devin Bush Jr.,LB,Defense,2,2,1,16,Hip / Groin,Groin,False,False,False,False
2021,PIT,ClayCh01,Chase Claypool,WR,Offense,4,4,1,14,Hamstring,Hamstring,False,False,False,False
2021,PIT,ClayCh01,Chase Claypool,WR,Offense,10,10,1,9,Foot / Toe,Toe,False,False,False,False
2021,PIT,CowaRa00,Rashaad Coward,OL,Offense,1,13,12,17,Ankle,Ankle,False,False,False,False
2021,PIT,DaviCa03,Carlos Davis,DL,Defense,2,14,12,16,Knee,Knee,True,False,False,False
2021,PIT,DotsKe00,Kevin Dotson,OL,Offense,11,18,8,8,Ankle,Ankle,True,True,True,False
2021,PIT,EbroEr00,Eric Ebron,TE,Offense,8,9,2,11,Hamstring,Hamstring,False,False,False,False
2021,PIT,EbroEr00,Eric Ebron,TE,Offense,12,18,7,7,Knee,Knee,True,True,True,False
2021,PIT,FinnB.01,B.J. Finney,OL,Offense,8,10,3,11,Back,Back,False,False,False,False
2021,PIT,FinnB.01,B.J. Finney,OL,Offense,14,18,5,5,Back,Back,True,True,True,False
2021,PIT,FreiPa00,Pat Freiermuth,TE,Offense,16,16,1,3,Head / Concussion,Concussion,False,False,False,False
2021,PIT,GreeKe02,Kendrick Green,OL,Offense,17,18,2,2,Lower Leg,Calf,False,True,False,False
2021,PIT,HadeJo99,Joe Haden,DB,Defense,2,2,1,16,Hip / Groin,Groin,False,False,False,False
2021,PIT,HadeJo99,Joe Haden,DB,Defense,11,14,4,8,Foot / Toe,Foot,False,False,False,False
2021,PIT,HassJ.00,J.C. Hassenauer,OL,Offense,12,15,4,7,Chest / Ribs,Pectoral,True,False,False,False
2021,PIT,HighAl02,Alex Highsmith,LB,Defense,3,3,1,15,Hip / Groin,Groin,False,False,False,False
2021,PIT,IngrMe00,Melvin Ingram,LB,Defense,8,8,1,11,Hip / Groin,Groin,False,False,False,False
2021,PIT,JohnBu01,Buddy Johnson,LB,Defense,15,18,4,4,Foot / Toe,Foot,True,True,True,False
2021,PIT,JohnDi01,Diontae Johnson,WR,Offense,3,3,1,15,Knee,Knee,False,False,False,False
2021,PIT,LoudIs00,Isaiahh Loudermilk,DL,Defense,11,11,1,8,Hip / Groin,Groin,False,False,False,False
2021,PIT,McFaAn00,Anthony McFarland Jr.,RB,Offense,1,6,6,17,Knee,Knee,True,False,False,False
2021,PIT,MoorDa05,Dan Moore,OL,Offense,18,18,1,1,Ankle,Ankle,False,True,False,False
2021,PIT,OkorCh00,Chukwuma Okorafor,OL,Offense,4,4,1,14,Head / Concussion,Concussion,False,False,False,False
2021,PIT,RadeKe00,Kevin Rader,TE,Offense,15,15,1,4,Hip / Groin,Hip,False,False,False,False
2021,PIT,RoetBe00,Ben Roethlisberger,QB,Offense,10,10,1,9,Chest / Ribs,Pectoral,False,False,False,False
2021,PIT,SmitJu00,JuJu Smith-Schuster,WR,Offense,6,18,12,12,Shoulder,Shoulder,True,True,True,False
2021,PIT,SpilRo00,Robert Spillane,LB,Defense,13,14,2,6,Knee,Knee,False,False,False,False
2021,PIT,SuttCa00,Cameron Sutton,DB,Defense,5,5,1,13,Hip / Groin,Groin,False,False,False,False
2021,PIT,WashJa00,James Washington,WR,Offense,5,5,1,13,Hip / Groin,Groin,False,False,False,False
2021,PIT,WattT.00,T.J. Watt,LB,Defense,3,3,1,15,Hip / Groin,Groin,False,False,False,False
2021,PIT,WattT.00,T.J. Watt,LB,Defense,11,11,1,8,Hip / Groin,Hip,False,False,False,False
2021,PIT,WormCh00,Chris Wormley,DL,Defense,16,17,2,3,Hip / Groin,Groin,False,False,False,False
2021,SEA,AdamJa00,Jamal Adams,DB,Defense,14,18,5,5,Shoulder,Shoulder,True,True,True,False
2021,SEA,AustBl00,Blessuan Austin,DB,Defense,16,18,3,3,Hip / Groin,Hip,False,True,False,False
2021,SEA,BartCo00,Cody Barton,LB,Defense,10,10,1,9,Quad / Thigh,Quadricep,False,False,False,False
2021,SEA,BlaiMa01,Marquise Blair,DB,Defense,3,3,1,15,Knee,Knee,False,False,False,False
2021,SEA,BlaiMa01,Marquise Blair,DB,Defense,8,18,10,10,Knee,Knee,True,True,True,False
2021,SEA,BrowTr03,Tre Brown,DB,Defense,1,5,5,17,Knee,Knee,True,False,False,False
2021,SEA,BrowTr03,Tre Brown,DB,Defense,12,18,7,7,Knee,Knee,True,True,True,False
2021,SEA,CarsCh00,Chris Carson,RB,Offense,5,18,13,13,Neck,Neck,True,True,True,False
2021,SEA,CollAl00,Alex Collins,RB,Offense,1,1,1,17,Foot / Toe,Foot,False,False,False,False
2021,SEA,CollAl00,Alex Collins,RB,Offense,13,13,1,6,Core / Abdomen,Abdomen,False,False,False,False
2021,SEA,CollAl00,Alex Collins,RB,Offense,15,18,4,4,Core / Abdomen,Abdomen,True,True,True,False
2021,SEA,DissWi00,Will Dissly,TE,Offense,18,18,1,1,Foot / Toe,Heel,False,True,False,False
2021,SEA,EskrDW00,D'Wayne Eskridge,WR,Offense,2,8,7,16,Head / Concussion,Concussion,True,False,False,False
2021,SEA,FullKy01,Kyle Fuller,OL,Offense,14,14,1,5,Lower Leg,Calf,False,False,False,False
2021,SEA,HeslGa00,Gavin Heslop,DB,Defense,15,18,4,4,Unspecified (IR),,True,True,True,False
2021,SEA,HomeTr00,Travis Homer,RB,Offense,12,12,1,7,Lower Leg,Calf,False,False,False,False
2021,SEA,HomeTr00,Travis Homer,RB,Offense,14,15,2,5,Lower Leg,Calf,False,False,False,False
2021,SEA,JackGa00,Gabe Jackson,OL,Offense,18,18,1,1,Knee,Knee,False,True,False,False
2021,SEA,JoneJa08,Jamarco Jones,OL,Offense,11,16,6,8,Back,Back,True,False,False,False
2021,SEA,LewiDa05,Damien Lewis,OL,Offense,7,7,1,11,Shoulder,Shoulder,False,False,False,False
2021,SEA,LewiDa05,Damien Lewis,OL,Offense,12,13,2,7,Arm / Elbow,Elbow,False,False,False,False
2021,SEA,MayoBe00,Benson Mayowa,LB,Defense,3,4,2,15,Neck,Neck,False,False,False,False
2021,SEA,MoneBr00,Bryan Mone,DL,Defense,2,2,1,16,Arm / Elbow,Elbow,False,False,False,False
2021,SEA,MoneBr00,Bryan Mone,DL,Defense,15,16,2,4,Knee,Knee,False,False,False,False
2021,SEA,NkemRo00,Robert Nkemdiche,DL,Defense,17,17,1,2,Knee,Knee,False,False,False,False
2021,SEA,OgbuCe00,Cedric Ogbuehi,OL,Offense,1,3,3,17,Arm / Elbow,Biceps,True,False,False,False
2021,SEA,OgbuCe00,Cedric Ogbuehi,OL,Offense,5,7,3,13,Arm / Elbow,Biceps,False,False,False,False
2021,SEA,ParkCo02,Colby Parkinson,TE,Offense,1,3,3,17,Foot / Toe,Foot,True,False,False,False
2021,SEA,PennRa00,Rashaad Penny,RB,Offense,2,6,5,16,Lower Leg,Calf,True,False,False,False
2021,SEA,PennRa00,Rashaad Penny,RB,Offense,12,12,1,7,Hamstring,Hamstring,False,False,False,False
2021,SEA,PociEt00,Ethan Pocic,OL,Offense,2,5,4,16,Hamstring,Hamstring,True,False,False,False
2021,SEA,ReedD.00,D.J. Reed,DB,Defense,11,11,1,8,Hip / Groin,Groin,False,False,False,False
2021,SEA,ReidJo00,John Reid,DB,Defense,4,7,4,14,Knee,Knee,False,False,False,False
2021,SEA,ReidJo00,John Reid,DB,Defense,18,18,1,1,Head / Concussion,Concussion,False,True,False,False
2021,SEA,RhatJo00,Jon Rhattigan,LB,Defense,16,18,3,3,Knee,Knee,True,True,True,False
2021,SEA,ShelBr00,Brandon Shell,OL,Offense,3,4,2,15,Ankle,Ankle,False,False,False,False
2021,SEA,ShelBr00,Brandon Shell,OL,Offense,14,18,5,5,Shoulder,Shoulder,True,True,True,False
2021,SEA,SmitGe00,Geno Smith,QB,Offense,1,4,4,17,Back,Back,False,False,False,False
2021,SEA,SmitGe00,Geno Smith,QB,Offense,10,18,9,9,Back,Back,False,True,False,False
2021,SEA,TaylDa00,Darrell Taylor,DL,Defense,7,7,1,11,Neck,Neck,False,False,False,False
2021,SEA,WagnBo00,Bobby Wagner,LB,Defense,18,18,1,1,Knee,Knee,False,True,False,False
2021,SEA,WarrNi01,Nigel Warrior,DB,Defense,1,14,13,17,Unspecified (IR),,True,False,False,False
2021,SEA,WilsRu00,Russell Wilson,QB,Offense,6,8,3,12,Hand / Wrist,right Finger,True,False,False,False
2021,SF,AlShAz00,Azeez Al-Shaair,LB,Defense,8,8,1,11,Head / Concussion,Concussion,False,False,False,False
2021,SF,AlShAz00,Azeez Al-Shaair,LB,Defense,15,15,1,4,Arm / Elbow,Elbow,False,False,False,False
2021,SF,AlShAz00,Azeez Al-Shaair,LB,Defense,17,18,2,2,Knee,Knee,False,True,False,False
2021,SF,BankAa00,Aaron Banks,OL,Offense,1,9,8,17,Shoulder,Shoulder,False,False,False,False
2021,SF,CannTr00,Trenton Cannon,RB,Offense,14,18,5,5,Head / Concussion,Concussion,True,True,True,False
2021,SF,FordDe00,Dee Ford,DL,Defense,8,18,11,11,Head / Concussion,Concussion,True,True,True,False
2021,SF,GaroJi00,Jimmy Garoppolo,QB,Offense,5,5,1,13,Lower Leg,Calf,False,False,False,False
2021,SF,GaroJi00,Jimmy Garoppolo,QB,Offense,17,17,1,2,Hand / Wrist,right Thumb,False,False,False,False
2021,SF,GiveKe01,Kevin Givens,DL,Defense,3,7,4,15,Ankle,Ankle,True,False,False,False
2021,SF,GreeDr00,Dre Greenlaw,LB,Defense,2,11,9,16,Hip / Groin,Groin,True,False,False,False
2021,SF,GreeDr00,Dre Greenlaw,LB,Defense,13,17,5,6,Hip / Groin,Groin,False,False,False,False
2021,SF,HarrDa05,Davontae Harris,DB,Defense,1,10,9,17,Unspecified (IR),,True,False,False,False
2021,SF,HarrMa03,Marcell Harris,LB,Defense,13,13,1,6,Head / Concussion,Concussion,False,False,False,False
2021,SF,HarrMa03,Marcell Harris,LB,Defense,18,18,1,1,Achilles,Achilles,False,True,False,False
2021,SF,HastJa02,Jamycal Hasty,RB,Offense,3,5,3,15,Ankle,Ankle,True,False,False,False
2021,SF,HastJa02,Jamycal Hasty,RB,Offense,10,12,3,9,Ankle,Ankle,False,False,False,False
2021,SF,HufaTa00,Talanoa Hufanga,DB,Defense,16,17,2,3,Knee,Knee,False,False,False,False
2021,SF,HursMa00,Maurice Hurst Jr.,DL,Defense,1,3,3,17,Unspecified (IR),,True,False,False,False
2021,SF,HursMa00,Maurice Hurst Jr.,DL,Defense,7,18,12,12,Lower Leg,Calf,False,True,False,False
2021,SF,KinlJa00,Javon Kinlaw,DL,Defense,1,1,1,17,Knee,Knee,False,False,False,False
2021,SF,KinlJa00,Javon Kinlaw,DL,Defense,7,18,12,12,Knee,Knee,True,True,True,False
2021,SF,KirkDr00,Dre Kirkpatrick,DB,Defense,10,11,2,9,Ankle,Ankle,False,False,False,False
2021,SF,KittGe00,George Kittle,TE,Offense,5,8,3,13,Lower Leg,Calf,True,False,False,False
2021,SF,LancTr00,Trey Lance,QB,Offense,7,10,4,12,Knee,Knee,False,False,False,False
2021,SF,McGlMi00,Mike McGlinchey,OL,Offense,10,18,9,9,Unspecified (IR),,True,True,True,False
2021,SF,MitcEl00,Elijah Mitchell,RB,Offense,3,4,2,15,Shoulder,Shoulder,False,False,False,False
2021,SF,MitcEl00,Elijah Mitchell,RB,Offense,11,11,1,8,Chest / Ribs,Rib,False,False,False,False
2021,SF,MitcEl00,Elijah Mitchell,RB,Offense,14,16,3,5,Head / Concussion,Concussion,False,False,False,False
2021,SF,MoseEm00,Emmanuel Moseley,DB,Defense,1,2,2,17,Knee,Knee,False,False,False,False
2021,SF,MoseEm00,Emmanuel Moseley,DB,Defense,14,17,4,5,Ankle,Ankle,True,False,False,False
2021,SF,MostRa00,Raheem Mostert,RB,Offense,2,18,16,16,Unspecified (IR),,True,True,True,False
2021,SF,NormJo01,Josh Norman,DB,Defense,4,4,1,14,Chest / Ribs,Chest,False,False,False,False
2021,SF,SamuDe00,Deebo Samuel,WR,Offense,13,13,1,6,Hip / Groin,Groin,False,False,False,False
2021,SF,SanuMo00,Mohamed Sanu,WR,Offense,10,18,9,9,Knee,Knee,True,True,True,False
2021,SF,SermTr00,Trey Sermon,RB,Offense,13,18,6,6,Ankle,Ankle,True,True,True,False
2021,SF,TartJa00,Jaquiski Tartt,DB,Defense,8,10,3,11,Knee,Knee,True,False,False,False
2021,SF,VerrJa00,Jason Verrett,DB,Defense,2,18,16,16,Foot / Toe,Foot,True,True,True,False
2021,SF,WardJi01,Jimmie Ward,DB,Defense,9,9,1,10,Quad / Thigh,Quadricep,False,False,False,False
2021,SF,WarnFr00,Fred Warner,LB,Defense,13,13,1,6,Hamstring,Hamstring,False,False,False,False
2021,SF,WillKW00,K'Waun Williams,DB,Defense,4,5,2,14,Lower Leg,Calf,False,False,False,False
2021,SF,WillTr21,Trent Williams,OL,Offense,7,7,1,12,Ankle,Ankle,False,False,False,False
2021,SF,WillTr21,Trent Williams,OL,Offense,18,18,1,1,Arm / Elbow,Elbow,False,True,False,False
2021,SF,WilsJe01,Jeff Wilson,RB,Offense,1,9,8,17,Unspecified (IR),,True,False,False,False
2021,SF,WilsTa00,Tavon Wilson,DB,Defense,10,18,9,9,Foot / Toe,Foot,True,True,True,False
2021,TB,BarrSh00,Shaquil Barrett,LB,Defense,17,18,2,2,Knee,Knee,False,True,False,False
2021,TB,BernGi00,Giovani Bernard,RB,Offense,4,4,1,14,Knee,Knee,False,False,False,False
2021,TB,BernGi00,Giovani Bernard,RB,Offense,15,18,4,4,Unspecified (IR),,True,True,True,False
2021,TB,BrowAn04,Antonio Brown,WR,Offense,7,15,8,11,Ankle,Ankle,False,False,False,False
2021,TB,BuntSe00,Sean Murphy-Bunting,DB,Defense,2,10,8,16,Unspecified (IR),,True,False,False,False
2021,TB,DardJa00,Jaelon Darden,WR,Offense,13,13,1,6,Head / Concussion,Concussion,False,False,False,False
2021,TB,DaviCa02,Carlton Davis,DB,Defense,5,12,7,13,Quad / Thigh,Quadricep,True,False,False,False
2021,TB,DaviLa00,Lavonte David,LB,Defense,6,7,2,12,Ankle,Ankle,False,False,False,False
2021,TB,DaviLa00,Lavonte David,LB,Defense,16,18,3,3,Foot / Toe,Foot,True,True,True,False
2021,TB,DeanJa00,Jamel Dean,DB,Defense,4,4,1,14,Knee,Knee,False,False,False,False
2021,TB,DelaDe00,Dee Delaney,DB,Defense,8,8,1,10,Ankle,Ankle,False,False,False,False
2021,TB,EdwaMi01,Mike Edwards,DB,Defense,13,15,3,6,Knee,Knee,False,False,False,False
2021,TB,EvanMi00,Mike Evans,WR,Offense,16,16,1,3,Hamstring,Hamstring,False,False,False,False
2021,TB,FourLe00,Leonard Fournette,RB,Offense,16,18,3,3,Hamstring,Hamstring,True,True,True,False
2021,TB,GillCa00,Cam Gill,LB,Defense,1,4,4,17,Unspecified (IR),,True,False,False,False
2021,TB,GodwCh00,Chris Godwin,WR,Offense,16,18,3,3,Unspecified (IR),,True,True,True,False
2021,TB,GronRo00,Rob Gronkowski,TE,Offense,4,7,4,14,Chest / Ribs,Ribs,False,False,False,False
2021,TB,GronRo00,Rob Gronkowski,TE,Offense,10,10,1,9,Back,Back,False,False,False,False
2021,TB,JoneRo01,Ronald Jones II,RB,Offense,18,18,1,1,Ankle,Ankle,False,True,False,False
2021,TB,MarpAl00,Ali Marpet,OL,Offense,12,12,1,7,Core / Abdomen,Abdomen,False,False,False,False
2021,TB,MickJa01,Jaydon Mickens,WR,Offense,3,3,1,15,Core / Abdomen,Abdomen,False,False,False,False
2021,TB,MillSc01,Scott Miller,WR,Offense,4,11,7,14,Unspecified (IR),,True,False,False,False
2021,TB,OConPa00,Pat O'Connor,DL,Defense,5,5,1,13,Lower Leg,Calf,False,False,False,False
2021,TB,OConPa00,Pat O'Connor,DL,Defense,16,18,3,3,Unspecified (IR),,True,True,True,False
2021,TB,PierJa99,Jason Pierre-Paul,DL,Defense,3,4,2,15,Hand / Wrist,Hand,False,False,False,False
2021,TB,PierJa99,Jason Pierre-Paul,DL,Defense,16,18,3,3,Shoulder,Shoulder,False,True,False,False
2021,TB,RobiRa00,Rashard Robinson,DB,Defense,10,15,6,9,Hamstring,Hamstring,True,False,False,False
2021,TB,RobiRa00,Rashard Robinson,DB,Defense,18,18,1,1,Hip / Groin,Groin,False,True,False,False
2021,TB,SherRi00,Richard Sherman,DB,Defense,7,13,6,11,Hamstring,Hamstring,True,False,False,False
2021,TB,SherRi00,Richard Sherman,DB,Defense,15,15,1,4,Achilles,Achilles,False,False,False,False
2021,TB,SherRi00,Richard Sherman,DB,Defense,17,18,2,2,Achilles,Achilles,False,True,False,False
2021,TB,StinAa00,Aaron Stinnie,OL,Offense,13,17,5,6,Knee,Knee,True,False,False,False
2021,TB,VeaxVi00,Vita Vea,DL,Defense,11,11,1,8,Knee,Knee,False,False,False,False
2021,TB,WatsJu01,Justin Watson,WR,Offense,1,15,14,17,Quad / Thigh,Quadricep,True,False,False,False
2021,TB,WatsJu01,Justin Watson,WR,Offense,17,18,2,2,Quad / Thigh,Quadricep,False,True,False,False
2021,TB,WhitJo03,Jordan Whitehead,DB,Defense,1,1,1,17,Hamstring,Hamstring,False,False,False,False
2021,TB,WhitJo03,Jordan Whitehead,DB,Defense,13,14,2,6,Lower Leg,Calf,False,False,False,False
2021,TB,WinfAn00,Antoine Winfield Jr.,DB,Defense,5,6,2,13,Head / Concussion,Concussion,False,False,False,False
2021,TB,WinfAn00,Antoine Winfield Jr.,DB,Defense,15,16,2,4,Foot / Toe,Foot,False,False,False,False
2021,TEN,AdenOl00,Olasunkanmi Adeniyi,LB,Defense,12,12,1,6,Hamstring,Hamstring,False,False,False,False
2021,TEN,BatsCa00,Cameron Batson,WR,Offense,7,18,11,11,Unspecified (IR),,True,True,True,False
2021,TEN,BlasKh00,Khari Blasingame,RB,Offense,8,11,4,10,Knee,Knee,True,False,False,False
2021,TEN,BreeBr00,Brady Breeze,DB,Defense,1,6,6,17,Unspecified (IR),,True,False,False,False
2021,TEN,BrewAa01,Aaron Brewer,OL,Offense,5,8,4,13,Knee,Knee,True,False,False,False
2021,TEN,BrowAJ00,A.J. Brown,WR,Offense,4,4,1,14,Hamstring,Hamstring,False,False,False,False
2021,TEN,BrowAJ00,A.J. Brown,WR,Offense,12,15,3,6,Chest / Ribs,Chest,True,False,False,False
2021,TEN,BrowJa06,Jayon Brown,LB,Defense,2,2,1,16,Hamstring,Hamstring,False,False,False,False
2021,TEN,BrowJa06,Jayon Brown,LB,Defense,5,8,4,13,Knee,Knee,True,False,False,False
2021,TEN,CartTo01,Tory Carter,TE,Offense,9,9,1,9,Shoulder,Shoulder,False,False,False,False
2021,TEN,CartTo01,Tory Carter,TE,Offense,15,18,4,4,Ankle,Ankle,True,True,True,False
2021,TEN,CruiDa00,Dane Cruikshank,DB,Defense,10,12,3,8,Knee,Knee,True,False,False,False
2021,TEN,DaviNa01,Nate Davis,OL,Offense,9,9,1,9,Head / Concussion,Concussion,False,False,False,False
2021,TEN,DaviNa01,Nate Davis,OL,Offense,11,12,2,7,Head / Concussion,Concussion,False,False,False,False
2021,TEN,DuprAl00,Bud Dupree,LB,Defense,3,5,3,15,Knee,Knee,False,False,False,False
2021,TEN,DuprAl00,Bud Dupree,LB,Defense,11,14,3,7,Core / Abdomen,Abdomen,True,False,False,False
2021,TEN,EvanDa02,Darrynton Evans,RB,Offense,1,6,6,17,Knee,Knee,True,False,False,False
2021,TEN,EvanDa02,Darrynton Evans,RB,Offense,8,18,10,10,Knee,Knee,True,True,True,False
2021,TEN,EvanRa01,Rashaan Evans,LB,Defense,8,12,5,10,Ankle,Ankle,False,False,False,False
2021,TEN,FarlCa00,Caleb Farley,DB,Defense,2,4,3,16,Shoulder,Shoulder,False,False,False,False
2021,TEN,FarlCa00,Caleb Farley,DB,Defense,7,18,11,11,Unspecified (IR),,True,True,True,False
2021,TEN,FincSh00,Sharif Finch,LB,Defense,5,5,1,13,Head / Concussion,Concussion,False,False,False,False
2021,TEN,FirkAn00,Anthony Firkser,TE,Offense,2,3,2,16,Knee,Knee,False,False,False,False
2021,TEN,FultKr00,Kristian Fulton,DB,Defense,6,9,4,12,Hamstring,Hamstring,True,False,False,False
2021,TEN,HenrDe00,Derrick Henry,RB,Offense,9,18,9,9,Unspecified (IR),,True,True,True,False
2021,TEN,HookAm00,Amani Hooker,DB,Defense,2,5,4,16,Hip / Groin,Groin,True,False,False,False
2021,TEN,HookAm00,Amani Hooker,DB,Defense,7,7,1,11,Hip / Groin,Groin,False,False,False,False
2021,TEN,HudsTo00,Tommy Hudson,TE,Offense,1,1,1,17,Foot / Toe,Toe,False,False,False,False
2021,TEN,HudsTo00,Tommy Hudson,TE,Offense,5,10,6,13,Ankle,Ankle,True,False,False,False
2021,TEN,HudsTo00,Tommy Hudson,TE,Offense,14,18,5,5,Ankle,Ankle,True,True,True,False
2021,TEN,JackCh01,Chris Jackson,DB,Defense,1,1,1,17,Hamstring,Hamstring,False,False,False,False
2021,TEN,JackCh01,Chris Jackson,DB,Defense,7,7,1,11,Ankle,Ankle,False,False,False,False
2021,TEN,JackCh01,Chris Jackson,DB,Defense,12,15,3,6,Foot / Toe,Foot,True,False,False,False
2021,TEN,JenkJa03,Jackrabbit Jenkins,DB,Defense,11,11,1,7,Chest / Ribs,Chest,False,False,False,False
2021,TEN,JenkJa03,Jackrabbit Jenkins,DB,Defense,14,15,2,5,Ankle,Ankle,False,False,False,False
2021,TEN,JohnMa07,Marcus Johnson,WR,Offense,1,4,4,17,Unspecified (IR),,True,False,False,False
2021,TEN,JohnMa07,Marcus Johnson,WR,Offense,12,18,6,6,Unspecified (IR),,True,True,True,False
2021,TEN,JoneJu02,Julio Jones,WR,Offense,4,5,2,14,Hamstring,Hamstring,False,False,False,False
2021,TEN,JoneJu02,Julio Jones,WR,Offense,8,8,1,10,Hamstring,Hamstring,False,False,False,False
2021,TEN,JoneJu02,Julio Jones,WR,Offense,10,12,3,8,Hamstring,Hamstring,True,False,False,False
2021,TEN,JoneNa01,Naquan Jones,DL,Defense,18,18,1,1,Knee,Knee,False,True,False,False
2021,TEN,LammKe00,Kendall Lamm,OL,Offense,8,9,2,10,Ankle,Ankle,False,False,False,False
2021,TEN,LewaTa00,Taylor Lewan,OL,Offense,7,7,1,11,Head / Concussion,Concussion,False,False,False,False
2021,TEN,LewaTa00,Taylor Lewan,OL,Offense,9,9,1,9,Knee,Knee,False,False,False,False
2021,TEN,LewaTa00,Taylor Lewan,OL,Offense,16,16,1,3,Back,Back,False,False,False,False
2021,TEN,LongDa04,David Long,LB,Defense,1,1,1,17,Hamstring,Hamstring,False,False,False,False
2021,TEN,LongDa04,David Long,LB,Defense,10,16,6,8,Hamstring,Hamstring,False,False,False,False
2021,TEN,MabiGr00,Greg Mabin,DB,Defense,9,12,4,9,Ankle,Ankle,False,False,False,False
2021,TEN,McMaRa00,Racey McMath,WR,Offense,5,12,8,13,Quad / Thigh,Quadricep,True,False,False,False
2021,TEN,McNiJe00,Jeremy McNichols,RB,Offense,11,12,2,7,Head / Concussion,Concussion,False,False,False,False
2021,TEN,MurcLa00,Larrell Murchison,DL,Defense,4,6,3,14,Arm / Elbow,Elbow,True,False,False,False
2021,TEN,MurcLa00,Larrell Murchison,DL,Defense,15,17,3,4,Knee,Knee,False,False,False,False
2021,TEN,PekoKy00,Kyle Peko,DL,Defense,1,9,9,17,Ankle,Ankle,True,False,False,False
2021,TEN,PruiMy00,MyCole Pruitt,TE,Offense,18,18,1,1,Unspecified (IR),,True,True,True,False
2021,TEN,ReynJo00,Josh Reynolds,WR,Offense,1,1,1,17,Foot / Toe,Foot,False,False,False,False
2021,TEN,RiceMo00,Monty Rice,LB,Defense,6,7,2,12,Hip / Groin,Groin,False,False,False,False
2021,TEN,RiceMo00,Monty Rice,LB,Defense,14,18,5,5,Unspecified (IR),,True,True,True,False
2021,TEN,RobeDe01,Derick Roberson,LB,Defense,2,10,9,16,Hip / Groin,Groin,True,False,False,False
2021,TEN,RogeCh02,Chester Rogers,WR,Offense,7,7,1,11,Hip / Groin,Groin,False,False,False,False
2021,TEN,SaffRo20,Rodger Saffold,OL,Offense,15,16,2,4,Shoulder,Shoulder,False,False,False,False
2021,TEN,SambTy00,Ty Sambrailo,OL,Offense,5,18,13,13,Foot / Toe,Foot,False,True,False,False
2021,TEN,SwaiGe00,Geoff Swaim,TE,Offense,11,11,1,7,Head / Concussion,Concussion,False,False,False,False
2021,TEN,TartTe00,Teair Tart,DL,Defense,8,8,1,10,Hip / Groin,Groin,False,False,False,False
2021,TEN,TartTe00,Teair Tart,DL,Defense,10,10,1,8,Hip / Groin,Groin,False,False,False,False
2021,TEN,TartTe00,Teair Tart,DL,Defense,12,15,3,6,Ankle,Ankle,False,False,False,False
2021,TEN,TartTe00,Teair Tart,DL,Defense,18,18,1,1,Ankle,Ankle,False,True,False,False
2021,TEN,WeavRa00,Rashad Weaver,LB,Defense,4,18,14,14,Unspecified (IR),,True,True,True,False
2021,TEN,WestNi00,Nick Westbrook-Ikhine,WR,Offense,5,5,1,13,Hamstring,Hamstring,False,False,False,False
2021,WAS,BostJo00,Jonathan Bostic,LB,Defense,5,18,13,13,Unspecified (IR),,True,True,True,False
2021,WAS,BrowDy00,Dyami Brown,WR,Offense,5,5,1,13,Knee,Knee,False,False,False,False
2021,WAS,BrowDy00,Dyami Brown,WR,Offense,8,8,1,10,Knee,Knee,False,False,False,False
2021,WAS,CharSa00,Saahdiq Charles,OL,Offense,18,18,1,1,Knee,Knee,False,True,False,False
2021,WAS,CollLa00,Landon Collins,DB,Defense,13,13,1,6,Foot / Toe,Foot,False,False,False,False
2021,WAS,CollLa00,Landon Collins,DB,Defense,16,18,3,3,Foot / Toe,Foot,True,True,True,False
2021,WAS,CosmSa00,Samuel Cosmi,OL,Offense,6,10,4,12,Ankle,Ankle,False,False,False,False
2021,WAS,CosmSa00,Samuel Cosmi,OL,Offense,12,14,3,7,Hip / Groin,Hip,True,False,False,False
2021,WAS,DaviJa11,Jamin Davis,LB,Defense,16,16,1,3,Shoulder,Shoulder,False,False,False,False
2021,WAS,EverDe01,Deshazor Everett,DB,Defense,16,18,3,3,Unspecified (IR),,True,True,True,False
2021,WAS,FitzRy00,Ryan Fitzpatrick,QB,Offense,2,18,16,16,Hip / Groin,Hip,True,True,True,False
2021,WAS,ForrDa00,Darrick Forrest,DB,Defense,1,8,8,17,Unspecified (IR),,True,False,False,False
2021,WAS,GibsAn00,Antonio Gibson,RB,Offense,17,17,1,2,Hip / Groin,Hip,False,False,False,False
2021,WAS,HeinTa00,Taylor Heinicke,QB,Offense,15,15,1,4,Arm / Elbow,right Elbow,False,False,False,False
2021,WAS,HudsKh00,Khaleke Hudson,LB,Defense,14,18,5,5,Unspecified (IR),,True,True,True,False
2021,WAS,IoanMa01,Matthew Ioannidis,DL,Defense,3,3,1,15,Knee,Knee,False,False,False,False
2021,WAS,JackWi02,William Jackson III,DB,Defense,7,8,2,11,Knee,Knee,False,False,False,False
2021,WAS,JackWi02,William Jackson III,DB,Defense,16,18,3,3,Lower Leg,Calf,False,True,False,False
2021,WAS,KunaJo00,Jordan Kunaszyk,LB,Defense,14,14,1,5,Hamstring,Hamstring,False,False,False,False
2021,WAS,LarsTy00,Tyler Larsen,OL,Offense,12,13,2,7,Knee,Knee,False,False,False,False
2021,WAS,LarsTy00,Tyler Larsen,OL,Offense,15,18,4,4,Achilles,Achilles,True,True,True,False
2021,WAS,McKiJ.00,J.D. McKissic,RB,Offense,13,18,6,6,Head / Concussion,Concussion,True,True,True,False
2021,WAS,McTyTo00,Torry McTyer,DB,Defense,5,18,13,13,Unspecified (IR),,True,True,True,False
2021,WAS,NorrJa00,Jared Norris,LB,Defense,6,18,12,12,Shoulder,Shoulder,True,True,True,False
2021,WAS,ReyeSa00,Sammis Reyes,TE,Offense,18,18,1,1,Hamstring,Hamstring,False,True,False,False
2021,WAS,RobeDa00,Darryl Roberts,DB,Defense,6,12,6,12,Unspecified (IR),,True,False,False,False
2021,WAS,RoulCh00,Chase Roullier,OL,Offense,10,18,9,9,Unspecified (IR),,True,True,True,False
2021,WAS,SamuCu00,Curtis Samuel,WR,Offense,1,3,3,17,Hip / Groin,Groin,True,False,False,False
2021,WAS,SamuCu00,Curtis Samuel,WR,Offense,6,11,5,12,Hip / Groin,Groin,False,False,False,False
2021,WAS,SamuCu00,Curtis Samuel,WR,Offense,15,18,4,4,Hamstring,Hamstring,False,True,False,False
2021,WAS,ScheBr00,Brandon Scherff,OL,Offense,5,8,4,13,Knee,Knee,False,False,False,False
2021,WAS,ScheBr00,Brandon Scherff,OL,Offense,15,16,2,4,Ankle,Ankle,False,False,False,False
2021,WAS,SchwWe00,Wes Schweitzer,OL,Offense,13,18,6,6,Ankle,Ankle,True,True,True,False
2021,WAS,SealRi00,Ricky Seals-Jones,TE,Offense,11,13,3,8,Hip / Groin,Hip,False,False,False,False
2021,WAS,SealRi00,Ricky Seals-Jones,TE,Offense,18,18,1,1,Head / Concussion,Concussion,True,True,True,False
2021,WAS,SimsCa00,Cam Sims,WR,Offense,5,7,3,13,Hamstring,Hamstring,False,False,False,False
2021,WAS,StJuBe00,Benjamin St-Juste,DB,Defense,4,4,1,14,Head / Concussion,Concussion,False,False,False,False
2021,WAS,StJuBe00,Benjamin St-Juste,DB,Defense,13,18,6,6,Head / Concussion,Concussion,True,True,True,False
2021,WAS,SweaMo00,Montez Sweat,DL,Defense,10,14,5,9,Head / Concussion,Jaw,True,False,False,False
2021,WAS,ThomLo00,Logan Thomas,TE,Offense,5,11,6,13,Hamstring,Hamstring,True,False,False,False
2021,WAS,ThomLo00,Logan Thomas,TE,Offense,14,18,5,5,Hamstring,Hamstring,True,True,True,False
2021,WAS,ToneSh00,Shaka Toney,DL,Defense,11,11,1,8,Head / Concussion,Concussion,False,False,False,False
2021,WAS,WiseDa01,Daniel Wise,DL,Defense,16,18,3,3,Knee,Knee,True,True,True,False
2021,WAS,YounCh04,Chase Young,DL,Defense,11,18,8,8,Unspecified (IR),,True,True,True,False
2022,ARI,AlleZa01,Zach Allen,DL,Defense,15,18,4,4,Hand / Wrist,Hand,False,True,False,False
2022,ARI,AndeRo04,Robbie Chosen,WR,Offense,18,18,1,1,Back,Back,False,True,False,False
2022,ARI,BakeBu00,Budda Baker,DB,Defense,17,18,2,2,Unspecified (IR),,True,True,True,False
2022,ARI,BanjCh00,Chris Banjo,DB,Defense,18,18,1,1,Head / Concussion,Concussion,True,True,True,False
2022,ARI,BrowMa04,Marquise Brown,WR,Offense,7,11,5,11,Foot / Toe,Foot,True,False,False,False
2022,ARI,CollZa00,Zaven Collins,LB,Defense,18,18,1,1,Lower Leg,Calf,False,True,False,False
2022,ARI,ConnJa00,James Conner,RB,Offense,6,8,3,12,Chest / Ribs,Ribs,False,False,False,False
2022,ARI,ConnJa00,James Conner,RB,Offense,18,18,1,1,Knee,Knee,False,True,False,False
2022,ARI,CowaRa00,Rashaad Coward,OL,Offense,14,17,4,5,Chest / Ribs,Chest,False,False,False,False
2022,ARI,DortGr01,Greg Dortch,WR,Offense,12,12,1,6,Hand / Wrist,Thumb,False,False,False,False
2022,ARI,ErtzZa00,Zach Ertz,TE,Offense,11,18,7,7,Knee,Knee,True,True,True,False
2022,ARI,FordCo00,Cody Ford,OL,Offense,1,6,6,17,Ankle,Ankle,True,False,False,False
2022,ARI,GarcMa00,Max Garcia,OL,Offense,5,5,1,13,Foot / Toe,Toe,False,False,False,False
2022,ARI,GarcMa00,Max Garcia,OL,Offense,8,11,4,10,Shoulder,Shoulder,False,False,False,False
2022,ARI,GardDe01,Dennis Gardeck,LB,Defense,7,9,3,11,Ankle,Ankle,False,False,False,False
2022,ARI,GreeA.00,A.J. Green,WR,Offense,4,4,1,14,Knee,Knee,False,False,False,False
2022,ARI,HamiAn01,Antonio Hamilton,DB,Defense,1,4,4,17,Unspecified (IR),,True,False,False,False
2022,ARI,HamiAn01,Antonio Hamilton,DB,Defense,15,15,1,4,Back,Back,False,False,False,False
2022,ARI,HamiAn01,Antonio Hamilton,DB,Defense,17,18,2,2,Hip / Groin,Hip,False,True,False,False
2022,ARI,HernWi00,Will Hernandez,OL,Offense,10,14,4,8,Chest / Ribs,Chest,True,False,False,False
2022,ARI,HillTr00,Trysten Hill,DL,Defense,17,18,2,2,Unspecified (IR),,True,True,True,False
2022,ARI,HopkDe00,DeAndre Hopkins,WR,Offense,17,18,2,2,Knee,Knee,False,True,False,False
2022,ARI,HudsRo00,Rodney Hudson,OL,Offense,5,18,13,13,Knee,Knee,True,True,True,False
2022,ARI,HumpD.00,D.J. Humphries,OL,Offense,8,8,1,10,Back,Back,False,False,False,False
2022,ARI,HumpD.00,D.J. Humphries,OL,Offense,10,18,8,8,Back,Back,True,True,True,False
2022,ARI,IsabAn00,Andy Isabella,WR,Offense,2,2,1,16,Back,Back,False,False,False,False
2022,ARI,JackJo01,Josh Jackson,DB,Defense,17,17,1,2,Hamstring,Hamstring,False,False,False,False
2022,ARI,LawrRa01,Rashard Lawrence,DL,Defense,4,5,2,14,Hand / Wrist,Hand,False,False,False,False
2022,ARI,LawrRa01,Rashard Lawrence,DL,Defense,8,18,10,10,Hand / Wrist,Hand,True,True,True,False
2022,ARI,LedbJo01,Jonathan Ledbetter,DL,Defense,18,18,1,1,Knee,Knee,True,True,True,False
2022,ARI,MattCh01,Christian Matthew,DB,Defense,8,9,2,10,Hamstring,Hamstring,False,False,False,False
2022,ARI,McCoCo00,Colt McCoy,QB,Offense,1,9,9,17,Knee,Knee,True,False,False,False
2022,ARI,McCoCo00,Colt McCoy,QB,Offense,12,12,1,6,Arm / Elbow,right Elbow,False,False,False,False
2022,ARI,McCoCo00,Colt McCoy,QB,Offense,16,18,3,3,Head / Concussion,Concussion,False,True,False,False
2022,ARI,MoorRo02,Rondale Moore,WR,Offense,1,3,3,17,Hamstring,Hamstring,False,False,False,False
2022,ARI,MoorRo02,Rondale Moore,WR,Offense,12,18,6,6,Hip / Groin,Groin,True,True,True,False
2022,ARI,MullTr00,Trayvon Mullen,DB,Defense,1,2,2,17,Foot / Toe,Toe,False,False,False,False
2022,ARI,MullTr00,Trayvon Mullen,DB,Defense,5,7,3,13,Hamstring,Hamstring,False,False,False,False
2022,ARI,MurpBy00,Byron Murphy,DB,Defense,10,18,8,8,Back,Back,True,True,True,False
2022,ARI,MurrKy00,Kyler Murray,QB,Offense,10,11,2,8,Hamstring,Hamstring,False,False,False,False
2022,ARI,MurrKy00,Kyler Murray,QB,Offense,15,18,4,4,Unspecified (IR),,True,True,True,False
2022,ARI,PughJu00,Justin Pugh,OL,Offense,1,1,1,17,Neck,Neck,False,False,False,False
2022,ARI,PughJu00,Justin Pugh,OL,Offense,7,18,11,11,Knee,Knee,True,True,True,False
2022,ARI,TurnZe00,Zeke Turner,LB,Defense,3,4,2,15,Ankle,Ankle,False,False,False,False
2022,ARI,VigiNi00,Nick Vigil,LB,Defense,5,18,13,13,Hamstring,Hamstring,True,True,True,False
2022,ARI,WardJo00,Jonathan Ward,RB,Offense,6,12,7,12,Unspecified (IR),,True,False,False,False
2022,ARI,WashCh01,Charles Washington,DB,Defense,1,9,9,17,Chest / Ribs,Chest,True,False,False,False
2022,ARI,WashCh01,Charles Washington,DB,Defense,12,14,2,6,Chest / Ribs,Chest,False,False,False,False
2022,ARI,WattJ.00,J.J. Watt,DL,Defense,1,1,1,17,Lower Leg,Calf,False,False,False,False
2022,ARI,WillDa10,Darrel Williams,RB,Offense,6,7,2,12,Knee,Knee,False,False,False,False
2022,ARI,WillDa10,Darrel Williams,RB,Offense,9,18,9,9,Hip / Groin,Hip,True,True,True,False
2022,ARI,WillMa04,Maxx Williams,TE,Offense,5,10,6,13,Knee,Knee,False,False,False,False
2022,ARI,WilsMa04,Marco Wilson,DB,Defense,15,15,1,4,Neck,Neck,False,False,False,False
2022,ARI,WilsMa04,Marco Wilson,DB,Defense,17,18,2,2,Neck,Neck,False,True,False,False
2022,ATL,AlfoDe00,DeAundre Alford,DB,Defense,7,7,1,11,Hamstring,Hamstring,False,False,False,False
2022,ATL,BernJa00,Jared Bernhardt,WR,Offense,4,18,14,14,Hip / Groin,Groin,True,True,True,False
2022,ATL,DaltJa00,Jalen Dalton,DL,Defense,12,13,2,6,Foot / Toe,Toe,False,False,False,False
2022,ATL,EbikAr00,Arnold Ebiketie,LB,Defense,13,13,1,5,Arm / Elbow,Forearm,False,False,False,False
2022,ATL,EdogCh00,Chuma Edoga,OL,Offense,12,18,6,6,Knee,Knee,True,True,True,False
2022,ATL,FranFe00,Feleipe Franks,TE,Offense,10,11,2,8,Lower Leg,Calf,False,False,False,False
2022,ATL,FranFe00,Feleipe Franks,TE,Offense,17,18,2,2,Head / Concussion,Concussion,False,True,False,False
2022,ATL,GrahTa00,Ta'Quon Graham,DL,Defense,12,18,6,6,Unspecified (IR),,True,True,True,False
2022,ATL,HarrEr00,Erik Harris,DB,Defense,9,10,2,9,Ankle,Ankle,False,False,False,False
2022,ATL,HawkJa00,Jaylinn Hawkins,DB,Defense,8,8,1,10,Head / Concussion,Concussion,False,False,False,False
2022,ATL,HaywCa00,Casey Hayward,DB,Defense,7,18,11,11,Unspecified (IR),,True,True,True,False
2022,ATL,HennMa00,Matt Hennessy,OL,Offense,10,16,6,8,Knee,Knee,True,False,False,False
2022,ATL,HuntCa02,Caleb Huntley,RB,Offense,16,18,3,3,Unspecified (IR),,True,True,True,False
2022,ATL,MariMa01,Marcus Mariota,QB,Offense,15,18,4,4,Unspecified (IR),,True,True,True,False
2022,ATL,MoffJo01,Jovante Moffatt,DB,Defense,11,18,7,7,Lower Leg,Calf,True,True,True,False
2022,ATL,OgunAd01,Adetokunbo Ogundeji,LB,Defense,6,6,1,12,Shoulder,Shoulder,False,False,False,False
2022,ATL,OlivIs00,Isaiah Oliver,DB,Defense,1,5,5,17,Shoulder,Shoulder,True,False,False,False
2022,ATL,PattCo00,Cordarrelle Patterson,RB,Offense,5,8,4,13,Knee,Knee,True,False,False,False
2022,ATL,PittKy00,Kyle Pitts,TE,Offense,5,5,1,13,Hamstring,Hamstring,False,False,False,False
2022,ATL,PittKy00,Kyle Pitts,TE,Offense,12,18,6,6,Unspecified (IR),,True,True,True,False
2022,ATL,TerrAJ00,AJ Terrell,DB,Defense,8,10,3,10,Hamstring,Hamstring,False,False,False,False
2022,ATL,WalkMy00,Mykal Walker,LB,Defense,6,6,1,12,Hip / Groin,Groin,False,False,False,False
2022,ATL,WilkEl00,Elijah Wilkinson,OL,Offense,9,13,5,9,Knee,Knee,True,False,False,False
2022,ATL,WilkEl00,Elijah Wilkinson,OL,Offense,17,18,2,2,Lower Leg,Calf,False,True,False,False
2022,ATL,WillDa05,Damien Williams,RB,Offense,2,15,13,16,Chest / Ribs,Rib,True,False,False,False
2022,BAL,AndrMa00,Mark Andrews,TE,Offense,9,9,1,9,Knee,Knee,False,False,False,False
2022,BAL,ArmoJa00,Jalyn Armour-Davis,DB,Defense,11,18,8,8,Hip / Groin,Hip,True,True,True,False
2022,BAL,BateRa00,Rashod Bateman,WR,Offense,5,6,2,13,Foot / Toe,Foot,False,False,False,False
2022,BAL,BateRa00,Rashod Bateman,WR,Offense,9,18,9,9,Foot / Toe,Foot,True,True,True,False
2022,BAL,BowsTy00,Tyus Bowser,LB,Defense,1,8,8,17,Achilles,Achilles,True,False,False,False
2022,BAL,ByneJo00,Josh Bynes,LB,Defense,8,18,10,10,Quad / Thigh,Quadricep,False,True,False,False
2022,BAL,CampCa99,Calais Campbell,DL,Defense,16,17,2,3,Knee,Knee,False,False,False,False
2022,BAL,ClevBe00,Ben Cleveland,OL,Offense,5,11,6,13,Foot / Toe,Foot,False,False,False,False
2022,BAL,DobbJK00,J.K. Dobbins,RB,Offense,1,2,2,17,Knee,Knee,False,False,False,False
2022,BAL,DobbJK00,J.K. Dobbins,RB,Offense,7,13,6,11,Knee,Knee,True,False,False,False
2022,BAL,DuveDe00,Devin Duvernay,WR,Offense,16,18,3,3,Foot / Toe,Foot,True,True,True,False
2022,BAL,EdwaGu00,Gus Edwards,RB,Offense,1,6,6,17,Knee,Knee,True,False,False,False
2022,BAL,EdwaGu00,Gus Edwards,RB,Offense,9,11,2,9,Hamstring,Hamstring,False,False,False,False
2022,BAL,FullKy00,Kyle Fuller,DB,Defense,2,18,16,16,Unspecified (IR),,True,True,True,False
2022,BAL,HamiKy00,Kyle Hamilton,DB,Defense,12,12,1,7,Knee,Knee,False,False,False,False
2022,BAL,HillJu00,Justice Hill,RB,Offense,5,6,2,13,Hamstring,Hamstring,False,False,False,False
2022,BAL,HousJu00,Justin Houston,LB,Defense,4,6,3,14,Hip / Groin,Groin,False,False,False,False
2022,BAL,HuntTy01,Tyler Huntley,QB,Offense,18,18,1,1,Shoulder,right Shoulder,False,True,False,False
2022,BAL,JackLa00,Lamar Jackson,QB,Offense,14,18,5,5,Knee,Knee,False,True,False,False
2022,BAL,JameJa01,Ja'Wuan James,OL,Offense,2,18,16,16,Unspecified (IR),,True,True,True,False
2022,BAL,JoneTr00,Travis Jones,DL,Defense,1,2,2,17,Knee,Knee,False,False,False,False
2022,BAL,KolaCh00,Charlie Kolar,TE,Offense,1,16,15,17,Unspecified (IR),,True,False,False,False
2022,BAL,LikeIs00,Isaiah Likely,TE,Offense,12,12,1,7,Ankle,Ankle,False,False,False,False
2022,BAL,MeanSt00,Steven Means,LB,Defense,3,18,15,15,Unspecified (IR),,True,True,True,False
2022,BAL,MekaPa00,Patrick Mekari,OL,Offense,4,4,1,14,Ankle,Ankle,False,False,False,False
2022,BAL,OjabDa00,David Ojabo,LB,Defense,1,14,13,17,Achilles,Achilles,True,False,False,False
2022,BAL,PeteMa00,Marcus Peters,DB,Defense,16,18,3,3,Lower Leg,Calf,False,True,False,False
2022,BAL,PhilDe00,Del'Shawn Phillips,LB,Defense,13,13,1,6,Quad / Thigh,Quadricep,False,False,False,False
2022,BAL,PierMi00,Michael Pierce,DL,Defense,4,18,14,14,Arm / Elbow,Biceps,True,True,True,False
2022,BAL,ProcJa00,James Proche,WR,Offense,2,3,2,16,Hip / Groin,Groin,False,False,False,False
2022,BAL,RossJo01,Josh Ross,LB,Defense,3,18,15,15,Unspecified (IR),,True,True,True,False
2022,BAL,StanRo00,Ronnie Stanley,OL,Offense,1,4,4,17,Ankle,Ankle,False,False,False,False
2022,BAL,StanRo00,Ronnie Stanley,OL,Offense,12,13,2,7,Ankle,Ankle,False,False,False,False
2022,BAL,StepBr01,Brandon Stephens,DB,Defense,2,2,1,16,Quad / Thigh,Quadricep,False,False,False,False
2022,BAL,WallTy00,Tylan Wallace,WR,Offense,13,17,5,6,Hamstring,Hamstring,True,False,False,False
2022,BAL,WillMa06,Marcus Williams,DB,Defense,6,13,7,12,Unspecified (IR),,True,False,False,False
2022,BAL,WorlDa00,Daryl Worley,DB,Defense,14,17,4,5,Hamstring,Hamstring,True,False,False,False
2022,BAL,ZeitKe00,Kevin Zeitler,OL,Offense,14,14,1,5,Knee,Knee,False,False,False,False
2022,BUF,BashCa00,Boogie Basham,DL,Defense,16,16,1,2,Lower Leg,Calf,False,False,False,False
2022,BUF,BateRy02,Ryan Bates,OL,Offense,15,15,1,3,Ankle,Ankle,False,False,False,False
2022,BUF,BenfCh00,Christian Benford,DB,Defense,4,5,2,13,Hand / Wrist,Hand,False,False,False,False
2022,BUF,BenfCh00,Christian Benford,DB,Defense,13,18,5,5,Unspecified (IR),,True,True,True,False
2022,BUF,BoetIk00,Ike Boettger,OL,Offense,1,15,14,16,Unspecified (IR),,True,False,False,False
2022,BUF,BrowSp00,Spencer Brown,OL,Offense,8,9,2,10,Ankle,Ankle,False,False,False,False
2022,BUF,CrowJa00,Jamison Crowder,WR,Offense,5,18,12,12,Ankle,Ankle,True,True,True,False
2022,BUF,DaviGa01,Gabriel Davis,WR,Offense,2,2,1,15,Ankle,Ankle,False,False,False,False
2022,BUF,DawkDi00,Dion Dawkins,OL,Offense,13,13,1,5,Ankle,Ankle,False,False,False,False
2022,BUF,DoylTo00,Tommy Doyle,OL,Offense,1,2,2,16,Foot / Toe,Foot,False,False,False,False
2022,BUF,DoylTo00,Tommy Doyle,OL,Offense,4,18,13,13,Unspecified (IR),,True,True,True,False
2022,BUF,EdmuTr01,Tremaine Edmunds,LB,Defense,5,5,1,12,Hamstring,Hamstring,False,False,False,False
2022,BUF,EdmuTr01,Tremaine Edmunds,LB,Defense,11,12,2,7,Hip / Groin,Groin,False,False,False,False
2022,BUF,ElamKa00,Kaiir Elam,DB,Defense,10,11,2,8,Ankle,Ankle,False,False,False,False
2022,BUF,EpenAJ00,A.J. Epenesa,DL,Defense,12,12,1,6,Ankle,Ankle,False,False,False,False
2022,BUF,GillRe00,Reggie Gilliam,RB,Offense,14,14,1,4,Ankle,Ankle,False,False,False,False
2022,BUF,HamlDa00,Damar Hamlin,DB,Defense,18,18,1,1,Unspecified (IR),,True,True,True,False
2022,BUF,HydeMi00,Micah Hyde,DB,Defense,3,18,14,14,Neck,Neck,True,True,True,False
2022,BUF,JackDa02,Dane Jackson,DB,Defense,3,3,1,14,Neck,Neck,False,False,False,False
2022,BUF,KnoxDa00,Dawson Knox,TE,Offense,5,5,1,12,Foot / Toe,Foot,False,False,False,False
2022,BUF,KumeJa00,Jake Kumerow,WR,Offense,4,6,3,13,Ankle,Ankle,False,False,False,False
2022,BUF,KumeJa00,Jake Kumerow,WR,Offense,11,18,7,7,Ankle,Ankle,True,True,True,False
2022,BUF,LewiCa00,Cameron Lewis,DB,Defense,12,12,1,6,Arm / Elbow,Forearm,False,False,False,False
2022,BUF,McKeIs00,Isaiah McKenzie,WR,Offense,5,5,1,12,Head / Concussion,Concussion,False,False,False,False
2022,BUF,MilaMa00,Matt Milano,LB,Defense,9,9,1,9,Core / Abdomen,Oblique,False,False,False,False
2022,BUF,MillVo00,Von Miller,LB,Defense,13,18,5,5,Knee,Knee,True,True,True,False
2022,BUF,MorrQu00,Quintin Morris,TE,Offense,1,1,1,16,Hamstring,Hamstring,False,False,False,False
2022,BUF,MorsMi00,Mitch Morse,OL,Offense,3,3,1,14,Arm / Elbow,Elbow,False,False,False,False
2022,BUF,MorsMi00,Mitch Morse,OL,Offense,12,12,1,6,Arm / Elbow,Elbow,False,False,False,False
2022,BUF,MorsMi00,Mitch Morse,OL,Offense,16,16,1,2,Head / Concussion,Concussion,False,False,False,False
2022,BUF,MurrJu00,Justin Murray,OL,Offense,4,6,3,13,Foot / Toe,Foot,False,False,False,False
2022,BUF,OlivEd00,Ed Oliver,DL,Defense,2,4,3,15,Ankle,Ankle,False,False,False,False
2022,BUF,PhilJo01,Jordan Phillips,DL,Defense,3,4,2,14,Hamstring,Hamstring,False,False,False,False
2022,BUF,PhilJo01,Jordan Phillips,DL,Defense,14,15,2,4,Shoulder,Shoulder,False,False,False,False
2022,BUF,PoyeJo00,Jordan Poyer,DB,Defense,3,3,1,14,Foot / Toe,Foot,False,False,False,False
2022,BUF,PoyeJo00,Jordan Poyer,DB,Defense,5,5,1,12,Chest / Ribs,Ribs,False,False,False,False
2022,BUF,PoyeJo00,Jordan Poyer,DB,Defense,9,10,2,9,Arm / Elbow,Elbow,False,False,False,False
2022,BUF,RousGr00,Gregory Rousseau,DL,Defense,10,12,3,8,Ankle,Ankle,False,False,False,False
2022,BUF,SettTi00,Tim Settle,DL,Defense,2,2,1,15,Lower Leg,Calf,False,False,False,False
2022,BUF,WhitTr01,Tre'Davious White,DB,Defense,1,11,10,16,Unspecified (IR),,True,False,False,False
2022,CAR,AndeHe00,Henry Anderson,DL,Defense,7,12,6,11,Arm / Elbow,Elbow,False,False,False,False
2022,CAR,BurnBr00,Brian Burns,DL,Defense,18,18,1,1,Ankle,Ankle,False,True,False,False
2022,CAR,BurrJu00,Juston Burris,DB,Defense,9,12,4,9,Head / Concussion,Concussion,False,False,False,False
2022,CAR,ChinJe00,Jeremy Chinn,DB,Defense,5,10,6,13,Unspecified (IR),,True,False,False,False
2022,CAR,DarnSa00,Sam Darnold,QB,Offense,1,11,11,17,Unspecified (IR),,True,False,False,False
2022,CAR,ElflPa00,Pat Elflein,OL,Offense,7,18,11,11,Hip / Groin,Hip,True,True,True,False
2022,CAR,ErviCa00,Cameron Erving,OL,Offense,3,7,5,15,Hip / Groin,Groin,False,False,False,False
2022,CAR,HartMy00,Myles Hartsfield,DB,Defense,11,12,2,7,Ankle,Ankle,False,False,False,False
2022,CAR,HornJa00,Jaycee Horn,DB,Defense,6,7,2,12,Chest / Ribs,Ribs,False,False,False,False
2022,CAR,HornJa00,Jaycee Horn,DB,Defense,17,18,2,2,Hand / Wrist,Wrist,True,True,True,False
2022,CAR,HubbCh01,Chuba Hubbard,RB,Offense,8,9,2,10,Ankle,Ankle,False,False,False,False
2022,CAR,IoanMa01,Matthew Ioannidis,DL,Defense,7,7,1,11,Head / Concussion,Concussion,False,False,False,False
2022,CAR,IoanMa01,Matthew Ioannidis,DL,Defense,11,12,2,7,Lower Leg,Calf,False,False,False,False
2022,CAR,IoanMa01,Matthew Ioannidis,DL,Defense,18,18,1,1,Back,Back,False,True,False,False
2022,CAR,JackDo02,Donte Jackson,DB,Defense,9,9,1,9,Ankle,Ankle,False,False,False,False
2022,CAR,JackDo02,Donte Jackson,DB,Defense,11,18,7,7,Ankle,Ankle,True,True,True,False
2022,CAR,LittCo01,Cory Littleton,LB,Defense,12,14,2,6,Ankle,Ankle,False,False,False,False
2022,CAR,LuvuFr00,Frankie Luvu,LB,Defense,5,6,2,13,Shoulder,Shoulder,False,False,False,False
2022,CAR,MayfBa00,Baker Mayfield,QB,Offense,6,8,3,12,Ankle,Ankle,False,False,False,False
2022,CAR,MosbAr00,Arron Mosby,LB,Defense,8,18,10,10,Hamstring,Hamstring,False,True,False,False
2022,CAR,RiccGi00,Giovanni Ricci,TE,Offense,11,12,2,7,Neck,Neck,False,False,False,False
2022,CAR,RobeAn00,Andre Roberts,WR,Offense,2,16,14,16,Knee,Knee,True,False,False,False
2022,CAR,RoyxBr00,Bravvion Roy,DL,Defense,3,6,4,15,Unspecified (IR),,True,False,False,False
2022,CAR,ShenLa00,Laviska Shenault Jr.,WR,Offense,5,6,2,13,Hamstring,Hamstring,False,False,False,False
2022,CAR,SmitBr08,Brandon Smith,LB,Defense,2,2,1,16,Quad / Thigh,Thigh,False,False,False,False
2022,CAR,SmitBr08,Brandon Smith,LB,Defense,15,18,4,4,Ankle,Ankle,True,True,True,False
2022,CAR,SullSt00,Stephen Sullivan,TE,Offense,5,5,1,13,Back,Back,False,False,False,False
2022,CAR,ThomSt00,Stantley Thomas-Oliver,DB,Defense,4,18,14,14,Achilles,Achilles,True,True,True,False
2022,CAR,WalkPh00,P.J. Walker,QB,Offense,11,18,7,7,Ankle,Ankle,False,True,False,False
2022,CAR,WoodXa00,Xavier Woods,DB,Defense,5,5,1,13,Hamstring,Hamstring,False,False,False,False
2022,CAR,WoodXa00,Xavier Woods,DB,Defense,14,14,1,5,Knee,Knee,False,False,False,False
2022,CAR,WootCh00,Chandler Wooten,LB,Defense,18,18,1,1,Ankle,Ankle,False,True,False,False
2022,CHI,AdamMa00,Matthew Adams,LB,Defense,3,4,2,15,Hamstring,Hamstring,False,False,False,False
2022,CHI,AdamMa00,Matthew Adams,LB,Defense,6,10,5,12,Lower Leg,Calf,True,False,False,False
2022,CHI,BlacJo00,Josh Blackwell,DB,Defense,18,18,1,1,Unspecified (IR),,True,True,True,False
2022,CHI,BoroLa00,Larry Borom,OL,Offense,8,9,2,10,Head / Concussion,Concussion,False,False,False,False
2022,CHI,BoroLa00,Larry Borom,OL,Offense,13,15,2,5,Ankle,Ankle,False,False,False,False
2022,CHI,BrisJa01,Jaquan Brisker,DB,Defense,12,13,2,6,Head / Concussion,Concussion,False,False,False,False
2022,CHI,CartJa04,Ja'Tyre Carter,OL,Offense,9,17,8,9,Back,Back,False,False,False,False
2022,CHI,ClayCh01,Chase Claypool,WR,Offense,15,16,2,4,Knee,Knee,False,False,False,False
2022,CHI,CruiDa00,Dane Cruikshank,DB,Defense,3,5,3,15,Hamstring,Hamstring,False,False,False,False
2022,CHI,CruiDa00,Dane Cruikshank,DB,Defense,11,11,1,7,Hamstring,Hamstring,False,False,False,False
2022,CHI,CruiDa00,Dane Cruikshank,DB,Defense,13,18,5,5,Hamstring,Hamstring,True,True,True,False
2022,CHI,FielJu00,Justin Fields,QB,Offense,12,12,1,6,Shoulder,left Shoulder,False,False,False,False
2022,CHI,FielJu00,Justin Fields,QB,Offense,18,18,1,1,Hip / Groin,Hip,False,True,False,False
2022,CHI,GordKy00,Kyler Gordon,DB,Defense,12,13,2,6,Head / Concussion,Concussion,False,False,False,False
2022,CHI,GordKy00,Kyler Gordon,DB,Defense,18,18,1,1,Hip / Groin,Groin,False,True,False,False
2022,CHI,GrifRy00,Ryan Griffin,TE,Offense,3,4,2,15,Achilles,Achilles,False,False,False,False
2022,CHI,HarrNK00,N'Keal Harry,WR,Offense,1,6,6,17,Ankle,Ankle,True,False,False,False
2022,CHI,HarrNK00,N'Keal Harry,WR,Offense,15,15,1,4,Back,Back,False,False,False,False
2022,CHI,HerbKh00,Khalil Herbert,RB,Offense,11,15,4,7,Unspecified (IR),,True,False,False,False
2022,CHI,JackEd01,Eddie Jackson,DB,Defense,13,18,5,5,Unspecified (IR),,True,True,True,False
2022,CHI,JenkTe00,Teven Jenkins,OL,Offense,10,11,2,8,Hip / Groin,Hip,False,False,False,False
2022,CHI,JenkTe00,Teven Jenkins,OL,Offense,16,16,1,3,Neck,Neck,False,False,False,False
2022,CHI,JenkTe00,Teven Jenkins,OL,Offense,18,18,1,1,Neck,Neck,True,True,True,False
2022,CHI,JohnJa13,Jaylon Johnson,DB,Defense,3,5,3,15,Quad / Thigh,Quadricep,False,False,False,False
2022,CHI,JohnJa13,Jaylon Johnson,DB,Defense,16,18,3,3,Hand / Wrist,Finger,True,True,True,False
2022,CHI,JoneJa12,Jaylon Jones,DB,Defense,18,18,1,1,Head / Concussion,Concussion,False,True,False,False
2022,CHI,JoneVe00,Velus Jones Jr.,WR,Offense,1,3,3,17,Hamstring,Hamstring,False,False,False,False
2022,CHI,MontDa01,David Montgomery,RB,Offense,4,4,1,14,Ankle,Ankle,False,False,False,False
2022,CHI,MoonDa00,Darnell Mooney,WR,Offense,13,18,5,5,Unspecified (IR),,True,True,True,False
2022,CHI,MuhaAl00,Al-Quadin Muhammad,DL,Defense,10,10,1,8,Knee,Knee,False,False,False,False
2022,CHI,PatrLu00,Lucas Patrick,OL,Offense,8,18,10,10,Foot / Toe,Toe,True,True,True,False
2022,CHI,PrinBy00,Byron Pringle,WR,Offense,4,9,6,14,Unspecified (IR),,True,False,False,False
2022,CHI,ReifRi00,Riley Reiff,OL,Offense,2,2,1,16,Shoulder,Shoulder,False,False,False,False
2022,CHI,SanbJa00,Jack Sanborn,LB,Defense,16,18,3,3,Unspecified (IR),,True,True,True,False
2022,CHI,SchoMi00,Michael Schofield,OL,Offense,18,18,1,1,Unspecified (IR),,True,True,True,False
2022,CHI,SiemTr00,Trevor Siemian,QB,Offense,13,18,5,5,Core / Abdomen,Oblique,True,True,True,False
2022,CHI,St.BEq00,Equanimeous St. Brown,WR,Offense,16,16,1,3,Head / Concussion,Concussion,False,False,False,False
2022,CHI,VildKi00,Kindle Vildor,DB,Defense,10,10,1,8,Ankle,Ankle,False,False,False,False
2022,CHI,VildKi00,Kindle Vildor,DB,Defense,13,18,5,5,Ankle,Ankle,True,True,True,False
2022,CHI,WeatSt01,Sterling Weatherford,LB,Defense,12,12,1,6,Head / Concussion,Concussion,False,False,False,False
2022,CHI,WescTr00,Trevon Wesco,TE,Offense,15,16,2,4,Lower Leg,Calf,False,False,False,False
2022,CHI,WhitCo03,Cody Whitehair,OL,Offense,5,8,4,13,Unspecified (IR),,True,False,False,False
2022,CHI,WhitCo03,Cody Whitehair,OL,Offense,16,16,1,3,Knee,Knee,False,False,False,False
2022,CIN,ApplEl00,Eli Apple,DB,Defense,8,8,1,9,Hamstring,Hamstring,False,False,False,False
2022,CIN,AsiaDe00,Devin Asiasi,TE,Offense,1,2,2,16,Quad / Thigh,Quadricep,False,False,False,False
2022,CIN,AsiaDe00,Devin Asiasi,TE,Offense,5,5,1,12,Ankle,Ankle,False,False,False,False
2022,CIN,AwuzCh00,Chidobe Awuzie,DB,Defense,9,18,8,8,Knee,Knee,True,True,True,False
2022,CIN,BachJo01,Joe Bachie,LB,Defense,1,6,6,16,Unspecified (IR),,True,False,False,False
2022,CIN,ChasJa00,Ja'Marr Chase,WR,Offense,8,12,4,9,Hip / Groin,Hip,False,False,False,False
2022,CIN,CollLa01,La'el Collins,OL,Offense,18,18,1,1,Knee,Knee,True,True,True,False
2022,CIN,DaviJa06,Jalen Davis,DB,Defense,15,18,3,3,Hand / Wrist,Thumb,False,True,False,False
2022,CIN,EvanCh02,Chris Evans,RB,Offense,11,11,1,7,Knee,Knee,False,False,False,False
2022,CIN,FlowTr01,Tre Flowers,DB,Defense,9,9,1,8,Hamstring,Hamstring,False,False,False,False
2022,CIN,GuntJe01,Jeff Gunter,DL,Defense,6,7,2,11,Knee,Knee,False,False,False,False
2022,CIN,HendTr00,Trey Hendrickson,DL,Defense,15,15,1,3,Hand / Wrist,Wrist,False,False,False,False
2022,CIN,HillDa04,Daxton Hill,DB,Defense,11,11,1,7,Shoulder,Shoulder,False,False,False,False
2022,CIN,HiltMi01,Mike Hilton,DB,Defense,9,9,1,8,Hand / Wrist,Finger,False,False,False,False
2022,CIN,HiltMi01,Mike Hilton,DB,Defense,15,15,1,3,Knee,Knee,False,False,False,False
2022,CIN,HubbSa00,Sam Hubbard,DL,Defense,16,16,1,2,Lower Leg,Calf,False,False,False,False
2022,CIN,HursHa00,Hayden Hurst,TE,Offense,14,16,3,4,Lower Leg,Calf,False,False,False,False
2022,CIN,MixoJo00,Joe Mixon,RB,Offense,12,13,2,6,Head / Concussion,Concussion,False,False,False,False
2022,CIN,MorgSt02,Stanley Morgan Jr.,WR,Offense,7,8,2,10,Hamstring,Hamstring,False,False,False,False
2022,CIN,PratGe00,Germaine Pratt,LB,Defense,3,3,1,14,Knee,Knee,False,False,False,False
2022,CIN,ReadD.00,D.J. Reader,DL,Defense,4,9,6,13,Knee,Knee,True,False,False,False
2022,CIN,SampDr00,Drew Sample,TE,Offense,3,18,14,14,Knee,Knee,True,True,True,False
2022,CIN,TaylCa01,Cam Taylor-Britt,DB,Defense,1,6,6,16,Unspecified (IR),,True,False,False,False
2022,CIN,TupoJo00,Josh Tupou,DL,Defense,7,12,5,10,Lower Leg,Calf,False,False,False,False
2022,CIN,WilsLo00,Logan Wilson,LB,Defense,7,7,1,10,Shoulder,Shoulder,False,False,False,False
2022,CLE,BellDA03,D'Anthony Bell,DB,Defense,11,11,1,8,Head / Concussion,Concussion,False,False,False,False
2022,CLE,BellDa02,David Bell,WR,Offense,15,15,1,4,Hand / Wrist,Thumb,False,False,False,False
2022,CLE,BryaTa00,Taven Bryan,DL,Defense,4,4,1,14,Hamstring,Hamstring,False,False,False,False
2022,CLE,ClowJa00,Jadeveon Clowney,DL,Defense,3,4,2,15,Ankle,Ankle,False,False,False,False
2022,CLE,ClowJa00,Jadeveon Clowney,DL,Defense,6,6,1,12,Ankle,"ankle, knee, elbow",False,False,False,False
2022,CLE,ClowJa00,Jadeveon Clowney,DL,Defense,16,16,1,3,Head / Concussion,Concussion,False,False,False,False
2022,CLE,ConkJa00,Jack Conklin,OL,Offense,1,2,2,17,Knee,Knee,False,False,False,False
2022,CLE,ConkJa00,Jack Conklin,OL,Offense,18,18,1,1,Ankle,Ankle,False,True,False,False
2022,CLE,DunnMi01,Michael Dunn,OL,Offense,10,18,9,9,Back,Back,True,True,True,False
2022,CLE,FeltDe00,Demetric Felton,RB,Offense,5,6,2,13,Hand / Wrist,Wrist,False,False,False,False
2022,CLE,FordJe00,Jerome Ford,RB,Offense,5,8,4,13,Unspecified (IR),,True,False,False,False
2022,CLE,GarrMy00,Myles Garrett,DL,Defense,4,4,1,14,Shoulder,Shoulder,False,False,False,False
2022,CLE,HaegJo00,Joe Haeg,OL,Offense,3,18,15,15,Head / Concussion,Concussion,True,True,True,False
2022,CLE,HubbCh00,Chris Hubbard,OL,Offense,1,10,9,17,Arm / Elbow,Elbow,False,False,False,False
2022,CLE,JameJe00,Jesse James,TE,Offense,3,18,15,15,Arm / Elbow,Biceps,True,True,True,False
2022,CLE,JoneDe01,Deion Jones,LB,Defense,6,6,1,12,Unspecified (IR),,True,False,False,False
2022,CLE,KunaJo00,Jordan Kunaszyk,LB,Defense,17,18,2,2,Hamstring,Hamstring,True,True,True,False
2022,CLE,NewsGr00,Greg Newsome II,DB,Defense,11,12,2,8,Head / Concussion,Concussion,False,False,False,False
2022,CLE,NjokDa00,David Njoku,TE,Offense,8,10,2,10,Ankle,Ankle,False,False,False,False
2022,CLE,NjokDa00,David Njoku,TE,Offense,13,13,1,6,Knee,Knee,False,False,False,False
2022,CLE,OwusJe00,Jeremiah Owusu-Koramoah,LB,Defense,8,10,2,10,Knee,Knee,False,False,False,False
2022,CLE,OwusJe00,Jeremiah Owusu-Koramoah,LB,Defense,15,18,4,4,Unspecified (IR),,True,True,True,False
2022,CLE,PhilJa01,Jacob Phillips,LB,Defense,8,18,10,10,Unspecified (IR),,True,True,True,False
2022,CLE,PociEt00,Ethan Pocic,OL,Offense,12,15,4,7,Ankle,Ankle,True,False,False,False
2022,CLE,RochIs00,Isaac Rochell,DL,Defense,7,7,1,11,Knee,Knee,False,False,False,False
2022,CLE,SchwAn00,Anthony Schwartz,WR,Offense,14,18,5,5,Head / Concussion,Concussion,True,True,True,False
2022,CLE,TakiSi00,Sione Takitaki,LB,Defense,14,18,5,5,Unspecified (IR),,True,True,True,False
2022,CLE,TellWy00,Wyatt Teller,OL,Offense,7,8,2,11,Lower Leg,Calf,False,False,False,False
2022,CLE,ThomIs01,Isaiah Thomas,DL,Defense,1,1,1,17,Hand / Wrist,Hand,False,False,False,False
2022,CLE,ThomIs01,Isaiah Thomas,DL,Defense,3,3,1,15,Hand / Wrist,Hand,False,False,False,False
2022,CLE,ThomIs01,Isaiah Thomas,DL,Defense,17,18,2,2,Foot / Toe,Foot,False,True,False,False
2022,CLE,WalkAn01,Anthony Walker,LB,Defense,4,18,14,14,Unspecified (IR),,True,True,True,False
2022,CLE,WardDe02,Denzel Ward,DB,Defense,6,8,3,12,Head / Concussion,Concussion,False,False,False,False
2022,CLE,WillGr00,Greedy Williams,DB,Defense,1,5,5,17,Hamstring,Hamstring,True,False,False,False
2022,CLE,WinfPe00,Perrion Winfrey,DL,Defense,8,11,3,10,Head / Concussion,Concussion,False,False,False,False
2022,CLE,WinoCh00,Chase Winovich,DL,Defense,3,10,7,15,Hamstring,Hamstring,True,False,False,False
2022,CLE,WinoCh00,Chase Winovich,DL,Defense,14,14,1,5,Knee,Knee,False,False,False,False
2022,CLE,WoodMi00,Michael Woods II,WR,Offense,1,5,5,17,Hamstring,Hamstring,False,False,False,False
2022,DAL,BarrAn00,Anthony Barr,LB,Defense,10,12,3,9,Hamstring,Hamstring,False,False,False,False
2022,DAL,BashTa00,Tarell Basham,DL,Defense,2,8,7,16,Quad / Thigh,Thigh,True,False,False,False
2022,DAL,BiadTy00,Tyler Biadasz,OL,Offense,18,18,1,1,Ankle,Ankle,False,True,False,False
2022,DAL,BohaQu00,Quinton Bohanna,DL,Defense,5,5,1,13,Neck,Neck,False,False,False,False
2022,DAL,BohaQu00,Quinton Bohanna,DL,Defense,13,13,1,6,Knee,Knee,False,False,False,False
2022,DAL,BrowAn02,Anthony Brown,DB,Defense,14,18,5,5,Achilles,Achilles,True,True,True,False
2022,DAL,BrowNo00,Noah Brown,WR,Offense,8,8,1,10,Foot / Toe,Foot,False,False,False,False
2022,DAL,ClarDa02,Damone Clark,LB,Defense,1,7,7,17,Neck,Neck,True,False,False,False
2022,DAL,DowdRi01,Rico Dowdle,RB,Offense,6,18,12,12,Ankle,Ankle,True,True,True,False
2022,DAL,ElliEz00,Ezekiel Elliott,RB,Offense,8,10,2,10,Knee,Knee,False,False,False,False
2022,DAL,FarnMa00,Matt Farniok,OL,Offense,8,18,10,10,Unspecified (IR),,True,True,True,False
2022,DAL,FehoSi00,Simi Fehoko,WR,Offense,6,18,12,12,Unspecified (IR),,True,True,True,False
2022,DAL,FergJa00,Jake Ferguson,TE,Offense,15,15,1,4,Head / Concussion,Concussion,False,False,False,False
2022,DAL,GallMi00,Michael Gallup,WR,Offense,1,3,3,17,Knee,Knee,False,False,False,False
2022,DAL,GallNe00,Neville Gallimore,DL,Defense,7,7,1,11,Hand / Wrist,Wrist,False,False,False,False
2022,DAL,HankJo00,Johnathan Hankins,DL,Defense,15,18,4,4,Unspecified (IR),,True,True,True,False
2022,DAL,HarpDe00,Devin Harper,LB,Defense,4,18,14,14,Achilles,Achilles,True,True,True,False
2022,DAL,HillTr00,Trysten Hill,DL,Defense,8,8,1,10,Quad / Thigh,Thigh,False,False,False,False
2022,DAL,HookMa00,Malik Hooker,DB,Defense,8,8,1,10,Hamstring,Hamstring,False,False,False,False
2022,DAL,KearJa00,Jayron Kearse,DB,Defense,2,4,3,16,Knee,Knee,False,False,False,False
2022,DAL,LewiJo01,Jourdan Lewis,DB,Defense,8,18,10,10,Unspecified (IR),,True,True,True,False
2022,DAL,McGoCo01,Connor McGovern,OL,Offense,2,3,2,16,Ankle,Ankle,False,False,False,False
2022,DAL,PeteJa21,Jason Peters,OL,Offense,5,5,1,13,Chest / Ribs,Chest,False,False,False,False
2022,DAL,PollTo00,Tony Pollard,RB,Offense,17,17,1,2,Quad / Thigh,Thigh,False,False,False,False
2022,DAL,PresDa01,Dak Prescott,QB,Offense,2,6,5,16,Hand / Wrist,right Thumb,False,False,False,False
2022,DAL,SchuDa00,Dalton Schultz,TE,Offense,3,3,1,15,Knee,Knee,False,False,False,False
2022,DAL,SchuDa00,Dalton Schultz,TE,Offense,6,6,1,12,Knee,Knee,False,False,False,False
2022,DAL,SmitTy00,Tyron Smith,OL,Offense,1,14,13,17,Unspecified (IR),,True,False,False,False
2022,DAL,SteeTe01,Terence Steele,OL,Offense,15,18,4,4,Unspecified (IR),,True,True,True,False
2022,DAL,VandLe00,Leighton Vander Esch,LB,Defense,16,18,3,3,Neck,Neck,False,True,False,False
2022,DAL,WaleMa00,Matt Waletzko,OL,Offense,4,18,14,14,Shoulder,Shoulder,True,True,True,False
2022,DAL,WashJa00,James Washington,WR,Offense,1,13,12,17,Unspecified (IR),,True,False,False,False
2022,DAL,WillSa00,Sam Williams,DL,Defense,8,8,1,10,Knee,Knee,False,False,False,False
2022,DAL,WillSa00,Sam Williams,DL,Defense,16,16,1,3,Head / Concussion,Concussion,False,False,False,False
2022,DEN,AlleDa01,Dakota Allen,LB,Defense,13,14,2,6,Hamstring,Hamstring,False,False,False,False
2022,DEN,AlleDa01,Dakota Allen,LB,Defense,16,18,3,3,Hamstring,Hamstring,True,True,True,False
2022,DEN,AndeCa00,Calvin Anderson,OL,Offense,16,18,3,3,Ankle,Ankle,False,True,False,False
2022,DEN,BassEs01,Essang Bassey,DB,Defense,7,8,2,11,Hamstring,Hamstring,False,False,False,False
2022,DEN,BeckAn01,Andrew Beck,TE,Offense,10,11,2,9,Hamstring,Hamstring,False,False,False,False
2022,DEN,BeckAn01,Andrew Beck,TE,Offense,13,14,2,6,Hamstring,Hamstring,False,False,False,False
2022,DEN,BollGa00,Garett Bolles,OL,Offense,6,18,12,12,Unspecified (IR),,True,True,True,False
2022,DEN,BoonMi00,Mike Boone,RB,Offense,8,12,4,10,Unspecified (IR),,True,False,False,False
2022,DEN,BoonMi00,Mike Boone,RB,Offense,15,18,4,4,Unspecified (IR),,True,True,True,False
2022,DEN,BrowBa01,Baron Browning,LB,Defense,8,10,2,10,Hip / Groin,Hip,False,False,False,False
2022,DEN,BrowBa01,Baron Browning,LB,Defense,17,17,1,2,Back,Back,False,False,False,False
2022,DEN,ClevTy00,Tyrie Cleveland,WR,Offense,3,4,2,15,Hamstring,Hamstring,False,False,False,False
2022,DEN,ClevTy00,Tyrie Cleveland,WR,Offense,8,8,1,10,Hip / Groin,Groin,False,False,False,False
2022,DEN,CompTo00,Tom Compton,OL,Offense,1,14,13,17,Back,Back,True,False,False,False
2022,DEN,CompTo00,Tom Compton,OL,Offense,16,18,3,3,Unspecified (IR),,True,True,True,False
2022,DEN,CoopJo02,Jonathon Cooper,LB,Defense,3,5,3,15,Hamstring,Hamstring,False,False,False,False
2022,DEN,CushLl00,Lloyd Cushenberry III,OL,Offense,10,18,9,9,Unspecified (IR),,True,True,True,False
2022,DEN,DarbRo00,Ronald Darby,DB,Defense,6,18,12,12,Unspecified (IR),,True,True,True,False
2022,DEN,DulcGr00,Greg Dulcich,TE,Offense,1,5,5,17,Unspecified (IR),,True,False,False,False
2022,DEN,DulcGr00,Greg Dulcich,TE,Offense,17,18,2,2,Hamstring,Hamstring,True,True,True,False
2022,DEN,EdmoCh00,Chase Edmonds,RB,Offense,12,15,4,7,Unspecified (IR),,True,False,False,False
2022,DEN,FlemCa00,Cameron Fleming,OL,Offense,8,10,2,10,Quad / Thigh,Quadricep,False,False,False,False
2022,DEN,GregRa00,Randy Gregory,DL,Defense,5,14,9,13,Knee,Knee,True,False,False,False
2022,DEN,GregRa00,Randy Gregory,DL,Defense,17,18,2,2,Knee,Knee,True,True,True,False
2022,DEN,GrifJo01,Jonas Griffith,LB,Defense,11,18,8,8,Ankle,Ankle,True,True,True,False
2022,DEN,HamlKJ00,KJ Hamler,WR,Offense,2,2,1,16,Knee,Knee,False,False,False,False
2022,DEN,HamlKJ00,KJ Hamler,WR,Offense,10,18,9,9,Hamstring,Hamstring,True,True,True,False
2022,DEN,HarrJo05,Jonathan Harris,DL,Defense,12,13,2,7,Knee,Knee,False,False,False,False
2022,DEN,HintKe00,Kendall Hinton,WR,Offense,15,16,2,4,Hamstring,Hamstring,False,False,False,False
2022,DEN,HintKe00,Kendall Hinton,WR,Offense,18,18,1,1,Chest / Ribs,Chest,False,True,False,False
2022,DEN,JeudJe00,Jerry Jeudy,WR,Offense,11,12,2,8,Ankle,Ankle,False,False,False,False
2022,DEN,JeweJo00,Josey Jewell,LB,Defense,1,2,2,17,Lower Leg,Calf,False,False,False,False
2022,DEN,JeweJo00,Josey Jewell,LB,Defense,6,7,2,12,Knee,Knee,False,False,False,False
2022,DEN,JoneD.01,D.J. Jones,DL,Defense,17,18,2,2,Knee,Knee,False,True,False,False
2022,DEN,JoneDr00,Dre'Mont Jones,DL,Defense,15,18,4,4,Hip / Groin,Hip,True,True,True,False
2022,DEN,LockPJ00,P.J. Locke,DB,Defense,5,5,1,13,Head / Concussion,Concussion,False,False,False,False
2022,DEN,MackMa00,Marlon Mack,RB,Offense,18,18,1,1,Unspecified (IR),,True,True,True,False
2022,DEN,MartJa02,Jacob Martin,DL,Defense,15,18,4,4,Unspecified (IR),,True,True,True,False
2022,DEN,MathDa00,Damarri Mathis,DB,Defense,18,18,1,1,Head / Concussion,Concussion,False,True,False,False
2022,DEN,MeinQu02,Quinn Meinerz,OL,Offense,2,5,4,16,Hamstring,Hamstring,False,False,False,False
2022,DEN,OjemMi00,Michael Ojemudia,DB,Defense,1,5,5,17,Unspecified (IR),,True,False,False,False
2022,DEN,PatrAa00,Aaron Patrick,LB,Defense,5,5,1,13,Head / Concussion,Concussion,False,False,False,False
2022,DEN,PatrAa00,Aaron Patrick,LB,Defense,7,18,11,11,Head / Concussion,Concussion,True,True,True,False
2022,DEN,PhilDa02,Darius Phillips,DB,Defense,3,6,4,15,Hamstring,Hamstring,False,False,False,False
2022,DEN,PhilDa02,Darius Phillips,DB,Defense,16,18,3,3,Unspecified (IR),,True,True,True,False
2022,DEN,RisnDa00,Dalton Risner,OL,Offense,14,14,1,5,Shoulder,Shoulder,False,False,False,False
2022,DEN,RisnDa00,Dalton Risner,OL,Offense,18,18,1,1,Foot / Toe,Foot,True,True,True,False
2022,DEN,SimmJu00,Justin Simmons,DB,Defense,2,5,4,16,Unspecified (IR),,True,False,False,False
2022,DEN,SimmJu00,Justin Simmons,DB,Defense,10,10,1,9,Knee,Knee,False,False,False,False
2022,DEN,SterCa00,Caden Sterns,DB,Defense,6,18,12,12,Hip / Groin,Hip,True,True,True,False
2022,DEN,SuttCo00,Courtland Sutton,WR,Offense,14,15,2,5,Hamstring,Hamstring,False,False,False,False
2022,DEN,TurnBi00,Billy Turner,OL,Offense,1,5,5,17,Knee,Knee,False,False,False,False
2022,DEN,TurnBi00,Billy Turner,OL,Offense,11,14,4,8,Unspecified (IR),,True,False,False,False
2022,DEN,WillJa10,Javonte Williams,RB,Offense,5,18,13,13,Knee,Knee,True,True,True,False
2022,DEN,WillKW00,K'Waun Williams,DB,Defense,11,13,3,8,Hand / Wrist,Wrist,False,False,False,False
2022,DEN,WilsRu00,Russell Wilson,QB,Offense,7,7,1,11,Hamstring,Hamstring,False,False,False,False
2022,DEN,WilsRu00,Russell Wilson,QB,Offense,15,15,1,4,Head / Concussion,Concussion,False,False,False,False
2022,DET,AwosKa00,Kayode Awosika,OL,Offense,5,5,1,13,Hamstring,Hamstring,False,False,False,False
2022,DET,AwosKa00,Kayode Awosika,OL,Offense,14,18,5,5,Ankle,Ankle,False,True,False,False
2022,DET,BarnDe02,Derrick Barnes,LB,Defense,14,15,2,5,Knee,Knee,False,False,False,False
2022,DET,BensTr00,Trinity Benson,WR,Offense,11,18,8,8,Knee,Knee,True,True,True,False
2022,DET,BrocMi00,Michael Brockers,DL,Defense,12,18,7,7,Ankle,Ankle,False,True,False,False
2022,DET,BrowEv00,Evan Brown,OL,Offense,12,14,3,7,Ankle,Ankle,False,False,False,False
2022,DET,CabiJa00,Jason Cabinda,RB,Offense,1,9,8,17,Unspecified (IR),,True,False,False,False
2022,DET,CephQu00,Quintez Cephus,WR,Offense,5,18,13,13,Foot / Toe,Foot,True,True,True,False
2022,DET,CharDJ00,DJ Chark,WR,Offense,4,10,6,14,Ankle,Ankle,True,False,False,False
2022,DET,ComiJo00,John Cominsky,DL,Defense,3,5,3,15,Hand / Wrist,Wrist,False,False,False,False
2022,DET,ElliDe02,DeShon Elliott,DB,Defense,8,8,1,11,Hand / Wrist,Finger,False,False,False,False
2022,DET,ElliDe02,DeShon Elliott,DB,Defense,16,17,2,3,Shoulder,Shoulder,False,False,False,False
2022,DET,HarrCh03,Charles Harris,LB,Defense,5,8,3,13,Hip / Groin,Groin,False,False,False,False
2022,DET,HarrCh03,Charles Harris,LB,Defense,11,18,8,8,Hip / Groin,Groin,True,True,True,False
2022,DET,HarrWi02,Will Harris,DB,Defense,7,7,1,12,Hip / Groin,Hip,False,False,False,False
2022,DET,HarrWi02,Will Harris,DB,Defense,14,14,1,5,Hip / Groin,Hip,False,False,False,False
2022,DET,HughMi00,Mike Hughes,DB,Defense,8,8,1,11,Knee,Knee,False,False,False,False
2022,DET,JackJo03,Jonah Jackson,OL,Offense,2,4,3,16,Hand / Wrist,Finger,False,False,False,False
2022,DET,JackJo03,Jonah Jackson,OL,Offense,12,12,1,7,Head / Concussion,Concussion,False,False,False,False
2022,DET,JackJu01,Justin Jackson,RB,Offense,17,17,1,2,Hip / Groin,Hip,False,False,False,False
2022,DET,JacoJe00,Jerry Jacobs,DB,Defense,1,5,5,17,Unspecified (IR),,True,False,False,False
2022,DET,LucaCh01,Chase Lucas,DB,Defense,8,11,4,11,Ankle,Ankle,False,False,False,False
2022,DET,LucaCh01,Chase Lucas,DB,Defense,14,18,5,5,Hamstring,Hamstring,True,True,True,False
2022,DET,MeliIf00,Ifeatu Melifonwu,DB,Defense,1,3,3,17,Hamstring,Hamstring,False,False,False,False
2022,DET,MeliIf00,Ifeatu Melifonwu,DB,Defense,7,10,4,12,Ankle,Ankle,False,False,False,False
2022,DET,NelsMa00,Matt Nelson,OL,Offense,5,11,6,13,Lower Leg,Calf,False,False,False,False
2022,DET,OkudJe00,Jeff Okudah,DB,Defense,12,12,1,7,Head / Concussion,Concussion,False,False,False,False
2022,DET,OkudJe00,Jeff Okudah,DB,Defense,18,18,1,1,Arm / Elbow,Elbow,False,True,False,False
2022,DET,OkwaJu00,Julian Okwara,LB,Defense,1,1,1,17,Hamstring,Hamstring,False,False,False,False
2022,DET,OkwaJu00,Julian Okwara,LB,Defense,13,18,6,6,Arm / Elbow,Elbow,True,True,True,False
2022,DET,OkwaRo01,Romeo Okwara,LB,Defense,1,13,12,17,Unspecified (IR),,True,False,False,False
2022,DET,OruwAm00,Amani Oruwariye,DB,Defense,2,2,1,16,Back,Back,False,False,False,False
2022,DET,ParkAJ00,AJ Parker,DB,Defense,9,18,10,10,Hip / Groin,Hip,False,True,False,False
2022,DET,PascJo00,Josh Paschal,DL,Defense,1,5,5,17,Unspecified (IR),,True,False,False,False
2022,DET,PascJo00,Josh Paschal,DL,Defense,11,12,2,8,Knee,Knee,False,False,False,False
2022,DET,PricBo00,Bobby Price,DB,Defense,7,18,12,12,Knee,Knee,True,True,True,False
2022,DET,RagnFr00,Frank Ragnow,OL,Offense,2,2,1,16,Hip / Groin,Groin,False,False,False,False
2022,DET,ReynCr00,Craig Reynolds,RB,Offense,10,16,7,9,Unspecified (IR),,True,False,False,False
2022,DET,ReynJo00,Josh Reynolds,WR,Offense,9,11,3,10,Back,Back,False,False,False,False
2022,DET,RodrMa00,Malcolm Rodriguez,LB,Defense,10,10,1,9,Arm / Elbow,Elbow,False,False,False,False
2022,DET,StxxAm00,Amon-Ra St. Brown,WR,Offense,4,4,1,14,Ankle,Ankle,False,False,False,False
2022,DET,SwifDA00,D'Andre Swift,RB,Offense,4,7,3,14,Shoulder,Shoulder,False,False,False,False
2022,DET,WalkTr01,Tracy Walker,DB,Defense,4,18,14,14,Unspecified (IR),,True,True,True,False
2022,DET,WillJa11,Jameson Williams,WR,Offense,1,12,11,17,Unspecified (IR),,True,False,False,False
2022,GB,AlexJa00,Jaire Alexander,DB,Defense,4,4,1,14,Hip / Groin,Groin,False,False,False,False
2022,GB,BakhDa00,David Bakhtiari,OL,Offense,1,2,2,17,Knee,Knee,False,False,False,False
2022,GB,BakhDa00,David Bakhtiari,OL,Offense,7,7,1,11,Knee,Knee,False,False,False,False
2022,GB,BakhDa00,David Bakhtiari,OL,Offense,13,16,3,5,Knee,Knee,False,False,False,False
2022,GB,BarnKr00,Krys Barnes,LB,Defense,2,8,7,16,Head / Concussion,Concussion,True,False,False,False
2022,GB,BarnKr00,Krys Barnes,LB,Defense,10,10,1,8,Head / Concussion,Concussion,False,False,False,False
2022,GB,BarnKr00,Krys Barnes,LB,Defense,13,15,2,5,Hand / Wrist,Hand,False,False,False,False
2022,GB,BarnKr00,Krys Barnes,LB,Defense,17,17,1,2,Hand / Wrist,Hand,False,False,False,False
2022,GB,CampDe00,De'Vondre Campbell,LB,Defense,9,12,4,9,Knee,Knee,False,False,False,False
2022,GB,CobbRa00,Randall Cobb,WR,Offense,7,10,4,11,Ankle,Ankle,True,False,False,False
2022,GB,DoubRo00,Romeo Doubs,WR,Offense,10,13,4,8,Ankle,Ankle,False,False,False,False
2022,GB,GaleTi01,Tipa Galeai,LB,Defense,6,17,11,12,Hamstring,Hamstring,True,False,False,False
2022,GB,GaryRa00,Rashan Gary,LB,Defense,10,18,8,8,Knee,Knee,True,True,True,False
2022,GB,HansJa00,Jake Hanson,OL,Offense,7,18,11,11,Arm / Elbow,Biceps,True,True,True,False
2022,GB,HillKy00,Kylin Hill,RB,Offense,1,8,8,17,Unspecified (IR),,True,False,False,False
2022,GB,JeanSh00,Shemar Jean-Charles,DB,Defense,8,18,10,10,Ankle,Ankle,False,True,False,False
2022,GB,JenkEl00,Elgton Jenkins,OL,Offense,1,1,1,17,Chest / Ribs,Pectoral,False,False,False,False
2022,GB,JenkEl00,Elgton Jenkins,OL,Offense,8,8,1,10,Knee,Knee,False,False,False,False
2022,GB,LazaAl00,Allen Lazard,WR,Offense,1,1,1,17,Ankle,Ankle,False,False,False,False
2022,GB,LazaAl00,Allen Lazard,WR,Offense,8,8,1,10,Shoulder,Shoulder,False,False,False,False
2022,GB,LowrDe00,Dean Lowry,DL,Defense,17,18,2,2,Unspecified (IR),,True,True,True,False
2022,GB,SavaDa00,Darnell Savage Jr.,DB,Defense,13,13,1,5,Foot / Toe,Foot,False,False,False,False
2022,GB,StokEr00,Eric Stokes,DB,Defense,10,18,8,8,Ankle,Ankle,True,True,True,False
2022,GB,WatkSa00,Sammy Watkins,WR,Offense,3,6,4,15,Hamstring,Hamstring,True,False,False,False
2022,GB,WatsCh00,Christian Watson,WR,Offense,3,3,1,15,Hamstring,Hamstring,False,False,False,False
2022,GB,WatsCh00,Christian Watson,WR,Offense,6,7,2,12,Hamstring,Hamstring,False,False,False,False
2022,GB,WyatDe00,Devonte Wyatt,DL,Defense,5,5,1,13,Quad / Thigh,Quadricep,False,False,False,False
2022,HOU,AddiMa00,Mario Addison,DL,Defense,1,4,4,17,Quad / Thigh,Thigh,True,False,False,False
2022,HOU,ArnoGr01,Grayland Arnold,DB,Defense,9,15,7,10,Quad / Thigh,Quadricep,True,False,False,False
2022,HOU,BrowPh01,Pharaoh Brown,TE,Offense,4,4,1,14,Shoulder,Shoulder,False,False,False,False
2022,HOU,BurkRe00,Rex Burkhead,RB,Offense,13,13,1,6,Head / Concussion,Concussion,False,False,False,False
2022,HOU,CashBl00,Blake Cashman,LB,Defense,5,5,1,13,Head / Concussion,Concussion,False,False,False,False
2022,HOU,CollMa00,Maliek Collins,DL,Defense,8,9,2,11,Chest / Ribs,Chest,False,False,False,False
2022,HOU,CollNi00,Nico Collins,WR,Offense,8,9,2,11,Hip / Groin,Groin,False,False,False,False
2022,HOU,CollNi00,Nico Collins,WR,Offense,14,18,5,5,Foot / Toe,Foot,True,True,True,False
2022,HOU,CookBr00,Brandin Cooks,WR,Offense,9,9,1,10,Hand / Wrist,Wrist,False,False,False,False
2022,HOU,CookBr00,Brandin Cooks,WR,Offense,13,15,3,6,Lower Leg,Calf,False,False,False,False
2022,HOU,DecuAu00,Austin Deculus,OL,Offense,1,13,12,17,Ankle,Ankle,False,False,False,False
2022,HOU,DorsPh00,Phillip Dorsett,WR,Offense,18,18,1,1,Hamstring,Hamstring,False,True,False,False
2022,HOU,DwumMi00,Michael Dwumfour,DL,Defense,7,10,4,12,Unspecified (IR),,True,False,False,False
2022,HOU,GreeJo04,Jonathan Greenard,DL,Defense,5,14,9,13,Ankle,Ankle,True,False,False,False
2022,HOU,GreeKe03,Kenyon Green,OL,Offense,15,16,2,4,Ankle,Ankle,False,False,False,False
2022,HOU,GreeRa01,Rasheem Green,DL,Defense,1,1,1,17,Quad / Thigh,Thigh,False,False,False,False
2022,HOU,HairTr00,Troy Hairston,RB,Offense,14,14,1,5,Chest / Ribs,Chest,False,False,False,False
2022,HOU,HarrCh06,Christian Harris,LB,Defense,1,5,5,17,Unspecified (IR),,True,False,False,False
2022,HOU,HewiNe00,Neville Hewitt,LB,Defense,9,11,3,10,Hamstring,Hamstring,False,False,False,False
2022,HOU,HiniKu00,Kurt Hinish,DL,Defense,3,3,1,15,Foot / Toe,Foot,False,False,False,False
2022,HOU,HiniKu00,Kurt Hinish,DL,Defense,14,14,1,5,Shoulder,Shoulder,False,False,False,False
2022,HOU,HowaO.00,O.J. Howard,TE,Offense,18,18,1,1,Hip / Groin,Hip,False,True,False,False
2022,HOU,JordBr00,Brevin Jordan,TE,Offense,3,5,3,15,Ankle,Ankle,False,False,False,False
2022,HOU,McCrJu00,Justin McCray,OL,Offense,9,9,1,10,Head / Concussion,Concussion,False,False,False,False
2022,HOU,McCrJu00,Justin McCray,OL,Offense,14,15,2,5,Hamstring,Hamstring,False,False,False,False
2022,HOU,McCrJu00,Justin McCray,OL,Offense,17,18,2,2,Hamstring,Hamstring,False,True,False,False
2022,HOU,MoorCh00,Chris Moore,WR,Offense,5,5,1,13,Hip / Groin,Hip,False,False,False,False
2022,HOU,MorrJi00,Jimmy Morrissey,OL,Offense,17,18,2,2,Head / Concussion,Concussion,False,True,False,False
2022,HOU,NelsSt01,Steven Nelson,DB,Defense,15,15,1,4,Foot / Toe,Foot,False,False,False,False
2022,HOU,PierDa01,Dameon Pierce,RB,Offense,15,18,4,4,Ankle,Ankle,True,True,True,False
2022,HOU,PierKe00,Kevin Pierre-Louis,LB,Defense,3,18,15,15,Unspecified (IR),,True,True,True,False
2022,HOU,QuitTe00,Teagan Quitoriano,TE,Offense,1,8,7,17,Unspecified (IR),,True,False,False,False
2022,HOU,QuitTe00,Teagan Quitoriano,TE,Offense,17,17,1,2,Quad / Thigh,Thigh,False,False,False,False
2022,HOU,StalTa00,Taylor Stallworth,DL,Defense,15,18,4,4,Lower Leg,Calf,True,True,True,False
2022,HOU,StinDe00,Derek Stingley Jr.,DB,Defense,11,18,8,8,Hamstring,Hamstring,True,True,True,False
2022,HOU,ThomTa01,Tavierre Thomas,DB,Defense,1,8,7,17,Unspecified (IR),,True,False,False,False
2022,HOU,YiadIs00,Isaac Yiadom,DB,Defense,3,4,2,15,Quad / Thigh,Thigh,False,False,False,False
2022,IND,BlacJu01,Julian Blackmon,DB,Defense,4,6,3,14,Ankle,Ankle,False,False,False,False
2022,IND,BrowTo01,Tony Brown,DB,Defense,9,9,1,9,Hamstring,Hamstring,False,False,False,False
2022,IND,CoutKe00,Keke Coutee,WR,Offense,7,7,1,11,Head / Concussion,Concussion,False,False,False,False
2022,IND,DenbTr00,Trevor Denbow,DB,Defense,1,8,8,17,Unspecified (IR),,True,False,False,False
2022,IND,DomaJo00,JoJo Domann,LB,Defense,7,7,1,11,Core / Abdomen,Abdomen,False,False,False,False
2022,IND,DuliAs00,Ashton Dulin,WR,Offense,6,9,4,12,Unspecified (IR),,True,False,False,False
2022,IND,DuliAs00,Ashton Dulin,WR,Offense,17,17,1,2,Head / Concussion,Concussion,False,False,False,False
2022,IND,FoleNi00,Nick Foles,QB,Offense,18,18,1,1,Chest / Ribs,Ribs,False,True,False,False
2022,IND,GilmSt00,Stephon Gilmore,DB,Defense,18,18,1,1,Hand / Wrist,Wrist,False,True,False,False
2022,IND,GranKy00,Kylen Granson,TE,Offense,16,18,3,3,Ankle,Ankle,False,True,False,False
2022,IND,HineNy00,Nyheim Hines,RB,Offense,6,6,1,12,Head / Concussion,Concussion,False,False,False,False
2022,IND,JackDe02,Deon Jackson,RB,Offense,10,10,1,8,Knee,Knee,False,False,False,False
2022,IND,LeonDa00,Shaquille Leonard,LB,Defense,1,3,3,17,Back,Back,False,False,False,False
2022,IND,LeonDa00,Shaquille Leonard,LB,Defense,5,7,3,13,Head / Concussion,Concussion,False,False,False,False
2022,IND,LeonDa00,Shaquille Leonard,LB,Defense,10,18,8,8,Back,Back,True,True,True,False
2022,IND,LewiTy00,Tyquan Lewis,DL,Defense,5,5,1,13,Head / Concussion,Concussion,False,False,False,False
2022,IND,LewiTy00,Tyquan Lewis,DL,Defense,9,18,9,9,Unspecified (IR),,True,True,True,False
2022,IND,MoorKe03,Kenny Moore,DB,Defense,13,18,5,5,Ankle,Ankle,True,True,True,False
2022,IND,NgakYa00,Yannick Ngakoue,DL,Defense,17,18,2,2,Neck,Throat,True,True,True,False
2022,IND,PayeKw00,Kwity Paye,DL,Defense,6,8,3,12,Ankle,Ankle,False,False,False,False
2022,IND,PayeKw00,Kwity Paye,DL,Defense,11,12,2,7,Ankle,Ankle,False,False,False,False
2022,IND,PierAl00,Alec Pierce,WR,Offense,2,2,1,16,Head / Concussion,Concussion,False,False,False,False
2022,IND,PittMi01,Michael Pittman Jr.,WR,Offense,2,2,1,16,Quad / Thigh,Quadricep,False,False,False,False
2022,IND,RaimBe00,Bernhard Raimann,OL,Offense,3,3,1,15,Ankle,Ankle,False,False,False,False
2022,IND,RodgIs00,Isaiah Rodgers,DB,Defense,17,18,2,2,Unspecified (IR),,True,True,True,False
2022,IND,RyanMa00,Matt Ryan,QB,Offense,8,9,2,10,Shoulder,right Shoulder,False,False,False,False
2022,IND,StraMi03,Mike Strachan,WR,Offense,15,15,1,4,Head / Concussion,Concussion,False,False,False,False
2022,IND,StuaGr00,Grant Stuard,LB,Defense,8,9,2,10,Chest / Ribs,Pectoral,False,False,False,False
2022,IND,TaylJo02,Jonathan Taylor,RB,Offense,5,6,2,13,Ankle,Ankle,False,False,False,False
2022,IND,TaylJo02,Jonathan Taylor,RB,Offense,9,9,1,9,Ankle,Ankle,False,False,False,False
2022,IND,TaylJo02,Jonathan Taylor,RB,Offense,16,18,3,3,Unspecified (IR),,True,True,True,False
2022,IND,WoodJe01,Jelani Woods,TE,Offense,10,11,2,8,Shoulder,Shoulder,False,False,False,False
2022,JAX,AgneJa00,Jamal Agnew,WR,Offense,7,8,2,11,Knee,Knee,False,False,False,False
2022,JAX,BartBe00,Ben Bartch,OL,Offense,6,18,12,12,Unspecified (IR),,True,True,True,False
2022,JAX,ChaiKL00,K'Lavon Chaisson,LB,Defense,4,4,1,14,Ankle,Ankle,False,False,False,False
2022,JAX,ChaiKL00,K'Lavon Chaisson,LB,Defense,6,13,7,12,Ankle,Ankle,True,False,False,False
2022,JAX,CiscAn00,Andre Cisco,DB,Defense,13,14,2,6,Shoulder,Shoulder,False,False,False,False
2022,JAX,FatuFo00,Folorunso Fatukasi,DL,Defense,5,6,2,13,Quad / Thigh,Quadricep,False,False,False,False
2022,JAX,FatuFo00,Folorunso Fatukasi,DL,Defense,16,16,1,3,Ankle,Ankle,False,False,False,False
2022,JAX,GrifSh00,Shaquill Griffin,DB,Defense,3,3,1,15,Hip / Groin,Hip,False,False,False,False
2022,JAX,GrifSh00,Shaquill Griffin,DB,Defense,7,18,11,11,Back,Back,True,True,True,False
2022,JAX,JoneMa02,Marvin Jones,WR,Offense,6,6,1,12,Hamstring,Hamstring,False,False,False,False
2022,JAX,JoneZa00,Zay Jones,WR,Offense,4,4,1,14,Ankle,Ankle,False,False,False,False
2022,JAX,MumaCh00,Chad Muma,LB,Defense,14,14,1,5,Ankle,Ankle,False,False,False,False
2022,JAX,RobiCa00,Cam Robinson,OL,Offense,16,18,3,3,Knee,Knee,True,True,True,False
2022,JAX,SmooDa00,Dawuane Smoot,DL,Defense,17,18,2,2,Unspecified (IR),,True,True,True,False
2022,JAX,VanxCo00,Cole Van Lanen,OL,Offense,4,4,1,14,Hamstring,Hamstring,False,False,False,False
2022,JAX,WalkTr03,Travon Walker,LB,Defense,15,16,2,4,Ankle,Ankle,False,False,False,False
2022,KC,BellBl00,Blake Bell,TE,Offense,1,15,14,17,Unspecified (IR),,True,False,False,False
2022,KC,BushDe00,Deon Bush,DB,Defense,13,13,1,6,Arm / Elbow,Elbow,False,False,False,False
2022,KC,CookBr02,Bryan Cook,DB,Defense,6,6,1,12,Head / Concussion,Concussion,False,False,False,False
2022,KC,DannMi00,Michael Danna,DL,Defense,3,5,3,15,Lower Leg,Calf,False,False,False,False
2022,KC,DannMi00,Michael Danna,DL,Defense,7,7,1,11,Lower Leg,Calf,False,False,False,False
2022,KC,EdwaCl00,Clyde Edwards-Helaire,RB,Offense,12,18,7,7,Unspecified (IR),,True,True,True,False
2022,KC,FentRa00,Rashad Fenton,DB,Defense,6,7,2,12,Hamstring,Hamstring,False,False,False,False
2022,KC,FortJo01,Jody Fortson,TE,Offense,9,9,1,10,Quad / Thigh,Quadricep,False,False,False,False
2022,KC,FortJo01,Jody Fortson,TE,Offense,16,18,3,3,Arm / Elbow,Elbow,True,True,True,False
2022,KC,HardMe00,Mecole Hardman,WR,Offense,10,18,9,9,Core / Abdomen,Abdomen,True,True,True,False
2022,KC,HerrMa02,Malik Herring,DL,Defense,1,2,2,17,Core / Abdomen,Abdomen,False,False,False,False
2022,KC,KinnDa00,Darian Kinnard,OL,Offense,1,4,4,17,Arm / Elbow,Elbow,False,False,False,False
2022,KC,LammCh00,Chris Lammons,DB,Defense,11,11,1,8,Head / Concussion,Concussion,False,False,False,False
2022,KC,McDuTr00,Trent McDuffie,DB,Defense,2,7,6,16,Hamstring,Hamstring,True,False,False,False
2022,KC,MoorSk01,Skyy Moore,WR,Offense,18,18,1,1,Hand / Wrist,Hand,False,True,False,False
2022,KC,NianLu00,Lucas Niang,OL,Offense,1,11,10,17,Knee,Knee,True,False,False,False
2022,KC,SmitJu00,JuJu Smith-Schuster,WR,Offense,11,11,1,8,Head / Concussion,Concussion,False,False,False,False
2022,KC,SmitTr05,Trey Smith,OL,Offense,5,5,1,13,Chest / Ribs,Pectoral,False,False,False,False
2022,KC,ThorJu00,Juan Thornhill,DB,Defense,12,12,1,7,Lower Leg,Calf,False,False,False,False
2022,KC,ThunJo00,Joe Thuney,OL,Offense,12,13,2,7,Ankle,Ankle,False,False,False,False
2022,KC,ToneKa00,Kadarius Toney,WR,Offense,12,14,3,7,Hamstring,Hamstring,False,False,False,False
2022,KC,WatsJa02,Jaylen Watson,DB,Defense,13,13,1,6,Hand / Wrist,Hand,False,False,False,False
2022,KC,WharTe00,Tershawn Wharton,DL,Defense,6,18,12,12,Knee,Knee,True,True,True,False
2022,LA,AlleBr02,Brian Allen,OL,Offense,2,6,5,16,Knee,Knee,False,False,False,False
2022,LA,AlleBr02,Brian Allen,OL,Offense,11,12,2,8,Hand / Wrist,Thumb,False,False,False,False
2022,LA,AlleBr02,Brian Allen,OL,Offense,16,18,3,3,Lower Leg,Calf,False,True,False,False
2022,LA,AnchTr00,Tremayne Anchrum,OL,Offense,3,18,15,15,Unspecified (IR),,True,True,True,False
2022,LA,BrewCh01,Chandler Brewer,OL,Offense,11,16,6,8,Unspecified (IR),,True,False,False,False
2022,LA,BrowMa03,Malcolm Brown,RB,Offense,10,12,3,9,Hamstring,Hamstring,False,False,False,False
2022,LA,CopeMa01,Marquise Copeland,DL,Defense,15,16,2,4,Ankle,Ankle,False,False,False,False
2022,LA,DonaAa00,Aaron Donald,DL,Defense,13,18,6,6,Ankle,Ankle,False,True,False,False
2022,LA,DuraDe01,Cobie Durant,DB,Defense,3,6,4,15,Hamstring,Hamstring,False,False,False,False
2022,LA,EdwaDa01,David Edwards,OL,Offense,6,18,12,12,Head / Concussion,Concussion,True,True,True,False
2022,LA,FullJo01,Jordan Fuller,DB,Defense,3,3,1,15,Hamstring,Hamstring,False,False,False,False
2022,LA,FullJo01,Jordan Fuller,DB,Defense,5,18,13,13,Hamstring,Hamstring,True,True,True,False
2022,LA,GainGr00,Greg Gaines,DL,Defense,10,10,1,9,Arm / Elbow,Elbow,False,False,False,False
2022,LA,GervJa00,Jake Gervase,LB,Defense,16,18,3,3,Ankle,Ankle,True,True,True,False
2022,LA,HaleGr00,Grant Haley,DB,Defense,8,18,11,11,Unspecified (IR),,True,True,True,False
2022,LA,HardDa01,Daniel Hardy,LB,Defense,1,12,11,17,Unspecified (IR),,True,False,False,False
2022,LA,HarrJa03,Jacob Harris,WR,Offense,15,18,4,4,Unspecified (IR),,True,True,True,False
2022,LA,HillTr01,Troy Hill,DB,Defense,3,6,4,15,Unspecified (IR),,True,False,False,False
2022,LA,HillTr01,Troy Hill,DB,Defense,13,13,1,6,Hip / Groin,Groin,False,False,False,False
2022,LA,HowaTr00,Travin Howard,LB,Defense,1,8,7,17,Hip / Groin,Hip,True,False,False,False
2022,LA,HowaTr00,Travin Howard,LB,Defense,10,18,9,9,Hip / Groin,Hip,False,True,False,False
2022,LA,HummJa00,Jake Hummel,LB,Defense,9,18,10,10,Hip / Groin,Hip,True,True,True,False
2022,LA,JackAl01,Alaric Jackson,OL,Offense,10,18,9,9,Knee,Knee,True,True,True,False
2022,LA,JeffVa00,Van Jefferson,WR,Offense,1,6,6,17,Knee,Knee,True,False,False,False
2022,LA,KuppCo00,Cooper Kupp,WR,Offense,11,18,8,8,Unspecified (IR),,True,True,True,False
2022,LA,LakeQu00,Quentin Lake,DB,Defense,1,9,8,17,Unspecified (IR),,True,False,False,False
2022,LA,LewiTe00,Terrell Lewis,LB,Defense,13,15,3,6,Back,Back,False,False,False,False
2022,LA,LongDa02,David Long,DB,Defense,3,5,3,15,Hamstring,Hamstring,False,False,False,False
2022,LA,LongDa02,David Long,DB,Defense,14,15,2,5,Hip / Groin,Groin,False,False,False,False
2022,LA,McCuLa01,Lance McCutcheon,WR,Offense,13,13,1,6,Shoulder,Shoulder,False,False,False,False
2022,LA,NoteJo00,Joseph Noteboom,OL,Offense,8,18,11,11,Unspecified (IR),,True,True,True,False
2022,LA,NsekTy00,Ty Nsekhe,OL,Offense,12,12,1,7,Ankle,Ankle,False,False,False,False
2022,LA,RappTa00,Taylor Rapp,DB,Defense,5,5,1,13,Chest / Ribs,Ribs,False,False,False,False
2022,LA,RobiAS00,A'Shawn Robinson,DL,Defense,12,18,7,7,Knee,Knee,True,True,True,False
2022,LA,RobiAl02,Allen Robinson,WR,Offense,12,18,7,7,Ankle,Ankle,True,True,True,False
2022,LA,ScotNi01,Nick Scott,DB,Defense,18,18,1,1,Shoulder,Shoulder,True,True,True,False
2022,LA,ShelCo00,Coleman Shelton,OL,Offense,5,9,4,13,Ankle,Ankle,True,False,False,False
2022,LA,SkowBe00,Ben Skowronek,WR,Offense,16,18,3,3,Lower Leg,Calf,False,True,False,False
2022,LA,StafMa00,Matthew Stafford,QB,Offense,10,10,1,9,Head / Concussion,Concussion,False,False,False,False
2022,LA,StafMa00,Matthew Stafford,QB,Offense,12,18,7,7,Head / Concussion,Concussion,True,True,True,False
2022,LA,WillKy02,Kyren Williams,RB,Offense,2,9,7,16,Unspecified (IR),,True,False,False,False
2022,LA,WolfJo00,John Wolford,QB,Offense,1,9,8,17,Neck,Neck,False,False,False,False
2022,LA,WolfJo00,John Wolford,QB,Offense,11,12,2,8,Neck,Neck,False,False,False,False
2022,LA,WolfJo00,John Wolford,QB,Offense,15,18,4,4,Neck,Neck,False,True,False,False
2022,LAC,AddeNa00,Nasir Adderley,DB,Defense,12,12,1,7,Hand / Wrist,Thumb,False,False,False,False
2022,LAC,AlleKe00,Keenan Allen,WR,Offense,2,6,5,16,Hamstring,Hamstring,False,False,False,False
2022,LAC,AlleKe00,Keenan Allen,WR,Offense,9,10,2,10,Hamstring,Hamstring,False,False,False,False
2022,LAC,BosaJo00,Joey Bosa,LB,Defense,4,16,12,14,Unspecified (IR),,True,False,False,False
2022,LAC,CallBr00,Bryce Callahan,DB,Defense,14,14,1,5,Hip / Groin,Groin,False,False,False,False
2022,LAC,CallBr00,Bryce Callahan,DB,Defense,18,18,1,1,Hip / Groin,Groin,False,True,False,False
2022,LAC,CoviCh00,Christian Covington,DL,Defense,11,18,8,8,Unspecified (IR),,True,True,True,False
2022,LAC,EverGe00,Gerald Everett,TE,Offense,11,11,1,8,Hip / Groin,Groin,False,False,False,False
2022,LAC,GaziJo01,Joe Gaziano,DL,Defense,16,18,3,3,Unspecified (IR),,True,True,True,False
2022,LAC,GuytJa01,Jalen Guyton,WR,Offense,4,18,14,14,Unspecified (IR),,True,True,True,False
2022,LAC,HallKe01,Kemon Hall,DB,Defense,16,18,3,3,Hamstring,Hamstring,True,True,True,False
2022,LAC,HorvZa00,Zander Horvath,RB,Offense,17,18,2,2,Ankle,Ankle,False,True,False,False
2022,LAC,JackJ.00,J.C. Jackson,DB,Defense,1,1,1,17,Ankle,Ankle,False,False,False,False
2022,LAC,JackJ.00,J.C. Jackson,DB,Defense,3,3,1,15,Ankle,Ankle,False,False,False,False
2022,LAC,JackJ.00,J.C. Jackson,DB,Defense,9,18,10,10,Unspecified (IR),,True,True,True,False
2022,LAC,JameDe00,Derwin James,DB,Defense,14,15,2,5,Quad / Thigh,Quadricep,False,False,False,False
2022,LAC,JameDe00,Derwin James,DB,Defense,17,17,1,2,Head / Concussion,Concussion,False,False,False,False
2022,LAC,JohnAu01,Austin Johnson,DL,Defense,10,18,9,9,Unspecified (IR),,True,True,True,False
2022,LAC,JoseSe00,Sebastian Joseph-Day,DL,Defense,14,14,1,5,Knee,Knee,False,False,False,False
2022,LAC,KellJo01,Joshua Kelley,RB,Offense,7,11,4,11,Knee,Knee,True,False,False,False
2022,LAC,LinsCo00,Corey Linsley,OL,Offense,3,3,1,15,Knee,Knee,False,False,False,False
2022,LAC,LinsCo00,Corey Linsley,OL,Offense,13,13,1,6,Head / Concussion,Concussion,False,False,False,False
2022,LAC,OgboOt00,Otito Ogbonnia,DL,Defense,11,18,8,8,Unspecified (IR),,True,True,True,False
2022,LAC,PalmJo00,Josh Palmer,WR,Offense,7,7,1,11,Head / Concussion,Concussion,False,False,False,False
2022,LAC,ParhDo00,Donald Parham,TE,Offense,1,4,4,17,Hamstring,Hamstring,False,False,False,False
2022,LAC,ParhDo00,Donald Parham,TE,Offense,7,14,7,11,Head / Concussion,Concussion,True,False,False,False
2022,LAC,PipkTr00,Trey Pipkins,OL,Offense,10,10,1,9,Knee,Knee,False,False,False,False
2022,LAC,PipkTr00,Trey Pipkins,OL,Offense,13,14,2,6,Knee,Knee,False,False,False,False
2022,LAC,RodgRi00,Richard Rodgers,TE,Offense,14,18,5,5,Knee,Knee,True,True,True,False
2022,LAC,RumpCh00,Chris Rumph,LB,Defense,9,10,2,10,Knee,Knee,False,False,False,False
2022,LAC,SlatRa00,Rashawn Slater,OL,Offense,4,18,14,14,Unspecified (IR),,True,True,True,False
2022,LAC,SmarSt00,Stone Smartt,TE,Offense,1,10,9,17,Unspecified (IR),,True,False,False,False
2022,LAC,SpilIs00,Isaiah Spiller,RB,Offense,1,6,6,17,Ankle,Ankle,False,False,False,False
2022,LAC,TillJe00,Jerry Tillery,DL,Defense,9,10,2,10,Back,Back,False,False,False,False
2022,LAC,WillMi07,Mike Williams,WR,Offense,9,10,2,10,Ankle,Ankle,False,False,False,False
2022,LAC,WillMi07,Mike Williams,WR,Offense,12,13,2,7,Ankle,Ankle,False,False,False,False
2022,LV,AverAn00,Anthony Averett,DB,Defense,2,5,4,16,Unspecified (IR),,True,False,False,False
2022,LV,AverAn00,Anthony Averett,DB,Defense,13,18,6,6,Unspecified (IR),,True,True,True,False
2022,LV,BarsAl01,Alex Bars,OL,Offense,15,15,1,4,Knee,Knee,False,False,False,False
2022,LV,BartJa00,Jackson Barton,OL,Offense,15,16,2,4,Back,Back,False,False,False,False
2022,LV,BillAn00,Andrew Billings,DL,Defense,13,15,3,6,Lower Leg,Fibula,False,False,False,False
2022,LV,BoldBr00,Brandon Bolden,RB,Offense,2,2,1,16,Hamstring,Hamstring,False,False,False,False
2022,LV,BrowJa06,Jayon Brown,LB,Defense,5,9,4,13,Hamstring,Hamstring,False,False,False,False
2022,LV,BrowJa06,Jayon Brown,LB,Defense,14,18,5,5,Hand / Wrist,Hand,True,True,True,False
2022,LV,ButlDa00,Darien Butler,LB,Defense,18,18,1,1,Head / Concussion,Concussion,False,True,False,False
2022,LV,CottLe00,Lester Cotton,OL,Offense,13,15,3,6,Lower Leg,Calf,True,False,False,False
2022,LV,DeabDi00,Divine Deablo,LB,Defense,10,18,9,9,Back,Back,True,True,True,False
2022,LV,FarrNe00,Neil Farrell,DL,Defense,1,4,4,17,Shoulder,Shoulder,False,False,False,False
2022,LV,HerrJu00,Justin Herron,OL,Offense,5,18,13,13,Knee,Knee,True,True,True,False
2022,LV,HobbNa00,Nate Hobbs,DB,Defense,7,12,6,12,Unspecified (IR),,True,False,False,False
2022,LV,HollJa03,Jacob Hollister,TE,Offense,1,9,8,17,Unspecified (IR),,True,False,False,False
2022,LV,HorsJe00,Jesper Horsted,TE,Offense,13,14,2,6,Head / Concussion,Concussion,False,False,False,False
2022,LV,JameAn01,Andre James,OL,Offense,2,3,2,16,Head / Concussion,Concussion,False,False,False,False
2022,LV,JoneCh03,Chandler Jones,DL,Defense,17,18,2,2,Unspecified (IR),,True,True,True,False
2022,LV,MillKo00,Kolton Miller,OL,Offense,11,11,1,8,Shoulder,Shoulder,False,False,False,False
2022,LV,MoehTr00,Tre'von Moehrig,DB,Defense,2,3,2,16,Hip / Groin,Hip,False,False,False,False
2022,LV,MoreFo00,Foster Moreau,TE,Offense,4,5,2,14,Knee,Knee,False,False,False,False
2022,LV,PerrDe00,Denzel Perryman,LB,Defense,2,3,2,16,Ankle,Ankle,False,False,False,False
2022,LV,PerrDe00,Denzel Perryman,LB,Defense,10,10,1,9,Hip / Groin,Hip,False,False,False,False
2022,LV,PerrDe00,Denzel Perryman,LB,Defense,17,18,2,2,Unspecified (IR),,True,True,True,False
2022,LV,RenfHu00,Hunter Renfrow,WR,Offense,3,4,2,15,Head / Concussion,Concussion,False,False,False,False
2022,LV,RenfHu00,Hunter Renfrow,WR,Offense,10,14,5,9,Hamstring,Hamstring,True,False,False,False
2022,LV,TurnDJ00,DJ Turner,WR,Offense,2,5,4,16,Hamstring,Hamstring,True,False,False,False
2022,LV,VickKe00,Kendal Vickers,DL,Defense,11,14,4,8,Back,Back,False,False,False,False
2022,LV,WallDa01,Darren Waller,TE,Offense,7,14,8,12,Hamstring,Hamstring,True,False,False,False
2022,LV,WhitZa01,Zamir White,RB,Offense,16,17,2,3,Ankle,Ankle,False,False,False,False
2022,LV,Ya-SRo00,Rock Ya-Sin,DB,Defense,4,4,1,14,Knee,Knee,False,False,False,False
2022,LV,Ya-SRo00,Rock Ya-Sin,DB,Defense,14,18,5,5,Knee,Knee,True,True,True,False
2022,MIA,AhmeSa01,Salvon Ahmed,RB,Offense,1,1,1,17,Foot / Toe,Heel,False,False,False,False
2022,MIA,AhmeSa01,Salvon Ahmed,RB,Offense,5,5,1,13,Back,Back,False,False,False,False
2022,MIA,ArmsTe00,Terron Armstead,OL,Offense,6,6,1,12,Foot / Toe,Toe,False,False,False,False
2022,MIA,ArmsTe00,Terron Armstead,OL,Offense,13,13,1,6,Foot / Toe,Toe,False,False,False,False
2022,MIA,ArmsTe00,Terron Armstead,OL,Offense,17,18,2,2,Foot / Toe,"Toe, Pec, Knee, Hip",False,True,False,False
2022,MIA,BridTe00,Teddy Bridgewater,QB,Offense,7,16,9,11,Knee,Knee,False,False,False,False
2022,MIA,BridTe00,Teddy Bridgewater,QB,Offense,18,18,1,1,Knee,Knee,False,True,False,False
2022,MIA,CampEl00,Elijah Campbell,DB,Defense,15,15,1,4,Head / Concussion,Concussion,False,False,False,False
2022,MIA,CartCe00,Cethan Carter,TE,Offense,2,18,16,16,Head / Concussion,Concussion,True,True,True,False
2022,MIA,ChubBr00,Bradley Chubb,LB,Defense,17,17,1,2,Ankle,Ankle,False,False,False,False
2022,MIA,ConnTa00,Tanner Conner,WR,Offense,1,1,1,17,Knee,Knee,False,False,False,False
2022,MIA,CracRi00,River Cracraft,WR,Offense,8,10,3,10,Neck,Neck,False,False,False,False
2022,MIA,CracRi00,River Cracraft,WR,Offense,14,16,3,5,Lower Leg,Calf,False,False,False,False
2022,MIA,CrosKe00,Keion Crossen,DB,Defense,7,7,1,11,Knee,Knee,False,False,False,False
2022,MIA,DaviRa03,Raekwon Davis,DL,Defense,3,3,1,15,Knee,Knee,False,False,False,False
2022,MIA,EichLi00,Liam Eichenberg,OL,Offense,9,16,7,9,Knee,Knee,True,False,False,False
2022,MIA,EzukEr00,Erik Ezukanma,WR,Offense,1,17,16,17,Head / Concussion,Eye,False,False,False,False
2022,MIA,FejeCl00,Clayton Fejedelem,DB,Defense,1,4,4,17,Ankle,Ankle,True,False,False,False
2022,MIA,FlowTr00,Trey Flowers,LB,Defense,5,5,1,13,Knee,Knee,False,False,False,False
2022,MIA,FlowTr00,Trey Flowers,LB,Defense,7,18,11,11,Unspecified (IR),,True,True,True,False
2022,MIA,GaskMy00,Myles Gaskin,RB,Offense,13,14,2,6,Shoulder,Shoulder,False,False,False,False
2022,MIA,GaskMy00,Myles Gaskin,RB,Offense,16,18,3,3,Unspecified (IR),,True,True,True,False
2022,MIA,HowaXa00,Xavien Howard,DB,Defense,5,5,1,13,Hip / Groin,Groin,False,False,False,False
2022,MIA,HowaXa00,Xavien Howard,DB,Defense,17,17,1,2,Knee,Knee,False,False,False,False
2022,MIA,JackAu00,Austin Jackson,OL,Offense,2,10,9,16,Ankle,Ankle,True,False,False,False
2022,MIA,JackAu00,Austin Jackson,OL,Offense,13,18,6,6,Ankle,Ankle,True,True,True,False
2022,MIA,JoneBr06,Brandon Jones,DB,Defense,8,18,10,10,Unspecified (IR),,True,True,True,False
2022,MIA,JoneRo02,Robert Jones,OL,Offense,5,5,1,13,Back,Back,False,False,False,False
2022,MIA,KohoKa00,Kader Kohou,DB,Defense,6,7,2,12,Core / Abdomen,Abdomen,False,False,False,False
2022,MIA,LammKe00,Kendall Lamm,OL,Offense,18,18,1,1,Ankle,Ankle,False,True,False,False
2022,MIA,LongHu00,Hunter Long,TE,Offense,2,5,4,16,Ankle,Ankle,False,False,False,False
2022,MIA,LongHu00,Hunter Long,TE,Offense,10,14,4,8,Head / Concussion,Concussion,False,False,False,False
2022,MIA,MostRa00,Raheem Mostert,RB,Offense,12,12,1,7,Knee,Knee,False,False,False,False
2022,MIA,NeedNi00,Nik Needham,DB,Defense,7,18,11,11,Unspecified (IR),,True,True,True,False
2022,MIA,OgbaEm00,Emmanuel Ogbah,DL,Defense,7,7,1,11,Back,Back,False,False,False,False
2022,MIA,OgbaEm00,Emmanuel Ogbah,DL,Defense,12,18,7,7,Unspecified (IR),,True,True,True,False
2022,MIA,RoweEr00,Eric Rowe,DB,Defense,1,1,1,17,Chest / Ribs,Pectoral,False,False,False,False
2022,MIA,RoweEr00,Eric Rowe,DB,Defense,15,15,1,4,Hamstring,Hamstring,False,False,False,False
2022,MIA,ScarBr00,Brennan Scarlett,LB,Defense,1,16,15,17,Unspecified (IR),,True,False,False,False
2022,MIA,SmytDu00,Durham Smythe,TE,Offense,6,6,1,12,Hamstring,Hamstring,False,False,False,False
2022,MIA,TagoTu00,Tua Tagovailoa,QB,Offense,5,6,2,13,Head / Concussion,Concussion,False,False,False,False
2022,MIA,TagoTu00,Tua Tagovailoa,QB,Offense,17,18,2,2,Head / Concussion,Concussion,False,True,False,False
2022,MIA,ThomSk00,Skylar Thompson,QB,Offense,7,9,3,11,Hand / Wrist,right Thumb,False,False,False,False
2022,MIA,WilsCe01,Cedrick Wilson Jr.,WR,Offense,4,4,1,14,Chest / Ribs,Ribs,False,False,False,False
2022,MIA,WilsCe01,Cedrick Wilson Jr.,WR,Offense,18,18,1,1,Hip / Groin,Hip,False,True,False,False
2022,MIA,WilsJe01,Jeff Wilson,RB,Offense,15,15,1,4,Hip / Groin,Hip,False,False,False,False
2022,MIA,ZimmJu00,Justin Zimmer,DL,Defense,17,18,2,2,Unspecified (IR),,True,True,True,False
2022,MIN,AsamBr00,Brian Asamoah,LB,Defense,18,18,1,1,Knee,Knee,False,True,False,False
2022,MIN,BootAn00,Andrew Booth,DB,Defense,2,5,4,16,Quad / Thigh,Quadricep,False,False,False,False
2022,MIN,BootAn00,Andrew Booth,DB,Defense,12,18,7,7,Knee,Knee,True,True,True,False
2022,MIN,BradGa00,Garrett Bradbury,OL,Offense,14,18,5,5,Back,Back,False,True,False,False
2022,MIN,BranBl00,Blake Brandel,OL,Offense,15,18,4,4,Knee,Knee,True,True,True,False
2022,MIN,BullJo00,Jonathan Bullard,DL,Defense,14,17,4,5,Arm / Elbow,Biceps,True,False,False,False
2022,MIN,ChanTy01,Ty Chandler,RB,Offense,6,17,11,12,Unspecified (IR),,True,False,False,False
2022,MIN,CineLe00,Lewis Cine,DB,Defense,1,1,1,17,Knee,Knee,False,False,False,False
2022,MIN,CineLe00,Lewis Cine,DB,Defense,5,18,13,13,Unspecified (IR),,True,True,True,False
2022,MIN,ConnRy00,Ryan Connelly,LB,Defense,1,17,16,17,Unspecified (IR),,True,False,False,False
2022,MIN,DantCa00,Cameron Dantzler,DB,Defense,10,13,4,9,Ankle,Ankle,True,False,False,False
2022,MIN,DantCa00,Cameron Dantzler,DB,Defense,15,16,2,4,Ankle,Ankle,False,False,False,False
2022,MIN,DantCa00,Cameron Dantzler,DB,Defense,18,18,1,1,Ankle,Ankle,False,True,False,False
2022,MIN,DarrCh00,Christian Darrisaw,OL,Offense,12,14,3,7,Head / Concussion,Concussion,False,False,False,False
2022,MIN,ElleBe00,Ben Ellefson,TE,Offense,5,18,13,13,Hip / Groin,Groin,True,True,True,False
2022,MIN,EvanAk00,Akayleb Evans,DB,Defense,11,12,2,8,Head / Concussion,Concussion,False,False,False,False
2022,MIN,EvanAk00,Akayleb Evans,DB,Defense,14,18,5,5,Head / Concussion,Concussion,True,True,True,False
2022,MIN,LyncJa00,James Lynch,DL,Defense,17,18,2,2,Shoulder,Shoulder,False,True,False,False
2022,MIN,NailJa00,Jalen Nailor,WR,Offense,5,5,1,13,Hamstring,Hamstring,False,False,False,False
2022,MIN,ONeiBr00,Brian O'Neill,OL,Offense,18,18,1,1,Unspecified (IR),,True,True,True,False
2022,MIN,SchlAu00,Austin Schlottmann,OL,Offense,18,18,1,1,Unspecified (IR),,True,True,True,False
2022,MIN,SmitHa00,Harrison Smith,DB,Defense,3,3,1,15,Head / Concussion,Concussion,False,False,False,False
2022,MIN,SmitHa00,Harrison Smith,DB,Defense,14,14,1,5,Neck,Neck,False,False,False,False
2022,MIN,SmitHa00,Harrison Smith,DB,Defense,18,18,1,1,Knee,Knee,False,True,False,False
2022,MIN,SmitIr01,Irv Smith Jr.,TE,Offense,9,17,9,10,Unspecified (IR),,True,False,False,False
2022,MIN,TomlDa00,Dalvin Tomlinson,DL,Defense,9,12,4,10,Lower Leg,Calf,False,False,False,False
2022,NE,AghoNe00,Nelson Agholor,WR,Offense,6,6,1,12,Hamstring,Hamstring,False,False,False,False
2022,NE,AndrDa00,David Andrews,OL,Offense,8,9,2,10,Head / Concussion,Concussion,False,False,False,False
2022,NE,AndrDa00,David Andrews,OL,Offense,12,12,1,7,Quad / Thigh,Thigh,False,False,False,False
2022,NE,BarmCh00,Christian Barmore,DL,Defense,7,14,7,11,Knee,Knee,True,False,False,False
2022,NE,BledJo00,Joshuah Bledsoe,DB,Defense,1,2,2,17,Hip / Groin,Groin,False,False,False,False
2022,NE,BledJo00,Joshuah Bledsoe,DB,Defense,4,7,4,14,Hip / Groin,Groin,False,False,False,False
2022,NE,BourKe00,Kendrick Bourne,WR,Offense,7,7,1,11,Foot / Toe,Toe,False,False,False,False
2022,NE,CajuYo00,Yodny Cajuste,OL,Offense,4,8,5,14,Hand / Wrist,Thumb,True,False,False,False
2022,NE,CajuYo00,Yodny Cajuste,OL,Offense,13,13,1,6,Lower Leg,Calf,False,False,False,False
2022,NE,CannMa00,Marcus Cannon,OL,Offense,9,18,9,9,Head / Concussion,Concussion,True,True,True,False
2022,NE,DaviCo02,Cody Davis,DB,Defense,7,18,11,11,Unspecified (IR),,True,True,True,False
2022,NE,DuggKy00,Kyle Dugger,DB,Defense,3,3,1,15,Knee,Knee,False,False,False,False
2022,NE,DuggKy00,Kyle Dugger,DB,Defense,8,8,1,10,Ankle,Ankle,False,False,False,False
2022,NE,GuyxLa00,Lawrence Guy,DL,Defense,4,6,3,14,Shoulder,Shoulder,False,False,False,False
2022,NE,HarrDa06,Damien Harris,RB,Offense,6,6,1,12,Hamstring,Hamstring,False,False,False,False
2022,NE,HarrDa06,Damien Harris,RB,Offense,13,16,4,6,Quad / Thigh,Thigh,False,False,False,False
2022,NE,HoyeBr00,Brian Hoyer,QB,Offense,5,18,13,13,Head / Concussion,Concussion,True,True,True,False
2022,NE,JoneJa10,Jack Jones,DB,Defense,15,18,4,4,Knee,Knee,True,True,True,False
2022,NE,JoneJo03,Jonathan Jones,DB,Defense,6,6,1,12,Ankle,Ankle,False,False,False,False
2022,NE,JoneMa05,Mac Jones,QB,Offense,4,6,3,14,Ankle,Ankle,False,False,False,False
2022,NE,JoneMa06,Marcus Jones,DB,Defense,17,17,1,2,Head / Concussion,Concussion,False,False,False,False
2022,NE,McMiRa02,Raekwon McMillan,LB,Defense,3,3,1,15,Hand / Wrist,Thumb,False,False,False,False
2022,NE,MeyeJa01,Jakobi Meyers,WR,Offense,3,4,2,15,Knee,Knee,False,False,False,False
2022,NE,MeyeJa01,Jakobi Meyers,WR,Offense,14,14,1,5,Head / Concussion,Concussion,False,False,False,False
2022,NE,MillJa02,Jalen Mills,DB,Defense,4,4,1,14,Hamstring,Hamstring,False,False,False,False
2022,NE,MillJa02,Jalen Mills,DB,Defense,13,18,6,6,Hip / Groin,Groin,False,True,False,False
2022,NE,MitcDa00,DaMarcus Mitchell,DL,Defense,5,5,1,13,Head / Concussion,Concussion,False,False,False,False
2022,NE,MontTy01,Ty Montgomery,WR,Offense,2,18,16,16,Knee,Knee,True,True,True,False
2022,NE,ParkDe01,DeVante Parker,WR,Offense,9,9,1,9,Knee,Knee,False,False,False,False
2022,NE,ParkDe01,DeVante Parker,WR,Offense,15,17,3,4,Head / Concussion,Concussion,False,False,False,False
2022,NE,SchoBr00,Brenden Schooler,DB,Defense,18,18,1,1,Hip / Groin,Hip,False,True,False,False
2022,NE,SmitJo01,Jonnu Smith,TE,Offense,5,5,1,13,Ankle,Ankle,False,False,False,False
2022,NE,SmitJo01,Jonnu Smith,TE,Offense,17,18,2,2,Head / Concussion,Concussion,False,True,False,False
2022,NE,ThorTy00,Tyquan Thornton,WR,Offense,1,4,4,17,Unspecified (IR),,True,False,False,False
2022,NE,UcheJo00,Joshua Uche,LB,Defense,6,7,2,12,Hamstring,Hamstring,False,False,False,False
2022,NE,WadeSh00,Shaun Wade,DB,Defense,1,5,5,17,Ankle,Ankle,False,False,False,False
2022,NE,WynnIs00,Isaiah Wynn,OL,Offense,7,7,1,11,Shoulder,Shoulder,False,False,False,False
2022,NE,WynnIs00,Isaiah Wynn,OL,Offense,12,18,7,7,Foot / Toe,Foot,True,True,True,False
2022,NO,AdebPa00,Paulson Adebo,DB,Defense,1,2,2,17,Ankle,Ankle,False,False,False,False
2022,NO,AdebPa00,Paulson Adebo,DB,Defense,7,7,1,11,Knee,Knee,False,False,False,False
2022,NO,AdebPa00,Paulson Adebo,DB,Defense,18,18,1,1,Hamstring,Hamstring,False,True,False,False
2022,NO,AndrJo01,Josh Andrews,OL,Offense,13,15,2,5,Ankle,Ankle,False,False,False,False
2022,NO,BaunZa00,Zack Baun,LB,Defense,15,18,4,4,Ankle,Ankle,True,True,True,False
2022,NO,DaveMa00,Marcus Davenport,DL,Defense,10,11,2,8,Lower Leg,Calf,False,False,False,False
2022,NO,EvanJu00,Justin Evans,DB,Defense,17,18,2,2,Shoulder,Shoulder,False,True,False,False
2022,NO,GrayJ.00,J.T. Gray,DB,Defense,11,13,3,7,Hamstring,Hamstring,False,False,False,False
2022,NO,HansCh02,Chase Hansen,LB,Defense,9,13,5,9,Knee,Knee,True,False,False,False
2022,NO,HansCh02,Chase Hansen,LB,Defense,17,17,1,2,Knee,Knee,False,False,False,False
2022,NO,HarrDe07,Deonte Harty,WR,Offense,3,3,1,15,Foot / Toe,Foot,False,False,False,False
2022,NO,HarrDe07,Deonte Harty,WR,Offense,6,18,12,12,Foot / Toe,Foot,True,True,True,False
2022,NO,HillTa00,Taysom Hill,TE,Offense,3,3,1,15,Chest / Ribs,Rib,False,False,False,False
2022,NO,HursJa00,James Hurst,OL,Offense,11,11,1,7,Head / Concussion,Concussion,False,False,False,False
2022,NO,IngrMa01,Mark Ingram,RB,Offense,9,11,3,9,Knee,Knee,False,False,False,False
2022,NO,IngrMa01,Mark Ingram,RB,Offense,15,18,4,4,Knee,Knee,True,True,True,False
2022,NO,JohnJu02,Juwan Johnson,TE,Offense,13,13,1,5,Ankle,Ankle,False,False,False,False
2022,NO,JordCa00,Cameron Jordan,DL,Defense,11,11,1,7,Head / Concussion,Eye,False,False,False,False
2022,NO,KamaAl00,Alvin Kamara,RB,Offense,2,2,1,16,Chest / Ribs,Rib,False,False,False,False
2022,NO,KamaAl00,Alvin Kamara,RB,Offense,4,4,1,14,Chest / Ribs,Rib,False,False,False,False
2022,NO,KirkKe00,Keith Kirkwood,WR,Offense,7,15,8,11,Ankle,Ankle,False,False,False,False
2022,NO,LandJa00,Jarvis Landry,WR,Offense,5,9,5,13,Ankle,Ankle,False,False,False,False
2022,NO,LandJa00,Jarvis Landry,WR,Offense,16,18,3,3,Ankle,Ankle,True,True,True,False
2022,NO,LattMa01,Marshon Lattimore,DB,Defense,6,16,10,12,Core / Abdomen,Abdomen,False,False,False,False
2022,NO,MayeMa00,Marcus Maye,DB,Defense,3,5,3,15,Chest / Ribs,Rib,False,False,False,False
2022,NO,MayeMa00,Marcus Maye,DB,Defense,10,10,1,8,Core / Abdomen,Abdomen,False,False,False,False
2022,NO,MayeMa00,Marcus Maye,DB,Defense,16,18,3,3,Shoulder,Shoulder,False,True,False,False
2022,NO,McCoEr01,Erik McCoy,OL,Offense,10,13,4,8,Lower Leg,Calf,True,False,False,False
2022,NO,OlavCh00,Chris Olave,WR,Offense,6,6,1,12,Head / Concussion,Concussion,False,False,False,False
2022,NO,OlavCh00,Chris Olave,WR,Offense,16,16,1,3,Hamstring,Hamstring,False,False,False,False
2022,NO,PeatAn00,Andrus Peat,OL,Offense,4,4,1,14,Head / Concussion,Concussion,False,False,False,False
2022,NO,PeatAn00,Andrus Peat,OL,Offense,7,7,1,11,Chest / Ribs,Chest,False,False,False,False
2022,NO,PeatAn00,Andrus Peat,OL,Offense,10,11,2,8,Arm / Elbow,Triceps,False,False,False,False
2022,NO,PeatAn00,Andrus Peat,OL,Offense,17,18,2,2,Ankle,Ankle,False,True,False,False
2022,NO,PennTr00,Trevor Penning,OL,Offense,1,11,11,17,Unspecified (IR),,True,False,False,False
2022,NO,RoacMa01,Malcolm Roach,DL,Defense,1,4,4,17,Ankle,Ankle,True,False,False,False
2022,NO,RobyBr00,Bradley Roby,DB,Defense,8,11,4,10,Head / Concussion,Concussion,True,False,False,False
2022,NO,RuizCe00,Cesar Ruiz,OL,Offense,16,18,3,3,Foot / Toe,Foot,True,True,True,False
2022,NO,SmitTr03,Tre'Quan Smith,WR,Offense,1,2,2,17,Shoulder,Shoulder,False,False,False,False
2022,NO,TaylAl01,Alontae Taylor,DB,Defense,3,6,4,15,Knee,Knee,True,False,False,False
2022,NO,ThomMi05,Michael Thomas,WR,Offense,4,18,14,14,Foot / Toe,Foot,True,True,True,False
2022,NO,ThroCa01,Calvin Throckmorton,OL,Offense,5,6,2,13,Hip / Groin,Hip,False,False,False,False
2022,NO,TrauAd00,Adam Trautman,TE,Offense,7,8,2,11,Ankle,Ankle,False,False,False,False
2022,NO,TurnPa02,Payton Turner,DL,Defense,5,7,3,13,Chest / Ribs,Chest,False,False,False,False
2022,NO,TurnPa02,Payton Turner,DL,Defense,12,16,4,6,Ankle,Ankle,False,False,False,False
2022,NO,WashDw00,Dwayne Washington,RB,Offense,1,1,1,17,Hamstring,Hamstring,False,False,False,False
2022,NO,WernPe00,Pete Werner,LB,Defense,10,13,4,8,Ankle,Ankle,False,False,False,False
2022,NO,WernPe00,Pete Werner,LB,Defense,16,16,1,3,Hamstring,Hamstring,False,False,False,False
2022,NO,WillP.00,P.J. Williams,DB,Defense,5,8,4,13,Quad / Thigh,Quadricep,True,False,False,False
2022,NO,WillP.00,P.J. Williams,DB,Defense,13,15,2,5,Knee,Knee,False,False,False,False
2022,NO,WinsJa00,Jameis Winston,QB,Offense,4,18,14,14,Back,Back,False,True,False,False
2022,NO,YounLa00,Landon Young,OL,Offense,1,1,1,17,Hip / Groin,Hip,False,False,False,False
2022,NYG,BellDa00,Daniel Bellinger,TE,Offense,8,12,4,10,Head / Concussion,Eye,False,False,False,False
2022,NYG,BeltDa00,Dane Belton,DB,Defense,1,1,1,17,Shoulder,Collarbone,False,False,False,False
2022,NYG,BredBe00,Ben Bredeson,OL,Offense,8,14,6,10,Knee,Knee,True,False,False,False
2022,NYG,DaviDJ00,D.J. Davidson,DL,Defense,6,18,12,12,Unspecified (IR),,True,True,True,False
2022,NYG,EzeuJo00,Joshua Ezeudu,OL,Offense,12,18,7,7,Neck,Neck,True,True,True,False
2022,NYG,FeliJo00,Jon Feliciano,OL,Offense,12,12,1,7,Neck,Neck,False,False,False,False
2022,NYG,FeliJo00,Jon Feliciano,OL,Offense,18,18,1,1,Back,Back,False,True,False,False
2022,NYG,FlotCo00,Cordale Flott,DB,Defense,4,10,6,14,Lower Leg,Calf,False,False,False,False
2022,NYG,GateNi00,Nick Gates,OL,Offense,1,7,7,17,Unspecified (IR),,True,False,False,False
2022,NYG,GollKe00,Kenny Golladay,WR,Offense,5,8,4,13,Knee,Knee,False,False,False,False
2022,NYG,HolmDa01,Darnay Holmes,DB,Defense,13,13,1,6,Shoulder,Shoulder,False,False,False,False
2022,NYG,JackAd00,Adoree' Jackson,DB,Defense,12,18,7,7,Knee,Knee,False,True,False,False
2022,NYG,JeffTo00,Tony Jefferson,DB,Defense,6,12,6,12,Foot / Toe,Foot,True,False,False,False
2022,NYG,LaynJu00,Justin Layne,DB,Defense,3,3,1,15,Head / Concussion,Concussion,False,False,False,False
2022,NYG,LemiSh00,Shane Lemieux,OL,Offense,1,10,9,17,Foot / Toe,Toe,True,False,False,False
2022,NYG,LemiSh00,Shane Lemieux,OL,Offense,12,18,7,7,Foot / Toe,Toe,True,True,True,False
2022,NYG,McClNi00,Nick McCloud,DB,Defense,2,4,3,16,Hamstring,Hamstring,False,False,False,False
2022,NYG,McKiXa00,Xavier McKinney,DB,Defense,10,16,7,9,Hand / Wrist,Finger,True,False,False,False
2022,NYG,McKiXa00,Xavier McKinney,DB,Defense,18,18,1,1,Hand / Wrist,Finger,False,True,False,False
2022,NYG,MondHe00,Henry Mondeaux,DL,Defense,5,8,4,13,Ankle,Ankle,False,False,False,False
2022,NYG,MoreFa00,Fabian Moreau,DB,Defense,12,12,1,7,Core / Abdomen,Oblique,False,False,False,False
2022,NYG,NealEv00,Evan Neal,OL,Offense,8,12,4,10,Knee,Knee,False,False,False,False
2022,NYG,OjulAz00,Azeez Ojulari,LB,Defense,1,2,2,17,Lower Leg,Calf,False,False,False,False
2022,NYG,OjulAz00,Azeez Ojulari,LB,Defense,5,12,7,13,Lower Leg,Calf,True,False,False,False
2022,NYG,OjulAz00,Azeez Ojulari,LB,Defense,18,18,1,1,Ankle,Ankle,False,True,False,False
2022,NYG,PearMa00,Matt Peart,OL,Offense,1,8,8,17,Unspecified (IR),,True,False,False,False
2022,NYG,PinnJa01,Jason Pinnock,DB,Defense,2,2,1,16,Shoulder,Shoulder,False,False,False,False
2022,NYG,PinnJa01,Jason Pinnock,DB,Defense,6,7,2,12,Ankle,Ankle,False,False,False,False
2022,NYG,RobiAa00,Aaron Robinson,DB,Defense,2,3,2,16,Core / Abdomen,Appendicitis,False,False,False,False
2022,NYG,RobiAa00,Aaron Robinson,DB,Defense,5,18,13,13,Core / Abdomen,Appendix,True,True,True,False
2022,NYG,RobiWa01,Wan'Dale Robinson,WR,Offense,2,5,4,16,Knee,Knee,False,False,False,False
2022,NYG,RobiWa01,Wan'Dale Robinson,WR,Offense,12,18,7,7,Hamstring,Hamstring,True,True,True,False
2022,NYG,ShepSt00,Sterling Shepard,WR,Offense,4,18,14,14,Knee,Knee,True,True,True,False
2022,NYG,SmitEl00,Elerson Smith,LB,Defense,1,7,7,17,Unspecified (IR),,True,False,False,False
2022,NYG,SmitEl00,Elerson Smith,LB,Defense,15,18,4,4,Achilles,Achilles,True,True,True,False
2022,NYG,TaylTy00,Tyrod Taylor,QB,Offense,5,13,8,13,Head / Concussion,Concussion,False,False,False,False
2022,NYG,ThibKa00,Kayvon Thibodeaux,LB,Defense,1,2,2,17,Knee,Knee,False,False,False,False
2022,NYG,ToneKa00,Kadarius Toney,WR,Offense,3,8,6,15,Hamstring,Hamstring,False,False,False,False
2022,NYG,WillLe02,Leonard Williams,DL,Defense,3,5,3,15,Knee,Knee,False,False,False,False
2022,NYG,WillLe02,Leonard Williams,DL,Defense,14,14,1,5,Neck,Neck,False,False,False,False
2022,NYG,WillLe02,Leonard Williams,DL,Defense,18,18,1,1,Neck,Neck,False,True,False,False
2022,NYG,WillNi01,Nick Williams,DL,Defense,10,18,9,9,Unspecified (IR),,True,True,True,False
2022,NYG,WillRo07,Rodarius Williams,DB,Defense,1,10,9,17,Unspecified (IR),,True,False,False,False
2022,NYG,XimiOs00,Oshane Ximines,LB,Defense,7,8,2,11,Quad / Thigh,Quadricep,False,False,False,False
2022,NYJ,BrowDu20,Duane Brown,OL,Offense,1,4,4,17,Shoulder,Shoulder,True,False,False,False
2022,NYJ,BrowDu20,Duane Brown,OL,Offense,18,18,1,1,Shoulder,Shoulder,True,True,True,False
2022,NYJ,CartMi03,Michael Carter,RB,Offense,13,13,1,6,Ankle,Ankle,False,False,False,False
2022,NYJ,CurrVi00,Vinny Curry,DL,Defense,1,5,5,17,Unspecified (IR),,True,False,False,False
2022,NYJ,CurrVi00,Vinny Curry,DL,Defense,17,17,1,2,Arm / Elbow,Elbow,False,False,False,False
2022,NYJ,DaviAs00,Ashtyn Davis,DB,Defense,7,7,1,11,Hamstring,Hamstring,False,False,False,False
2022,NYJ,DaviAs00,Ashtyn Davis,DB,Defense,13,14,2,6,Hamstring,Hamstring,False,False,False,False
2022,NYJ,DaviCo03,Corey Davis,WR,Offense,8,11,3,10,Knee,Knee,False,False,False,False
2022,NYJ,DaviCo03,Corey Davis,WR,Offense,15,15,1,4,Head / Concussion,Concussion,False,False,False,False
2022,NYJ,EchoBr00,Brandin Echols,DB,Defense,15,18,4,4,Quad / Thigh,Quadricep,True,True,True,False
2022,NYJ,FantGe00,George Fant,OL,Offense,4,12,8,14,Knee,Knee,True,False,False,False
2022,NYJ,FantGe00,George Fant,OL,Offense,18,18,1,1,Knee,Knee,True,True,True,False
2022,NYJ,HallBr03,Breece Hall,RB,Offense,8,18,10,10,Unspecified (IR),,True,True,True,False
2022,NYJ,HerbNa01,Nate Herbig,OL,Offense,11,11,1,8,Lower Leg,Shin,False,False,False,False
2022,NYJ,HerbNa01,Nate Herbig,OL,Offense,17,18,2,2,Ankle,Ankle,True,True,True,False
2022,NYJ,JohnJe07,Jermaine Johnson II,DL,Defense,6,8,3,12,Ankle,Ankle,False,False,False,False
2022,NYJ,JoynLa00,Lamarcus Joyner,DB,Defense,15,16,2,4,Hip / Groin,Hip,False,False,False,False
2022,NYJ,JoynLa00,Lamarcus Joyner,DB,Defense,18,18,1,1,Hip / Groin,Hip,True,True,True,False
2022,NYJ,McDeCo00,Conor McDermott,OL,Offense,1,2,2,17,Ankle,Ankle,False,False,False,False
2022,NYJ,MimsDe00,Denzel Mims,WR,Offense,16,16,1,3,Head / Concussion,Concussion,False,False,False,False
2022,NYJ,MitcMa02,Max Mitchell,OL,Offense,5,11,6,13,Knee,Knee,True,False,False,False
2022,NYJ,OgbuCe00,Cedric Ogbuehi,OL,Offense,13,16,4,6,Hip / Groin,Groin,True,False,False,False
2022,NYJ,RankSh00,Sheldon Rankins,DL,Defense,11,12,2,8,Arm / Elbow,Elbow,False,False,False,False
2022,NYJ,SmitJe03,Jeff Smith,WR,Offense,16,18,3,3,Knee,Knee,True,True,True,False
2022,NYJ,UzomC.00,C.J. Uzomah,TE,Offense,2,2,1,16,Hamstring,Hamstring,False,False,False,False
2022,NYJ,UzomC.00,C.J. Uzomah,TE,Offense,18,18,1,1,Ankle,Ankle,False,True,False,False
2022,NYJ,VeraAl00,Alijah Vera-Tucker,OL,Offense,8,18,10,10,Unspecified (IR),,True,True,True,False
2022,NYJ,WhitMi01,Mike White,QB,Offense,15,16,2,4,Chest / Ribs,Ribs,False,False,False,False
2022,NYJ,WhitMi01,Mike White,QB,Offense,18,18,1,1,Chest / Ribs,Rib,False,True,False,False
2022,NYJ,WillQu00,Quinnen Williams,DL,Defense,15,15,1,4,Lower Leg,Calf,False,False,False,False
2022,NYJ,WillQu01,Quincy Williams,LB,Defense,4,5,2,14,Ankle,Ankle,False,False,False,False
2022,NYJ,WilsZa00,Zach Wilson,QB,Offense,1,3,3,17,Knee,Knee,False,False,False,False
2022,NYJ,YeboKe00,Kenny Yeboah,TE,Offense,11,12,2,8,Lower Leg,Calf,False,False,False,False
2022,PHI,BarnDe01,Derek Barnett,DL,Defense,2,18,16,16,Chest / Ribs,Ribs,True,True,True,False
2022,PHI,BlanRe00,Reed Blankenship,DB,Defense,15,15,1,4,Knee,Knee,False,False,False,False
2022,PHI,BradSh00,Shaun Bradley,LB,Defense,14,14,1,5,Hamstring,Hamstring,False,False,False,False
2022,PHI,BradSh00,Shaun Bradley,LB,Defense,18,18,1,1,Hand / Wrist,Wrist,True,True,True,False
2022,PHI,DaviJo03,Jordan Davis,DL,Defense,9,12,4,10,Ankle,Ankle,True,False,False,False
2022,PHI,DillAn00,Andre Dillard,OL,Offense,1,5,5,17,Unspecified (IR),,True,False,False,False
2022,PHI,GardCh00,C.J. Gardner-Johnson,DB,Defense,13,17,5,6,Core / Abdomen,kidney,True,False,False,False
2022,PHI,GoedDa00,Dallas Goedert,TE,Offense,11,15,5,8,Unspecified (IR),,True,False,False,False
2022,PHI,HurtJa00,Jalen Hurts,QB,Offense,16,17,2,3,Shoulder,right Shoulder,False,False,False,False
2022,PHI,JackTy01,Tyree Jackson,TE,Offense,1,10,9,17,Unspecified (IR),,True,False,False,False
2022,PHI,JackTy01,Tyree Jackson,TE,Offense,16,18,3,3,Knee,Knee,True,True,True,False
2022,PHI,JobeJo00,Josh Jobe,DB,Defense,6,8,2,12,Shoulder,Shoulder,False,False,False,False
2022,PHI,JobeJo00,Josh Jobe,DB,Defense,10,13,4,9,Hamstring,Hamstring,False,False,False,False
2022,PHI,JohnLa01,Lane Johnson,OL,Offense,17,18,2,2,Hip / Groin,Groin,False,True,False,False
2022,PHI,JohnPa02,Patrick Johnson,LB,Defense,5,5,1,13,Head / Concussion,Concussion,False,False,False,False
2022,PHI,MaddAv00,Avonte Maddox,DB,Defense,4,5,2,14,Ankle,Ankle,False,False,False,False
2022,PHI,MaddAv00,Avonte Maddox,DB,Defense,10,13,4,9,Hamstring,Hamstring,True,False,False,False
2022,PHI,MaddAv00,Avonte Maddox,DB,Defense,17,18,2,2,Foot / Toe,Toe,False,True,False,False
2022,PHI,MailJo00,Jordan Mailata,OL,Offense,5,5,1,13,Shoulder,Shoulder,False,False,False,False
2022,PHI,QuinRo00,Robert Quinn,LB,Defense,13,17,5,6,Knee,Knee,True,False,False,False
2022,PHI,ScotBo02,Boston Scott,RB,Offense,4,5,2,14,Chest / Ribs,Rib,False,False,False,False
2022,PHI,ScotJo00,Josiah Scott,DB,Defense,9,9,1,10,Ankle,Ankle,False,False,False,False
2022,PHI,SweaJo00,Josh Sweat,DL,Defense,18,18,1,1,Neck,Neck,False,True,False,False
2022,PHI,TuipMa00,Marlon Tuipulotu,DL,Defense,11,18,8,8,Unspecified (IR),,True,True,True,False
2022,PIT,AlleMa03,Marcus Allen,LB,Defense,17,18,2,2,Unspecified (IR),,True,True,True,False
2022,PIT,BoykMi00,Miles Boykin,WR,Offense,12,12,1,7,Core / Abdomen,Oblique,False,False,False,False
2022,PIT,EdmuTe00,Terrell Edmunds,DB,Defense,5,5,1,13,Head / Concussion,Concussion,False,False,False,False
2022,PIT,EdmuTe00,Terrell Edmunds,DB,Defense,16,16,1,3,Hamstring,Hamstring,False,False,False,False
2022,PIT,FitzMi00,Minkah Fitzpatrick,DB,Defense,6,6,1,12,Knee,Knee,False,False,False,False
2022,PIT,FitzMi00,Minkah Fitzpatrick,DB,Defense,10,10,1,9,Core / Abdomen,appendix,False,False,False,False
2022,PIT,FreiPa00,Pat Freiermuth,TE,Offense,6,6,1,12,Head / Concussion,Concussion,False,False,False,False
2022,PIT,JackJo01,Josh Jackson,DB,Defense,8,16,8,10,Hip / Groin,Groin,False,False,False,False
2022,PIT,JackMy00,Myles Jack,LB,Defense,10,10,1,9,Knee,Knee,False,False,False,False
2022,PIT,JackMy00,Myles Jack,LB,Defense,15,15,1,4,Hip / Groin,Groin,False,False,False,False
2022,PIT,KazeDa00,Damontae Kazee,DB,Defense,1,8,8,17,Arm / Elbow,Forearm,True,False,False,False
2022,PIT,LealDe00,DeMarvin Leal,DL,Defense,6,12,6,12,Knee,Knee,True,False,False,False
2022,PIT,NorwTr00,Tre Norwood,DB,Defense,17,18,2,2,Hamstring,Hamstring,False,True,False,False
2022,PIT,OgunLa00,Larry Ogunjobi,DL,Defense,8,8,1,10,Knee,Knee,False,False,False,False
2022,PIT,PickKe00,Kenny Pickett,QB,Offense,15,15,1,4,Head / Concussion,Concussion,False,False,False,False
2022,PIT,ReedMa01,Malik Reed,LB,Defense,14,14,1,5,Back,Back,False,False,False,False
2022,PIT,ScotTr01,Trenton Scott,OL,Offense,11,12,2,8,Back,Back,False,False,False,False
2022,PIT,SimsSt00,Steven Sims,WR,Offense,7,7,1,11,Hamstring,Hamstring,False,False,False,False
2022,PIT,SpilRo00,Robert Spillane,LB,Defense,12,12,1,7,Back,Back,False,False,False,False
2022,PIT,SuttCa00,Cameron Sutton,DB,Defense,6,6,1,12,Hamstring,Hamstring,False,False,False,False
2022,PIT,WallLe00,Levi Wallace,DB,Defense,6,6,1,12,Head / Concussion,Concussion,False,False,False,False
2022,PIT,WallLe00,Levi Wallace,DB,Defense,8,8,1,10,Shoulder,Shoulder,False,False,False,False
2022,PIT,WarrJa01,Jaylen Warren,RB,Offense,12,12,1,7,Hamstring,Hamstring,False,False,False,False
2022,PIT,WattT.00,T.J. Watt,LB,Defense,2,8,7,16,Chest / Ribs,Pectoral,True,False,False,False
2022,PIT,WithAh00,Ahkello Witherspoon,DB,Defense,4,7,4,14,Hamstring,Hamstring,False,False,False,False
2022,PIT,WithAh00,Ahkello Witherspoon,DB,Defense,10,18,9,9,Hamstring,Hamstring,True,True,True,False
2022,PIT,WormCh00,Chris Wormley,DL,Defense,15,18,4,4,Unspecified (IR),,True,True,True,False
2022,SEA,AdamJa00,Jamal Adams,DB,Defense,2,18,16,16,Knee,Knee,True,True,True,False
2022,SEA,BellNi01,Nick Bellore,LB,Defense,8,8,1,10,Head / Concussion,Concussion,False,False,False,False
2022,SEA,BlouJo00,Joey Blount,DB,Defense,2,4,3,16,Hamstring,Hamstring,False,False,False,False
2022,SEA,BlouJo00,Joey Blount,DB,Defense,9,9,1,9,Quad / Thigh,Quadricep,False,False,False,False
2022,SEA,BlouJo00,Joey Blount,DB,Defense,17,18,2,2,Unspecified (IR),,True,True,True,False
2022,SEA,BrooJo01,Jordyn Brooks,LB,Defense,18,18,1,1,Unspecified (IR),,True,True,True,False
2022,SEA,BrowTr03,Tre Brown,DB,Defense,1,10,10,17,Unspecified (IR),,True,False,False,False
2022,SEA,BurnAr00,Artie Burns,DB,Defense,1,4,4,17,Hip / Groin,Groin,False,False,False,False
2022,SEA,BurnAr00,Artie Burns,DB,Defense,6,8,3,12,Hip / Groin,Groin,False,False,False,False
2022,SEA,ColeJu01,Justin Coleman,DB,Defense,2,5,4,16,Lower Leg,Calf,False,False,False,False
2022,SEA,CollLJ00,L.J. Collier,DL,Defense,1,7,7,17,Unspecified (IR),,True,False,False,False
2022,SEA,CurhJa00,Jake Curhan,OL,Offense,1,3,3,17,Arm / Elbow,Elbow,False,False,False,False
2022,SEA,DallDe00,DeeJay Dallas,RB,Offense,14,15,2,5,Ankle,Ankle,False,False,False,False
2022,SEA,DissWi00,Will Dissly,TE,Offense,17,18,2,2,Unspecified (IR),,True,True,True,False
2022,SEA,DunnIs00,Isaiah Dunn,DB,Defense,7,18,11,11,Hamstring,Hamstring,True,True,True,False
2022,SEA,EskrDW00,D'Wayne Eskridge,WR,Offense,12,18,7,7,Hand / Wrist,Hand,True,True,True,False
2022,SEA,GillCu00,Cullen Gillaspia,RB,Offense,10,18,8,8,Knee,Knee,True,True,True,False
2022,SEA,GoodMa00,Marquise Goodwin,WR,Offense,5,5,1,13,Knee,Knee,False,False,False,False
2022,SEA,GoodMa00,Marquise Goodwin,WR,Offense,9,9,1,9,Hip / Groin,Groin,False,False,False,False
2022,SEA,GoodMa00,Marquise Goodwin,WR,Offense,17,18,2,2,Shoulder,Shoulder,True,True,True,False
2022,SEA,HarrSh00,Shelby Harris,DL,Defense,3,3,1,15,Hip / Groin,Glute,False,False,False,False
2022,SEA,HartPe01,Penny Hart,WR,Offense,6,8,3,12,Hamstring,Hamstring,False,False,False,False
2022,SEA,HaynPh00,Phil Haynes,OL,Offense,4,4,1,14,Ankle,Ankle,False,False,False,False
2022,SEA,HaynPh00,Phil Haynes,OL,Offense,18,18,1,1,Ankle,Ankle,False,True,False,False
2022,SEA,HomeTr00,Travis Homer,RB,Offense,4,7,4,14,Unspecified (IR),,True,False,False,False
2022,SEA,HomeTr00,Travis Homer,RB,Offense,17,18,2,2,Ankle,Ankle,True,True,True,False
2022,SEA,JackGa00,Gabe Jackson,OL,Offense,6,7,2,12,Knee,Knee,False,False,False,False
2022,SEA,JohnDa10,Darryl Johnson,LB,Defense,5,18,13,13,Ankle,Ankle,True,True,True,False
2022,SEA,JoneJo06,Josh Jones,DB,Defense,14,18,5,5,Unspecified (IR),,True,True,True,False
2022,SEA,JoneSi00,Sidney Jones,DB,Defense,7,9,3,11,Hip / Groin,Groin,False,False,False,False
2022,SEA,LewiDa05,Damien Lewis,OL,Offense,1,1,1,17,Knee,Knee,False,False,False,False
2022,SEA,LockTy00,Tyler Lockett,WR,Offense,16,16,1,3,Hand / Wrist,Hand,False,False,False,False
2022,SEA,LucaAb00,Abraham Lucas,OL,Offense,17,17,1,2,Knee,Knee,False,False,False,False
2022,SEA,MoneBr00,Bryan Mone,DL,Defense,16,18,3,3,Unspecified (IR),,True,True,True,False
2022,SEA,NealRy00,Ryan Neal,DB,Defense,16,18,3,3,Knee,Knee,False,True,False,False
2022,SEA,PennRa00,Rashaad Penny,RB,Offense,6,18,12,12,Ankle,Ankle,True,True,True,False
2022,SEA,RhatJo00,Jon Rhattigan,LB,Defense,1,13,12,17,Unspecified (IR),,True,False,False,False
2022,SEA,TaylDa00,Darrell Taylor,LB,Defense,9,9,1,9,Hip / Groin,Groin,False,False,False,False
2022,SEA,WalkKe00,Kenneth Walker III,RB,Offense,1,1,1,17,Core / Abdomen,Hernia,False,False,False,False
2022,SEA,WalkKe00,Kenneth Walker III,RB,Offense,14,14,1,5,Ankle,Ankle,False,False,False,False
2022,SEA,WoodAl99,Al Woods,DL,Defense,6,6,1,12,Knee,Knee,False,False,False,False
2022,SEA,WoodAl99,Al Woods,DL,Defense,15,16,2,4,Achilles,Achilles,False,False,False,False
2022,SEA,YounDa02,Dareke Young,WR,Offense,2,5,4,16,Quad / Thigh,Quadricep,False,False,False,False
2022,SF,AlShAz00,Azeez Al-Shaair,LB,Defense,4,8,5,14,Knee,Knee,True,False,False,False
2022,SF,ArmsAr01,Arik Armstead,DL,Defense,3,3,1,15,Foot / Toe,Foot,False,False,False,False
2022,SF,ArmsAr01,Arik Armstead,DL,Defense,5,12,7,13,Foot / Toe,Foot,False,False,False,False
2022,SF,BankAa00,Aaron Banks,OL,Offense,18,18,1,1,Ankle,Ankle,False,True,False,False
2022,SF,BosaNi00,Nick Bosa,DL,Defense,6,6,1,12,Hip / Groin,Groin,False,False,False,False
2022,SF,BrunDa00,Daniel Brunskill,OL,Offense,1,3,3,17,Hamstring,Hamstring,False,False,False,False
2022,SF,BurfSp00,Spencer Burford,OL,Offense,13,13,1,6,Ankle,Ankle,False,False,False,False
2022,SF,DaviTy03,Tyrion Davis-Price,RB,Offense,3,5,3,15,Ankle,Ankle,False,False,False,False
2022,SF,EbukSa00,Samson Ebukam,DL,Defense,10,11,2,9,Quad / Thigh,Quadricep,False,False,False,False
2022,SF,GaroJi00,Jimmy Garoppolo,QB,Offense,1,1,1,17,Shoulder,right Shoulder,False,False,False,False
2022,SF,GaroJi00,Jimmy Garoppolo,QB,Offense,14,18,5,5,Foot / Toe,Foot,False,True,False,False
2022,SF,GiveKe01,Kevin Givens,DL,Defense,15,18,4,4,Knee,Knee,False,True,False,False
2022,SF,GrayDa02,Danny Gray,WR,Offense,4,4,1,14,Hip / Groin,Hip,False,False,False,False
2022,SF,GreeDr00,Dre Greenlaw,LB,Defense,8,8,1,10,Lower Leg,Calf,False,False,False,False
2022,SF,GreeDr00,Dre Greenlaw,LB,Defense,18,18,1,1,Back,Back,False,True,False,False
2022,SF,HydeKe01,Kerry Hyder,DL,Defense,16,16,1,3,Ankle,Ankle,False,False,False,False
2022,SF,JennJa00,Jauan Jennings,WR,Offense,8,8,1,10,Hamstring,Hamstring,False,False,False,False
2022,SF,JuszKy00,Kyle Juszczyk,RB,Offense,8,8,1,10,Hand / Wrist,Finger,False,False,False,False
2022,SF,KinlJa00,Javon Kinlaw,DL,Defense,4,15,11,14,Knee,Knee,True,False,False,False
2022,SF,KittGe00,George Kittle,TE,Offense,1,2,2,17,Hip / Groin,Groin,False,False,False,False
2022,SF,KrofTy00,Tyler Kroft,TE,Offense,3,7,5,15,Knee,Knee,False,False,False,False
2022,SF,LancTr00,Trey Lance,QB,Offense,3,18,15,15,Unspecified (IR),,True,True,True,False
2022,SF,McKiCo00,Colton McKivitz,OL,Offense,5,8,4,13,Knee,Knee,True,False,False,False
2022,SF,MitcEl00,Elijah Mitchell,RB,Offense,2,8,7,16,Unspecified (IR),,True,False,False,False
2022,SF,MitcEl00,Elijah Mitchell,RB,Offense,13,17,5,6,Knee,Knee,True,False,False,False
2022,SF,MoorTa00,Tarvarius Moore,DB,Defense,4,5,2,14,Hamstring,Hamstring,False,False,False,False
2022,SF,MoorTa00,Tarvarius Moore,DB,Defense,14,15,2,5,Knee,Knee,False,False,False,False
2022,SF,MoseEm00,Emmanuel Moseley,DB,Defense,6,18,12,12,Knee,Knee,True,True,True,False
2022,SF,RidgHa00,Hassan Ridgeway,DL,Defense,14,18,5,5,Chest / Ribs,Pectoral,True,True,True,False
2022,SF,RobiCu00,Curtis Robinson,LB,Defense,1,5,5,17,Unspecified (IR),,True,False,False,False
2022,SF,SamuDe00,Deebo Samuel,WR,Offense,8,8,1,10,Hamstring,Hamstring,False,False,False,False
2022,SF,SamuDe00,Deebo Samuel,WR,Offense,15,17,3,4,Ankle,Ankle,False,False,False,False
2022,SF,ThomAm00,Ambry Thomas,DB,Defense,18,18,1,1,Ankle,Ankle,False,True,False,False
2022,SF,WardJi01,Jimmie Ward,DB,Defense,1,4,4,17,Hand / Wrist,Hand,True,False,False,False
2022,SF,WardJi01,Jimmie Ward,DB,Defense,6,6,1,12,Hand / Wrist,Hand,False,False,False,False
2022,SF,WillJo09,Jordan Willis,DL,Defense,1,8,8,17,Unspecified (IR),,True,False,False,False
2022,SF,WillTr21,Trent Williams,OL,Offense,4,6,3,14,Ankle,Ankle,False,False,False,False
2022,SF,WomaSa00,Samuel Womack,DB,Defense,15,15,1,4,Head / Concussion,Concussion,False,False,False,False
2022,TB,AverGe00,Genard Avery,LB,Defense,15,18,4,4,Core / Abdomen,Abdomen,True,True,True,False
2022,TB,BarrSh00,Shaquil Barrett,LB,Defense,9,18,9,9,Unspecified (IR),,True,True,True,False
2022,TB,BernGi00,Giovani Bernard,RB,Offense,3,12,9,15,Unspecified (IR),,True,False,False,False
2022,TB,BratCa00,Cameron Brate,TE,Offense,5,5,1,13,Head / Concussion,Concussion,False,False,False,False
2022,TB,BratCa00,Cameron Brate,TE,Offense,7,9,3,11,Neck,Neck,False,False,False,False
2022,TB,BritKJ00,K.J. Britt,LB,Defense,8,13,5,10,Ankle,Ankle,True,False,False,False
2022,TB,BuntSe00,Sean Murphy-Bunting,DB,Defense,6,8,3,12,Quad / Thigh,Quadricep,False,False,False,False
2022,TB,BuntSe00,Sean Murphy-Bunting,DB,Defense,13,14,2,6,Quad / Thigh,Quadricep,False,False,False,False
2022,TB,DaviCa02,Carlton Davis,DB,Defense,7,8,2,11,Hip / Groin,Hip,False,False,False,False
2022,TB,DaviCa02,Carlton Davis,DB,Defense,17,18,2,2,Shoulder,Shoulder,False,True,False,False
2022,TB,DeanJa00,Jamel Dean,DB,Defense,15,16,2,4,Foot / Toe,Toe,False,False,False,False
2022,TB,EdwaMi01,Mike Edwards,DB,Defense,6,6,1,12,Arm / Elbow,Elbow,False,False,False,False
2022,TB,EdwaMi01,Mike Edwards,DB,Defense,13,14,2,6,Hamstring,Hamstring,False,False,False,False
2022,TB,EdwaMi01,Mike Edwards,DB,Defense,18,18,1,1,Hamstring,Hamstring,False,True,False,False
2022,TB,FourLe00,Leonard Fournette,RB,Offense,12,12,1,7,Hip / Groin,Hip,False,False,False,False
2022,TB,GageRu00,Russell Gage,WR,Offense,8,12,4,10,Hamstring,Hamstring,False,False,False,False
2022,TB,GodwCh00,Chris Godwin,WR,Offense,2,3,2,16,Hamstring,Hamstring,False,False,False,False
2022,TB,GoedLu00,Luke Goedeke,OL,Offense,8,14,6,10,Foot / Toe,Foot,False,False,False,False
2022,TB,HickAk00,Akiem Hicks,DL,Defense,3,8,6,15,Foot / Toe,Foot,False,False,False,False
2022,TB,JoneJu02,Julio Jones,WR,Offense,2,3,2,16,Knee,Knee,False,False,False,False
2022,TB,JoneJu02,Julio Jones,WR,Offense,5,7,3,13,Knee,Knee,False,False,False,False
2022,TB,JoneJu02,Julio Jones,WR,Offense,15,15,1,4,Knee,Knee,False,False,False,False
2022,TB,JoneJu02,Julio Jones,WR,Offense,18,18,1,1,Knee,Knee,False,True,False,False
2022,TB,McCoZy02,Zyon McCollum,DB,Defense,1,4,4,17,Hamstring,Hamstring,False,False,False,False
2022,TB,NassCa00,Carl Nassib,LB,Defense,15,18,4,4,Chest / Ribs,Pectoral,False,True,False,False
2022,TB,PerrBr02,Breshad Perriman,WR,Offense,4,5,2,14,Knee,Knee,False,False,False,False
2022,TB,RussJJ00,J.J. Russell,LB,Defense,10,14,4,8,Hamstring,Hamstring,False,False,False,False
2022,TB,RyanLo00,Logan Ryan,DB,Defense,5,12,7,13,Foot / Toe,Foot,True,False,False,False
2022,TB,RyanLo00,Logan Ryan,DB,Defense,18,18,1,1,Knee,Knee,False,True,False,False
2022,TB,SmitDo02,Donovan Smith,OL,Offense,2,3,2,16,Arm / Elbow,Elbow,False,False,False,False
2022,TB,SmitDo02,Donovan Smith,OL,Offense,16,16,1,3,Foot / Toe,Foot,False,False,False,False
2022,TB,SmitDo02,Donovan Smith,OL,Offense,18,18,1,1,Foot / Toe,Foot,False,True,False,False
2022,TB,VeaxVi00,Vita Vea,DL,Defense,15,16,2,4,Lower Leg,Calf,False,False,False,False
2022,TB,VeaxVi00,Vita Vea,DL,Defense,18,18,1,1,Lower Leg,Calf,False,True,False,False
2022,TB,WellJo02,Josh Wells,OL,Offense,3,6,4,15,Unspecified (IR),,True,False,False,False
2022,TB,WellJo02,Josh Wells,OL,Offense,17,18,2,2,Back,Back,True,True,True,False
2022,TB,WinfAn00,Antoine Winfield Jr.,DB,Defense,8,9,2,10,Head / Concussion,Concussion,False,False,False,False
2022,TB,WinfAn00,Antoine Winfield Jr.,DB,Defense,13,14,2,6,Ankle,Ankle,False,False,False,False
2022,TB,WirfTr00,Tristan Wirfs,OL,Offense,13,15,3,6,Ankle,Ankle,False,False,False,False
2022,TB,WirfTr00,Tristan Wirfs,OL,Offense,18,18,1,1,Ankle,Ankle,False,True,False,False
2022,TEN,AdamAn00,Andrew Adams,DB,Defense,18,18,1,1,Unspecified (IR),,True,True,True,False
2022,TEN,AdenOl00,Olasunkanmi Adeniyi,LB,Defense,3,12,9,15,Neck,Neck,True,False,False,False
2022,TEN,AmadUg00,Ugo Amadi,DB,Defense,3,8,5,15,Ankle,Ankle,False,False,False,False
2022,TEN,AutrDe00,Denico Autry,DL,Defense,12,15,4,7,Knee,Knee,False,False,False,False
2022,TEN,AutrDe00,Denico Autry,DL,Defense,17,17,1,2,Arm / Elbow,Biceps,False,False,False,False
2022,TEN,AverTr01,Tre Avery,DB,Defense,14,15,2,5,Head / Concussion,Concussion,False,False,False,False
2022,TEN,BoarC.00,C.J. Board,WR,Offense,14,18,5,5,Chest / Ribs,Rib,True,True,True,False
2022,TEN,BurkTr00,Treylon Burks,WR,Offense,5,9,4,13,Foot / Toe,Toe,True,False,False,False
2022,TEN,BurkTr00,Treylon Burks,WR,Offense,14,15,2,5,Head / Concussion,Concussion,False,False,False,False
2022,TEN,CannTr00,Trenton Cannon,RB,Offense,3,18,15,15,Unspecified (IR),,True,True,True,False
2022,TEN,CartTo01,Tory Carter,RB,Offense,7,9,3,12,Neck,Neck,False,False,False,False
2022,TEN,ColeDy00,Dylan Cole,LB,Defense,16,17,2,3,Ankle,Ankle,False,False,False,False
2022,TEN,CunnZa00,Zach Cunningham,LB,Defense,4,7,3,14,Arm / Elbow,Elbow,False,False,False,False
2022,TEN,CunnZa00,Zach Cunningham,LB,Defense,10,15,6,9,Arm / Elbow,Elbow,True,False,False,False
2022,TEN,CunnZa00,Zach Cunningham,LB,Defense,17,18,2,2,Arm / Elbow,Elbow,True,True,True,False
2022,TEN,DaviNa01,Nate Davis,OL,Offense,5,7,2,13,Knee,Knee,False,False,False,False
2022,TEN,DaviNa01,Nate Davis,OL,Offense,16,18,3,3,Ankle,Ankle,True,True,True,False
2022,TEN,DuprAl00,Bud Dupree,LB,Defense,3,3,1,15,Hip / Groin,Hip,False,False,False,False
2022,TEN,DuprAl00,Bud Dupree,LB,Defense,5,5,1,13,Hip / Groin,Hip,False,False,False,False
2022,TEN,DuprAl00,Bud Dupree,LB,Defense,10,11,2,9,Hip / Groin,Hip,False,False,False,False
2022,TEN,DuprAl00,Bud Dupree,LB,Defense,17,18,2,2,Chest / Ribs,Pectoral,True,True,True,False
2022,TEN,FarlCa00,Caleb Farley,DB,Defense,11,18,8,8,Back,Back,True,True,True,False
2022,TEN,FultKr00,Kristian Fulton,DB,Defense,2,2,1,16,Hamstring,Hamstring,False,False,False,False
2022,TEN,FultKr00,Kristian Fulton,DB,Defense,10,10,1,9,Hamstring,Hamstring,False,False,False,False
2022,TEN,FultKr00,Kristian Fulton,DB,Defense,14,17,4,5,Hip / Groin,Groin,False,False,False,False
2022,TEN,HandDa00,Da'Shawn Hand,DL,Defense,2,18,16,16,Unspecified (IR),,True,True,True,False
2022,TEN,HarrDa05,Davontae Harris,DB,Defense,18,18,1,1,Hamstring,Hamstring,False,True,False,False
2022,TEN,HaskHa00,Hassan Haskins,RB,Offense,13,14,2,6,Hip / Groin,Hip,False,False,False,False
2022,TEN,HenrDe00,Derrick Henry,RB,Offense,17,17,1,2,Hip / Groin,Hip,False,False,False,False
2022,TEN,HillDo00,Dontrell Hilliard,RB,Offense,2,2,1,16,Hamstring,Hamstring,False,False,False,False
2022,TEN,HillDo00,Dontrell Hilliard,RB,Offense,15,18,4,4,Neck,Neck,True,True,True,False
2022,TEN,HollCo00,Cody Hollister,WR,Offense,13,18,6,6,Neck,Neck,True,True,True,False
2022,TEN,HookAm00,Amani Hooker,DB,Defense,4,5,2,14,Head / Concussion,Concussion,False,False,False,False
2022,TEN,HookAm00,Amani Hooker,DB,Defense,9,11,3,10,Shoulder,Shoulder,False,False,False,False
2022,TEN,HookAm00,Amani Hooker,DB,Defense,15,17,3,4,Knee,Knee,False,False,False,False
2022,TEN,JackCh01,Chris Jackson,DB,Defense,3,18,15,15,Unspecified (IR),,True,True,True,False
2022,TEN,JohnLo01,Lonnie Johnson Jr.,DB,Defense,1,1,1,17,Hip / Groin,Groin,False,False,False,False
2022,TEN,JohnLo01,Lonnie Johnson Jr.,DB,Defense,11,14,4,8,Hamstring,Hamstring,True,False,False,False
2022,TEN,JoneBe01,Ben Jones,OL,Offense,11,12,2,8,Head / Concussion,Concussion,False,False,False,False
2022,TEN,JoneBe01,Ben Jones,OL,Offense,16,18,3,3,Head / Concussion,Concussion,True,True,True,False
2022,TEN,JoneJo05,Joseph Jones,LB,Defense,5,7,2,13,Knee,Knee,False,False,False,False
2022,TEN,LewaTa00,Taylor Lewan,OL,Offense,3,18,15,15,Knee,Knee,True,True,True,False
2022,TEN,LongDa04,David Long,LB,Defense,14,18,5,5,Hamstring,Hamstring,True,True,True,False
2022,TEN,McMaRa00,Racey McMath,WR,Offense,1,13,12,17,Unspecified (IR),,True,False,False,False
2022,TEN,MitcTe00,Terrance Mitchell,DB,Defense,16,18,3,3,Hamstring,Hamstring,True,True,True,False
2022,TEN,MoldEl00,Elijah Molden,DB,Defense,1,9,8,17,Hip / Groin,Groin,True,False,False,False
2022,TEN,MoldEl00,Elijah Molden,DB,Defense,11,11,1,8,Hip / Groin,Groin,False,False,False,False
2022,TEN,MoldEl00,Elijah Molden,DB,Defense,13,18,6,6,Hip / Groin,Groin,True,True,True,False
2022,TEN,MoorA.00,A.J. Moore,DB,Defense,2,18,16,16,Unspecified (IR),,True,True,True,False
2022,TEN,OkuaSa00,Sam Okuayinonu,DL,Defense,9,9,1,10,Knee,Knee,False,False,False,False
2022,TEN,PetiNi00,Nicholas Petit-Frere,OL,Offense,17,17,1,2,Ankle,Ankle,False,False,False,False
2022,TEN,PhilKy01,Kyle Philips,WR,Offense,3,3,1,15,Shoulder,Shoulder,False,False,False,False
2022,TEN,PhilKy01,Kyle Philips,WR,Offense,7,18,12,12,Hamstring,Hamstring,True,True,True,False
2022,TEN,RaduDi00,Dillon Radunz,OL,Offense,16,18,3,3,Knee,Knee,True,True,True,False
2022,TEN,RiceMo00,Monty Rice,LB,Defense,1,4,4,17,Unspecified (IR),,True,False,False,False
2022,TEN,SimmJe01,Jeffery Simmons,DL,Defense,10,10,1,9,Ankle,Ankle,False,False,False,False
2022,TEN,SimmJe01,Jeffery Simmons,DL,Defense,17,17,1,2,Ankle,Ankle,False,False,False,False
2022,TEN,StroKe00,Kevin Strong,DL,Defense,9,9,1,10,Ankle,Ankle,False,False,False,False
2022,TEN,TannRy00,Ryan Tannehill,QB,Offense,8,9,2,11,Ankle,Ankle,False,False,False,False
2022,TEN,TannRy00,Ryan Tannehill,QB,Offense,16,18,3,3,Ankle,Ankle,True,True,True,False
2022,TEN,ThomJo07,Josh Thompson,DB,Defense,10,13,4,9,Knee,Knee,True,False,False,False
2022,TEN,ThomJo07,Josh Thompson,DB,Defense,16,17,2,3,Head / Concussion,Concussion,False,False,False,False
2022,TEN,WeavRa00,Rashad Weaver,LB,Defense,8,8,1,11,Back,Back,False,False,False,False
2022,WAS,AlleJo01,Jonathan Allen,DL,Defense,18,18,1,1,Knee,Knee,False,True,False,False
2022,WAS,BostJo00,Jonathan Bostic,LB,Defense,17,18,2,2,Chest / Ribs,Pectoral,True,True,True,False
2022,WAS,BrowDy00,Dyami Brown,WR,Offense,7,8,2,11,Hip / Groin,Groin,False,False,False,False
2022,WAS,ButlPe00,Percy Butler,DB,Defense,5,6,2,13,Quad / Thigh,Quadricep,False,False,False,False
2022,WAS,CastTa00,Tariq Castro-Fields,DB,Defense,7,18,11,11,Knee,Knee,True,True,True,False
2022,WAS,CharSa00,Saahdiq Charles,OL,Offense,15,18,4,4,Head / Concussion,Concussion,True,True,True,False
2022,WAS,CosmSa00,Samuel Cosmi,OL,Offense,5,7,3,13,Hand / Wrist,Finger,False,False,False,False
2022,WAS,CurlKa00,Kamren Curl,DB,Defense,1,2,2,17,Hand / Wrist,Thumb,False,False,False,False
2022,WAS,CurlKa00,Kamren Curl,DB,Defense,16,18,3,3,Ankle,Ankle,False,True,False,False
2022,WAS,DaviJa11,Jamin Davis,LB,Defense,18,18,1,1,Knee,Knee,True,True,True,False
2022,WAS,DotsJa00,Jahan Dotson,WR,Offense,5,9,5,13,Hamstring,Hamstring,False,False,False,False
2022,WAS,EiflMi00,Milo Eifler,LB,Defense,5,11,7,13,Hamstring,Hamstring,True,False,False,False
2022,WAS,GibsAn00,Antonio Gibson,RB,Offense,17,18,2,2,Knee,Knee,True,True,True,False
2022,WAS,HarrDe10,De'Jon Harris,LB,Defense,18,18,1,1,Unspecified (IR),,True,True,True,False
2022,WAS,HolcCo00,Cole Holcomb,LB,Defense,8,18,10,10,Foot / Toe,Foot,True,True,True,False
2022,WAS,JackWi02,William Jackson III,DB,Defense,3,3,1,15,Back,Back,False,False,False,False
2022,WAS,JackWi02,William Jackson III,DB,Defense,6,9,4,12,Back,Back,False,False,False,False
2022,WAS,LarsTy00,Tyler Larsen,OL,Offense,1,4,4,17,Unspecified (IR),,True,False,False,False
2022,WAS,LarsTy00,Tyler Larsen,OL,Offense,15,18,4,4,Unspecified (IR),,True,True,True,False
2022,WAS,LucaCo01,Cornelius Lucas,OL,Offense,18,18,1,1,Ankle,Ankle,False,True,False,False
2022,WAS,MathPh00,Phidarian Mathis,DL,Defense,2,18,16,16,Ankle,Ankle,True,True,True,False
2022,WAS,MayoDa00,David Mayo,LB,Defense,5,5,1,13,Hamstring,Hamstring,False,False,False,False
2022,WAS,MayoDa00,David Mayo,LB,Defense,9,11,3,9,Hamstring,Hamstring,False,False,False,False
2022,WAS,McKiJ.00,J.D. McKissic,RB,Offense,9,18,9,9,Neck,Neck,True,True,True,False
2022,WAS,MilnDa00,Dax Milne,WR,Offense,12,13,2,6,Foot / Toe,Foot,False,False,False,False
2022,WAS,NorwAn01,Andrew Norwell,OL,Offense,18,18,1,1,Hip / Groin,Hip,False,True,False,False
2022,WAS,RobiBr01,Brian Robinson Jr.,RB,Offense,1,4,4,17,Unspecified (IR),,True,False,False,False
2022,WAS,RobiBr01,Brian Robinson Jr.,RB,Offense,18,18,1,1,Knee,Knee,False,True,False,False
2022,WAS,RogeAr00,Armani Rogers,TE,Offense,11,17,6,7,Knee,Knee,True,False,False,False
2022,WAS,RoulCh00,Chase Roullier,OL,Offense,3,18,15,15,Unspecified (IR),,True,True,True,False
2022,WAS,SchwWe00,Wes Schweitzer,OL,Offense,2,2,1,16,Hamstring,Hamstring,False,False,False,False
2022,WAS,SchwWe00,Wes Schweitzer,OL,Offense,4,12,9,14,Head / Concussion,Concussion,True,False,False,False
2022,WAS,SmitJa08,James Smith-Williams,DL,Defense,3,3,1,15,Core / Abdomen,Abdomen,False,False,False,False
2022,WAS,SmitJa08,James Smith-Williams,DL,Defense,17,18,2,2,Head / Concussion,Concussion,False,True,False,False
2022,WAS,StJuBe00,Benjamin St-Juste,DB,Defense,12,15,3,6,Ankle,Ankle,False,False,False,False
2022,WAS,StJuBe00,Benjamin St-Juste,DB,Defense,17,18,2,2,Ankle,Ankle,True,True,True,False
2022,WAS,ThomLo00,Logan Thomas,TE,Offense,5,7,3,13,Lower Leg,Calf,False,False,False,False
2022,WAS,ToneSh00,Shaka Toney,DL,Defense,9,9,1,9,Lower Leg,Calf,False,False,False,False
2022,WAS,ToohCa00,Casey Toohill,DL,Defense,3,3,1,15,Head / Concussion,Concussion,False,False,False,False
2022,WAS,TurnCo00,Cole Turner,TE,Offense,1,4,4,17,Hamstring,Hamstring,False,False,False,False
2022,WAS,TurnCo00,Cole Turner,TE,Offense,8,10,3,10,Head / Concussion,Concussion,False,False,False,False
2022,WAS,TurnTr01,Trai Turner,OL,Offense,13,13,1,5,Ankle,Ankle,False,False,False,False
2022,WAS,WentCa00,Carson Wentz,QB,Offense,7,15,8,11,Hand / Wrist,right Finger,True,False,False,False
2022,WAS,WillJo07,Jonathan Williams,RB,Offense,6,8,3,12,Knee,Knee,False,False,False,False
2022,WAS,WiseDa01,Daniel Wise,DL,Defense,3,4,2,15,Ankle,Ankle,False,False,False,False
2022,WAS,YounCh04,Chase Young,DL,Defense,1,15,14,17,Knee,Knee,True,False,False,False
2023,ARI,BakeBu00,Budda Baker,DB,Defense,2,6,5,16,Hamstring,Hamstring,True,False,False,False
2023,ARI,BarnKr00,Krys Barnes,LB,Defense,8,8,1,10,Hamstring,Hamstring,False,False,False,False
2023,ARI,BeacKe00,Kelvin Beachum,OL,Offense,1,6,6,17,Hand / Wrist,Hand,False,False,False,False
2023,ARI,BlouJo00,Joey Blount,DB,Defense,11,12,2,7,Knee,Knee,False,False,False,False
2023,ARI,BrowMa04,Marquise Brown,WR,Offense,16,18,3,3,Foot / Toe,Heel,True,True,True,False
2023,ARI,ClarKe02,Kei'Trel Clark,DB,Defense,7,9,3,11,Hamstring,Hamstring,False,False,False,False
2023,ARI,CollLJ00,L.J. Collier,DL,Defense,2,18,16,16,Arm / Elbow,Biceps,True,True,True,False
2023,ARI,ColoTr01,Trystan Colon-Castillo,OL,Offense,9,11,3,9,Lower Leg,Calf,False,False,False,False
2023,ARI,ConnJa00,James Conner,RB,Offense,6,9,4,12,Knee,Knee,True,False,False,False
2023,ARI,DaleDe00,Dennis Daley,OL,Offense,1,5,5,17,Ankle,Ankle,True,False,False,False
2023,ARI,DemeEm00,Emari Demercado,RB,Offense,9,11,3,9,Foot / Toe,Toe,False,False,False,False
2023,ARI,DimuVi00,Victor Dimukeje,LB,Defense,16,16,1,3,Foot / Toe,Foot,False,False,False,False
2023,ARI,DortGr01,Greg Dortch,WR,Offense,8,8,1,10,Ankle,Ankle,False,False,False,False
2023,ARI,ErtzZa00,Zach Ertz,TE,Offense,8,13,6,10,Unspecified (IR),,True,False,False,False
2023,ARI,FotuLe00,Leki Fotu,DL,Defense,2,2,1,16,Shoulder,Shoulder,False,False,False,False
2023,ARI,FotuLe00,Leki Fotu,DL,Defense,12,17,5,6,Hand / Wrist,Hand,True,False,False,False
2023,ARI,HamiAn01,Antonio Hamilton,DB,Defense,7,7,1,11,Hip / Groin,Groin,False,False,False,False
2023,ARI,HamiAn01,Antonio Hamilton,DB,Defense,12,13,2,6,Hip / Groin,Groin,False,False,False,False
2023,ARI,HumpD.00,D.J. Humphries,OL,Offense,10,10,1,8,Ankle,Ankle,False,False,False,False
2023,ARI,HumpD.00,D.J. Humphries,OL,Offense,18,18,1,1,Knee,Knee,True,True,True,False
2023,ARI,IngrKe01,Keaontay Ingram,RB,Offense,4,5,2,14,Neck,Neck,False,False,False,False
2023,ARI,LedbJo01,Jonathan Ledbetter,DL,Defense,4,5,2,14,Hand / Wrist,Finger,False,False,False,False
2023,ARI,LedbJo01,Jonathan Ledbetter,DL,Defense,11,11,1,7,Shoulder,Shoulder,False,False,False,False
2023,ARI,LedbJo01,Jonathan Ledbetter,DL,Defense,17,18,2,2,Knee,Knee,True,True,True,False
2023,ARI,LukeJe00,Jesse Luketa,LB,Defense,6,7,2,12,Shoulder,Shoulder,False,False,False,False
2023,ARI,MurrKy00,Kyler Murray,QB,Offense,1,9,9,17,Knee,Knee,True,False,False,False
2023,ARI,PascZa00,Zach Pascal,WR,Offense,7,7,1,11,Neck,Neck,False,False,False,False
2023,ARI,PascZa00,Zach Pascal,WR,Offense,11,11,1,7,Hamstring,Hamstring,False,False,False,False
2023,ARI,PricBo00,Bobby Price,DB,Defense,10,16,6,8,Quad / Thigh,Quadricep,True,False,False,False
2023,ARI,StilDa01,Dante Stills,DL,Defense,18,18,1,1,Knee,Knee,True,True,True,False
2023,ARI,StroKe00,Kevin Strong,DL,Defense,8,8,1,10,Shoulder,Shoulder,False,False,False,False
2023,ARI,StroKe00,Kevin Strong,DL,Defense,12,12,1,6,Knee,Knee,False,False,False,False
2023,ARI,StroKe00,Kevin Strong,DL,Defense,18,18,1,1,Knee,Knee,False,True,False,False
2023,ARI,SwaiGe00,Geoff Swaim,TE,Offense,16,18,3,3,Back,Back,True,True,True,False
2023,ARI,ThomJa04,Jalen Thompson,DB,Defense,6,7,2,12,Hamstring,Hamstring,False,False,False,False
2023,ARI,ThomSt01,Starling Thomas,DB,Defense,13,13,1,5,Ankle,Ankle,False,False,False,False
2023,ARI,TurnZe00,Zeke Turner,LB,Defense,10,10,1,8,Hamstring,Hamstring,False,False,False,False
2023,ARI,WatkCa00,Carlos Watkins,DL,Defense,3,18,15,15,Arm / Elbow,Biceps,True,True,True,False
2023,ARI,WhitKy00,Kyzir White,LB,Defense,12,18,6,6,Unspecified (IR),,True,True,True,False
2023,ARI,WilkEl00,Elijah Wilkinson,OL,Offense,7,13,7,11,Neck,Neck,True,False,False,False
2023,ARI,WillGa00,Garrett Williams,DB,Defense,1,6,6,17,Knee,Knee,True,False,False,False
2023,ARI,WillGa00,Garrett Williams,DB,Defense,16,16,1,3,Knee,Knee,False,False,False,False
2023,ARI,WillGa00,Garrett Williams,DB,Defense,18,18,1,1,Ankle,Ankle,False,True,False,False
2023,ARI,WilsMi02,Michael Wilson,WR,Offense,9,9,1,9,Shoulder,Shoulder,False,False,False,False
2023,ARI,WilsMi02,Michael Wilson,WR,Offense,11,13,3,7,Shoulder,Shoulder,False,False,False,False
2023,ARI,WoodJo02,Josh Woods,LB,Defense,2,4,3,16,Ankle,Ankle,False,False,False,False
2023,ARI,WoodJo02,Josh Woods,LB,Defense,16,18,3,3,Unspecified (IR),,True,True,True,False
2023,ATL,AlfoDe00,DeAundre Alford,DB,Defense,10,10,1,8,Ankle,Ankle,False,False,False,False
2023,ATL,AndeTr00,Troy Andersen,LB,Defense,2,2,1,16,Head / Concussion,Concussion,False,False,False,False
2023,ATL,AndeTr00,Troy Andersen,LB,Defense,4,18,14,14,Chest / Ribs,Pectoral,True,True,True,False
2023,ATL,DalmDr00,Drew Dalman,OL,Offense,14,15,2,5,Ankle,Ankle,False,False,False,False
2023,ATL,DalmDr00,Drew Dalman,OL,Offense,18,18,1,1,Ankle,Ankle,False,True,False,False
2023,ATL,DaviTa00,Tae Davis,LB,Defense,8,8,1,10,Head / Concussion,Concussion,False,False,False,False
2023,ATL,DuprAl00,Bud Dupree,LB,Defense,15,15,1,4,Back,Back,False,False,False,False
2023,ATL,HarrZa00,Zach Harrison,DL,Defense,18,18,1,1,Knee,Knee,False,True,False,False
2023,ATL,HeinTa00,Taylor Heinicke,QB,Offense,12,15,4,7,Hamstring,Hamstring,False,False,False,False
2023,ATL,HeinTa00,Taylor Heinicke,QB,Offense,18,18,1,1,Ankle,Ankle,False,True,False,False
2023,ATL,HellDe00,DeMarcco Hellams,DB,Defense,9,9,1,9,Hamstring,Hamstring,False,False,False,False
2023,ATL,HellDe00,DeMarcco Hellams,DB,Defense,18,18,1,1,Head / Concussion,Concussion,False,True,False,False
2023,ATL,HollMa00,Mack Hollins,WR,Offense,10,13,3,8,Ankle,Ankle,False,False,False,False
2023,ATL,HughMi00,Mike Hughes,DB,Defense,13,13,1,6,Hand / Wrist,Hand,False,False,False,False
2023,ATL,JarrGr00,Grady Jarrett,DL,Defense,9,18,9,9,Unspecified (IR),,True,True,True,False
2023,ATL,LandNa01,Nathan Landman,LB,Defense,14,14,1,5,Knee,Knee,False,False,False,False
2023,ATL,LindCh00,Chris Lindstrom,OL,Offense,15,15,1,4,Ankle,Ankle,False,False,False,False
2023,ATL,LondDr00,Drake London,WR,Offense,9,9,1,9,Hip / Groin,Groin,False,False,False,False
2023,ATL,LondLa00,LaCale London,DL,Defense,9,14,5,9,Knee,Knee,True,False,False,False
2023,ATL,McGaKa00,Kaleb McGary,OL,Offense,14,16,3,5,Knee,Knee,False,False,False,False
2023,ATL,OkudJe00,Jeff Okudah,DB,Defense,1,2,2,17,Foot / Toe,Foot,False,False,False,False
2023,ATL,OkudJe00,Jeff Okudah,DB,Defense,14,14,1,5,Ankle,Ankle,False,False,False,False
2023,ATL,OnyeDa00,David Onyemata,DL,Defense,10,10,1,8,Ankle,Ankle,False,False,False,False
2023,ATL,OnyeDa00,David Onyemata,DL,Defense,14,15,2,5,Ankle,Ankle,False,False,False,False
2023,ATL,PattCo00,Cordarrelle Patterson,RB,Offense,1,3,3,17,Quad / Thigh,Thigh,False,False,False,False
2023,ATL,RiddDe00,Desmond Ridder,QB,Offense,9,9,1,9,Head / Concussion,gameday concussion protocol evaluation,False,False,False,False
2023,ATL,SmitKe03,Keith Smith,RB,Offense,9,9,1,9,Head / Concussion,Concussion,False,False,False,False
2023,ATL,SmitKe03,Keith Smith,RB,Offense,16,18,3,3,Ankle,Ankle,True,True,True,False
2023,ATL,StreKe00,Kentavius Street,DL,Defense,15,18,4,4,Chest / Ribs,Pectoral,True,True,True,False
2023,BAL,AndrMa00,Mark Andrews,TE,Offense,1,1,1,17,Quad / Thigh,Quadricep,False,False,False,False
2023,BAL,AndrMa00,Mark Andrews,TE,Offense,12,18,6,6,Ankle,Ankle,True,True,True,False
2023,BAL,ArmoJa00,Jalyn Armour-Davis,DB,Defense,5,6,2,13,Hamstring,Hamstring,False,False,False,False
2023,BAL,ArmoJa00,Jalyn Armour-Davis,DB,Defense,16,18,3,3,Head / Concussion,Concussion,True,True,True,False
2023,BAL,BateRa00,Rashod Bateman,WR,Offense,4,4,1,14,Hamstring,Hamstring,False,False,False,False
2023,BAL,BeckOd00,Odell Beckham Jr.,WR,Offense,3,4,2,15,Ankle,Ankle,False,False,False,False
2023,BAL,DobbJK00,J.K. Dobbins,RB,Offense,2,18,16,16,Unspecified (IR),,True,True,True,False
2023,BAL,DuveDe00,Devin Duvernay,WR,Offense,15,18,4,4,Unspecified (IR),,True,True,True,False
2023,BAL,FlowZa00,Zay Flowers,WR,Offense,18,18,1,1,Lower Leg,Calf,False,True,False,False
2023,BAL,HamiKy00,Kyle Hamilton,DB,Defense,17,18,2,2,Knee,Knee,False,True,False,False
2023,BAL,HarrMa06,Malik Harrison,LB,Defense,12,14,2,6,Hip / Groin,Groin,False,False,False,False
2023,BAL,HarrMa06,Malik Harrison,LB,Defense,18,18,1,1,Hip / Groin,Groin,False,True,False,False
2023,BAL,HillJu00,Justice Hill,RB,Offense,3,3,1,15,Foot / Toe,Foot,False,False,False,False
2023,BAL,HumpMa00,Marlon Humphrey,DB,Defense,1,4,4,17,Foot / Toe,Foot,False,False,False,False
2023,BAL,HumpMa00,Marlon Humphrey,DB,Defense,11,12,2,7,Lower Leg,Calf,False,False,False,False
2023,BAL,HumpMa00,Marlon Humphrey,DB,Defense,18,18,1,1,Lower Leg,Calf,False,True,False,False
2023,BAL,LindTy00,Tyler Linderbaum,OL,Offense,2,3,2,16,Ankle,Ankle,False,False,False,False
2023,BAL,MaulAr00,Arthur Maulet,DB,Defense,16,16,1,3,Knee,Knee,False,False,False,False
2023,BAL,MitcKe01,Keaton Mitchell,RB,Offense,1,5,5,17,Shoulder,Shoulder,True,False,False,False
2023,BAL,MitcKe01,Keaton Mitchell,RB,Offense,8,8,1,10,Hamstring,Hamstring,False,False,False,False
2023,BAL,MitcKe01,Keaton Mitchell,RB,Offense,16,18,3,3,Unspecified (IR),,True,True,True,False
2023,BAL,MoseMo00,Morgan Moses,OL,Offense,5,5,1,13,Shoulder,Shoulder,False,False,False,False
2023,BAL,MoseMo00,Morgan Moses,OL,Offense,9,10,2,9,Shoulder,Shoulder,False,False,False,False
2023,BAL,OjabDa00,David Ojabo,LB,Defense,4,18,14,14,Ankle,Ankle,True,True,True,False
2023,BAL,OwehJa00,Odafe Oweh,LB,Defense,3,6,4,15,Ankle,Ankle,False,False,False,False
2023,BAL,SeymKe00,Kevon Seymour,DB,Defense,7,7,1,11,Ankle,Ankle,False,False,False,False
2023,BAL,SimpTr00,Trenton Simpson,LB,Defense,11,12,2,7,Head / Concussion,Concussion,False,False,False,False
2023,BAL,StanRo00,Ronnie Stanley,OL,Offense,2,4,3,16,Knee,Knee,False,False,False,False
2023,BAL,StanRo00,Ronnie Stanley,OL,Offense,11,11,1,7,Knee,Knee,False,False,False,False
2023,BAL,StepBr01,Brandon Stephens,DB,Defense,17,17,1,2,Ankle,Ankle,False,False,False,False
2023,BAL,WallTy00,Tylan Wallace,WR,Offense,4,8,5,14,Hamstring,Hamstring,True,False,False,False
2023,BAL,WashAr00,Ar'Darius Washington,DB,Defense,3,18,15,15,Chest / Ribs,Pectoral,True,True,True,False
2023,BAL,WillDa15,Damarion Williams,DB,Defense,1,17,16,17,Ankle,Ankle,True,False,False,False
2023,BAL,WillMa06,Marcus Williams,DB,Defense,2,4,3,16,Chest / Ribs,Pectoral,False,False,False,False
2023,BAL,WillMa06,Marcus Williams,DB,Defense,7,9,3,11,Hamstring,Hamstring,False,False,False,False
2023,BAL,WorlDa00,Daryl Worley,DB,Defense,5,8,4,13,Shoulder,Shoulder,True,False,False,False
2023,BAL,WorlDa00,Daryl Worley,DB,Defense,18,18,1,1,Ankle,Ankle,True,True,True,False
2023,BAL,ZeitKe00,Kevin Zeitler,OL,Offense,17,18,2,2,Knee,Knee,False,True,False,False
2023,BUF,BenfCh00,Christian Benford,DB,Defense,5,5,1,13,Shoulder,Shoulder,False,False,False,False
2023,BUF,BenfCh00,Christian Benford,DB,Defense,10,10,1,8,Hamstring,Hamstring,False,False,False,False
2023,BUF,ElamKa00,Kaiir Elam,DB,Defense,8,18,10,10,Ankle,Ankle,True,True,True,False
2023,BUF,EpenAJ00,A.J. Epenesa,DL,Defense,15,16,2,4,Chest / Ribs,Rib,False,False,False,False
2023,BUF,HamlDa00,Damar Hamlin,DB,Defense,17,18,2,2,Shoulder,Shoulder,False,True,False,False
2023,BUF,HarrDa06,Damien Harris,RB,Offense,7,18,11,11,Neck,Neck,True,True,True,False
2023,BUF,HydeMi00,Micah Hyde,DB,Defense,10,10,1,8,Neck,Neck,False,False,False,False
2023,BUF,HydeMi00,Micah Hyde,DB,Defense,15,16,2,4,Neck,Neck,False,False,False,False
2023,BUF,JackDa02,Dane Jackson,DB,Defense,6,6,1,12,Foot / Toe,Foot,False,False,False,False
2023,BUF,JackDa02,Dane Jackson,DB,Defense,12,12,1,6,Head / Concussion,Concussion,False,False,False,False
2023,BUF,JohnTy02,Ty Johnson,RB,Offense,16,16,1,3,Shoulder,Shoulder,False,False,False,False
2023,BUF,JoneDa04,DaQuan Jones,DL,Defense,6,16,10,12,Chest / Ribs,Pectoral,True,False,False,False
2023,BUF,KincDa00,Dalton Kincaid,TE,Offense,6,6,1,12,Head / Concussion,Concussion,False,False,False,False
2023,BUF,KleiAJ00,A.J. Klein,LB,Defense,9,9,1,9,Back,Back,False,False,False,False
2023,BUF,KnoxDa00,Dawson Knox,TE,Offense,8,12,5,10,Hand / Wrist,Wrist,True,False,False,False
2023,BUF,LawsSh00,Shaq Lawson,DL,Defense,5,5,1,13,Foot / Toe,Toe,False,False,False,False
2023,BUF,MilaMa00,Matt Milano,LB,Defense,6,18,12,12,Unspecified (IR),,True,True,True,False
2023,BUF,MillVo00,Von Miller,LB,Defense,1,4,4,17,Knee,Knee,True,False,False,False
2023,BUF,MorrQu00,Quintin Morris,TE,Offense,7,8,2,11,Ankle,Ankle,False,False,False,False
2023,BUF,OlivEd00,Ed Oliver,DL,Defense,7,7,1,11,Foot / Toe,Toe,False,False,False,False
2023,BUF,PhilJo01,Jordan Phillips,DL,Defense,16,18,3,3,Hand / Wrist,Wrist,True,True,True,False
2023,BUF,PoyeJo00,Jordan Poyer,DB,Defense,4,4,1,14,Knee,Knee,False,False,False,False
2023,BUF,RappTa00,Taylor Rapp,DB,Defense,12,12,1,6,Neck,Neck,False,False,False,False
2023,BUF,RousGr00,Gregory Rousseau,DL,Defense,5,5,1,13,Foot / Toe,Foot,False,False,False,False
2023,BUF,SpecBa00,Baylon Spector,LB,Defense,1,5,5,17,Hamstring,Hamstring,True,False,False,False
2023,BUF,SpecBa00,Baylon Spector,LB,Defense,8,10,3,10,Hamstring,Hamstring,False,False,False,False
2023,BUF,WhitTr01,Tre'Davious White,DB,Defense,5,18,13,13,Achilles,Achilles,True,True,True,False
2023,CAR,BarnAm00,Amare Barno,LB,Defense,17,18,2,2,Unspecified (IR),,True,True,True,False
2023,CAR,BellVo00,Vonn Bell,DB,Defense,6,9,3,12,Quad / Thigh,Quadricep,False,False,False,False
2023,CAR,BellVo00,Vonn Bell,DB,Defense,13,13,1,6,Shoulder,Shoulder,False,False,False,False
2023,CAR,BootDi00,Dicaprio Bootle,DB,Defense,12,18,7,7,Unspecified (IR),,True,True,True,False
2023,CAR,BurnBr00,Brian Burns,LB,Defense,10,10,1,9,Head / Concussion,Concussion,False,False,False,False
2023,CAR,CharDJ00,DJ Chark,WR,Offense,1,1,1,17,Hamstring,Hamstring,False,False,False,False
2023,CAR,CharDJ00,DJ Chark,WR,Offense,10,10,1,9,Arm / Elbow,Elbow,False,False,False,False
2023,CAR,CherCl00,Claudin Cherelus,LB,Defense,9,18,10,10,Knee,Knee,True,True,True,False
2023,CAR,ChinJe00,Jeremy Chinn,DB,Defense,8,12,5,11,Quad / Thigh,Quadricep,True,False,False,False
2023,CAR,ChriBr00,Brady Christensen,OL,Offense,2,18,16,16,Unspecified (IR),,True,True,True,False
2023,CAR,CorbAu00,Austin Corbett,OL,Offense,1,6,6,17,Knee,Knee,True,False,False,False
2023,CAR,CorbAu00,Austin Corbett,OL,Offense,12,18,7,7,Lower Leg,Calf,True,True,True,False
2023,CAR,GrosYe00,Yetur Gross-Matos,LB,Defense,8,12,5,11,Hamstring,Hamstring,True,False,False,False
2023,CAR,HaynMa01,Marquis Haynes,LB,Defense,1,9,8,17,Back,Back,True,False,False,False
2023,CAR,HaynMa01,Marquis Haynes,LB,Defense,11,11,1,8,Back,Back,False,False,False,False
2023,CAR,HaynMa01,Marquis Haynes,LB,Defense,18,18,1,1,Head / Concussion,Concussion,False,True,False,False
2023,CAR,HendCJ00,C.J. Henderson,DB,Defense,10,12,3,9,Head / Concussion,Concussion,False,False,False,False
2023,CAR,HillTr01,Troy Hill,DB,Defense,17,17,1,2,Head / Concussion,Concussion,False,False,False,False
2023,CAR,HornJa00,Jaycee Horn,DB,Defense,2,12,10,16,Hamstring,Hamstring,True,False,False,False
2023,CAR,HornJa00,Jaycee Horn,DB,Defense,17,17,1,2,Foot / Toe,Toe,False,False,False,False
2023,CAR,HousJu00,Justin Houston,LB,Defense,9,16,8,10,Hamstring,Hamstring,True,False,False,False
2023,CAR,HursHa00,Hayden Hurst,TE,Offense,11,18,8,8,Head / Concussion,Concussion,True,True,True,False
2023,CAR,JackDo02,Donte Jackson,DB,Defense,5,5,1,13,Shoulder,Shoulder,False,False,False,False
2023,CAR,JohnDJ00,DJ Johnson,LB,Defense,13,13,1,6,Arm / Elbow,Elbow,False,False,False,False
2023,CAR,MaysCa00,Cade Mays,OL,Offense,18,18,1,1,Hand / Wrist,Finger,False,True,False,False
2023,CAR,McCrJu00,Justin McCray,OL,Offense,15,18,4,4,Lower Leg,Calf,True,True,True,False
2023,CAR,MingJo00,Jonathan Mingo,WR,Offense,4,4,1,14,Head / Concussion,Concussion,False,False,False,False
2023,CAR,MingJo00,Jonathan Mingo,WR,Offense,18,18,1,1,Unspecified (IR),,True,True,True,False
2023,CAR,RiccGi00,Giovanni Ricci,TE,Offense,6,18,12,12,Shoulder,Shoulder,True,True,True,False
2023,CAR,SandMi01,Miles Sanders,RB,Offense,6,6,1,12,Shoulder,Shoulder,False,False,False,False
2023,CAR,ShenLa00,Laviska Shenault Jr.,WR,Offense,8,10,3,11,Ankle,Ankle,False,False,False,False
2023,CAR,ShenLa00,Laviska Shenault Jr.,WR,Offense,13,18,6,6,Ankle,Ankle,True,True,True,False
2023,CAR,SullSt00,Stephen Sullivan,TE,Offense,1,5,5,17,Hip / Groin,Hip,True,False,False,False
2023,CAR,SullSt00,Stephen Sullivan,TE,Offense,10,10,1,9,Shoulder,Shoulder,False,False,False,False
2023,CAR,ThomIa00,Ian Thomas,TE,Offense,6,10,4,12,Lower Leg,Calf,True,False,False,False
2023,CAR,ThomIa00,Ian Thomas,TE,Offense,15,15,1,4,Ankle,Ankle,False,False,False,False
2023,CAR,ThomSh01,Shaq Thompson,LB,Defense,3,18,15,15,Unspecified (IR),,True,True,True,False
2023,CAR,TremTo00,Tommy Tremble,TE,Offense,13,13,1,6,Hip / Groin,Hip,False,False,False,False
2023,CAR,VilaLu00,Luiji Vilain,LB,Defense,10,18,9,9,Knee,Knee,True,True,True,False
2023,CAR,WillDe04,DeShawn Williams,DL,Defense,14,14,1,5,Knee,Knee,False,False,False,False
2023,CAR,WoodXa00,Xavier Woods,DB,Defense,4,6,3,14,Hamstring,Hamstring,False,False,False,False
2023,CAR,WootCh00,Chandler Wooten,LB,Defense,10,18,9,9,Ankle,Ankle,True,True,True,False
2023,CAR,YounBr01,Bryce Young,QB,Offense,3,3,1,15,Ankle,Ankle,False,False,False,False
2023,CAR,ZavaCh00,Chandler Zavala,OL,Offense,6,6,1,12,Neck,Neck,False,False,False,False
2023,CAR,ZavaCh00,Chandler Zavala,OL,Offense,13,18,6,6,Knee,Knee,True,True,True,False
2023,CHI,BlacJo00,Josh Blackwell,DB,Defense,2,2,1,16,Hamstring,Hamstring,False,False,False,False
2023,CHI,BlacJo00,Josh Blackwell,DB,Defense,4,9,6,14,Hamstring,Hamstring,True,False,False,False
2023,CHI,BlasKh00,Khari Blasingame,RB,Offense,10,10,1,8,Head / Concussion,Concussion,False,False,False,False
2023,CHI,BrisJa01,Jaquan Brisker,DB,Defense,8,9,2,10,Head / Concussion,Concussion,False,False,False,False
2023,CHI,ColeDy00,Dylan Cole,LB,Defense,1,1,1,17,Hamstring,Hamstring,False,False,False,False
2023,CHI,DaviNa01,Nate Davis,OL,Offense,7,10,4,11,Ankle,Ankle,False,False,False,False
2023,CHI,EdmuTr01,Tremaine Edmunds,LB,Defense,9,10,2,9,Knee,Knee,False,False,False,False
2023,CHI,FeenDa00,Dan Feeney,OL,Offense,7,7,1,11,Knee,Knee,False,False,False,False
2023,CHI,FielJu00,Justin Fields,QB,Offense,7,10,4,11,Hand / Wrist,right Thumb,False,False,False,False
2023,CHI,ForeDO00,D'Onta Foreman,RB,Offense,12,12,1,6,Ankle,Ankle,False,False,False,False
2023,CHI,GordKy00,Kyler Gordon,DB,Defense,2,5,4,16,Hand / Wrist,Hand,True,False,False,False
2023,CHI,HerbKh00,Khalil Herbert,RB,Offense,6,10,5,12,Ankle,Ankle,True,False,False,False
2023,CHI,HomeTr00,Travis Homer,RB,Offense,6,6,1,12,Hamstring,Hamstring,False,False,False,False
2023,CHI,JackEd01,Eddie Jackson,DB,Defense,3,5,3,15,Foot / Toe,Foot,False,False,False,False
2023,CHI,JackEd01,Eddie Jackson,DB,Defense,7,8,2,11,Foot / Toe,Foot,False,False,False,False
2023,CHI,JenkTe00,Teven Jenkins,OL,Offense,1,4,4,17,Lower Leg,Calf,True,False,False,False
2023,CHI,JenkTe00,Teven Jenkins,OL,Offense,16,16,1,3,Head / Concussion,Concussion,False,False,False,False
2023,CHI,JohnJa13,Jaylon Johnson,DB,Defense,4,5,2,14,Hamstring,Hamstring,False,False,False,False
2023,CHI,JohnJa13,Jaylon Johnson,DB,Defense,18,18,1,1,Shoulder,Shoulder,False,True,False,False
2023,CHI,JohnRo07,Roschon Johnson,RB,Offense,6,7,2,12,Head / Concussion,Concussion,False,False,False,False
2023,CHI,JoneBr08,Braxton Jones,OL,Offense,3,8,6,15,Neck,Neck,True,False,False,False
2023,CHI,KareKh00,Khalid Kareem,DL,Defense,1,7,7,17,Hip / Groin,Hip,True,False,False,False
2023,CHI,KramDo00,Doug Kramer,OL,Offense,1,6,6,17,Hand / Wrist,Thumb,True,False,False,False
2023,CHI,MoonDa00,Darnell Mooney,WR,Offense,17,18,2,2,Head / Concussion,Concussion,False,True,False,False
2023,CHI,NgakYa00,Yannick Ngakoue,DL,Defense,15,18,4,4,Knee,Knee,True,True,True,False
2023,CHI,PatrLu00,Lucas Patrick,OL,Offense,18,18,1,1,Lower Leg,Calf,True,True,True,False
2023,CHI,SeweNo00,Noah Sewell,LB,Defense,11,12,2,7,Knee,Knee,False,False,False,False
2023,CHI,SeweNo00,Noah Sewell,LB,Defense,15,16,2,4,Knee,Knee,False,False,False,False
2023,CHI,SmitTe05,Terell Smith,DB,Defense,6,10,5,12,Ankle,Ankle,False,False,False,False
2023,CHI,St.BEq00,Equanimeous St. Brown,WR,Offense,6,9,4,12,Hamstring,Hamstring,True,False,False,False
2023,CHI,St.BEq00,Equanimeous St. Brown,WR,Offense,14,16,3,5,Chest / Ribs,Pectoral,False,False,False,False
2023,CHI,StevTy01,Tyrique Stevenson,DB,Defense,12,12,1,6,Ankle,Ankle,False,False,False,False
2023,CIN,AndeTy00,Tycen Anderson,DB,Defense,9,18,10,10,Knee,Knee,True,True,True,False
2023,CIN,AwuzCh00,Chidobe Awuzie,DB,Defense,5,5,1,13,Back,Back,False,False,False,False
2023,CIN,AwuzCh00,Chidobe Awuzie,DB,Defense,18,18,1,1,Shoulder,Shoulder,False,True,False,False
2023,CIN,BachJo01,Joe Bachie,LB,Defense,15,15,1,4,Core / Abdomen,Oblique,False,False,False,False
2023,CIN,BrowCh10,Chase Brown,RB,Offense,8,11,4,11,Hamstring,Hamstring,True,False,False,False
2023,CIN,BurrJo01,Joe Burrow,QB,Offense,12,18,7,7,Hand / Wrist,right Wrist,True,True,True,False
2023,CIN,ChasJa00,Ja'Marr Chase,WR,Offense,16,16,1,3,Shoulder,Shoulder,False,False,False,False
2023,CIN,DaviAk01,Akeem Davis-Gaither,LB,Defense,4,8,4,14,Knee,Knee,False,False,False,False
2023,CIN,DaviJa06,Jalen Davis,DB,Defense,17,17,1,2,Hip / Groin,Groin,False,False,False,False
2023,CIN,EvanCh02,Chris Evans,RB,Offense,2,3,2,16,Hamstring,Hamstring,False,False,False,False
2023,CIN,HarpDe00,Devin Harper,LB,Defense,6,6,1,12,Hamstring,Hamstring,False,False,False,False
2023,CIN,HarpDe00,Devin Harper,LB,Defense,9,11,3,10,Hamstring,Hamstring,False,False,False,False
2023,CIN,HiggTe00,Tee Higgins,WR,Offense,5,5,1,13,Chest / Ribs,Ribs,False,False,False,False
2023,CIN,HiggTe00,Tee Higgins,WR,Offense,10,12,3,9,Hamstring,Hamstring,False,False,False,False
2023,CIN,HiggTe00,Tee Higgins,WR,Offense,18,18,1,1,Hamstring,Hamstring,False,True,False,False
2023,CIN,HubbSa00,Sam Hubbard,DL,Defense,10,11,2,9,Ankle,Ankle,False,False,False,False
2023,CIN,IosiAn00,Andrei Iosivas,WR,Offense,11,11,1,8,Knee,Knee,False,False,False,False
2023,CIN,IveyDJ00,DJ Ivey,DB,Defense,16,18,3,3,Unspecified (IR),,True,True,True,False
2023,CIN,JoneCh11,Charlie Jones,WR,Offense,4,10,6,14,Hand / Wrist,Thumb,True,False,False,False
2023,CIN,OssaJo00,Joseph Ossai,DL,Defense,1,2,2,17,Ankle,Ankle,False,False,False,False
2023,CIN,ReadD.00,D.J. Reader,DL,Defense,16,18,3,3,Unspecified (IR),,True,True,True,False
2023,CIN,SmitIr01,Irv Smith Jr.,TE,Offense,3,4,2,15,Hamstring,Hamstring,False,False,False,False
2023,CIN,TaylCa01,Cam Taylor-Britt,DB,Defense,12,16,5,7,Quad / Thigh,Quadricep,True,False,False,False
2023,CIN,TupoJo00,Josh Tupou,DL,Defense,9,10,2,10,Shoulder,Shoulder,False,False,False,False
2023,CLE,BellDa02,David Bell,WR,Offense,9,10,2,10,Knee,Knee,False,False,False,False
2023,CLE,BitoJo00,Joel Bitonio,OL,Offense,6,6,1,13,Knee,Knee,False,False,False,False
2023,CLE,BitoJo00,Joel Bitonio,OL,Offense,18,18,1,1,Core / Abdomen,Oblique,False,True,False,False
2023,CLE,ChubNi00,Nick Chubb,RB,Offense,3,18,15,15,Unspecified (IR),,True,True,True,False
2023,CLE,ConkJa00,Jack Conklin,OL,Offense,2,18,16,16,Unspecified (IR),,True,True,True,False
2023,CLE,DelpGr00,Grant Delpit,DB,Defense,15,18,4,4,Knee,Knee,True,True,True,False
2023,CLE,DunnMi01,Michael Dunn,OL,Offense,7,10,4,12,Lower Leg,Calf,True,False,False,False
2023,CLE,FlacJo00,Joe Flacco,QB,Offense,18,18,1,1,Lower Leg,Calf,False,True,False,False
2023,CLE,FordMi01,Mike Ford,DB,Defense,18,18,1,1,Lower Leg,Calf,False,True,False,False
2023,CLE,GarrMy00,Myles Garrett,DL,Defense,18,18,1,1,Shoulder,Shoulder,False,True,False,False
2023,CLE,GoodMa00,Marquise Goodwin,WR,Offense,10,13,4,9,Head / Concussion,Concussion,False,False,False,False
2023,CLE,GoodMa00,Marquise Goodwin,WR,Offense,18,18,1,1,Knee,Knee,False,True,False,False
2023,CLE,HudsJa00,James Hudson,OL,Offense,3,3,1,15,Ankle,Ankle,False,False,False,False
2023,CLE,HursMa00,Maurice Hurst Jr.,DL,Defense,15,18,4,4,Hip / Groin,Groin,True,True,True,False
2023,CLE,IkaxSi00,Siaki Ika,DL,Defense,1,14,13,17,Foot / Toe,Foot,False,False,False,False
2023,CLE,JoneDa07,Dawand Jones,OL,Offense,10,10,1,9,Knee,Knee,False,False,False,False
2023,CLE,JoneDa07,Dawand Jones,OL,Offense,14,18,5,5,Knee,Knee,True,True,True,False
2023,CLE,KunaJo00,Jordan Kunaszyk,LB,Defense,1,11,10,17,Knee,Knee,True,False,False,False
2023,CLE,KunaJo00,Jordan Kunaszyk,LB,Defense,15,16,2,4,Lower Leg,Calf,False,False,False,False
2023,CLE,McLeRo00,Rodney McLeod,DB,Defense,12,18,7,7,Unspecified (IR),,True,True,True,False
2023,CLE,MitcCa01,Cameron Mitchell,DB,Defense,10,13,4,9,Shoulder,Shoulder,True,False,False,False
2023,CLE,NewsGr00,Greg Newsome II,DB,Defense,3,3,1,15,Arm / Elbow,Elbow,False,False,False,False
2023,CLE,NewsGr00,Greg Newsome II,DB,Defense,9,9,1,10,Hip / Groin,Groin,False,False,False,False
2023,CLE,NewsGr00,Greg Newsome II,DB,Defense,18,18,1,1,Knee,Knee,False,True,False,False
2023,CLE,OkorOg00,Ogbonnia Okoronkwo,DL,Defense,15,17,3,4,Chest / Ribs,Pectoral,False,False,False,False
2023,CLE,PociEt00,Ethan Pocic,OL,Offense,15,15,1,4,Neck,Stinger,False,False,False,False
2023,CLE,PociEt00,Ethan Pocic,OL,Offense,18,18,1,1,Shoulder,Shoulder,False,True,False,False
2023,CLE,TakiSi00,Sione Takitaki,LB,Defense,7,7,1,12,Hamstring,Hamstring,False,False,False,False
2023,CLE,ThomDo02,Dorian Thompson-Robinson,QB,Offense,13,13,1,6,Head / Concussion,Concussion,False,False,False,False
2023,CLE,ThomDo02,Dorian Thompson-Robinson,QB,Offense,17,18,2,2,Hip / Groin,Hip,True,True,True,False
2023,CLE,ThorJu00,Juan Thornhill,DB,Defense,1,1,1,17,Lower Leg,Calf,False,False,False,False
2023,CLE,ThorJu00,Juan Thornhill,DB,Defense,11,11,1,8,Lower Leg,Calf,False,False,False,False
2023,CLE,ThorJu00,Juan Thornhill,DB,Defense,14,16,3,5,Lower Leg,Calf,False,False,False,False
2023,CLE,ThorJu00,Juan Thornhill,DB,Defense,18,18,1,1,Lower Leg,Calf,False,True,False,False
2023,CLE,TillCe01,Cedric Tillman,WR,Offense,6,8,3,13,Hip / Groin,Hip,False,False,False,False
2023,CLE,WalkAn01,Anthony Walker,LB,Defense,12,12,1,7,Hamstring,Hamstring,False,False,False,False
2023,CLE,WalkAn01,Anthony Walker,LB,Defense,15,18,4,4,Knee,Knee,True,True,True,False
2023,CLE,WardDe02,Denzel Ward,DB,Defense,12,14,3,7,Shoulder,Shoulder,False,False,False,False
2023,CLE,WardDe02,Denzel Ward,DB,Defense,18,18,1,1,Shoulder,Shoulder,False,True,False,False
2023,CLE,WatsDe00,Deshaun Watson,QB,Offense,4,6,2,14,Shoulder,right Shoulder,False,False,False,False
2023,CLE,WatsDe00,Deshaun Watson,QB,Offense,8,8,1,11,Shoulder,right Shoulder,False,False,False,False
2023,CLE,WatsDe00,Deshaun Watson,QB,Offense,11,18,8,8,Shoulder,right Shoulder,True,True,True,False
2023,CLE,WillJe04,Jedrick Wills Jr.,OL,Offense,10,18,9,9,Foot / Toe,Foot,True,True,True,False
2023,CLE,WrigAl01,Alex Wright,DL,Defense,9,9,1,10,Knee,Knee,False,False,False,False
2023,DAL,BiadTy00,Tyler Biadasz,OL,Offense,3,3,1,15,Hamstring,Hamstring,False,False,False,False
2023,DAL,CookBr00,Brandin Cooks,WR,Offense,2,2,1,16,Knee,Knee,False,False,False,False
2023,DAL,DiggTr00,Trevon Diggs,DB,Defense,3,18,15,15,Knee,Knee,True,True,True,False
2023,DAL,DowdRi01,Rico Dowdle,RB,Offense,17,17,1,2,Ankle,Ankle,False,False,False,False
2023,DAL,GoodC.00,C.J. Goodwin,DB,Defense,6,18,12,12,Chest / Ribs,Pectoral,True,True,True,False
2023,DAL,HankJo00,Johnathan Hankins,DL,Defense,15,17,3,4,Knee,Knee,False,False,False,False
2023,DAL,HendPe01,Peyton Hendershot,TE,Offense,4,13,9,14,Ankle,Ankle,True,False,False,False
2023,DAL,HookMa00,Malik Hooker,DB,Defense,15,15,1,4,Ankle,Ankle,False,False,False,False
2023,DAL,KearJa00,Jayron Kearse,DB,Defense,12,12,1,7,Back,Back,False,False,False,False
2023,DAL,LewiJo01,Jourdan Lewis,DB,Defense,1,1,1,17,Foot / Toe,Foot,False,False,False,False
2023,DAL,MartZa00,Zack Martin,OL,Offense,3,3,1,15,Ankle,Ankle,False,False,False,False
2023,DAL,McKeSe01,Sean McKeon,TE,Offense,14,18,5,5,Unspecified (IR),,True,True,True,False
2023,DAL,SmitTy00,Tyron Smith,OL,Offense,3,4,2,15,Knee,Knee,False,False,False,False
2023,DAL,SmitTy00,Tyron Smith,OL,Offense,8,8,1,11,Neck,Neck,False,False,False,False
2023,DAL,SmitTy00,Tyron Smith,OL,Offense,16,16,1,3,Back,Back,False,False,False,False
2023,DAL,SmitTy02,Tyler Smith,OL,Offense,1,2,2,17,Hamstring,Hamstring,False,False,False,False
2023,DAL,SmitTy02,Tyler Smith,OL,Offense,18,18,1,1,Foot / Toe,Foot,False,True,False,False
2023,DAL,ThomJu03,Juanyeh Thomas,DB,Defense,6,6,1,12,Hamstring,Hamstring,False,False,False,False
2023,DAL,TurpKa00,KaVontae Turpin,WR,Offense,10,10,1,9,Shoulder,Shoulder,False,False,False,False
2023,DAL,VandLe00,Leighton Vander Esch,LB,Defense,6,18,12,12,Neck,Neck,True,True,True,False
2023,DAL,VaugDe00,Deuce Vaughn,RB,Offense,18,18,1,1,Unspecified (IR),,True,True,True,False
2023,DAL,WaleMa00,Matt Waletzko,OL,Offense,1,17,16,17,Shoulder,Shoulder,True,False,False,False
2023,DAL,WilsDo01,Donovan Wilson,DB,Defense,1,2,2,17,Lower Leg,Calf,False,False,False,False
2023,DAL,WrigNa00,Nahshon Wright,DB,Defense,1,5,5,17,Ankle,Ankle,True,False,False,False
2023,DEN,BoniNi00,Nik Bonitto,LB,Defense,15,16,2,4,Knee,Knee,False,False,False,False
2023,DEN,BrowBa01,Baron Browning,LB,Defense,1,6,6,17,Knee,Knee,True,False,False,False
2023,DEN,BrowBa01,Baron Browning,LB,Defense,17,17,1,2,Head / Concussion,Concussion,False,False,False,False
2023,DEN,ClarFr01,Frank Clark,LB,Defense,2,4,3,16,Hip / Groin,Hip,False,False,False,False
2023,DEN,DulcGr00,Greg Dulcich,TE,Offense,2,5,4,16,Hamstring,Hamstring,True,False,False,False
2023,DEN,DulcGr00,Greg Dulcich,TE,Offense,7,18,11,11,Hamstring,Hamstring,True,True,True,False
2023,DEN,JeudJe00,Jerry Jeudy,WR,Offense,1,1,1,17,Hamstring,Hamstring,False,False,False,False
2023,DEN,JeweJo00,Josey Jewell,LB,Defense,4,4,1,14,Hip / Groin,Hip,False,False,False,False
2023,DEN,JohnBr23,Brandon Johnson,WR,Offense,8,12,4,10,Hamstring,Hamstring,True,False,False,False
2023,DEN,JoneD.01,D.J. Jones,DL,Defense,6,6,1,12,Knee,Knee,False,False,False,False
2023,DEN,LockPJ00,P.J. Locke,DB,Defense,1,4,4,17,Foot / Toe,Toe,True,False,False,False
2023,DEN,LockPJ00,P.J. Locke,DB,Defense,11,11,1,8,Ankle,Ankle,False,False,False,False
2023,DEN,McGlMi00,Mike McGlinchey,OL,Offense,18,18,1,1,Chest / Ribs,Ribs,True,True,True,False
2023,DEN,MimsMa00,Marvin Mims,WR,Offense,17,17,1,2,Hamstring,Hamstring,False,False,False,False
2023,DEN,MossRi00,Riley Moss,DB,Defense,1,2,2,17,Core / Abdomen,Abdomen,False,False,False,False
2023,DEN,PerkRo00,Ronnie Perkins,DL,Defense,11,15,5,8,Quad / Thigh,Quadricep,False,False,False,False
2023,DEN,PurcMi00,Mike Purcell,DL,Defense,4,4,1,14,Chest / Ribs,Ribs,False,False,False,False
2023,DEN,SimmJu00,Justin Simmons,DB,Defense,3,4,2,15,Hip / Groin,Hip,False,False,False,False
2023,DEN,SterCa00,Caden Sterns,DB,Defense,2,18,16,16,Unspecified (IR),,True,True,True,False
2023,DEN,SuttCo00,Courtland Sutton,WR,Offense,17,17,1,2,Head / Concussion,Concussion,False,False,False,False
2023,DEN,TurnDe02,Delarrin Turner-Yell,DB,Defense,18,18,1,1,Knee,Knee,True,True,True,False
2023,DEN,WillJa10,Javonte Williams,RB,Offense,5,5,1,13,Quad / Thigh,Quadricep,False,False,False,False
2023,DET,AnzaAl00,Alex Anzalone,LB,Defense,13,13,1,6,Hand / Wrist,Hand,False,False,False,False
2023,DET,BarnDe02,Derrick Barnes,LB,Defense,16,16,1,3,Shoulder,Shoulder,False,False,False,False
2023,DET,BranBr00,Brian Branch,DB,Defense,5,6,2,13,Ankle,Ankle,False,False,False,False
2023,DET,BridTe00,Teddy Bridgewater,QB,Offense,6,18,12,12,Knee,Knee,False,True,False,False
2023,DET,CabiJa00,Jason Cabinda,RB,Offense,4,17,13,14,Knee,Knee,True,False,False,False
2023,DET,DeckTa00,Taylor Decker,OL,Offense,2,3,2,16,Ankle,Ankle,False,False,False,False
2023,DET,DorsKh00,Khalil Dorsey,DB,Defense,2,5,4,16,Unspecified (IR),,True,False,False,False
2023,DET,GardCh00,C.J. Gardner-Johnson,DB,Defense,3,17,14,15,Chest / Ribs,Pectoral,True,False,False,False
2023,DET,GibbJa01,Jahmyr Gibbs,RB,Offense,5,6,2,13,Hamstring,Hamstring,False,False,False,False
2023,DET,HousJa01,James Houston,DL,Defense,3,18,15,15,Ankle,Ankle,True,True,True,False
2023,DET,JackJo03,Jonah Jackson,OL,Offense,6,8,3,12,Ankle,Ankle,False,False,False,False
2023,DET,JackJo03,Jonah Jackson,OL,Offense,11,12,2,8,Hand / Wrist,Wrist,False,False,False,False
2023,DET,JacoJe00,Jerry Jacobs,DB,Defense,7,7,1,11,Knee,Knee,False,False,False,False
2023,DET,JacoJe00,Jerry Jacobs,DB,Defense,16,16,1,3,Hamstring,Hamstring,False,False,False,False
2023,DET,JoseKe03,Kerby Joseph,DB,Defense,3,4,2,15,Hip / Groin,Hip,False,False,False,False
2023,DET,KnigZo00,Zonovan Knight,RB,Offense,6,18,12,12,Shoulder,Shoulder,True,True,True,False
2023,DET,McNeAl00,Alim McNeill,DL,Defense,14,17,4,5,Knee,Knee,True,False,False,False
2023,DET,MitcJa00,James Mitchell,TE,Offense,5,6,2,13,Hamstring,Hamstring,False,False,False,False
2023,DET,MontDa01,David Montgomery,RB,Offense,3,3,1,15,Quad / Thigh,Thigh,False,False,False,False
2023,DET,MontDa01,David Montgomery,RB,Offense,7,8,2,11,Chest / Ribs,Ribs,False,False,False,False
2023,DET,MoseEm00,Emmanuel Moseley,DB,Defense,1,4,4,17,Knee,Knee,False,False,False,False
2023,DET,MoseEm00,Emmanuel Moseley,DB,Defense,6,18,12,12,Knee,Knee,True,True,True,False
2023,DET,NelsMa00,Matt Nelson,OL,Offense,4,18,14,14,Ankle,Ankle,True,True,True,False
2023,DET,OkwaJu00,Julian Okwara,LB,Defense,1,4,4,17,Shoulder,Shoulder,True,False,False,False
2023,DET,OnwuLe00,Levi Onwuzurike,DL,Defense,7,11,4,11,Hip / Groin,Hip,False,False,False,False
2023,DET,PascJo00,Josh Paschal,DL,Defense,2,6,5,16,Knee,Knee,True,False,False,False
2023,DET,PeopDo00,Donovan Peoples-Jones,WR,Offense,10,10,1,9,Chest / Ribs,Ribs,False,False,False,False
2023,DET,RagnFr00,Frank Ragnow,OL,Offense,8,8,1,10,Foot / Toe,Toe,False,False,False,False
2023,DET,RagnFr00,Frank Ragnow,OL,Offense,14,14,1,5,Knee,Knee,False,False,False,False
2023,DET,SkipDa00,Dan Skipper,OL,Offense,10,10,1,9,Chest / Ribs,Ribs,False,False,False,False
2023,DET,StxxAm00,Amon-Ra St. Brown,WR,Offense,5,5,1,13,Core / Abdomen,Abdomen,False,False,False,False
2023,DET,VaitHa00,Halapoulivaati Vaitai,OL,Offense,3,4,2,15,Knee,Knee,False,False,False,False
2023,DET,VaitHa00,Halapoulivaati Vaitai,OL,Offense,10,18,9,9,Back,Back,True,True,True,False
2023,DET,WillJa11,Jameson Williams,WR,Offense,18,18,1,1,Ankle,Ankle,False,True,False,False
2023,DET,WrigBr01,Brock Wright,TE,Offense,16,18,3,3,Hip / Groin,Hip,False,True,False,False
2023,GB,AlexJa00,Jaire Alexander,DB,Defense,3,4,2,15,Back,Back,False,False,False,False
2023,GB,AlexJa00,Jaire Alexander,DB,Defense,7,7,1,12,Back,Back,False,False,False,False
2023,GB,AlexJa00,Jaire Alexander,DB,Defense,10,15,6,9,Shoulder,Shoulder,False,False,False,False
2023,GB,AndeZa02,Zayne Anderson,DB,Defense,1,8,7,17,Hamstring,Hamstring,False,False,False,False
2023,GB,BakhDa00,David Bakhtiari,OL,Offense,2,18,16,16,Unspecified (IR),,True,True,True,False
2023,GB,CampDe00,De'Vondre Campbell,LB,Defense,4,7,3,14,Ankle,Ankle,False,False,False,False
2023,GB,CampDe00,De'Vondre Campbell,LB,Defense,12,12,1,7,Neck,Neck,False,False,False,False
2023,GB,CampDe00,De'Vondre Campbell,LB,Defense,16,17,2,3,Neck,Neck,False,False,False,False
2023,GB,DeguJo00,Josiah Deguara,TE,Offense,12,13,2,7,Hip / Groin,Hip,False,False,False,False
2023,GB,DillAJ00,AJ Dillon,RB,Offense,15,15,1,4,Hand / Wrist,Thumb,False,False,False,False
2023,GB,DillAJ00,AJ Dillon,RB,Offense,18,18,1,1,Hand / Wrist,Thumb,False,True,False,False
2023,GB,FordRu00,Rudy Ford,DB,Defense,9,9,1,10,Lower Leg,Calf,False,False,False,False
2023,GB,FordRu00,Rudy Ford,DB,Defense,11,12,2,8,Arm / Elbow,Biceps,False,False,False,False
2023,GB,FordRu00,Rudy Ford,DB,Defense,18,18,1,1,Hamstring,Hamstring,True,True,True,False
2023,GB,JenkEl00,Elgton Jenkins,OL,Offense,3,4,2,15,Knee,Knee,False,False,False,False
2023,GB,JohnAn08,Anthony Johnson,DB,Defense,1,5,5,17,Knee,Knee,False,False,False,False
2023,GB,JoneAa00,Aaron Jones,RB,Offense,2,3,2,16,Hamstring,Hamstring,False,False,False,False
2023,GB,JoneAa00,Aaron Jones,RB,Offense,5,5,1,13,Hamstring,Hamstring,False,False,False,False
2023,GB,JoneAa00,Aaron Jones,RB,Offense,12,14,3,7,Knee,Knee,False,False,False,False
2023,GB,JoneCa03,Caleb Jones,OL,Offense,5,18,13,13,Foot / Toe,Foot,False,True,False,False
2023,GB,McDuIs00,Isaiah McDuffie,LB,Defense,18,18,1,1,Head / Concussion,Concussion,False,True,False,False
2023,GB,MusgLu00,Luke Musgrave,TE,Offense,12,17,6,7,Core / Abdomen,Abdomen,True,False,False,False
2023,GB,ReedJa03,Jayden Reed,WR,Offense,16,16,1,3,Foot / Toe,Toe,False,False,False,False
2023,GB,RochRo00,Robert Rochell,DB,Defense,16,16,1,3,Neck,Neck,False,False,False,False
2023,GB,SavaDa00,Darnell Savage Jr.,DB,Defense,8,12,5,11,Lower Leg,Calf,True,False,False,False
2023,GB,SavaDa00,Darnell Savage Jr.,DB,Defense,15,16,2,4,Shoulder,Shoulder,False,False,False,False
2023,GB,StokEr00,Eric Stokes,DB,Defense,1,5,5,17,Foot / Toe,Foot,True,False,False,False
2023,GB,StokEr00,Eric Stokes,DB,Defense,8,14,7,11,Hamstring,Hamstring,True,False,False,False
2023,GB,StokEr00,Eric Stokes,DB,Defense,17,18,2,2,Hamstring,Hamstring,True,True,True,False
2023,GB,TourSa00,Samori Toure,WR,Offense,18,18,1,1,Unspecified (IR),,True,True,True,False
2023,GB,WalkQu00,Quay Walker,LB,Defense,9,10,2,10,Hip / Groin,Groin,False,False,False,False
2023,GB,WalkQu00,Quay Walker,LB,Defense,14,14,1,5,Shoulder,Shoulder,False,False,False,False
2023,GB,WatsCh00,Christian Watson,WR,Offense,1,3,3,17,Hamstring,Hamstring,False,False,False,False
2023,GB,WatsCh00,Christian Watson,WR,Offense,14,18,5,5,Hamstring,Hamstring,False,True,False,False
2023,GB,WickDo00,Dontayvion Wicks,WR,Offense,12,12,1,7,Head / Concussion,Concussion,False,False,False,False
2023,GB,WickDo00,Dontayvion Wicks,WR,Offense,17,17,1,2,Chest / Ribs,Chest,False,False,False,False
2023,GB,WilsEm00,Emanuel Wilson,RB,Offense,12,18,7,7,Shoulder,Shoulder,True,True,True,False
2023,HOU,AndeWi01,Will Anderson,DL,Defense,15,16,2,4,Ankle,Ankle,False,False,False,False
2023,HOU,ArnoGr01,Grayland Arnold,DB,Defense,11,18,8,8,Lower Leg,Calf,True,True,True,False
2023,HOU,BeckAn01,Andrew Beck,RB,Offense,10,10,1,9,Ankle,Ankle,False,False,False,False
2023,HOU,BeckAn01,Andrew Beck,RB,Offense,17,17,1,2,Lower Leg,Calf,False,False,False,False
2023,HOU,BrowNo00,Noah Brown,WR,Offense,2,5,4,16,Hip / Groin,Groin,True,False,False,False
2023,HOU,BrowNo00,Noah Brown,WR,Offense,11,12,2,8,Knee,Knee,False,False,False,False
2023,HOU,BrowNo00,Noah Brown,WR,Offense,18,18,1,1,Back,Back,False,True,False,False
2023,HOU,CashBl00,Blake Cashman,LB,Defense,1,1,1,17,Hamstring,Hamstring,False,False,False,False
2023,HOU,CashBl00,Blake Cashman,LB,Defense,15,16,2,4,Hamstring,Hamstring,False,False,False,False
2023,HOU,CollMa00,Maliek Collins,DL,Defense,17,17,1,2,Hip / Groin,Hip,False,False,False,False
2023,HOU,CollNi00,Nico Collins,WR,Offense,10,10,1,9,Lower Leg,Calf,False,False,False,False
2023,HOU,CollNi00,Nico Collins,WR,Offense,15,15,1,4,Lower Leg,Calf,False,False,False,False
2023,HOU,DeitMi00,Michael Deiter,OL,Offense,4,4,1,14,Chest / Ribs,Chest,False,False,False,False
2023,HOU,DellNa00,Tank Dell,WR,Offense,6,6,1,12,Head / Concussion,Concussion,False,False,False,False
2023,HOU,DellNa00,Tank Dell,WR,Offense,14,18,5,5,Lower Leg,Calf,True,True,True,False
2023,HOU,FantGe00,George Fant,OL,Offense,15,15,1,4,Hip / Groin,Hip,False,False,False,False
2023,HOU,GreeJo04,Jonathan Greenard,DL,Defense,17,18,2,2,Ankle,Ankle,False,True,False,False
2023,HOU,GreeKe02,Kendrick Green,OL,Offense,5,18,13,13,Unspecified (IR),,True,True,True,False
2023,HOU,GrifSh00,Shaquill Griffin,DB,Defense,5,5,1,13,Lower Leg,Calf,False,False,False,False
2023,HOU,HansJa01,Jake Hansen,LB,Defense,10,12,3,9,Hamstring,Hamstring,False,False,False,False
2023,HOU,HarrCh06,Christian Harris,LB,Defense,5,5,1,13,Head / Concussion,Concussion,False,False,False,False
2023,HOU,HeckCh00,Charlie Heck,OL,Offense,1,12,11,17,Back,Back,True,False,False,False
2023,HOU,HowaTy00,Tytus Howard,OL,Offense,1,4,4,17,Hand / Wrist,Hand,True,False,False,False
2023,HOU,HowaTy00,Tytus Howard,OL,Offense,13,18,6,6,Unspecified (IR),,True,True,True,False
2023,HOU,JoneJo07,Josh Jones,OL,Offense,4,5,2,14,Hand / Wrist,Hand,False,False,False,False
2023,HOU,JordBr00,Brevin Jordan,TE,Offense,8,10,3,11,Foot / Toe,Foot,False,False,False,False
2023,HOU,KeenCa00,Case Keenum,QB,Offense,1,14,13,17,Lower Leg,Calf,False,False,False,False
2023,HOU,MetcJo00,John Metchie,WR,Offense,1,1,1,17,Hamstring,Hamstring,False,False,False,False
2023,HOU,MurrEr00,Eric Murray,DB,Defense,8,18,11,11,Unspecified (IR),,True,True,True,False
2023,HOU,OgunDa00,Dare Ogunbowale,RB,Offense,1,1,1,17,Hamstring,Hamstring,False,False,False,False
2023,HOU,PattJa03,Jarrett Patterson,OL,Offense,9,18,10,10,Unspecified (IR),,True,True,True,False
2023,HOU,PerrDe00,Denzel Perryman,LB,Defense,3,4,2,15,Hand / Wrist,Hand,False,False,False,False
2023,HOU,PerrDe00,Denzel Perryman,LB,Defense,6,6,1,12,Hand / Wrist,Hand,False,False,False,False
2023,HOU,PierDa01,Dameon Pierce,RB,Offense,9,11,3,10,Ankle,Ankle,False,False,False,False
2023,HOU,PitrJa00,Jalen Pitre,DB,Defense,2,3,2,16,Chest / Ribs,Chest,False,False,False,False
2023,HOU,QuitTe00,Teagan Quitoriano,TE,Offense,9,18,10,10,Unspecified (IR),,True,True,True,False
2023,HOU,RankSh00,Sheldon Rankins,DL,Defense,8,9,2,11,Knee,Knee,False,False,False,False
2023,HOU,RidgHa00,Hassan Ridgeway,DL,Defense,2,6,5,16,Lower Leg,Calf,True,False,False,False
2023,HOU,RidgHa00,Hassan Ridgeway,DL,Defense,10,18,9,9,Unspecified (IR),,True,True,True,False
2023,HOU,SchuDa00,Dalton Schultz,TE,Offense,13,14,2,6,Hamstring,Hamstring,False,False,False,False
2023,HOU,ScruJu00,Juice Scruggs,OL,Offense,1,11,10,17,Hamstring,Hamstring,True,False,False,False
2023,HOU,StewM.00,M.J. Stewart,DB,Defense,10,18,9,9,Unspecified (IR),,True,True,True,False
2023,HOU,StinDe00,Derek Stingley Jr.,DB,Defense,3,9,6,15,Hamstring,Hamstring,True,False,False,False
2023,HOU,StroCJ00,C.J. Stroud,QB,Offense,15,16,2,4,Head / Concussion,Concussion,False,False,False,False
2023,HOU,ThomTa01,Tavierre Thomas,DB,Defense,3,6,4,15,Hand / Wrist,Hand,False,False,False,False
2023,HOU,ThomTa01,Tavierre Thomas,DB,Defense,15,18,4,4,Hamstring,Hamstring,True,True,True,False
2023,HOU,TooTHe00,Henry To'oTo'o,LB,Defense,10,11,2,9,Head / Concussion,Concussion,False,False,False,False
2023,HOU,TunsLa00,Laremy Tunsil,OL,Offense,2,4,3,16,Knee,Knee,False,False,False,False
2023,HOU,WardJi01,Jimmie Ward,DB,Defense,1,2,2,17,Hip / Groin,Hip,False,False,False,False
2023,HOU,WardJi01,Jimmie Ward,DB,Defense,10,12,3,9,Hamstring,Hamstring,False,False,False,False
2023,HOU,WardJi01,Jimmie Ward,DB,Defense,17,18,2,2,Head / Concussion,Concussion,True,True,True,False
2023,HOU,WoodRo02,Robert Woods,WR,Offense,8,9,2,11,Foot / Toe,Foot,False,False,False,False
2023,HOU,WoodRo02,Robert Woods,WR,Offense,18,18,1,1,Hip / Groin,Hip,False,True,False,False
2023,IND,BlacJu01,Julian Blackmon,DB,Defense,17,18,2,2,Unspecified (IR),,True,True,True,False
2023,IND,BrenJu00,Julius Brents,DB,Defense,8,14,6,10,Quad / Thigh,Quadricep,False,False,False,False
2023,IND,EhliSa00,Sam Ehlinger,QB,Offense,1,13,12,17,Shoulder,right Shoulder,False,False,False,False
2023,IND,FlowDa00,Dallis Flowers,DB,Defense,5,18,13,13,Back,Back,True,True,True,False
2023,IND,FranZa00,Zaire Franklin,LB,Defense,9,9,1,9,Knee,Knee,False,False,False,False
2023,IND,GranKy00,Kylen Granson,TE,Offense,7,8,2,11,Head / Concussion,Concussion,False,False,False,False
2023,IND,HullEv00,Evan Hull,RB,Offense,2,18,16,16,Unspecified (IR),,True,True,True,False
2023,IND,JohnEr01,Eric Johnson,DL,Defense,8,8,1,10,Ankle,Ankle,False,False,False,False
2023,IND,JohnEr01,Eric Johnson,DL,Defense,16,16,1,3,Ankle,Ankle,False,False,False,False
2023,IND,KellRy00,Ryan Kelly,OL,Offense,3,4,2,15,Head / Concussion,Concussion,False,False,False,False
2023,IND,KellRy00,Ryan Kelly,OL,Offense,12,12,1,7,Head / Concussion,Concussion,False,False,False,False
2023,IND,LammCh00,Chris Lammons,DB,Defense,18,18,1,1,Ankle,Ankle,False,True,False,False
2023,IND,LeonDa00,Shaquille Leonard,LB,Defense,5,5,1,13,Hip / Groin,Groin,False,False,False,False
2023,IND,MoorKe03,Kenny Moore,DB,Defense,17,17,1,2,Back,Back,False,False,False,False
2023,IND,MossZa00,Zack Moss,RB,Offense,1,1,1,17,Arm / Elbow,Forearm,False,False,False,False
2023,IND,MossZa00,Zack Moss,RB,Offense,16,17,2,3,Arm / Elbow,Forearm,False,False,False,False
2023,IND,OgleAn00,Andrew Ogletree,TE,Offense,2,2,1,16,Head / Concussion,Concussion,False,False,False,False
2023,IND,OgleAn00,Andrew Ogletree,TE,Offense,10,12,2,8,Foot / Toe,Foot,False,False,False,False
2023,IND,OlubSe00,Segun Olubi,LB,Defense,15,16,2,4,Hip / Groin,Hip,False,False,False,False
2023,IND,PayeKw00,Kwity Paye,DL,Defense,5,5,1,13,Head / Concussion,Concussion,False,False,False,False
2023,IND,PittMi01,Michael Pittman Jr.,WR,Offense,16,16,1,3,Shoulder,Shoulder,False,False,False,False
2023,IND,RaimBe00,Bernhard Raimann,OL,Offense,4,5,2,14,Head / Concussion,Concussion,False,False,False,False
2023,IND,RichAn03,Anthony Richardson,QB,Offense,3,3,1,15,Head / Concussion,Concussion,False,False,False,False
2023,IND,RichAn03,Anthony Richardson,QB,Offense,6,18,12,12,Unspecified (IR),,True,True,True,False
2023,IND,SmitBr06,Braden Smith,OL,Offense,6,9,4,12,Foot / Toe,Foot/Wrist/Hip,False,False,False,False
2023,IND,SmitBr06,Braden Smith,OL,Offense,14,16,3,5,Knee,Knee,False,False,False,False
2023,IND,SpeeEJ00,E.J. Speed,LB,Defense,14,14,1,5,Knee,Knee,False,False,False,False
2023,IND,TaylJo02,Jonathan Taylor,RB,Offense,1,4,4,17,Ankle,Ankle,True,False,False,False
2023,IND,TaylJo02,Jonathan Taylor,RB,Offense,13,15,3,6,Hand / Wrist,Thumb,False,False,False,False
2023,JAX,AgneJa00,Jamal Agnew,WR,Offense,4,4,1,14,Quad / Thigh,Quadricep,False,False,False,False
2023,JAX,AgneJa00,Jamal Agnew,WR,Offense,11,14,4,8,Shoulder,Shoulder,True,False,False,False
2023,JAX,AgneJa00,Jamal Agnew,WR,Offense,18,18,1,1,Unspecified (IR),,True,True,True,False
2023,JAX,BeatC.00,C.J. Beathard,QB,Offense,14,15,2,5,Shoulder,left Shoulder,False,False,False,False
2023,JAX,BeatC.00,C.J. Beathard,QB,Offense,18,18,1,1,Shoulder,left Shoulder,False,True,False,False
2023,JAX,BrasCh00,Christian Braswell,DB,Defense,5,18,13,13,Hamstring,Hamstring,True,True,True,False
2023,JAX,CampTy01,Tyson Campbell,DB,Defense,7,8,2,11,Hamstring,Hamstring,False,False,False,False
2023,JAX,CampTy01,Tyson Campbell,DB,Defense,11,12,2,8,Hamstring,Hamstring,False,False,False,False
2023,JAX,CampTy01,Tyson Campbell,DB,Defense,14,15,2,5,Quad / Thigh,Quadricep,False,False,False,False
2023,JAX,CiscAn00,Andre Cisco,DB,Defense,8,8,1,10,Hamstring,Hamstring,False,False,False,False
2023,JAX,CiscAn00,Andre Cisco,DB,Defense,15,15,1,4,Hip / Groin,Groin,False,False,False,False
2023,JAX,FatuFo00,Folorunso Fatukasi,DL,Defense,14,14,1,5,Foot / Toe,Heel,False,False,False,False
2023,JAX,HamiDa02,DaVon Hamilton,DL,Defense,1,7,7,17,Back,Back,True,False,False,False
2023,JAX,HernTr00,Tre Herndon,DB,Defense,14,14,1,5,Head / Concussion,Concussion,False,False,False,False
2023,JAX,JohnAn07,Antonio Johnson,DB,Defense,1,4,4,17,Hamstring,Hamstring,False,False,False,False
2023,JAX,JoneZa00,Zay Jones,WR,Offense,3,4,2,15,Knee,Knee,False,False,False,False
2023,JAX,JoneZa00,Zay Jones,WR,Offense,6,10,4,12,Knee,Knee,False,False,False,False
2023,JAX,JoneZa00,Zay Jones,WR,Offense,16,17,2,3,Knee,Knee,False,False,False,False
2023,JAX,JuniGr00,Gregory Junior,DB,Defense,2,8,7,16,Hamstring,Hamstring,True,False,False,False
2023,JAX,KirkCh01,Christian Kirk,WR,Offense,14,18,5,5,Hip / Groin,Groin,True,True,True,False
2023,JAX,LacyTy00,Tyler Lacy,DL,Defense,1,1,1,17,Hip / Groin,Hip,False,False,False,False
2023,JAX,LawrTr00,Trevor Lawrence,QB,Offense,17,17,1,2,Shoulder,right Shoulder,False,False,False,False
2023,JAX,LittWa00,Walker Little,OL,Offense,6,7,2,12,Knee,Knee,False,False,False,False
2023,JAX,LittWa00,Walker Little,OL,Offense,14,14,1,5,Hamstring,Hamstring,False,False,False,False
2023,JAX,LloyDe00,Devin Lloyd,LB,Defense,4,5,2,14,Hand / Wrist,Thumb,False,False,False,False
2023,JAX,RobiCa00,Cam Robinson,OL,Offense,13,16,4,6,Knee,Knee,True,False,False,False
2023,JAX,SmooDa00,Dawuane Smoot,DL,Defense,1,5,5,17,Achilles,Achilles,True,False,False,False
2023,JAX,StraBr00,Brenton Strange,TE,Offense,13,15,3,6,Foot / Toe,Foot,False,False,False,False
2023,JAX,ThomDa07,Daniel Thomas,DB,Defense,17,18,2,2,Unspecified (IR),,True,True,True,False
2023,JAX,WashPa01,Parker Washington,WR,Offense,5,10,5,13,Knee,Knee,True,False,False,False
2023,KC,BoltNi00,Nick Bolton,LB,Defense,3,5,3,15,Ankle,Ankle,False,False,False,False
2023,KC,BoltNi00,Nick Bolton,LB,Defense,8,13,5,10,Hand / Wrist,Wrist,True,False,False,False
2023,KC,BoltNi00,Nick Bolton,LB,Defense,18,18,1,1,Hand / Wrist,Wrist,False,True,False,False
2023,KC,CookBr02,Bryan Cook,DB,Defense,14,18,5,5,Ankle,Ankle,True,True,True,False
2023,KC,DickMa00,Matt Dickerson,DL,Defense,5,5,1,13,Knee,Knee,False,False,False,False
2023,KC,HardMe00,Mecole Hardman,WR,Offense,12,16,5,7,Hand / Wrist,Thumb,True,False,False,False
2023,KC,JameRi00,Richie James,WR,Offense,3,11,8,15,Knee,Knee,True,False,False,False
2023,KC,JoneNi00,Nic Jones,DB,Defense,1,3,3,17,Hand / Wrist,Hand,False,False,False,False
2023,KC,KelcTr00,Travis Kelce,TE,Offense,1,1,1,17,Knee,Knee,False,False,False,False
2023,KC,KelcTr00,Travis Kelce,TE,Offense,18,18,1,1,Neck,Neck,False,True,False,False
2023,KC,MahoPa00,Patrick Mahomes,QB,Offense,18,18,1,1,Ankle,Ankle,False,True,False,False
2023,KC,McDuTr00,Trent McDuffie,DB,Defense,18,18,1,1,Shoulder,Shoulder,False,True,False,False
2023,KC,McKiJe00,Jerick McKinnon,RB,Offense,12,13,2,7,Hip / Groin,Groin,False,False,False,False
2023,KC,McKiJe00,Jerick McKinnon,RB,Offense,16,18,3,3,Hip / Groin,Groin,True,True,True,False
2023,KC,MoorSk01,Skyy Moore,WR,Offense,16,18,3,3,Unspecified (IR),,True,True,True,False
2023,KC,PachIs00,Isiah Pacheco,RB,Offense,14,15,2,5,Shoulder,Shoulder,False,False,False,False
2023,KC,PachIs00,Isiah Pacheco,RB,Offense,18,18,1,1,Quad / Thigh,Quadricep,False,True,False,False
2023,KC,RiceRa01,Rashee Rice,WR,Offense,18,18,1,1,Hamstring,Hamstring,False,True,False,False
2023,KC,SmitDo02,Donovan Smith,OL,Offense,14,18,5,5,Neck,Neck,False,True,False,False
2023,KC,SneeLJ00,L'Jarius Sneed,DB,Defense,18,18,1,1,Lower Leg,Calf,False,True,False,False
2023,KC,ThomBJ00,BJ Thompson,DL,Defense,1,17,16,17,Hamstring,Hamstring,False,False,False,False
2023,KC,ToneKa00,Kadarius Toney,WR,Offense,12,12,1,7,Ankle,Ankle,False,False,False,False
2023,KC,ToneKa00,Kadarius Toney,WR,Offense,16,18,3,3,Hip / Groin,Hip,False,True,False,False
2023,KC,TranDr00,Drue Tranquill,LB,Defense,14,14,1,5,Head / Concussion,Concussion,False,False,False,False
2023,KC,WanoTe00,Prince Tega Wanogho,OL,Offense,4,18,14,14,Unspecified (IR),,True,True,True,False
2023,KC,WatsJa02,Jaylen Watson,DB,Defense,4,4,1,14,Shoulder,Shoulder,False,False,False,False
2023,KC,WatsJu01,Justin Watson,WR,Offense,7,7,1,11,Arm / Elbow,Elbow,False,False,False,False
2023,LA,AtweTu00,Tutu Atwell,WR,Offense,15,15,1,4,Head / Concussion,Concussion,False,False,False,False
2023,LA,BrowBo04,Bobby Brown,DL,Defense,6,9,4,12,Knee,Knee,True,False,False,False
2023,LA,DuraDe01,Cobie Durant,DB,Defense,11,11,1,8,Shoulder,Shoulder,False,False,False,False
2023,LA,HaveRo00,Rob Havenstein,OL,Offense,8,9,2,10,Lower Leg,Calf,False,False,False,False
2023,LA,HaveRo00,Rob Havenstein,OL,Offense,15,15,1,4,Hip / Groin,Groin,False,False,False,False
2023,LA,HigbTy00,Tyler Higbee,TE,Offense,14,14,1,5,Neck,Neck,False,False,False,False
2023,LA,HigbTy00,Tyler Higbee,TE,Offense,18,18,1,1,Shoulder,Shoulder,False,True,False,False
2023,LA,HodgTr00,Tre'Vius Tomlinson,DB,Defense,16,17,2,3,Hamstring,Hamstring,False,False,False,False
2023,LA,JackAl01,Alaric Jackson,OL,Offense,4,4,1,14,Hamstring,Hamstring,False,False,False,False
2023,LA,JackAl01,Alaric Jackson,OL,Offense,17,17,1,2,Quad / Thigh,Thigh,False,False,False,False
2023,LA,JohnDe08,Desjuan Johnson,DL,Defense,5,6,2,13,Hand / Wrist,Thumb,False,False,False,False
2023,LA,JollSh00,Shaun Jolly,DB,Defense,18,18,1,1,Unspecified (IR),,True,True,True,False
2023,LA,JoneEr01,Ernest Jones,LB,Defense,9,9,1,9,Knee,Knee,False,False,False,False
2023,LA,KuppCo00,Cooper Kupp,WR,Offense,1,4,4,17,Hamstring,Hamstring,True,False,False,False
2023,LA,LakeQu00,Quentin Lake,DB,Defense,12,14,3,7,Hamstring,Hamstring,False,False,False,False
2023,LA,LongHu00,Hunter Long,TE,Offense,1,9,9,17,Quad / Thigh,Thigh,True,False,False,False
2023,LA,LongHu00,Hunter Long,TE,Offense,15,18,4,4,Unspecified (IR),,True,True,True,False
2023,LA,MathOc00,Ochaun Mathis,LB,Defense,1,4,4,17,Knee,Knee,True,False,False,False
2023,LA,MurcLa00,Larrell Murchison,DL,Defense,6,7,2,12,Knee,Knee,False,False,False,False
2023,LA,NoteJo00,Joseph Noteboom,OL,Offense,5,6,2,13,Hip / Groin,Groin,False,False,False,False
2023,LA,NoteJo00,Joseph Noteboom,OL,Offense,18,18,1,1,Foot / Toe,Foot,False,True,False,False
2023,LA,RiveRo01,Ronnie Rivers,RB,Offense,7,15,8,11,Knee,Knee,True,False,False,False
2023,LA,ShelDu00,Duke Shelley,DB,Defense,13,18,6,6,Hamstring,Hamstring,True,True,True,False
2023,LA,StafMa00,Matthew Stafford,QB,Offense,9,9,1,9,Hand / Wrist,right Thumb,False,False,False,False
2023,LA,TaylJa05,Jason Taylor,DB,Defense,2,11,9,16,Hip / Groin,Groin,True,False,False,False
2023,LA,WillKy02,Kyren Williams,RB,Offense,7,11,4,11,Ankle,Ankle,True,False,False,False
2023,LAC,AlleKe00,Keenan Allen,WR,Offense,15,18,4,4,Foot / Toe,Heel,False,True,False,False
2023,LAC,BosaJo00,Joey Bosa,DL,Defense,4,4,1,14,Hamstring,Hamstring,False,False,False,False
2023,LAC,BosaJo00,Joey Bosa,DL,Defense,12,18,7,7,Foot / Toe,Foot,True,True,True,False
2023,LAC,ClapWi00,Will Clapp,OL,Offense,16,18,3,3,Unspecified (IR),,True,True,True,False
2023,LAC,EkelAu00,Austin Ekeler,RB,Offense,2,4,3,16,Ankle,Ankle,False,False,False,False
2023,LAC,EverGe00,Gerald Everett,TE,Offense,8,8,1,11,Hip / Groin,Hip,False,False,False,False
2023,LAC,EverGe00,Gerald Everett,TE,Offense,11,11,1,8,Chest / Ribs,Chest,False,False,False,False
2023,LAC,GilmAl00,Alohi Gilman,DB,Defense,4,7,3,14,Foot / Toe,Heel,False,False,False,False
2023,LAC,GuytJa01,Jalen Guyton,WR,Offense,1,8,7,17,Knee,Knee,True,False,False,False
2023,LAC,GuytJa01,Jalen Guyton,WR,Offense,11,11,1,8,Hip / Groin,Groin,False,False,False,False
2023,LAC,HenlDa00,Daiyan Henley,LB,Defense,1,2,2,17,Hamstring,Hamstring,False,False,False,False
2023,LAC,HerbJu00,Justin Herbert,QB,Offense,15,18,4,4,Hand / Wrist,right Finger,True,True,True,False
2023,LAC,HintCh01,Christopher Hinton,DL,Defense,1,14,13,17,Back,Back,False,False,False,False
2023,LAC,HollJu00,Justin Hollins,LB,Defense,18,18,1,1,Shoulder,Shoulder,True,True,True,False
2023,LAC,JameDe00,Derwin James,DB,Defense,4,4,1,14,Hamstring,Hamstring,False,False,False,False
2023,LAC,JohnZi00,Zion Johnson,OL,Offense,17,18,2,2,Neck,Neck,False,True,False,False
2023,LAC,KendEr00,Eric Kendricks,LB,Defense,2,3,2,16,Hamstring,Hamstring,False,False,False,False
2023,LAC,LaynRa00,Raheem Layne,DB,Defense,7,18,12,12,Knee,Knee,True,True,True,False
2023,LAC,LeonDe00,Deane Leonard,DB,Defense,4,7,3,14,Hamstring,Hamstring,False,False,False,False
2023,LAC,LeonDe00,Deane Leonard,DB,Defense,14,16,3,5,Ankle,Ankle,False,False,False,False
2023,LAC,MurrKe00,Kenneth Murray,LB,Defense,17,18,2,2,Shoulder,Shoulder,False,True,False,False
2023,LAC,MuseTa00,Tanner Muse,LB,Defense,12,18,7,7,Knee,Knee,True,True,True,False
2023,LAC,OgboAm00,Amen Ogbongbemiga,LB,Defense,14,15,2,5,Hamstring,Hamstring,False,False,False,False
2023,LAC,OgboOt00,Otito Ogbonnia,DL,Defense,1,8,7,17,Knee,Knee,True,False,False,False
2023,LAC,OgboOt00,Otito Ogbonnia,DL,Defense,14,15,2,5,Knee,Knee,False,False,False,False
2023,LAC,PalmJo00,Josh Palmer,WR,Offense,9,14,6,10,Knee,Knee,True,False,False,False
2023,LAC,PalmJo00,Josh Palmer,WR,Offense,17,17,1,2,Head / Concussion,Concussion,False,False,False,False
2023,LAC,ParhDo00,Donald Parham,TE,Offense,15,17,3,4,Shoulder,Shoulder,False,False,False,False
2023,LAC,RumpCh00,Chris Rumph,DL,Defense,1,2,2,17,Hamstring,Hamstring,False,False,False,False
2023,LAC,RumpCh00,Chris Rumph,DL,Defense,10,18,9,9,Unspecified (IR),,True,True,True,False
2023,LAC,VannNi00,Nick Vannett,TE,Offense,12,13,2,7,Head / Concussion,Concussion,False,False,False,False
2023,LAC,WillMi07,Mike Williams,WR,Offense,4,18,14,14,Ankle,Ankle,True,True,True,False
2023,LAC,WillNi01,Nick Williams,DL,Defense,15,15,1,4,Shoulder,Shoulder,False,False,False,False
2023,LAC,WillNi01,Nick Williams,DL,Defense,17,18,2,2,Shoulder,Shoulder,False,True,False,False
2023,LV,BennJa00,Jakorian Bennett,DB,Defense,5,5,1,13,Hamstring,Hamstring,False,False,False,False
2023,LV,BennJa00,Jakorian Bennett,DB,Defense,7,7,1,11,Shoulder,Shoulder,False,False,False,False
2023,LV,BoltCu00,Curtis Bolton,LB,Defense,4,7,4,14,Knee,Knee,True,False,False,False
2023,LV,DeabDi00,Divine Deablo,LB,Defense,8,9,2,10,Ankle,Ankle,False,False,False,False
2023,LV,FacyBr00,Brandon Facyson,DB,Defense,1,15,14,17,Lower Leg,Shin,True,False,False,False
2023,LV,GaroJi00,Jimmy Garoppolo,QB,Offense,4,4,1,14,Head / Concussion,Concussion,False,False,False,False
2023,LV,GaroJi00,Jimmy Garoppolo,QB,Offense,7,7,1,11,Back,Back,False,False,False,False
2023,LV,HallTy01,Tyler Hall,DB,Defense,8,8,1,10,Foot / Toe,Foot,False,False,False,False
2023,LV,HerrJu00,Justin Herron,OL,Offense,6,8,3,12,Head / Concussion,Concussion,False,False,False,False
2023,LV,HobbNa00,Nate Hobbs,DB,Defense,4,7,4,14,Ankle,Ankle,False,False,False,False
2023,LV,HorsJe00,Jesper Horsted,TE,Offense,16,18,3,3,Hamstring,Hamstring,True,True,True,False
2023,LV,HoyeBr00,Brian Hoyer,QB,Offense,8,18,10,10,Knee,Knee,False,True,False,False
2023,LV,JacoJo01,Josh Jacobs,RB,Offense,15,18,4,4,Quad / Thigh,Quadricep,False,True,False,False
2023,LV,JameAn01,Andre James,OL,Offense,15,15,1,4,Ankle,Ankle,False,False,False,False
2023,LV,JohnJa12,Jakob Johnson,RB,Offense,9,12,4,9,Head / Concussion,Concussion,False,False,False,False
2023,LV,MastLu00,Luke Masterson,LB,Defense,9,9,1,9,Head / Concussion,Concussion,False,False,False,False
2023,LV,MaugKa00,Kana'i Mauga,LB,Defense,8,12,5,10,Knee,Knee,True,False,False,False
2023,LV,MaugKa00,Kana'i Mauga,LB,Defense,15,18,4,4,Knee,Knee,True,True,True,False
2023,LV,MayeMi00,Michael Mayer,TE,Offense,16,18,3,3,Foot / Toe,Toe,True,True,True,False
2023,LV,MeyeJa01,Jakobi Meyers,WR,Offense,2,2,1,16,Head / Concussion,Concussion,False,False,False,False
2023,LV,MillKo00,Kolton Miller,OL,Offense,10,11,2,8,Shoulder,Shoulder,False,False,False,False
2023,LV,MillKo00,Kolton Miller,OL,Offense,14,15,2,5,Shoulder,Shoulder,False,False,False,False
2023,LV,MunfTh00,Thayer Munford,OL,Offense,9,9,1,9,Neck,Neck,False,False,False,False
2023,LV,MunfTh00,Thayer Munford,OL,Offense,18,18,1,1,Knee,Knee,False,True,False,False
2023,LV,TeamRo00,Roderic Teamer,DB,Defense,7,12,6,11,Hamstring,Hamstring,True,False,False,False
2023,LV,YounBy00,Byron Young,DL,Defense,4,4,1,14,Ankle,Ankle,False,False,False,False
2023,MIA,AchaDe00,De'Von Achane,RB,Offense,1,1,1,17,Shoulder,Shoulder,False,False,False,False
2023,MIA,AchaDe00,De'Von Achane,RB,Offense,6,9,4,12,Knee,Knee,True,False,False,False
2023,MIA,AchaDe00,De'Von Achane,RB,Offense,12,12,1,7,Knee,Knee,False,False,False,False
2023,MIA,AhmeSa01,Salvon Ahmed,RB,Offense,3,3,1,15,Hip / Groin,Groin,False,False,False,False
2023,MIA,AhmeSa01,Salvon Ahmed,RB,Offense,5,5,1,13,Hip / Groin,Groin,False,False,False,False
2023,MIA,AhmeSa01,Salvon Ahmed,RB,Offense,12,18,7,7,Chest / Ribs,Rib,True,True,True,False
2023,MIA,ApplEl00,Eli Apple,DB,Defense,4,4,1,14,Neck,Neck,False,False,False,False
2023,MIA,ArmsTe00,Terron Armstead,OL,Offense,1,2,2,17,Back,Back,False,False,False,False
2023,MIA,ArmsTe00,Terron Armstead,OL,Offense,5,8,4,13,Back,"back, ankle, knee",True,False,False,False
2023,MIA,ArmsTe00,Terron Armstead,OL,Offense,14,14,1,5,Knee,Knee,False,False,False,False
2023,MIA,BakeJe00,Jerome Baker,LB,Defense,14,17,4,5,Knee,Knee,True,False,False,False
2023,MIA,BerrBr00,Braxton Berrios,WR,Offense,11,11,1,8,Hamstring,Hamstring,False,False,False,False
2023,MIA,BrooCh00,Chris Brooks,RB,Offense,7,15,8,11,Ankle,Ankle,True,False,False,False
2023,MIA,CampEl00,Elijah Campbell,DB,Defense,1,2,2,17,Knee,Knee,False,False,False,False
2023,MIA,ChubBr00,Bradley Chubb,LB,Defense,18,18,1,1,Knee,Knee,True,True,True,False
2023,MIA,ClayCh01,Chase Claypool,WR,Offense,11,12,2,8,Knee,Knee,False,False,False,False
2023,MIA,CracRi00,River Cracraft,WR,Offense,4,9,6,14,Shoulder,Shoulder,True,False,False,False
2023,MIA,ElliDe02,DeShon Elliott,DB,Defense,4,4,1,14,Ankle,Ankle,False,False,False,False
2023,MIA,ElliDe02,DeShon Elliott,DB,Defense,15,15,1,4,Head / Concussion,Concussion,False,False,False,False
2023,MIA,EzukEr00,Erik Ezukanma,WR,Offense,3,18,15,15,Neck,Neck,True,True,True,False
2023,MIA,HillJu02,Julian Hill,TE,Offense,1,2,2,17,Ankle,Ankle,False,False,False,False
2023,MIA,HillTy00,Tyreek Hill,WR,Offense,15,15,1,4,Ankle,Ankle,False,False,False,False
2023,MIA,HollJe02,Jevon Holland,DB,Defense,8,8,1,10,Head / Concussion,Concussion,False,False,False,False
2023,MIA,HollJe02,Jevon Holland,DB,Defense,13,16,4,6,Knee,Knee,False,False,False,False
2023,MIA,HowaXa00,Xavien Howard,DB,Defense,7,8,2,11,Hip / Groin,Groin,False,False,False,False
2023,MIA,HowaXa00,Xavien Howard,DB,Defense,15,15,1,4,Hip / Groin,Hip,False,False,False,False
2023,MIA,HowaXa00,Xavien Howard,DB,Defense,18,18,1,1,Foot / Toe,Foot,False,True,False,False
2023,MIA,HuntRo01,Robert Hunt,OL,Offense,9,11,2,9,Hamstring,Hamstring,False,False,False,False
2023,MIA,HuntRo01,Robert Hunt,OL,Offense,14,17,4,5,Hamstring,Hamstring,False,False,False,False
2023,MIA,JackAu00,Austin Jackson,OL,Offense,16,16,1,3,Core / Abdomen,Oblique,False,False,False,False
2023,MIA,JoneBr06,Brandon Jones,DB,Defense,9,9,1,9,Head / Concussion,Concussion,False,False,False,False
2023,MIA,JoneRo02,Robert Jones,OL,Offense,1,6,6,17,Knee,Knee,True,False,False,False
2023,MIA,JoneRo02,Robert Jones,OL,Offense,11,13,3,8,Knee,Knee,False,False,False,False
2023,MIA,KrofTy00,Tyler Kroft,TE,Offense,3,4,2,15,Back,Back,False,False,False,False
2023,MIA,MostRa00,Raheem Mostert,RB,Offense,17,18,2,2,Knee,Knee,False,True,False,False
2023,MIA,NeedNi00,Nik Needham,DB,Defense,1,7,7,17,Achilles,Achilles,True,False,False,False
2023,MIA,OgbaEm00,Emmanuel Ogbah,DL,Defense,16,17,2,3,Hamstring,Hamstring,False,False,False,False
2023,MIA,PhilJa02,Jaelan Phillips,LB,Defense,2,2,1,16,Back,Back,False,False,False,False
2023,MIA,PhilJa02,Jaelan Phillips,LB,Defense,4,5,2,14,Core / Abdomen,Oblique,False,False,False,False
2023,MIA,PhilJa02,Jaelan Phillips,LB,Defense,13,18,6,6,Unspecified (IR),,True,True,True,False
2023,MIA,RamsJa00,Jalen Ramsey,DB,Defense,1,7,7,17,Knee,Knee,True,False,False,False
2023,MIA,SmitCa02,Cam Smith,DB,Defense,16,16,1,3,Hamstring,Hamstring,False,False,False,False
2023,MIA,SmytDu00,Durham Smythe,TE,Offense,11,11,1,8,Ankle,Ankle,False,False,False,False
2023,MIA,WaddJa00,Jaylen Waddle,WR,Offense,3,3,1,15,Head / Concussion,Concussion,False,False,False,False
2023,MIA,WaddJa00,Jaylen Waddle,WR,Offense,17,18,2,2,Ankle,Ankle,False,True,False,False
2023,MIA,WhitMi01,Mike White,QB,Offense,18,18,1,1,Shoulder,right Shoulder,False,True,False,False
2023,MIA,WillCo00,Connor Williams,OL,Offense,4,4,1,14,Hip / Groin,Groin,False,False,False,False
2023,MIA,WillCo00,Connor Williams,OL,Offense,6,8,3,12,Hip / Groin,Groin,False,False,False,False
2023,MIA,WillCo00,Connor Williams,OL,Offense,15,18,4,4,Unspecified (IR),,True,True,True,False
2023,MIA,WilsJe01,Jeff Wilson,RB,Offense,1,6,6,17,Chest / Ribs,Ribs,True,False,False,False
2023,MIA,WynnIs00,Isaiah Wynn,OL,Offense,8,18,10,10,Unspecified (IR),,True,True,True,False
2023,MIN,AkerCa00,Cam Akers,RB,Offense,10,18,8,8,Unspecified (IR),,True,True,True,False
2023,MIN,AsamBr00,Brian Asamoah,LB,Defense,8,11,4,10,Ankle,Ankle,False,False,False,False
2023,MIN,BlacMe00,Mekhi Blackmon,DB,Defense,18,18,1,1,Shoulder,Shoulder,False,True,False,False
2023,MIN,BradGa00,Garrett Bradbury,OL,Offense,2,4,3,16,Back,Back,False,False,False,False
2023,MIN,CineLe00,Lewis Cine,DB,Defense,4,7,4,14,Hamstring,Hamstring,False,False,False,False
2023,MIN,ClevEz00,Ezra Cleveland,OL,Offense,7,9,3,11,Foot / Toe,Foot,False,False,False,False
2023,MIN,CousKi00,Kirk Cousins,QB,Offense,9,18,9,9,Unspecified (IR),,True,True,True,False
2023,MIN,DarrCh00,Christian Darrisaw,OL,Offense,2,2,1,16,Ankle,Ankle,False,False,False,False
2023,MIN,DarrCh00,Christian Darrisaw,OL,Offense,9,9,1,9,Hip / Groin,Groin,False,False,False,False
2023,MIN,DaveMa00,Marcus Davenport,LB,Defense,1,1,1,17,Ankle,Ankle,False,False,False,False
2023,MIN,DaveMa00,Marcus Davenport,LB,Defense,3,3,1,15,Ankle,Ankle,False,False,False,False
2023,MIN,DaveMa00,Marcus Davenport,LB,Defense,7,18,11,11,Arm / Elbow,Elbow,True,True,True,False
2023,MIN,DyexTr00,Troy Dye,LB,Defense,17,18,2,2,Hand / Wrist,Wrist,True,True,True,False
2023,MIN,EvanAk00,Akayleb Evans,DB,Defense,11,12,2,7,Lower Leg,Calf,False,False,False,False
2023,MIN,HallJa00,Jaren Hall,QB,Offense,10,16,6,8,Head / Concussion,Concussion,False,False,False,False
2023,MIN,HickJo00,Jordan Hicks,LB,Defense,11,15,4,7,Lower Leg,Shin,True,False,False,False
2023,MIN,HockTJ00,T.J. Hockenson,TE,Offense,17,18,2,2,Unspecified (IR),,True,True,True,False
2023,MIN,IngrEd00,Ed Ingram,OL,Offense,14,14,1,5,Hip / Groin,Hip,False,False,False,False
2023,MIN,IngrEd00,Ed Ingram,OL,Offense,18,18,1,1,Shoulder,Shoulder,False,True,False,False
2023,MIN,JackTh00,Theo Jackson,DB,Defense,17,18,2,2,Foot / Toe,Toe,False,True,False,False
2023,MIN,JeffJu00,Justin Jefferson,WR,Offense,6,12,7,12,Hamstring,Hamstring,True,False,False,False
2023,MIN,LowrDe00,Dean Lowry,DL,Defense,9,10,2,9,Hip / Groin,Groin,False,False,False,False
2023,MIN,LowrDe00,Dean Lowry,DL,Defense,12,18,6,6,Hip / Groin,Groin,True,True,True,False
2023,MIN,MattAl01,Alexander Mattison,RB,Offense,15,15,1,4,Ankle,Ankle,False,False,False,False
2023,MIN,MullNi00,Nick Mullens,QB,Offense,1,12,12,17,Back,Back,True,False,False,False
2023,MIN,MurpBy00,Byron Murphy,DB,Defense,16,18,3,3,Knee,Knee,False,True,False,False
2023,MIN,NailJa00,Jalen Nailor,WR,Offense,3,9,7,15,Hamstring,Hamstring,True,False,False,False
2023,MIN,NailJa00,Jalen Nailor,WR,Offense,15,18,4,4,Head / Concussion,Concussion,True,True,True,False
2023,MIN,NwanKe00,Kene Nwangwu,RB,Offense,1,6,6,17,Back,Back,True,False,False,False
2023,MIN,ONeiBr00,Brian O'Neill,OL,Offense,15,16,2,4,Ankle,Ankle,False,False,False,False
2023,MIN,ONeiBr00,Brian O'Neill,OL,Offense,18,18,1,1,Ankle,Ankle,False,True,False,False
2023,MIN,OsboKJ00,K.J. Osborn,WR,Offense,10,10,1,8,Head / Concussion,Concussion,False,False,False,False
2023,MIN,ReedCh00,Chris Reed,OL,Offense,1,12,12,17,Foot / Toe,Foot,True,False,False,False
2023,MIN,RoyxJa00,Jaquelin Roy,DL,Defense,17,18,2,2,Ankle,Ankle,False,True,False,False
2023,MIN,UdohOl01,Oli Udoh,OL,Offense,3,18,15,15,Unspecified (IR),,True,True,True,False
2023,MIN,WonnDJ00,D.J. Wonnum,LB,Defense,17,18,2,2,Unspecified (IR),,True,True,True,False
2023,NE,AndeCa00,Calvin Anderson,OL,Offense,7,18,11,11,Unspecified (IR),,True,True,True,False
2023,NE,BentJa00,Ja'Whaun Bentley,LB,Defense,10,10,1,8,Hamstring,Hamstring,False,False,False,False
2023,NE,BourKe00,Kendrick Bourne,WR,Offense,9,18,9,9,Unspecified (IR),,True,True,True,False
2023,NE,BoutKa00,Kayshon Boutte,WR,Offense,2,9,8,16,Hamstring,Hamstring,False,False,False,False
2023,NE,BoutKa00,Kayshon Boutte,WR,Offense,13,15,3,6,Shoulder,Shoulder,False,False,False,False
2023,NE,BrowTr02,Trent Brown,OL,Offense,2,2,1,16,Head / Concussion,Concussion,False,False,False,False
2023,NE,BrowTr02,Trent Brown,OL,Offense,9,10,2,9,Ankle,Ankle,False,False,False,False
2023,NE,BrowTr02,Trent Brown,OL,Offense,15,15,1,4,Ankle,Ankle,False,False,False,False
2023,NE,DaviCo02,Cody Davis,DB,Defense,1,6,6,17,Knee,Knee,True,False,False,False
2023,NE,DougDe00,Demario Douglas,WR,Offense,6,6,1,12,Head / Concussion,Concussion,False,False,False,False
2023,NE,DougDe00,Demario Douglas,WR,Offense,13,14,2,6,Head / Concussion,Concussion,False,False,False,False
2023,NE,EkuaDa00,Daniel Ekuale,DL,Defense,4,18,14,14,Unspecified (IR),,True,True,True,False
2023,NE,GonzCh00,Christian Gonzalez,DB,Defense,5,18,13,13,Shoulder,Shoulder,True,True,True,False
2023,NE,HenrHu00,Hunter Henry,TE,Offense,16,18,3,3,Knee,Knee,True,True,True,False
2023,NE,JoneJa10,Jack Jones,DB,Defense,1,6,6,17,Hamstring,Hamstring,True,False,False,False
2023,NE,JoneJo03,Jonathan Jones,DB,Defense,2,4,3,16,Ankle,Ankle,False,False,False,False
2023,NE,JoneMa06,Marcus Jones,DB,Defense,3,18,15,15,Shoulder,Shoulder,True,True,True,False
2023,NE,JudoMa00,Matt Judon,LB,Defense,5,18,13,13,Arm / Elbow,Elbow,True,True,True,False
2023,NE,LoweVe00,Vederian Lowe,OL,Offense,8,9,2,10,Ankle,Ankle,False,False,False,False
2023,NE,McDeCo00,Conor McDermott,OL,Offense,1,8,8,17,Unspecified (IR),,True,False,False,False
2023,NE,McDeCo00,Conor McDermott,OL,Offense,16,18,3,3,Head / Concussion,Concussion,True,True,True,False
2023,NE,OnweMi00,Michael Onwenu,OL,Offense,1,1,1,17,Ankle,Ankle,False,False,False,False
2023,NE,OnweMi00,Michael Onwenu,OL,Offense,6,6,1,12,Ankle,Ankle,False,False,False,False
2023,NE,ParkDe01,DeVante Parker,WR,Offense,1,1,1,17,Knee,Knee,False,False,False,False
2023,NE,ParkDe01,DeVante Parker,WR,Offense,9,10,2,9,Head / Concussion,Concussion,False,False,False,False
2023,NE,ParkDe01,DeVante Parker,WR,Offense,14,14,1,5,Knee,Knee,False,False,False,False
2023,NE,PeppJa00,Jabrill Peppers,DB,Defense,16,17,2,3,Hamstring,Hamstring,False,False,False,False
2023,NE,ReifRi00,Riley Reiff,OL,Offense,1,4,4,17,Knee,Knee,True,False,False,False
2023,NE,ReifRi00,Riley Reiff,OL,Offense,6,18,12,12,Knee,Knee,True,True,True,False
2023,NE,SlatMa00,Matthew Slater,WR,Offense,16,16,1,3,Hamstring,Hamstring,False,False,False,False
2023,NE,SmitJu00,JuJu Smith-Schuster,WR,Offense,6,7,2,12,Head / Concussion,Concussion,False,False,False,False
2023,NE,SmitJu00,JuJu Smith-Schuster,WR,Offense,15,18,4,4,Ankle,Ankle,True,True,True,False
2023,NE,SowxSi00,Sidy Sow,OL,Offense,2,3,2,16,Head / Concussion,Concussion,False,False,False,False
2023,NE,StevRh00,Rhamondre Stevenson,RB,Offense,14,18,5,5,Ankle,Ankle,True,True,True,False
2023,NE,StraCo01,Cole Strange,OL,Offense,1,1,1,17,Knee,Knee,False,False,False,False
2023,NE,StraCo01,Cole Strange,OL,Offense,4,6,3,14,Knee,Knee,False,False,False,False
2023,NE,StraCo01,Cole Strange,OL,Offense,16,18,3,3,Unspecified (IR),,True,True,True,False
2023,NE,ThorTy00,Tyquan Thornton,WR,Offense,1,5,5,17,Shoulder,Shoulder,True,False,False,False
2023,NE,ThorTy00,Tyquan Thornton,WR,Offense,18,18,1,1,Ankle,Ankle,False,True,False,False
2023,NE,UcheJo00,Joshua Uche,LB,Defense,7,8,2,11,Knee,Knee,False,False,False,False
2023,NE,WheaTy01,Tyrone Wheatley Jr.,OL,Offense,3,18,15,15,Knee,Knee,True,True,True,False
2023,NE,WhitKe03,Keion White,DL,Defense,7,7,1,11,Head / Concussion,Concussion,False,False,False,False
2023,NE,WiseDe00,Deatrich Wise Jr.,DL,Defense,13,13,1,6,Shoulder,Shoulder,False,False,False,False
2023,NO,AdebPa00,Paulson Adebo,DB,Defense,3,4,2,15,Hamstring,Hamstring,False,False,False,False
2023,NO,FoskIs00,Isaiah Foskey,DL,Defense,10,12,2,8,Quad / Thigh,Quadricep,False,False,False,False
2023,NO,FoskIs00,Isaiah Foskey,DL,Defense,14,17,4,5,Quad / Thigh,Quadricep,False,False,False,False
2023,NO,GrayJ.00,J.T. Gray,DB,Defense,1,1,1,17,Shoulder,Shoulder,False,False,False,False
2023,NO,GrayJ.00,J.T. Gray,DB,Defense,6,7,2,12,Hamstring,Hamstring,False,False,False,False
2023,NO,HillTa00,Taysom Hill,QB,Offense,14,14,1,5,Foot / Toe,Foot,False,False,False,False
2023,NO,HowdJo00,Jordan Howden,DB,Defense,4,4,1,14,Hand / Wrist,Finger,False,False,False,False
2023,NO,HursJa00,James Hurst,OL,Offense,7,8,2,11,Ankle,Ankle,False,False,False,False
2023,NO,JohnJu02,Juwan Johnson,TE,Offense,4,7,4,14,Lower Leg,Calf,False,False,False,False
2023,NO,JohnLo01,Lonnie Johnson Jr.,DB,Defense,5,6,2,13,Hamstring,Hamstring,False,False,False,False
2023,NO,JohnLo01,Lonnie Johnson Jr.,DB,Defense,16,18,3,3,Knee,Knee,False,True,False,False
2023,NO,KamaAl00,Alvin Kamara,RB,Offense,18,18,1,1,Ankle,Ankle,False,True,False,False
2023,NO,LattMa01,Marshon Lattimore,DB,Defense,12,18,7,7,Ankle,Ankle,True,True,True,False
2023,NO,MayeMa00,Marcus Maye,DB,Defense,13,18,6,6,Shoulder,Shoulder,True,True,True,False
2023,NO,MillKe01,Kendre Miller,RB,Offense,1,2,2,17,Hamstring,Hamstring,False,False,False,False
2023,NO,MillKe01,Kendre Miller,RB,Offense,10,17,7,8,Ankle,Ankle,False,False,False,False
2023,NO,MoreFo00,Foster Moreau,TE,Offense,3,4,2,15,Ankle,Ankle,False,False,False,False
2023,NO,OlavCh00,Chris Olave,WR,Offense,15,15,1,4,Ankle,Ankle,False,False,False,False
2023,NO,PeatAn00,Andrus Peat,OL,Offense,5,5,1,13,Head / Concussion,Concussion,False,False,False,False
2023,NO,PrenAd00,Adam Prentice,RB,Offense,6,9,4,12,Knee,Knee,True,False,False,False
2023,NO,RamcRy00,Ryan Ramczyk,OL,Offense,7,7,1,11,Head / Concussion,Concussion,False,False,False,False
2023,NO,RamcRy00,Ryan Ramczyk,OL,Offense,15,18,4,4,Knee,Knee,True,True,True,False
2023,NO,RoacMa01,Malcolm Roach,DL,Defense,14,18,5,5,Knee,Knee,True,True,True,False
2023,NO,RuizCe00,Cesar Ruiz,OL,Offense,4,4,1,14,Head / Concussion,Concussion,False,False,False,False
2023,NO,SaldNi00,Nick Saldiveri,OL,Offense,8,18,10,10,Shoulder,Shoulder,True,True,True,False
2023,NO,SeweNe00,Nephi Sewell,LB,Defense,18,18,1,1,Knee,Knee,True,True,True,False
2023,NO,ShahRa00,Rashid Shaheed,WR,Offense,13,14,2,6,Quad / Thigh,Thigh,False,False,False,False
2023,NO,SummTy00,Ty Summers,LB,Defense,9,9,1,9,Head / Concussion,Concussion,False,False,False,False
2023,NO,ThomMi05,Michael Thomas,WR,Offense,12,18,7,7,Unspecified (IR),,True,True,True,False
2023,NO,TurnPa02,Payton Turner,DL,Defense,2,17,15,16,Foot / Toe,Toe,True,False,False,False
2023,NO,WernPe00,Pete Werner,LB,Defense,13,13,1,6,Shoulder,Shoulder,False,False,False,False
2023,NO,WillJa06,Jamaal Williams,RB,Offense,3,6,4,15,Hamstring,Hamstring,True,False,False,False
2023,NO,YounLa00,Landon Young,OL,Offense,5,7,3,13,Hip / Groin,Hip,False,False,False,False
2023,NO,YounLa00,Landon Young,OL,Offense,18,18,1,1,Knee,Knee,False,True,False,False
2023,NYG,BankDe00,Deonte Banks,DB,Defense,17,18,2,2,Shoulder,Shoulder,False,True,False,False
2023,NYG,BarkSa00,Saquon Barkley,RB,Offense,3,5,3,15,Ankle,Ankle,False,False,False,False
2023,NYG,BredBe00,Ben Bredeson,OL,Offense,3,3,1,15,Head / Concussion,Concussion,False,False,False,False
2023,NYG,BrigGa00,Gary Brightwell,RB,Offense,8,18,10,10,Hamstring,Hamstring,True,True,True,False
2023,NYG,BrowCa01,Cam Brown,LB,Defense,1,1,1,17,Ankle,Ankle,False,False,False,False
2023,NYG,CageLa01,Lawrence Cager,TE,Offense,16,18,3,3,Hip / Groin,Groin,True,True,True,False
2023,NYG,CampPa00,Parris Campbell,WR,Offense,14,18,5,5,Knee,Knee,False,True,False,False
2023,NYG,CorbJa01,Jashaun Corbin,RB,Offense,9,9,1,9,Hamstring,Hamstring,False,False,False,False
2023,NYG,DaviDJ00,D.J. Davidson,DL,Defense,1,1,1,17,Knee,Knee,False,False,False,False
2023,NYG,DaviDJ00,D.J. Davidson,DL,Defense,6,6,1,12,Knee,Knee,False,False,False,False
2023,NYG,EzeuJo00,Joshua Ezeudu,OL,Offense,7,18,11,11,Unspecified (IR),,True,True,True,False
2023,NYG,FlotCo00,Cordale Flott,DB,Defense,1,3,3,17,Hamstring,Hamstring,False,False,False,False
2023,NYG,GrayEr01,Eric Gray,RB,Offense,8,11,4,10,Ankle,Ankle,True,False,False,False
2023,NYG,JackAd00,Adoree' Jackson,DB,Defense,7,7,1,11,Neck,Neck,False,False,False,False
2023,NYG,JackAd00,Adoree' Jackson,DB,Defense,10,11,2,8,Head / Concussion,Concussion,False,False,False,False
2023,NYG,JackDe02,Deon Jackson,RB,Offense,10,18,8,8,Head / Concussion,Concussion,False,True,False,False
2023,NYG,JoneDa05,Daniel Jones,QB,Offense,6,8,3,12,Neck,Neck,False,False,False,False
2023,NYG,JoneDa05,Daniel Jones,QB,Offense,10,18,8,8,Neck,Neck,True,True,True,False
2023,NYG,LawrDe03,Dexter Lawrence,DL,Defense,12,12,1,6,Hamstring,Hamstring,False,False,False,False
2023,NYG,LemiSh00,Shane Lemieux,OL,Offense,5,5,1,13,Hip / Groin,Groin,False,False,False,False
2023,NYG,LemiSh00,Shane Lemieux,OL,Offense,7,18,11,11,Arm / Elbow,Biceps,True,True,True,False
2023,NYG,McFaMi01,Micah McFadden,LB,Defense,5,5,1,13,Ankle,Ankle,False,False,False,False
2023,NYG,MichJo00,John Michael Schmitz,OL,Offense,5,7,3,13,Shoulder,Shoulder,False,False,False,False
2023,NYG,MichJo00,John Michael Schmitz,OL,Offense,18,18,1,1,Lower Leg,Shin,False,True,False,False
2023,NYG,NealEv00,Evan Neal,OL,Offense,7,8,2,11,Ankle,Ankle,False,False,False,False
2023,NYG,NealEv00,Evan Neal,OL,Offense,10,18,8,8,Ankle,Ankle,True,True,True,False
2023,NYG,NuneRa00,Rakeem Nunez-Roches,DL,Defense,16,16,1,3,Knee,Knee,False,False,False,False
2023,NYG,OjulAz00,Azeez Ojulari,DL,Defense,2,3,2,16,Hamstring,Hamstring,False,False,False,False
2023,NYG,OjulAz00,Azeez Ojulari,DL,Defense,6,9,4,12,Ankle,Ankle,True,False,False,False
2023,NYG,OwenGe00,Gervarrius Owens,DB,Defense,1,6,6,17,Hamstring,Hamstring,False,False,False,False
2023,NYG,PearMa00,Matt Peart,OL,Offense,6,15,9,12,Shoulder,Shoulder,True,False,False,False
2023,NYG,PhilTy00,Tyre Phillips,OL,Offense,18,18,1,1,Unspecified (IR),,True,True,True,False
2023,NYG,PinnJa01,Jason Pinnock,DB,Defense,18,18,1,1,Foot / Toe,Toe,True,True,True,False
2023,NYG,RobiWa01,Wan'Dale Robinson,WR,Offense,1,2,2,17,Knee,Knee,False,False,False,False
2023,NYG,TaylTy00,Tyrod Taylor,QB,Offense,9,14,5,9,Chest / Ribs,Ribs,True,False,False,False
2023,NYG,ThomAn02,Andrew Thomas,OL,Offense,2,8,7,16,Hamstring,Hamstring,False,False,False,False
2023,NYG,WallDa01,Darren Waller,TE,Offense,9,14,5,9,Hamstring,Hamstring,True,False,False,False
2023,NYJ,AdamTo03,Tony Adams,DB,Defense,3,4,2,15,Hamstring,Hamstring,False,False,False,False
2023,NYJ,BarnZa00,Zaire Barnes,LB,Defense,13,18,6,6,Hamstring,Hamstring,True,True,True,False
2023,NYJ,BectMe00,Mekhi Becton,OL,Offense,12,12,1,7,Ankle,Ankle,False,False,False,False
2023,NYJ,BernJa01,Jarrick Bernard-Converse,DB,Defense,1,10,9,17,Foot / Toe,Foot,True,False,False,False
2023,NYJ,BrowDu20,Duane Brown,OL,Offense,3,11,8,15,Shoulder,Shoulder,True,False,False,False
2023,NYJ,BrowDu20,Duane Brown,OL,Offense,15,18,4,4,Back,Back,True,True,True,False
2023,NYJ,BrowJa07,Jason Brownlee,WR,Offense,14,15,2,5,Ankle,Ankle,False,False,False,False
2023,NYJ,CartMi02,Michael Carter II,DB,Defense,11,12,2,8,Hamstring,Hamstring,False,False,False,False
2023,NYJ,CharIr00,Irvin Charles,WR,Offense,8,8,1,11,Shoulder,Shoulder,False,False,False,False
2023,NYJ,ClemMi03,Micheal Clemons,DL,Defense,6,6,1,12,Ankle,Ankle,False,False,False,False
2023,NYJ,CobbRa00,Randall Cobb,WR,Offense,8,11,4,11,Shoulder,Shoulder,False,False,False,False
2023,NYJ,EchoBr00,Brandin Echols,DB,Defense,5,6,2,13,Hamstring,Hamstring,False,False,False,False
2023,NYJ,EguaSa00,Samuel Eguavoen,LB,Defense,11,12,2,8,Hip / Groin,Hip,False,False,False,False
2023,NYJ,HansJa00,Jake Hanson,OL,Offense,18,18,1,1,Head / Concussion,Concussion,True,True,True,False
2023,NYJ,HardJu01,Justin Hardee,DB,Defense,6,12,6,12,Hamstring,Hamstring,True,False,False,False
2023,NYJ,JeffQu00,Quinton Jefferson,DL,Defense,16,18,3,3,Unspecified (IR),,True,True,True,False
2023,NYJ,McDoWi00,Will McDonald,LB,Defense,10,10,1,9,Ankle,Ankle,False,False,False,False
2023,NYJ,McGoCo00,Connor McGovern,OL,Offense,9,18,10,10,Unspecified (IR),,True,True,True,False
2023,NYJ,MitcMa02,Max Mitchell,OL,Offense,15,15,1,4,Neck,Neck,False,False,False,False
2023,NYJ,ReedD.00,D.J. Reed,DB,Defense,5,6,2,13,Head / Concussion,Concussion,False,False,False,False
2023,NYJ,RodgAa00,Aaron Rodgers,QB,Offense,2,18,16,16,Achilles,Achilles,True,True,True,False
2023,NYJ,RuckJe00,Jeremy Ruckert,TE,Offense,17,18,2,2,Head / Concussion,Concussion,True,True,True,False
2023,NYJ,SchwWe00,Wes Schweitzer,OL,Offense,3,4,2,15,Head / Concussion,Concussion,False,False,False,False
2023,NYJ,SchwWe00,Wes Schweitzer,OL,Offense,9,12,4,10,Lower Leg,Calf,True,False,False,False
2023,NYJ,SchwWe00,Wes Schweitzer,OL,Offense,14,18,5,5,Lower Leg,Calf,True,True,True,False
2023,NYJ,SurrCh00,Chazz Surratt,LB,Defense,9,11,3,10,Ankle,Ankle,False,False,False,False
2023,NYJ,TippJo00,Joe Tippmann,OL,Offense,8,8,1,11,Quad / Thigh,Quadricep,False,False,False,False
2023,NYJ,TurnBi00,Billy Turner,OL,Offense,10,11,2,9,Hand / Wrist,Finger,False,False,False,False
2023,NYJ,TurnBi00,Billy Turner,OL,Offense,13,13,1,6,Hand / Wrist,Finger,False,False,False,False
2023,NYJ,UzomC.00,C.J. Uzomah,TE,Offense,14,18,5,5,Unspecified (IR),,True,True,True,False
2023,NYJ,VeraAl00,Alijah Vera-Tucker,OL,Offense,6,18,12,12,Unspecified (IR),,True,True,True,False
2023,NYJ,WarrCa00,Carter Warren,OL,Offense,1,6,6,17,Shoulder,Shoulder,True,False,False,False
2023,NYJ,WarrCa00,Carter Warren,OL,Offense,14,15,2,5,Hip / Groin,Hip,False,False,False,False
2023,NYJ,WilsZa00,Zach Wilson,QB,Offense,16,18,3,3,Head / Concussion,Concussion,True,True,True,False
2023,NYJ,WoodAl99,Al Woods,DL,Defense,9,18,10,10,Unspecified (IR),,True,True,True,False
2023,NYJ,YeboKe00,Kenny Yeboah,TE,Offense,1,13,12,17,Hamstring,Hamstring,True,False,False,False
2023,PHI,BlanRe00,Reed Blankenship,DB,Defense,2,2,1,16,Chest / Ribs,Ribs,False,False,False,False
2023,PHI,BlanRe00,Reed Blankenship,DB,Defense,7,7,1,11,Chest / Ribs,Ribs,False,False,False,False
2023,PHI,BradJa00,James Bradberry,DB,Defense,2,2,1,16,Head / Concussion,Concussion,False,False,False,False
2023,PHI,BrowSy00,Sydney Brown,DB,Defense,4,6,3,14,Hamstring,Hamstring,False,False,False,False
2023,PHI,CalcGr00,Grant Calcaterra,TE,Offense,9,9,1,9,Head / Concussion,Concussion,False,False,False,False
2023,PHI,CalcGr00,Grant Calcaterra,TE,Offense,12,12,1,7,Ankle,Ankle,False,False,False,False
2023,PHI,CartJa05,Jalen Carter,DL,Defense,6,6,1,12,Ankle,Ankle,False,False,False,False
2023,PHI,CoxxFl00,Fletcher Cox,DL,Defense,5,5,1,13,Back,Back,False,False,False,False
2023,PHI,CunnZa00,Zach Cunningham,LB,Defense,13,13,1,6,Hamstring,Hamstring,False,False,False,False
2023,PHI,CunnZa00,Zach Cunningham,LB,Defense,15,17,3,4,Knee,Knee,False,False,False,False
2023,PHI,DeanNa00,Nakobe Dean,LB,Defense,2,5,4,16,Foot / Toe,Foot,True,False,False,False
2023,PHI,DeanNa00,Nakobe Dean,LB,Defense,11,18,8,8,Unspecified (IR),,True,True,True,False
2023,PHI,DickLa00,Landon Dickerson,OL,Offense,16,16,1,3,Hand / Wrist,Thumb,False,False,False,False
2023,PHI,EvanJu00,Justin Evans,DB,Defense,4,4,1,14,Neck,Neck,False,False,False,False
2023,PHI,EvanJu00,Justin Evans,DB,Defense,6,18,12,12,Knee,Knee,True,True,True,False
2023,PHI,GainKe00,Kenneth Gainwell,RB,Offense,2,2,1,16,Chest / Ribs,Ribs,False,False,False,False
2023,PHI,GoedDa00,Dallas Goedert,TE,Offense,11,13,3,8,Arm / Elbow,Forearm,False,False,False,False
2023,PHI,JurgCa01,Cam Jurgens,OL,Offense,5,9,5,13,Foot / Toe,Foot,True,False,False,False
2023,PHI,JurgCa01,Cam Jurgens,OL,Offense,15,15,1,4,Chest / Ribs,Pectoral,False,False,False,False
2023,PHI,MaddAv00,Avonte Maddox,DB,Defense,3,16,13,15,Chest / Ribs,Pectoral,True,False,False,False
2023,PHI,MorrNi00,Nicholas Morrow,LB,Defense,16,16,1,3,Core / Abdomen,Abdomen,False,False,False,False
2023,PHI,OkwuAl00,Albert Okwuegbunam,TE,Offense,14,18,5,5,Hamstring,Hamstring,True,True,True,False
2023,PHI,RobyBr00,Bradley Roby,DB,Defense,7,9,3,11,Shoulder,Shoulder,False,False,False,False
2023,PHI,ScotBo02,Boston Scott,RB,Offense,3,3,1,15,Head / Concussion,Concussion,False,False,False,False
2023,PHI,SlayDa00,Darius Slay,DB,Defense,6,6,1,12,Knee,Knee,False,False,False,False
2023,PHI,SlayDa00,Darius Slay,DB,Defense,15,18,4,4,Knee,Knee,False,True,False,False
2023,PHI,SmitDe07,DeVonta Smith,WR,Offense,18,18,1,1,Ankle,Ankle,False,True,False,False
2023,PHI,TuipMa00,Marlon Tuipulotu,DL,Defense,5,6,2,13,Arm / Elbow,Triceps,False,False,False,False
2023,PHI,WatkQu00,Quez Watkins,WR,Offense,3,4,2,15,Hamstring,Hamstring,False,False,False,False
2023,PHI,WatkQu00,Quez Watkins,WR,Offense,6,11,5,12,Hamstring,Hamstring,True,False,False,False
2023,PHI,WillMi08,Milton Williams,DL,Defense,12,12,1,7,Head / Concussion,Concussion,False,False,False,False
2023,PIT,AdamMo00,Montravius Adams,DL,Defense,10,13,4,9,Ankle,Ankle,False,False,False,False
2023,PIT,AlexKw00,Kwon Alexander,LB,Defense,11,18,8,8,Unspecified (IR),,True,True,True,False
2023,PIT,DaniJa01,James Daniels,OL,Offense,4,5,2,14,Hip / Groin,Groin,False,False,False,False
2023,PIT,FitzMi00,Minkah Fitzpatrick,DB,Defense,9,12,4,10,Hamstring,Hamstring,False,False,False,False
2023,PIT,FitzMi00,Minkah Fitzpatrick,DB,Defense,16,18,3,3,Knee,Knee,False,True,False,False
2023,PIT,FreiPa00,Pat Freiermuth,TE,Offense,5,10,5,13,Hamstring,Hamstring,True,False,False,False
2023,PIT,HeywCa01,Cameron Heyward,DL,Defense,2,8,6,16,Hip / Groin,Groin,True,False,False,False
2023,PIT,HolcCo00,Cole Holcomb,LB,Defense,10,18,9,9,Unspecified (IR),,True,True,True,False
2023,PIT,JohnDi01,Diontae Johnson,WR,Offense,2,5,4,16,Hamstring,Hamstring,True,False,False,False
2023,PIT,LealDe00,DeMarvin Leal,DL,Defense,5,5,1,13,Head / Concussion,Concussion,False,False,False,False
2023,PIT,McFaAn00,Anthony McFarland Jr.,RB,Offense,2,9,7,16,Knee,Knee,True,False,False,False
2023,PIT,MoorDa05,Dan Moore,OL,Offense,5,5,1,13,Knee,Knee,False,False,False,False
2023,PIT,NealKe01,Keanu Neal,DB,Defense,11,18,8,8,Chest / Ribs,Rib,True,True,True,False
2023,PIT,OlszGu00,Gunner Olszewski,WR,Offense,3,4,2,15,Head / Concussion,Concussion,False,False,False,False
2023,PIT,PickKe00,Kenny Pickett,QB,Offense,14,18,5,5,Ankle,Ankle,False,True,False,False
2023,PIT,PierJa01,James Pierre,DB,Defense,14,14,1,5,Shoulder,Shoulder,False,False,False,False
2023,PIT,RileEl01,Elijah Riley,DB,Defense,12,15,4,7,Ankle,Ankle,True,False,False,False
2023,PIT,RobeEl00,Elandon Roberts,LB,Defense,17,17,1,2,Chest / Ribs,Pectoral,False,False,False,False
2023,PIT,ThomTr01,Trenton Thompson,DB,Defense,16,18,3,3,Neck,Neck,False,True,False,False
2023,PIT,WallLe00,Levi Wallace,DB,Defense,8,8,1,11,Foot / Toe,Foot,False,False,False,False
2023,SEA,AdamJa00,Jamal Adams,DB,Defense,1,3,3,17,Knee,Knee,False,False,False,False
2023,SEA,AdamJa00,Jamal Adams,DB,Defense,11,11,1,8,Knee,Knee,False,False,False,False
2023,SEA,AdamJa00,Jamal Adams,DB,Defense,15,18,4,4,Knee,Knee,True,True,True,False
2023,SEA,BradAn00,Anthony Bradford,OL,Offense,9,10,2,10,Ankle,Ankle,False,False,False,False
2023,SEA,BrooJo01,Jordyn Brooks,LB,Defense,17,17,1,2,Ankle,Ankle,False,False,False,False
2023,SEA,BrowEv00,Evan Brown,OL,Offense,7,7,1,12,Hip / Groin,Hip,False,False,False,False
2023,SEA,BrowTr03,Tre Brown,DB,Defense,4,4,1,14,Head / Concussion,Concussion,False,False,False,False
2023,SEA,BrowTr03,Tre Brown,DB,Defense,14,14,1,5,Foot / Toe,Heel,False,False,False,False
2023,SEA,BryaCo01,Coby Bryant,DB,Defense,3,11,8,15,Foot / Toe,Toe,True,False,False,False
2023,SEA,BurnAr00,Artie Burns,DB,Defense,4,7,3,14,Hamstring,Hamstring,False,False,False,False
2023,SEA,BushDe01,Devin Bush Jr.,LB,Defense,2,2,1,16,Shoulder,Shoulder,False,False,False,False
2023,SEA,CharZa00,Zach Charbonnet,RB,Offense,7,7,1,12,Hamstring,Hamstring,False,False,False,False
2023,SEA,CrosCh00,Charles Cross,OL,Offense,2,4,3,16,Foot / Toe,Toe,False,False,False,False
2023,SEA,DissWi00,Will Dissly,TE,Offense,3,3,1,15,Shoulder,Shoulder,False,False,False,False
2023,SEA,EdwaMa01,Mario Edwards,DL,Defense,17,18,2,2,Knee,Knee,False,True,False,False
2023,SEA,EskrDW00,D'Wayne Eskridge,WR,Offense,13,18,6,6,Chest / Ribs,Ribs,True,True,True,False
2023,SEA,FaolAu00,Austin Faoliu,DL,Defense,1,16,15,17,Knee,Knee,True,False,False,False
2023,SEA,HaynPh00,Phil Haynes,OL,Offense,3,3,1,15,Lower Leg,Calf,False,False,False,False
2023,SEA,HaynPh00,Phil Haynes,OL,Offense,7,8,2,12,Lower Leg,Calf,False,False,False,False
2023,SEA,HaynPh00,Phil Haynes,OL,Offense,13,18,6,6,Foot / Toe,Toe,True,True,True,False
2023,SEA,LewiDa05,Damien Lewis,OL,Offense,6,6,1,13,Ankle,Ankle,False,False,False,False
2023,SEA,LockDr00,Drew Lock,QB,Offense,6,10,5,13,Ankle,Ankle,False,False,False,False
2023,SEA,LucaAb00,Abraham Lucas,OL,Offense,2,12,10,16,Knee,Knee,True,False,False,False
2023,SEA,LucaAb00,Abraham Lucas,OL,Offense,18,18,1,1,Knee,Knee,False,True,False,False
2023,SEA,MafeBo00,Boye Mafe,LB,Defense,2,2,1,16,Knee,Knee,False,False,False,False
2023,SEA,McInKe00,Kenny McIntosh,RB,Offense,1,11,10,17,Knee,Knee,True,False,False,False
2023,SEA,McInKe00,Kenny McIntosh,RB,Offense,15,18,4,4,Hand / Wrist,Thumb,False,True,False,False
2023,SEA,MetcDK00,D.K. Metcalf,WR,Offense,7,7,1,12,Chest / Ribs,Ribs,False,False,False,False
2023,SEA,MorrMi00,Mike Morris,DL,Defense,2,18,16,16,Shoulder,Shoulder,True,True,True,False
2023,SEA,NwosUc00,Uchenna Nwosu,LB,Defense,8,18,11,11,Chest / Ribs,Pectoral,True,True,True,False
2023,SEA,PeteJa21,Jason Peters,OL,Offense,17,18,2,2,Foot / Toe,Foot,False,True,False,False
2023,SEA,ReedJa02,Jarran Reed,DL,Defense,18,18,1,1,Knee,Knee,False,True,False,False
2023,SEA,ReedJe00,Jerrick Reed,DB,Defense,12,18,7,7,Knee,Knee,True,True,True,False
2023,SEA,SmitGe00,Geno Smith,QB,Offense,14,15,2,5,Hip / Groin,Groin,False,False,False,False
2023,SEA,ThomDr00,Drake Thomas,LB,Defense,10,18,9,9,Unspecified (IR),,True,True,True,False
2023,SEA,WalkKe00,Kenneth Walker III,RB,Offense,12,13,2,7,Core / Abdomen,Oblique,False,False,False,False
2023,SEA,WithDe00,Devon Witherspoon,DB,Defense,1,1,1,17,Hamstring,Hamstring,False,False,False,False
2023,SEA,WithDe00,Devon Witherspoon,DB,Defense,15,16,2,4,Hip / Groin,Hip,False,False,False,False
2023,SEA,WoolTa00,Riq Woolen,DB,Defense,3,3,1,15,Chest / Ribs,Chest,False,False,False,False
2023,SEA,YounDa02,Dareke Young,WR,Offense,1,9,8,17,Hip / Groin,Groin,True,False,False,False
2023,SEA,YounDa02,Dareke Young,WR,Offense,11,13,3,8,Core / Abdomen,Abdomen,False,False,False,False
2023,SF,AiyuBr00,Brandon Aiyuk,WR,Offense,3,3,1,15,Shoulder,Shoulder,False,False,False,False
2023,SF,ArmsAr01,Arik Armstead,DL,Defense,14,18,5,5,Foot / Toe,Foot,False,True,False,False
2023,SF,BankAa00,Aaron Banks,OL,Offense,10,11,2,9,Foot / Toe,Toe,False,False,False,False
2023,SF,BealRo00,Robert Beal,DL,Defense,1,14,13,17,Hamstring,Hamstring,True,False,False,False
2023,SF,BrowJi01,Ji'Ayir Brown,DB,Defense,17,18,2,2,Knee,Knee,False,True,False,False
2023,SF,BurfSp00,Spencer Burford,OL,Offense,12,12,1,7,Knee,Knee,False,False,False,False
2023,SF,BurfSp00,Spencer Burford,OL,Offense,14,15,2,5,Knee,Knee,False,False,False,False
2023,SF,BurkOr00,Oren Burks,LB,Defense,15,16,2,4,Knee,Knee,False,False,False,False
2023,SF,DaviKa01,Kalia Davis,DL,Defense,16,18,3,3,Unspecified (IR),,True,True,True,False
2023,SF,DwelRo00,Ross Dwelley,TE,Offense,14,18,5,5,Ankle,Ankle,True,True,True,False
2023,SF,FeliJo00,Jon Feliciano,OL,Offense,18,18,1,1,Back,Back,False,True,False,False
2023,SF,FlanDe00,Demetrius Flannigan-Fowles,LB,Defense,10,10,1,9,Ankle,Ankle,False,False,False,False
2023,SF,GipsTa00,Tashaun Gipson,DB,Defense,18,18,1,1,Quad / Thigh,Quadricep,False,True,False,False
2023,SF,GreeDr00,Dre Greenlaw,LB,Defense,6,6,1,12,Hamstring,Hamstring,False,False,False,False
2023,SF,HargJa00,Javon Hargrave,DL,Defense,15,15,1,4,Hamstring,Hamstring,False,False,False,False
2023,SF,HufaTa00,Talanoa Hufanga,DB,Defense,12,18,7,7,Knee,Knee,True,True,True,False
2023,SF,JackDr01,Drake Jackson,DL,Defense,10,18,9,9,Knee,Knee,True,True,True,False
2023,SF,JeanSh00,Shemar Jean-Charles,DB,Defense,12,12,1,7,Shoulder,Shoulder,False,False,False,False
2023,SF,JennJa00,Jauan Jennings,WR,Offense,4,4,1,14,Lower Leg,Shin,False,False,False,False
2023,SF,JennJa00,Jauan Jennings,WR,Offense,16,18,3,3,Head / Concussion,Concussion,False,True,False,False
2023,SF,LuteDa00,Darrell Luter,DB,Defense,1,10,9,17,Knee,Knee,True,False,False,False
2023,SF,LuteDa00,Darrell Luter,DB,Defense,14,14,1,5,Hamstring,Hamstring,False,False,False,False
2023,SF,McCaCh01,Christian McCaffrey,RB,Offense,18,18,1,1,Lower Leg,Calf,False,True,False,False
2023,SF,McClRa00,Ray-Ray McCloud,WR,Offense,13,17,5,6,Chest / Ribs,Rib,True,False,False,False
2023,SF,MitcEl00,Elijah Mitchell,RB,Offense,4,5,2,14,Knee,Knee,False,False,False,False
2023,SF,MitcEl00,Elijah Mitchell,RB,Offense,14,16,3,5,Knee,Knee,False,False,False,False
2023,SF,MoorJa04,Jaylon Moore,OL,Offense,17,17,1,2,Head / Concussion,Concussion,False,False,False,False
2023,SF,OdumGe00,George Odum,DB,Defense,13,18,6,6,Unspecified (IR),,True,True,True,False
2023,SF,SamuDe00,Deebo Samuel,WR,Offense,7,8,2,11,Shoulder,Shoulder,False,False,False,False
2023,SF,ThomAm00,Ambry Thomas,DB,Defense,3,3,1,15,Knee,Knee,False,False,False,False
2023,SF,ThomAm00,Ambry Thomas,DB,Defense,18,18,1,1,Hand / Wrist,Hand,False,True,False,False
2023,SF,WillTr21,Trent Williams,OL,Offense,7,8,2,11,Ankle,Ankle,False,False,False,False
2023,SF,WomaSa00,Samuel Womack,DB,Defense,2,11,9,16,Knee,Knee,True,False,False,False
2023,SF,ZakeNi00,Nick Zakelj,OL,Offense,11,18,8,8,Arm / Elbow,Biceps,True,True,True,False
2023,TB,BarrSh00,Shaquil Barrett,LB,Defense,17,17,1,2,Hip / Groin,Groin,False,False,False,False
2023,TB,BritKJ00,K.J. Britt,LB,Defense,18,18,1,1,Lower Leg,Calf,False,True,False,False
2023,TB,DaviCa02,Carlton Davis,DB,Defense,2,3,2,16,Foot / Toe,Toe,False,False,False,False
2023,TB,DaviCa02,Carlton Davis,DB,Defense,10,10,1,9,Foot / Toe,Toe,False,False,False,False
2023,TB,DaviCa02,Carlton Davis,DB,Defense,15,15,1,4,Hip / Groin,Groin,False,False,False,False
2023,TB,DaviCa02,Carlton Davis,DB,Defense,17,17,1,2,Head / Concussion,Concussion,False,False,False,False
2023,TB,DaviLa00,Lavonte David,LB,Defense,12,13,2,7,Hip / Groin,Groin,False,False,False,False
2023,TB,DeanJa00,Jamel Dean,DB,Defense,4,4,1,14,Neck,Neck,False,False,False,False
2023,TB,DeanJa00,Jamel Dean,DB,Defense,12,14,3,7,Ankle,Ankle,False,False,False,False
2023,TB,DennSi00,SirVocea Dennis,LB,Defense,2,4,3,16,Hamstring,Hamstring,False,False,False,False
2023,TB,EdmoCh00,Chase Edmonds,RB,Offense,3,7,4,15,Knee,Knee,True,False,False,False
2023,TB,FeilMa00,Matt Feiler,OL,Offense,8,11,4,11,Knee,Knee,False,False,False,False
2023,TB,GholWi00,William Gholston,DL,Defense,15,15,1,4,Knee,Knee,False,False,False,False
2023,TB,GreeMi01,Mike Greene,DL,Defense,12,18,7,7,Lower Leg,Calf,True,True,True,False
2023,TB,HallLo00,Logan Hall,DL,Defense,9,9,1,10,Hip / Groin,Groin,False,False,False,False
2023,TB,HayeJo01,Josh Hayes,DB,Defense,10,10,1,9,Head / Concussion,Concussion,False,False,False,False
2023,TB,JarrRa00,Rakim Jarrett,WR,Offense,12,18,7,7,Quad / Thigh,Quadricep,True,True,True,False
2023,TB,KancCa00,Calijah Kancey,DL,Defense,2,4,3,16,Lower Leg,Calf,False,False,False,False
2023,TB,KiefKo00,Ko Kieft,TE,Offense,17,17,1,2,Shoulder,Shoulder,False,False,False,False
2023,TB,MerrKa00,Kaevon Merriweather,DB,Defense,8,8,1,11,Ankle,Ankle,False,False,False,False
2023,TB,NealRy00,Ryan Neal,DB,Defense,11,11,1,8,Hand / Wrist,Thumb,False,False,False,False
2023,TB,NealRy00,Ryan Neal,DB,Defense,15,15,1,4,Back,Back,False,False,False,False
2023,TB,NelsAn01,Anthony Nelson,LB,Defense,6,6,1,13,Head / Concussion,Concussion,False,False,False,False
2023,TB,PittDe01,Derrek Pitts,DB,Defense,4,14,10,14,Hamstring,Hamstring,False,False,False,False
2023,TB,VeaxVi00,Vita Vea,DL,Defense,8,8,1,11,Hip / Groin,Groin,False,False,False,False
2023,TB,VeaxVi00,Vita Vea,DL,Defense,14,14,1,5,Foot / Toe,Toe,False,False,False,False
2023,TB,WhitDe02,Devin White,LB,Defense,13,15,3,6,Foot / Toe,Foot,False,False,False,False
2023,TEN,AverTr01,Tre Avery,DB,Defense,1,1,1,17,Hamstring,Hamstring,False,False,False,False
2023,TEN,AverTr01,Tre Avery,DB,Defense,17,17,1,2,Knee,Knee,False,False,False,False
2023,TEN,BrowMi02,Mike Brown,DB,Defense,4,10,6,14,Ankle,Ankle,True,False,False,False
2023,TEN,BrunDa00,Daniel Brunskill,OL,Offense,10,10,1,9,Ankle,Ankle,False,False,False,False
2023,TEN,BrunDa00,Daniel Brunskill,OL,Offense,16,16,1,3,Ankle,Ankle,False,False,False,False
2023,TEN,BrunDa00,Daniel Brunskill,OL,Offense,18,18,1,1,Ankle,Ankle,False,True,False,False
2023,TEN,BuntSe00,Sean Murphy-Bunting,DB,Defense,10,11,2,9,Hand / Wrist,Thumb,False,False,False,False
2023,TEN,BuntSe00,Sean Murphy-Bunting,DB,Defense,16,16,1,3,Hip / Groin,Hip,False,False,False,False
2023,TEN,BurkTr00,Treylon Burks,WR,Offense,4,6,3,14,Knee,Knee,False,False,False,False
2023,TEN,BurkTr00,Treylon Burks,WR,Offense,10,12,3,9,Head / Concussion,Concussion,False,False,False,False
2023,TEN,CampCh02,Chance Campbell,LB,Defense,8,18,11,11,Knee,Knee,True,True,True,False
2023,TEN,ChesJu00,Julius Chestnut,RB,Offense,4,18,14,14,Unspecified (IR),,True,True,True,False
2023,TEN,DillAn00,Andre Dillard,OL,Offense,11,11,1,8,Head / Concussion,Concussion,False,False,False,False
2023,TEN,DoweCo00,Colton Dowell,WR,Offense,18,18,1,1,Knee,Knee,True,True,True,False
2023,TEN,DuncJa00,Jaelyn Duncan,OL,Offense,18,18,1,1,Neck,Neck,False,True,False,False
2023,TEN,EdmuTe00,Terrell Edmunds,DB,Defense,12,13,2,7,Shoulder,Shoulder,False,False,False,False
2023,TEN,FultKr00,Kristian Fulton,DB,Defense,2,2,1,16,Hamstring,Hamstring,False,False,False,False
2023,TEN,FultKr00,Kristian Fulton,DB,Defense,14,18,5,5,Hamstring,Hamstring,True,True,True,False
2023,TEN,GibbJa00,Jack Gibbens,LB,Defense,16,18,3,3,Back,Back,True,True,True,False
2023,TEN,GiffLu00,Luke Gifford,LB,Defense,4,6,3,14,Hamstring,Hamstring,False,False,False,False
2023,TEN,GiffLu00,Luke Gifford,LB,Defense,16,18,3,3,Hamstring,Hamstring,True,True,True,False
2023,TEN,HookAm00,Amani Hooker,DB,Defense,2,2,1,16,Head / Concussion,Concussion,False,False,False,False
2023,TEN,HookAm00,Amani Hooker,DB,Defense,16,18,3,3,Knee,Knee,True,True,True,False
2023,TEN,HubbCh00,Chris Hubbard,OL,Offense,9,9,1,10,Head / Concussion,Concussion,False,False,False,False
2023,TEN,HubbCh00,Chris Hubbard,OL,Offense,12,18,7,7,Arm / Elbow,Biceps,True,True,True,False
2023,TEN,JackKe02,Kearis Jackson,WR,Offense,3,18,15,15,Ankle,Ankle,True,True,True,False
2023,TEN,JoneJo05,Joseph Jones,LB,Defense,14,18,5,5,Hand / Wrist,Finger,True,True,True,False
2023,TEN,KendAn00,Anthony Kendall,DB,Defense,18,18,1,1,Knee,Knee,False,True,False,False
2023,TEN,LeviWi00,Will Levis,QB,Offense,1,6,6,17,Quad / Thigh,Quadricep,False,False,False,False
2023,TEN,LeviWi00,Will Levis,QB,Offense,16,16,1,3,Ankle,Ankle,False,False,False,False
2023,TEN,LeviWi00,Will Levis,QB,Offense,18,18,1,1,Foot / Toe,Foot,False,True,False,False
2023,TEN,McCrRo01,Roger McCreary,DB,Defense,8,9,2,11,Hamstring,Hamstring,False,False,False,False
2023,TEN,McLeTK00,TK McLendon,DL,Defense,16,16,1,3,Shoulder,Shoulder,False,False,False,False
2023,TEN,McLeTK00,TK McLendon,DL,Defense,18,18,1,1,Shoulder,Shoulder,False,True,False,False
2023,TEN,MoldEl00,Elijah Molden,DB,Defense,4,4,1,14,Hamstring,Hamstring,False,False,False,False
2023,TEN,MoldEl00,Elijah Molden,DB,Defense,6,6,1,12,Hamstring,Hamstring,False,False,False,False
2023,TEN,MurpCa00,Caleb Murphy,LB,Defense,18,18,1,1,Shoulder,Shoulder,False,True,False,False
2023,TEN,PekoKy00,Kyle Peko,DL,Defense,15,18,4,4,Unspecified (IR),,True,True,True,False
2023,TEN,PetiNi00,Nicholas Petit-Frere,OL,Offense,10,18,9,9,Shoulder,Shoulder,True,True,True,False
2023,TEN,PhilKy01,Kyle Philips,WR,Offense,1,4,4,17,Knee,Knee,True,False,False,False
2023,TEN,PhilKy01,Kyle Philips,WR,Offense,15,17,3,4,Hamstring,Hamstring,False,False,False,False
2023,TEN,RaduDi00,Dillon Radunz,OL,Offense,1,1,1,17,Knee,Knee,False,False,False,False
2023,TEN,SimmJe01,Jeffery Simmons,DL,Defense,14,18,5,5,Knee,Knee,True,True,True,False
2023,TEN,SkorPe00,Peter Skoronski,OL,Offense,2,4,3,16,Core / Abdomen,Abdomen,False,False,False,False
2023,TEN,StalTa00,Taylor Stallworth,DL,Defense,8,11,4,11,Unspecified (IR),,True,False,False,False
2023,TEN,TannRy00,Ryan Tannehill,QB,Offense,8,12,5,11,Ankle,Ankle,False,False,False,False
2023,TEN,TartTe00,Teair Tart,DL,Defense,5,6,2,13,Foot / Toe,Toe,False,False,False,False
2023,TEN,WallKV00,K'Von Wallace,DB,Defense,16,16,1,3,Quad / Thigh,Quadricep,False,False,False,False
2023,TEN,WescTr00,Trevon Wesco,TE,Offense,16,17,2,3,Lower Leg,Shin,False,False,False,False
2023,TEN,WestNi00,Nick Westbrook-Ikhine,WR,Offense,16,18,3,3,Hand / Wrist,Hand,True,True,True,False
2023,TEN,WhylJo01,Josh Whyle,TE,Offense,8,8,1,11,Head / Concussion,Concussion,False,False,False,False
2023,TEN,WhylJo01,Josh Whyle,TE,Offense,14,18,5,5,Knee,Knee,True,True,True,False
2023,WAS,AlleJo01,Jonathan Allen,DL,Defense,18,18,1,1,Knee,Knee,False,True,False,False
2023,WAS,ArmaAl00,Alex Armah,RB,Offense,11,13,3,7,Hamstring,Hamstring,False,False,False,False
2023,WAS,BartCo00,Cody Barton,LB,Defense,8,11,4,10,Ankle,Ankle,True,False,False,False
2023,WAS,BrisJa00,Jacoby Brissett,QB,Offense,17,18,2,2,Hamstring,Hamstring,False,True,False,False
2023,WAS,ButlPe00,Percy Butler,DB,Defense,17,18,2,2,Hand / Wrist,Wrist,True,True,True,False
2023,WAS,CastTa00,Tariq Castro-Fields,DB,Defense,18,18,1,1,Shoulder,Shoulder,True,True,True,False
2023,WAS,CharSa00,Saahdiq Charles,OL,Offense,8,13,6,10,Lower Leg,Calf,True,False,False,False
2023,WAS,CurlKa00,Kamren Curl,DB,Defense,18,18,1,1,Quad / Thigh,Quadricep,False,True,False,False
2023,WAS,DaviJa11,Jamin Davis,LB,Defense,15,18,4,4,Shoulder,Shoulder,True,True,True,False
2023,WAS,ForbEm00,Emmanuel Forbes,DB,Defense,12,13,2,6,Arm / Elbow,Elbow,False,False,False,False
2023,WAS,ForrDa00,Darrick Forrest,DB,Defense,6,18,12,12,Unspecified (IR),,True,True,True,False
2023,WAS,FullKe00,Kendall Fuller,DB,Defense,17,18,2,2,Knee,Knee,True,True,True,False
2023,WAS,GibsAn00,Antonio Gibson,RB,Offense,11,11,1,7,Foot / Toe,Toe,False,False,False,False
2023,WAS,HarrDe10,De'Jon Harris,LB,Defense,12,16,4,6,Quad / Thigh,Quadricep,True,False,False,False
2023,WAS,HolmCh00,Christian Holmes,DB,Defense,6,8,3,12,Hamstring,Hamstring,False,False,False,False
2023,WAS,HolmCh00,Christian Holmes,DB,Defense,18,18,1,1,Head / Concussion,Concussion,True,True,True,False
2023,WAS,LarsTy00,Tyler Larsen,OL,Offense,16,18,3,3,Knee,Knee,True,True,True,False
2023,WAS,LenoCh00,Charles Leno Jr.,OL,Offense,6,6,1,12,Hand / Wrist,Finger,False,False,False,False
2023,WAS,LenoCh00,Charles Leno Jr.,OL,Offense,16,18,3,3,Lower Leg,Calf,True,True,True,False
2023,WAS,MartJa04,Quan Martin,DB,Defense,2,2,1,16,Head / Concussion,Concussion,False,False,False,False
2023,WAS,MathPh00,Phidarian Mathis,DL,Defense,1,7,7,17,Lower Leg,Calf,True,False,False,False
2023,WAS,ObadEf00,Efe Obada,DL,Defense,1,5,5,17,Knee,Knee,True,False,False,False
2023,WAS,ObadEf00,Efe Obada,DL,Defense,12,18,6,6,Lower Leg,Fibula,True,True,True,False
2023,WAS,PaulCh00,Chris Paul,OL,Offense,1,7,7,17,Back,Back,False,False,False,False
2023,WAS,ReavJe00,Jeremy Reaves,DB,Defense,6,18,12,12,Unspecified (IR),,True,True,True,False
2023,WAS,RobiBr01,Brian Robinson Jr.,RB,Offense,15,16,2,4,Hamstring,Hamstring,False,False,False,False
2023,WAS,RodrCh00,Chris Rodriguez,RB,Offense,17,18,2,2,Ankle,Ankle,True,True,True,False
2023,WAS,SamuCu00,Curtis Samuel,WR,Offense,9,9,1,9,Foot / Toe,Toe,False,False,False,False
2023,WAS,SmitJa08,James Smith-Williams,DL,Defense,11,15,4,7,Hamstring,Hamstring,False,False,False,False
2023,WAS,StJuBe00,Benjamin St-Juste,DB,Defense,17,17,1,2,Head / Concussion,Concussion,False,False,False,False
2023,WAS,StroRi01,Ricky Stromberg,OL,Offense,9,18,9,9,Knee,Knee,True,True,True,False
2023,WAS,ThomLo00,Logan Thomas,TE,Offense,3,3,1,15,Head / Concussion,Concussion,False,False,False,False
2023,WAS,ToohCa00,Casey Toohill,DL,Defense,18,18,1,1,Shoulder,Shoulder,False,True,False,False
2023,WAS,TurnCo00,Cole Turner,TE,Offense,8,8,1,10,Ankle,Ankle,False,False,False,False
2023,WAS,WillJo07,Jonathan Williams,RB,Offense,1,13,13,17,Head / Concussion,Concussion,True,False,False,False
2023,WAS,WillJo07,Jonathan Williams,RB,Offense,16,18,3,3,Head / Concussion,Concussion,False,True,False,False
2023,WAS,WyliAn00,Andrew Wylie,OL,Offense,17,18,2,2,Arm / Elbow,Elbow,False,True,False,False
2023,WAS,YounCh04,Chase Young,DL,Defense,1,1,1,17,Neck,Neck,False,False,False,False
2024,ARI,AdamIs01,Isaiah Adams,OL,Offense,5,5,1,13,Hand / Wrist,Thumb,False,False,False,False
2024,ARI,BartJa00,Jackson Barton,OL,Offense,18,18,1,1,Ankle,Ankle,True,True,True,False
2024,ARI,BeacKe00,Kelvin Beachum,OL,Offense,3,3,1,15,Hamstring,Hamstring,False,False,False,False
2024,ARI,BensTr01,Trey Benson,RB,Offense,16,18,3,3,Ankle,Ankle,True,True,True,False
2024,ARI,BlouJo00,Joey Blount,DB,Defense,17,18,2,2,Chest / Ribs,Ribs,True,True,True,False
2024,ARI,BuntSe00,Sean Murphy-Bunting,DB,Defense,8,9,2,10,Neck,Neck,False,False,False,False
2024,ARI,ConnJa00,James Conner,RB,Offense,18,18,1,1,Knee,Knee,True,True,True,False
2024,ARI,DemeEm00,Emari Demercado,RB,Offense,15,18,4,4,Back,Back,True,True,True,False
2024,ARI,DimuVi00,Victor Dimukeje,LB,Defense,18,18,1,1,Head / Concussion,Eye,False,True,False,False
2024,ARI,GardDe01,Dennis Gardeck,LB,Defense,8,18,10,10,Unspecified (IR),,True,True,True,False
2024,ARI,HernWi00,Will Hernandez,OL,Offense,6,18,12,12,Unspecified (IR),,True,True,True,False
2024,ARI,JohnPa03,Paris Johnson,OL,Offense,16,18,3,3,Knee,Knee,True,True,True,False
2024,ARI,JoneCh12,Christian Jones,OL,Offense,1,16,15,17,Ankle,Ankle,True,False,False,False
2024,ARI,JoneJu03,Justin Jones,DL,Defense,4,18,14,14,Unspecified (IR),,True,True,True,False
2024,ARI,JoneNa01,Naquan Jones,DL,Defense,9,9,1,9,Quad / Thigh,Thigh,False,False,False,False
2024,ARI,JoneTo04,Tony Jones,RB,Offense,1,17,16,17,Unspecified (IR),,True,False,False,False
2024,ARI,LopeRo00,Roy Lopez,DL,Defense,8,8,1,10,Ankle,Ankle,False,False,False,False
2024,ARI,LukeJe00,Jesse Luketa,LB,Defense,16,18,3,3,Quad / Thigh,Thigh,True,True,True,False
2024,ARI,McBrTr01,Trey McBride,TE,Offense,4,4,1,14,Head / Concussion,Concussion,False,False,False,False
2024,ARI,NichBi00,Bilal Nichols,DL,Defense,7,18,11,11,Hand / Wrist,Finger,True,True,True,False
2024,ARI,PappOw00,Owen Pappoe,LB,Defense,7,7,1,11,Hip / Groin,Hip,False,False,False,False
2024,ARI,RobiDa01,Darius Robinson,DL,Defense,1,12,11,17,Lower Leg,Calf,True,False,False,False
2024,ARI,ThomJa04,Jalen Thompson,DB,Defense,10,12,2,8,Ankle,Ankle,False,False,False,False
2024,ARI,TongKh00,Khyiris Tonga,DL,Defense,4,4,1,14,Knee,Knee,False,False,False,False
2024,ARI,WeavXa00,Xavier Weaver,WR,Offense,1,5,5,17,Core / Abdomen,Oblique,False,False,False,False
2024,ARI,WillGa00,Garrett Williams,DB,Defense,5,5,1,13,Hip / Groin,Groin,False,False,False,False
2024,ARI,WillJo10,Jonah Williams,OL,Offense,2,10,9,16,Knee,Knee,True,False,False,False
2024,ARI,WillJo10,Jonah Williams,OL,Offense,17,18,2,2,Unspecified (IR),,True,True,True,False
2024,ARI,WilsMa03,Mack Wilson,LB,Defense,16,16,1,3,Head / Concussion,Concussion,False,False,False,False
2024,ARI,WilsMi02,Michael Wilson,WR,Offense,18,18,1,1,Hamstring,Hamstring,False,True,False,False
2024,ATL,AberMi00,Micah Abernathy,DB,Defense,7,18,11,11,Unspecified (IR),,True,True,True,False
2024,ATL,AlfoDe00,DeAundre Alford,DB,Defense,11,11,1,7,Hamstring,Hamstring,False,False,False,False
2024,ATL,AndeTr00,Troy Andersen,LB,Defense,5,9,5,13,Knee,Knee,False,False,False,False
2024,ATL,AndeTr00,Troy Andersen,LB,Defense,11,11,1,7,Knee,Knee,False,False,False,False
2024,ATL,AndeTr00,Troy Andersen,LB,Defense,15,18,4,4,Knee,Knee,True,True,True,False
2024,ATL,BertJD00,JD Bertrand,LB,Defense,9,13,4,9,Head / Concussion,Concussion,False,False,False,False
2024,ATL,BertJD00,JD Bertrand,LB,Defense,18,18,1,1,Head / Concussion,Eye,False,True,False,False
2024,ATL,CartLo01,Lorenzo Carter,LB,Defense,7,10,4,11,Head / Concussion,Concussion,True,False,False,False
2024,ATL,DalmDr00,Drew Dalman,OL,Offense,4,11,8,14,Ankle,Ankle,True,False,False,False
2024,ATL,DorlBr00,Brandon Dorlus,DL,Defense,14,18,5,5,Core / Abdomen,Abdomen,False,True,False,False
2024,ATL,GrahTa00,Ta'Quon Graham,DL,Defense,11,18,7,7,Chest / Ribs,Pectoral,True,True,True,False
2024,ATL,HamiAn01,Antonio Hamilton,DB,Defense,1,2,2,17,Hip / Groin,Groin,False,False,False,False
2024,ATL,HamiAn01,Antonio Hamilton,DB,Defense,7,7,1,11,Back,Back,False,False,False,False
2024,ATL,HamiAn01,Antonio Hamilton,DB,Defense,11,11,1,7,Chest / Ribs,Pectoral,False,False,False,False
2024,ATL,HamiAn01,Antonio Hamilton,DB,Defense,17,18,2,2,Quad / Thigh,Quadricep,True,True,True,False
2024,ATL,HughMi00,Mike Hughes,DB,Defense,11,13,2,7,Neck,Neck,False,False,False,False
2024,ATL,KingKe01,Kevin King,DB,Defense,17,18,2,2,Head / Concussion,Concussion,False,True,False,False
2024,ATL,LandNa01,Nathan Landman,LB,Defense,2,5,4,16,Lower Leg,Calf,True,False,False,False
2024,ATL,McClJa05,Jase McClellan,RB,Offense,1,6,6,17,Knee,Knee,False,False,False,False
2024,ATL,McClJa05,Jase McClellan,RB,Offense,13,18,6,6,Knee,Knee,True,True,True,False
2024,ATL,McGaKa00,Kaleb McGary,OL,Offense,4,4,1,14,Knee,Knee,False,False,False,False
2024,ATL,MoonDa00,Darnell Mooney,WR,Offense,18,18,1,1,Shoulder,Shoulder,False,True,False,False
2024,ATL,OrhoRu00,Ruke Orhorhoro,DL,Defense,9,14,5,9,Ankle,Ankle,True,False,False,False
2024,ATL,SimmJu00,Justin Simmons,DB,Defense,8,8,1,10,Hamstring,Hamstring,False,False,False,False
2024,ATL,SmitJa08,James Smith-Williams,DL,Defense,11,18,7,7,Lower Leg,Tibia,True,True,True,False
2024,ATL,WashCa01,Casey Washington,WR,Offense,14,18,5,5,Head / Concussion,Concussion,False,True,False,False
2024,ATL,WoerCh00,Charlie Woerner,TE,Offense,11,11,1,7,Head / Concussion,Concussion,False,False,False,False
2024,BAL,AghoNe00,Nelson Agholor,WR,Offense,16,18,3,3,Head / Concussion,Concussion,False,True,False,False
2024,BAL,AlixRa00,Rasheen Ali,RB,Offense,1,5,5,17,Neck,Neck,True,False,False,False
2024,BAL,AlixRa00,Rasheen Ali,RB,Offense,7,12,6,11,Ankle,Ankle,False,False,False,False
2024,BAL,ArmoJa00,Jalyn Armour-Davis,DB,Defense,4,7,4,14,Hamstring,Hamstring,True,False,False,False
2024,BAL,ArmoJa00,Jalyn Armour-Davis,DB,Defense,9,10,2,9,Knee,Knee,False,False,False,False
2024,BAL,ArmoJa00,Jalyn Armour-Davis,DB,Defense,15,18,4,4,Hamstring,Hamstring,True,True,True,False
2024,BAL,AumaMa00,Malaesala Aumavae-Laulu,OL,Offense,6,18,12,12,Back,Back,False,True,False,False
2024,BAL,HarrDe07,Deonte Harty,WR,Offense,5,5,1,13,Knee,Knee,False,False,False,False
2024,BAL,HarrDe07,Deonte Harty,WR,Offense,7,18,11,11,Knee,Knee,True,True,True,False
2024,BAL,HarrMa06,Malik Harrison,LB,Defense,6,7,2,12,Hip / Groin,Groin,False,False,False,False
2024,BAL,HillJu00,Justice Hill,RB,Offense,17,18,2,2,Head / Concussion,Concussion,False,True,False,False
2024,BAL,HumpMa00,Marlon Humphrey,DB,Defense,8,8,1,10,Knee,Knee,False,False,False,False
2024,BAL,IsaaAd00,Adisa Isaac,LB,Defense,1,3,3,17,Hamstring,Hamstring,False,False,False,False
2024,BAL,IsaaAd00,Adisa Isaac,LB,Defense,15,18,4,4,Hamstring,Hamstring,False,True,False,False
2024,BAL,KaneSa00,Sanoussi Kane,DB,Defense,12,12,1,6,Ankle,Ankle,False,False,False,False
2024,BAL,KaneSa00,Sanoussi Kane,DB,Defense,15,15,1,4,Hamstring,Hamstring,False,False,False,False
2024,BAL,KolaCh00,Charlie Kolar,TE,Offense,13,17,4,5,Arm / Elbow,Forearm,True,False,False,False
2024,BAL,LikeIs00,Isaiah Likely,TE,Offense,10,10,1,8,Hamstring,Hamstring,False,False,False,False
2024,BAL,MaulAr00,Arthur Maulet,DB,Defense,1,7,7,17,Knee,Knee,True,False,False,False
2024,BAL,MaulAr00,Arthur Maulet,DB,Defense,11,18,7,7,Lower Leg,Calf,True,True,True,False
2024,BAL,MitcKe01,Keaton Mitchell,RB,Offense,1,9,9,17,Knee,Knee,True,False,False,False
2024,BAL,PierMi00,Michael Pierce,DL,Defense,4,4,1,14,Shoulder,Shoulder,False,False,False,False
2024,BAL,PierMi00,Michael Pierce,DL,Defense,9,13,5,9,Lower Leg,Calf,True,False,False,False
2024,BAL,SmitRo07,Roquan Smith,LB,Defense,12,12,1,6,Hamstring,Hamstring,False,False,False,False
2024,BAL,TampTJ00,T.J. Tampa,DB,Defense,8,15,7,10,Ankle,Ankle,True,False,False,False
2024,BAL,UrbaBr00,Brent Urban,DL,Defense,9,10,2,9,Head / Concussion,Concussion,False,False,False,False
2024,BAL,VanNKy00,Kyle Van Noy,LB,Defense,13,13,1,5,Hamstring,Hamstring,False,False,False,False
2024,BAL,VorhAn00,Andrew Vorhees,OL,Offense,4,5,2,14,Ankle,Ankle,False,False,False,False
2024,BAL,WashBr01,Broderick Washington Jr.,DL,Defense,6,7,2,12,Knee,Knee,False,False,False,False
2024,BAL,WiggNa00,Nate Wiggins,DB,Defense,2,2,1,16,Neck,Neck,False,False,False,False
2024,BAL,WiggNa00,Nate Wiggins,DB,Defense,8,8,1,10,Shoulder,Shoulder,False,False,False,False
2024,BUF,BenfCh00,Christian Benford,DB,Defense,9,9,1,9,Hand / Wrist,Wrist,False,False,False,False
2024,BUF,BernTe00,Terrel Bernard,LB,Defense,3,4,2,15,Chest / Ribs,Pectoral,False,False,False,False
2024,BUF,BernTe00,Terrel Bernard,LB,Defense,8,8,1,10,Ankle,Ankle,False,False,False,False
2024,BUF,BernTe00,Terrel Bernard,LB,Defense,18,18,1,1,Quad / Thigh,Quadricep,False,True,False,False
2024,BUF,BishCo00,Cole Bishop,DB,Defense,1,1,1,17,Shoulder,Shoulder,False,False,False,False
2024,BUF,BrowSp00,Spencer Brown,OL,Offense,11,11,1,7,Ankle,Ankle,False,False,False,False
2024,BUF,BrowSp00,Spencer Brown,OL,Offense,18,18,1,1,Neck,Neck,False,True,False,False
2024,BUF,CartDe03,DeWayne Carter,DL,Defense,8,13,5,10,Hand / Wrist,Wrist,True,False,False,False
2024,BUF,CartDe03,DeWayne Carter,DL,Defense,16,16,1,3,Hand / Wrist,Wrist,False,False,False,False
2024,BUF,ColeKe02,Keon Coleman,WR,Offense,10,14,4,8,Hand / Wrist,Wrist,False,False,False,False
2024,BUF,CookJa01,James Cook,RB,Offense,6,6,1,12,Foot / Toe,Toe,False,False,False,False
2024,BUF,CoopAm00,Amari Cooper,WR,Offense,9,10,2,9,Hand / Wrist,Wrist,False,False,False,False
2024,BUF,CoopAm00,Amari Cooper,WR,Offense,18,18,1,1,Back,Back,False,True,False,False
2024,BUF,DougRa00,Rasul Douglas,DB,Defense,15,16,2,4,Knee,Knee,False,False,False,False
2024,BUF,ElamKa00,Kaiir Elam,DB,Defense,11,14,3,7,Shoulder,Shoulder,False,False,False,False
2024,BUF,GillRe00,Reggie Gilliam,RB,Offense,9,10,2,9,Hip / Groin,Hip,False,False,False,False
2024,BUF,GrabTy00,Tylan Grable,OL,Offense,4,17,13,14,Hip / Groin,Groin,True,False,False,False
2024,BUF,HamlDa00,Damar Hamlin,DB,Defense,15,17,3,4,Back,Back,False,False,False,False
2024,BUF,JohnAu01,Austin Johnson,DL,Defense,5,5,1,13,Core / Abdomen,Oblique,False,False,False,False
2024,BUF,JohnTa01,Taron Johnson,DB,Defense,2,5,4,16,Arm / Elbow,Forearm,False,False,False,False
2024,BUF,KincDa00,Dalton Kincaid,TE,Offense,11,14,3,7,Knee,Knee,False,False,False,False
2024,BUF,KincDa00,Dalton Kincaid,TE,Offense,18,18,1,1,Knee,Knee,False,True,False,False
2024,BUF,MilaMa00,Matt Milano,LB,Defense,1,11,11,17,Arm / Elbow,Biceps,True,False,False,False
2024,BUF,MilaMa00,Matt Milano,LB,Defense,16,16,1,3,Arm / Elbow,Biceps,False,False,False,False
2024,BUF,MilaMa00,Matt Milano,LB,Defense,18,18,1,1,Arm / Elbow,Biceps,False,True,False,False
2024,BUF,MorrQu00,Quintin Morris,TE,Offense,14,14,1,5,Shoulder,Shoulder,False,False,False,False
2024,BUF,OlivEd00,Ed Oliver,DL,Defense,5,6,2,13,Hamstring,Hamstring,False,False,False,False
2024,BUF,RappTa00,Taylor Rapp,DB,Defense,5,5,1,13,Head / Concussion,Concussion,False,False,False,False
2024,BUF,RappTa00,Taylor Rapp,DB,Defense,15,16,2,4,Neck,Neck,False,False,False,False
2024,BUF,SamuCu00,Curtis Samuel,WR,Offense,8,8,1,10,Chest / Ribs,Pectoral,False,False,False,False
2024,BUF,SamuCu00,Curtis Samuel,WR,Offense,16,17,2,3,Chest / Ribs,Rib,False,False,False,False
2024,BUF,ShakKh00,Khalil Shakir,WR,Offense,5,5,1,13,Ankle,Ankle,False,False,False,False
2024,BUF,SmooDa00,Dawuane Smoot,DL,Defense,1,2,2,17,Foot / Toe,Toe,False,False,False,False
2024,BUF,SmooDa00,Dawuane Smoot,DL,Defense,10,14,4,8,Hip / Groin,Groin,True,False,False,False
2024,BUF,SoloJa00,Javon Solomon,DL,Defense,1,2,2,17,Core / Abdomen,Oblique,False,False,False,False
2024,BUF,SpecBa00,Baylon Spector,LB,Defense,10,14,4,8,Lower Leg,Calf,True,False,False,False
2024,BUF,SpecBa00,Baylon Spector,LB,Defense,17,18,2,2,Lower Leg,Calf,True,True,True,False
2024,BUF,ToohCa00,Casey Toohill,DL,Defense,15,17,3,4,Chest / Ribs,Ribs,False,False,False,False
2024,BUF,TrubMi00,Mitchell Trubisky,QB,Offense,1,1,1,17,Knee,Knee,False,False,False,False
2024,BUF,TrubMi00,Mitchell Trubisky,QB,Offense,6,7,2,12,Knee,Knee,False,False,False,False
2024,CAR,BarnAm00,Amare Barno,LB,Defense,1,12,11,17,Knee,Knee,True,False,False,False
2024,CAR,BarnAm00,Amare Barno,LB,Defense,18,18,1,1,Shoulder,Shoulder,True,True,True,False
2024,CAR,BlacRa00,Raheem Blackshear,RB,Offense,15,15,1,4,Chest / Ribs,Chest,False,False,False,False
2024,CAR,BrooJo02,Jonathon Brooks,RB,Offense,1,10,10,17,Knee,Knee,True,False,False,False
2024,CAR,BrooJo02,Jonathon Brooks,RB,Offense,15,18,4,4,Unspecified (IR),,True,True,True,False
2024,CAR,BrowDe05,Derrick Brown,DL,Defense,2,18,16,16,Unspecified (IR),,True,True,True,False
2024,CAR,CherCl00,Claudin Cherelus,LB,Defense,7,7,1,11,Hamstring,Hamstring,False,False,False,False
2024,CAR,CherCl00,Claudin Cherelus,LB,Defense,16,18,3,3,Unspecified (IR),,True,True,True,False
2024,CAR,ClowJa00,Jadeveon Clowney,LB,Defense,6,7,2,12,Shoulder,Shoulder,False,False,False,False
2024,CAR,ClowJa00,Jadeveon Clowney,LB,Defense,14,14,1,5,Knee,Knee,False,False,False,False
2024,CAR,CokeJa01,Jalen Coker,WR,Offense,12,14,3,7,Quad / Thigh,Quadricep,False,False,False,False
2024,CAR,CorbAu00,Austin Corbett,OL,Offense,6,18,12,12,Arm / Elbow,Biceps,True,True,True,False
2024,CAR,CrumJa00,Jaden Crumedy,DL,Defense,1,13,12,17,Ankle,Ankle,True,False,False,False
2024,CAR,DaltAn00,Andy Dalton,QB,Offense,8,18,10,10,Hand / Wrist,Right Thumb,False,True,False,False
2024,CAR,EkwoIk00,Ikem Ekwonu,OL,Offense,9,10,2,9,Ankle,Ankle,False,False,False,False
2024,CAR,FarlCa00,Caleb Farley,DB,Defense,14,14,1,5,Shoulder,Shoulder,False,False,False,False
2024,CAR,FranFe00,Feleipe Franks,TE,Offense,9,9,1,9,Head / Concussion,Concussion,False,False,False,False
2024,CAR,FranSa00,Sam Franklin,DB,Defense,1,7,7,17,Foot / Toe,Foot,True,False,False,False
2024,CAR,FullJo01,Jordan Fuller,DB,Defense,4,9,6,14,Hamstring,Hamstring,True,False,False,False
2024,CAR,GillCa00,Cam Gill,LB,Defense,1,7,7,17,Unspecified (IR),,True,False,False,False
2024,CAR,HornJa00,Jaycee Horn,DB,Defense,17,18,2,2,Hip / Groin,Hip,False,True,False,False
2024,CAR,HubbCh01,Chuba Hubbard,RB,Offense,17,18,2,2,Knee,Knee,True,True,True,False
2024,CAR,HuntRo01,Robert Hunt,OL,Offense,18,18,1,1,Knee,Knee,False,True,False,False
2024,CAR,JackDa02,Dane Jackson,DB,Defense,1,6,6,17,Hamstring,Hamstring,True,False,False,False
2024,CAR,JackDa02,Dane Jackson,DB,Defense,8,8,1,10,Hamstring,Hamstring,False,False,False,False
2024,CAR,JeweJo00,Josey Jewell,LB,Defense,5,7,3,13,Hamstring,Hamstring,False,False,False,False
2024,CAR,JeweJo00,Josey Jewell,LB,Defense,17,18,2,2,Head / Concussion,Concussion,False,True,False,False
2024,CAR,JohnDJ00,DJ Johnson,LB,Defense,9,9,1,9,Ankle,Ankle,False,False,False,False
2024,CAR,JohnDJ00,DJ Johnson,LB,Defense,12,12,1,7,Head / Concussion,Concussion,False,False,False,False
2024,CAR,JohnDJ00,DJ Johnson,LB,Defense,18,18,1,1,Unspecified (IR),,True,True,True,False
2024,CAR,JohnDi01,Diontae Johnson,WR,Offense,8,8,1,10,Chest / Ribs,Rib,False,False,False,False
2024,CAR,JohnLo01,Lonnie Johnson Jr.,DB,Defense,4,4,1,14,Hip / Groin,Hip,False,False,False,False
2024,CAR,JohnLo01,Lonnie Johnson Jr.,DB,Defense,18,18,1,1,Shoulder,Shoulder,False,True,False,False
2024,CAR,LegeXa00,Xavier Legette,WR,Offense,16,16,1,3,Hip / Groin,Hip,False,False,False,False
2024,CAR,LewiDa05,Damien Lewis,OL,Offense,4,4,1,14,Arm / Elbow,Elbow,False,False,False,False
2024,CAR,MotoTa00,Taylor Moton,OL,Offense,6,7,2,12,Arm / Elbow,Elbow,False,False,False,False
2024,CAR,MotoTa00,Taylor Moton,OL,Offense,17,17,1,2,Knee,Knee,False,False,False,False
2024,CAR,NijmYo01,Yosh Nijman,OL,Offense,8,8,1,10,Knee,Knee,False,False,False,False
2024,CAR,RaymAn00,Andrew Raym,OL,Offense,5,18,13,13,Head / Concussion,Concussion,False,True,False,False
2024,CAR,RhatJo00,Jon Rhattigan,LB,Defense,7,7,1,11,Knee,Knee,False,False,False,False
2024,CAR,RobiAS00,A'Shawn Robinson,DL,Defense,7,7,1,11,Knee,Knee,False,False,False,False
2024,CAR,RobiJa03,Jammie Robinson,DB,Defense,8,15,7,10,Knee,Knee,False,False,False,False
2024,CAR,SandJa01,Ja'Tavion Sanders,TE,Offense,13,13,1,6,Neck,Neck,False,False,False,False
2024,CAR,SandMi01,Miles Sanders,RB,Offense,12,17,6,7,Ankle,Ankle,True,False,False,False
2024,CAR,ScotNi01,Nick Scott,DB,Defense,8,15,7,10,Hamstring,Hamstring,True,False,False,False
2024,CAR,SmitCh05,Chau Smith-Wade,DB,Defense,17,18,2,2,Unspecified (IR),,True,True,True,False
2024,CAR,ThieAd00,Adam Thielen,WR,Offense,4,10,7,14,Hamstring,Hamstring,True,False,False,False
2024,CAR,ThomIa00,Ian Thomas,TE,Offense,1,5,5,17,Lower Leg,Calf,True,False,False,False
2024,CAR,ThomIa00,Ian Thomas,TE,Offense,12,18,7,7,Unspecified (IR),,True,True,True,False
2024,CAR,ThomSh01,Shaq Thompson,LB,Defense,5,18,13,13,Achilles,Achilles,True,True,True,False
2024,CAR,TremTo00,Tommy Tremble,TE,Offense,1,1,1,17,Hamstring,Hamstring,False,False,False,False
2024,CAR,TremTo00,Tommy Tremble,TE,Offense,6,7,2,12,Head / Concussion,Concussion,False,False,False,False
2024,CAR,TremTo00,Tommy Tremble,TE,Offense,9,10,2,9,Back,Back,False,False,False,False
2024,CAR,TuttSh00,Shy Tuttle,DL,Defense,3,4,2,15,Foot / Toe,Foot,False,False,False,False
2024,CAR,WallTr00,Trevin Wallace,LB,Defense,15,18,4,4,Shoulder,Shoulder,True,True,True,False
2024,CAR,WonnDJ00,D.J. Wonnum,LB,Defense,1,9,9,17,Quad / Thigh,Quadricep,True,False,False,False
2024,CHI,AlleKe00,Keenan Allen,WR,Offense,2,3,2,16,Foot / Toe,Heel,False,False,False,False
2024,CHI,AmegKi00,Kiran Amegadjie,OL,Offense,1,3,3,17,Quad / Thigh,Quadricep,False,False,False,False
2024,CHI,AmegKi00,Kiran Amegadjie,OL,Offense,9,13,5,10,Lower Leg,Calf,False,False,False,False
2024,CHI,BateRy02,Ryan Bates,OL,Offense,2,9,7,16,Shoulder,Shoulder,True,False,False,False
2024,CHI,BateRy02,Ryan Bates,OL,Offense,12,18,7,7,Head / Concussion,Concussion,True,True,True,False
2024,CHI,BillAn00,Andrew Billings,DL,Defense,10,18,9,9,Chest / Ribs,Pectoral,True,True,True,False
2024,CHI,BlasKh00,Khari Blasingame,RB,Offense,2,5,4,16,Hand / Wrist,Hand,False,False,False,False
2024,CHI,BoroLa00,Larry Borom,OL,Offense,1,8,7,17,Ankle,Ankle,True,False,False,False
2024,CHI,BrisJa01,Jaquan Brisker,DB,Defense,6,18,12,12,Head / Concussion,Concussion,True,True,True,False
2024,CHI,CartDe02,DeAndre Carter,WR,Offense,15,18,4,4,Unspecified (IR),,True,True,True,False
2024,CHI,DextGe00,Gervon Dexter,DL,Defense,15,16,2,4,Knee,Knee,False,False,False,False
2024,CHI,GordKy00,Kyler Gordon,DB,Defense,8,9,2,11,Hamstring,Hamstring,False,False,False,False
2024,CHI,HickEl00,Elijah Hicks,DB,Defense,12,14,3,7,Ankle,Ankle,False,False,False,False
2024,CHI,HickEl00,Elijah Hicks,DB,Defense,17,18,2,2,Ankle,Ankle,False,True,False,False
2024,CHI,HomeTr00,Travis Homer,RB,Offense,3,6,4,15,Hand / Wrist,Finger,True,False,False,False
2024,CHI,HomeTr00,Travis Homer,RB,Offense,16,18,3,3,Hamstring,Hamstring,False,True,False,False
2024,CHI,JenkTe00,Teven Jenkins,OL,Offense,11,11,1,8,Ankle,Ankle,False,False,False,False
2024,CHI,JenkTe00,Teven Jenkins,OL,Offense,17,18,2,2,Lower Leg,Calf,False,True,False,False
2024,CHI,JohnRo07,Roschon Johnson,RB,Offense,1,1,1,17,Foot / Toe,Toe,False,False,False,False
2024,CHI,JohnRo07,Roschon Johnson,RB,Offense,14,15,2,5,Head / Concussion,Concussion,False,False,False,False
2024,CHI,JoneBr08,Braxton Jones,OL,Offense,9,10,2,10,Knee,Knee,False,False,False,False
2024,CHI,JoneBr08,Braxton Jones,OL,Offense,17,18,2,2,Head / Concussion,Concussion,True,True,True,False
2024,CHI,JoneJa12,Jaylon Jones,DB,Defense,10,18,9,9,Shoulder,Shoulder,True,True,True,False
2024,CHI,MartJa02,Jacob Martin,DL,Defense,1,6,6,17,Foot / Toe,Toe,True,False,False,False
2024,CHI,MoorTa00,Tarvarius Moore,DB,Defense,17,17,1,2,Knee,Knee,False,False,False,False
2024,CHI,PickZa00,Zacch Pickens,DL,Defense,1,1,1,17,Hip / Groin,Groin,False,False,False,False
2024,CHI,PickZa00,Zacch Pickens,DL,Defense,3,8,5,15,Hip / Groin,Groin,False,False,False,False
2024,CHI,SeweNo00,Noah Sewell,LB,Defense,10,10,1,9,Knee,Knee,False,False,False,False
2024,CHI,SmitTe05,Terell Smith,DB,Defense,4,6,3,14,Hip / Groin,Hip,False,False,False,False
2024,CHI,StevTy01,Tyrique Stevenson,DB,Defense,6,6,1,12,Lower Leg,Calf,False,False,False,False
2024,CHI,SweaMo00,Montez Sweat,DL,Defense,9,9,1,10,Lower Leg,Shin,False,False,False,False
2024,CHI,TaylDa00,Darrell Taylor,DL,Defense,10,10,1,9,Knee,Knee,False,False,False,False
2024,CHI,WrigDa00,Darnell Wright,OL,Offense,10,10,1,9,Knee,Knee,False,False,False,False
2024,CIN,AllxEr00,Erick All,TE,Offense,10,18,8,8,Knee,Knee,True,True,True,False
2024,CIN,BachJo01,Joe Bachie,LB,Defense,11,11,1,7,Hip / Groin,Hip,False,False,False,False
2024,CIN,BachJo01,Joe Bachie,LB,Defense,15,18,4,4,Hip / Groin,Groin,True,True,True,False
2024,CIN,BrowCh10,Chase Brown,RB,Offense,18,18,1,1,Ankle,Ankle,False,True,False,False
2024,CIN,BrowOr00,Orlando Brown Jr.,OL,Offense,9,11,3,9,Knee,Knee,False,False,False,False
2024,CIN,BrowOr00,Orlando Brown Jr.,OL,Offense,14,16,3,5,Lower Leg,Fibula,False,False,False,False
2024,CIN,BrowTr02,Trent Brown,OL,Offense,4,18,14,14,Knee,Knee,True,True,True,False
2024,CIN,HiggTe00,Tee Higgins,WR,Offense,1,2,2,17,Hamstring,Hamstring,False,False,False,False
2024,CIN,HiggTe00,Tee Higgins,WR,Offense,8,10,3,10,Quad / Thigh,Quadricep,False,False,False,False
2024,CIN,HillB.00,B.J. Hill,DL,Defense,3,4,2,15,Hamstring,Hamstring,False,False,False,False
2024,CIN,HillDa04,Daxton Hill,DB,Defense,6,18,12,12,Unspecified (IR),,True,True,True,False
2024,CIN,HiltMi01,Mike Hilton,DB,Defense,5,5,1,13,Knee,Knee,False,False,False,False
2024,CIN,HubbSa00,Sam Hubbard,DL,Defense,16,18,3,3,Knee,Knee,False,True,False,False
2024,CIN,HudsTa00,Tanner Hudson,TE,Offense,2,5,4,16,Knee,Knee,False,False,False,False
2024,CIN,HudsTa00,Tanner Hudson,TE,Offense,16,17,2,3,Knee,Knee,False,False,False,False
2024,CIN,IveyDJ00,DJ Ivey,DB,Defense,1,6,6,17,Knee,Knee,True,False,False,False
2024,CIN,JackMc00,McKinnley Jackson,DL,Defense,1,4,4,17,Knee,Knee,True,False,False,False
2024,CIN,JenkKr01,Kris Jenkins,DL,Defense,1,2,2,17,Hand / Wrist,Thumb,False,False,False,False
2024,CIN,JoneCh11,Charlie Jones,WR,Offense,9,18,9,9,Hip / Groin,Groin,False,True,False,False
2024,CIN,KirkJa03,Jaxson Kirkland,OL,Offense,6,18,12,12,Unspecified (IR),,True,True,True,False
2024,CIN,MimsAm00,Amarius Mims,OL,Offense,1,2,2,17,Chest / Ribs,Pectoral,False,False,False,False
2024,CIN,MossZa00,Zack Moss,RB,Offense,9,18,9,9,Neck,Neck,True,True,True,False
2024,CIN,MurpMy00,Myles Murphy,DL,Defense,1,4,4,17,Knee,Knee,True,False,False,False
2024,CIN,RankSh00,Sheldon Rankins,DL,Defense,3,5,3,15,Hamstring,Hamstring,False,False,False,False
2024,CIN,TurnDJ01,DJ Turner,DB,Defense,13,18,6,6,Unspecified (IR),,True,True,True,False
2024,CIN,WilsLo00,Logan Wilson,LB,Defense,13,18,6,6,Knee,Knee,True,True,True,False
2024,CLE,BellDa02,David Bell,WR,Offense,1,1,1,17,Quad / Thigh,Quadricep,False,False,False,False
2024,CLE,BellDa02,David Bell,WR,Offense,3,18,15,15,Unspecified (IR),,True,True,True,False
2024,CLE,BrowTo01,Tony Brown,DB,Defense,9,18,9,9,Ankle,Ankle,True,True,True,False
2024,CLE,BushDe01,Devin Bush Jr.,LB,Defense,18,18,1,1,Quad / Thigh,Thigh,False,True,False,False
2024,CLE,ChubNi00,Nick Chubb,RB,Offense,1,6,6,17,Knee,Knee,True,False,False,False
2024,CLE,ChubNi00,Nick Chubb,RB,Offense,16,18,3,3,Unspecified (IR),,True,True,True,False
2024,CLE,ConkJa00,Jack Conklin,OL,Offense,1,5,5,17,Knee,Knee,False,False,False,False
2024,CLE,DelpGr00,Grant Delpit,DB,Defense,6,6,1,12,Head / Concussion,Concussion,False,False,False,False
2024,CLE,DiabMo00,Mohamoud Diabate,LB,Defense,2,5,4,16,Hip / Groin,Hip,True,False,False,False
2024,CLE,FielTo00,Tony Fields,LB,Defense,2,8,7,16,Unspecified (IR),,True,False,False,False
2024,CLE,FordJe00,Jerome Ford,RB,Offense,7,8,2,11,Hamstring,Hamstring,False,False,False,False
2024,CLE,FordJe00,Jerome Ford,RB,Offense,18,18,1,1,Ankle,Ankle,True,True,True,False
2024,CLE,HallMi00,Michael Hall,DL,Defense,11,14,4,8,Knee,Knee,True,False,False,False
2024,CLE,HardMy00,Myles Harden,DB,Defense,1,14,13,17,Lower Leg,Shin,True,False,False,False
2024,CLE,HarrNi01,Nick Harris,OL,Offense,7,18,11,11,Unspecified (IR),,True,True,True,False
2024,CLE,HarrSh00,Shelby Harris,DL,Defense,16,18,3,3,Arm / Elbow,Elbow,True,True,True,False
2024,CLE,HickJo00,Jordan Hicks,LB,Defense,5,6,2,13,Chest / Ribs,Ribs,False,False,False,False
2024,CLE,HickJo00,Jordan Hicks,LB,Defense,8,9,2,10,Arm / Elbow,Elbow,False,False,False,False
2024,CLE,HickJo00,Jordan Hicks,LB,Defense,18,18,1,1,Head / Concussion,Concussion,False,True,False,False
2024,CLE,HickRo00,Ronnie Hickman,DB,Defense,6,8,3,12,Ankle,Ankle,False,False,False,False
2024,CLE,HudsJa00,James Hudson,OL,Offense,5,18,13,13,Shoulder,Shoulder,True,True,True,False
2024,CLE,HursMa00,Maurice Hurst Jr.,DL,Defense,2,5,4,16,Hamstring,Hamstring,True,False,False,False
2024,CLE,HursMa00,Maurice Hurst Jr.,DL,Defense,14,18,5,5,Ankle,Ankle,True,True,True,False
2024,CLE,JoneDa07,Dawand Jones,OL,Offense,12,18,7,7,Lower Leg,Fibula,True,True,True,False
2024,CLE,KamaSa00,Sam Kamara,LB,Defense,13,14,2,6,Head / Concussion,Head,False,False,False,False
2024,CLE,NewsGr00,Greg Newsome II,DB,Defense,15,18,4,4,Core / Abdomen,Abdomen,True,True,True,False
2024,CLE,NjokDa00,David Njoku,TE,Offense,2,4,3,16,Ankle,Ankle,False,False,False,False
2024,CLE,NjokDa00,David Njoku,TE,Offense,15,15,1,4,Hamstring,Hamstring,False,False,False,False
2024,CLE,NjokDa00,David Njoku,TE,Offense,17,18,2,2,Knee,Knee,True,True,True,False
2024,CLE,OkorOg00,Ogbonnia Okoronkwo,DL,Defense,17,17,1,2,Knee,Knee,False,False,False,False
2024,CLE,OwusJe00,Jeremiah Owusu-Koramoah,LB,Defense,9,18,9,9,Neck,Neck,True,True,True,False
2024,CLE,PociEt00,Ethan Pocic,OL,Offense,6,6,1,12,Knee,Knee,False,False,False,False
2024,CLE,StroPi00,Pierre Strong,RB,Offense,3,4,2,15,Hamstring,Hamstring,False,False,False,False
2024,CLE,StroPi00,Pierre Strong,RB,Offense,18,18,1,1,Head / Concussion,Concussion,True,True,True,False
2024,CLE,SwaiGe00,Geoff Swaim,TE,Offense,12,18,7,7,Head / Concussion,Concussion,True,True,True,False
2024,CLE,TellWy00,Wyatt Teller,OL,Offense,4,7,4,14,Knee,Knee,True,False,False,False
2024,CLE,ThomDo02,Dorian Thompson-Robinson,QB,Offense,8,9,2,10,Hand / Wrist,Right Finger,False,False,False,False
2024,CLE,ThorJu00,Juan Thornhill,DB,Defense,2,6,5,16,Lower Leg,Calf,True,False,False,False
2024,CLE,ThorJu00,Juan Thornhill,DB,Defense,13,13,1,6,Lower Leg,Calf,False,False,False,False
2024,CLE,ThraJa01,Jamari Thrash,WR,Offense,14,14,1,5,Shoulder,Shoulder,False,False,False,False
2024,CLE,TillCe01,Cedric Tillman,WR,Offense,13,18,6,6,Head / Concussion,Concussion,True,True,True,False
2024,CLE,TomlDa00,Dalvin Tomlinson,DL,Defense,18,18,1,1,Knee,Knee,False,True,False,False
2024,CLE,WardDe02,Denzel Ward,DB,Defense,18,18,1,1,Shoulder,Shoulder,False,True,False,False
2024,CLE,WatsDe00,Deshaun Watson,QB,Offense,8,18,10,10,Unspecified (IR),,True,True,True,False
2024,CLE,WillJe04,Jedrick Wills Jr.,OL,Offense,1,2,2,17,Knee,Knee,False,False,False,False
2024,CLE,WillJe04,Jedrick Wills Jr.,OL,Offense,4,4,1,14,Knee,Knee,False,False,False,False
2024,CLE,WillJe04,Jedrick Wills Jr.,OL,Offense,8,8,1,10,Knee,Knee,False,False,False,False
2024,CLE,WillJe04,Jedrick Wills Jr.,OL,Offense,11,18,8,8,Knee,Knee,True,True,True,False
2024,CLE,WinsJa00,Jameis Winston,QB,Offense,16,18,3,3,Shoulder,Right Shoulder,False,True,False,False
2024,CLE,WoodMi00,Michael Woods II,WR,Offense,18,18,1,1,Knee,Knee,False,True,False,False
2024,CLE,WrigAl01,Alex Wright,DL,Defense,5,18,13,13,Arm / Elbow,Triceps,True,True,True,False
2024,DAL,BassTJ00,T.J. Bass,OL,Offense,16,17,2,3,Quad / Thigh,Thigh,False,False,False,False
2024,DAL,BeebCo00,Cooper Beebe,OL,Offense,15,15,1,4,Head / Concussion,Concussion,False,False,False,False
2024,DAL,BellMa01,Markquese Bell,DB,Defense,4,4,1,14,Ankle,Ankle,False,False,False,False
2024,DAL,BellMa01,Markquese Bell,DB,Defense,12,18,7,7,Shoulder,Shoulder,True,True,True,False
2024,DAL,BlanDa00,DaRon Bland,DB,Defense,1,11,10,17,Foot / Toe,Foot,True,False,False,False
2024,DAL,BrooJa03,Jalen Brooks,WR,Offense,16,16,1,3,Knee,Knee,False,False,False,False
2024,DAL,ButlJo00,Josh Butler,DB,Defense,14,18,5,5,Unspecified (IR),,True,True,True,False
2024,DAL,CarsCa01,Caelen Carson,DB,Defense,4,8,4,14,Shoulder,Shoulder,False,False,False,False
2024,DAL,CarsCa01,Caelen Carson,DB,Defense,12,18,7,7,Shoulder,Shoulder,True,True,True,False
2024,DAL,CookBr00,Brandin Cooks,WR,Offense,5,12,7,13,Knee,Knee,True,False,False,False
2024,DAL,DiggTr00,Trevon Diggs,DB,Defense,12,13,2,7,Hip / Groin,Groin,False,False,False,False
2024,DAL,DiggTr00,Trevon Diggs,DB,Defense,15,18,4,4,Knee,Knee,True,True,True,False
2024,DAL,EdogCh00,Chuma Edoga,OL,Offense,1,12,11,17,Foot / Toe,Toe,True,False,False,False
2024,DAL,EdogCh00,Chuma Edoga,OL,Offense,18,18,1,1,Foot / Toe,Toe,False,True,False,False
2024,DAL,FergJa00,Jake Ferguson,TE,Offense,2,2,1,16,Knee,Knee,False,False,False,False
2024,DAL,FergJa00,Jake Ferguson,TE,Offense,12,13,2,7,Head / Concussion,Concussion,False,False,False,False
2024,DAL,GuytTy00,Tyler Guyton,OL,Offense,6,6,1,12,Knee,Knee,False,False,False,False
2024,DAL,GuytTy00,Tyler Guyton,OL,Offense,10,10,1,9,Neck,Neck,False,False,False,False
2024,DAL,HallKe01,Kemon Hall,DB,Defense,17,18,2,2,Hamstring,Hamstring,True,True,True,False
2024,DAL,KendEr00,Eric Kendricks,LB,Defense,6,6,1,12,Lower Leg,Calf,False,False,False,False
2024,DAL,KneeMa00,Marshawn Kneeland,DL,Defense,6,11,5,12,Knee,Knee,True,False,False,False
2024,DAL,KneeMa00,Marshawn Kneeland,DL,Defense,13,13,1,6,Knee,Knee,False,False,False,False
2024,DAL,LambCe00,CeeDee Lamb,WR,Offense,17,18,2,2,Shoulder,Shoulder,True,True,True,False
2024,DAL,LawrDe00,DeMarcus Lawrence,DL,Defense,5,18,13,13,Shoulder,Shoulder,True,True,True,False
2024,DAL,LewiJo01,Jourdan Lewis,DB,Defense,11,11,1,8,Neck,Neck,False,False,False,False
2024,DAL,LuepHu00,Hunter Luepke,RB,Offense,11,11,1,8,Lower Leg,Calf,False,False,False,False
2024,DAL,MartZa00,Zack Martin,OL,Offense,12,18,7,7,Ankle,Ankle,True,True,True,False
2024,DAL,OruwAm00,Amani Oruwariye,DB,Defense,9,13,5,10,Unspecified (IR),,True,False,False,False
2024,DAL,OruwAm00,Amani Oruwariye,DB,Defense,17,18,2,2,Foot / Toe,Foot,True,True,True,False
2024,DAL,OverDe00,DeMarvion Overshown,LB,Defense,15,18,4,4,Knee,Knee,True,True,True,False
2024,DAL,ParsMi00,Micah Parsons,DL,Defense,5,9,4,13,Ankle,Ankle,False,False,False,False
2024,DAL,PhilJo01,Jordan Phillips,DL,Defense,3,9,6,15,Hand / Wrist,Wrist,True,False,False,False
2024,DAL,PresDa01,Dak Prescott,QB,Offense,10,18,9,9,Hamstring,Hamstring,True,True,True,False
2024,DAL,RichAs00,Asim Richards,OL,Offense,13,16,4,6,Ankle,Ankle,True,False,False,False
2024,DAL,SmitTy02,Tyler Smith,OL,Offense,12,12,1,7,Ankle,Ankle,False,False,False,False
2024,DAL,ThomJu03,Juanyeh Thomas,DB,Defense,10,10,1,9,Head / Concussion,Concussion,False,False,False,False
2024,DAL,ThomJu03,Juanyeh Thomas,DB,Defense,14,16,3,5,Knee,Knee,False,False,False,False
2024,DAL,WaleMa00,Matt Waletzko,OL,Offense,17,17,1,2,Knee,Knee,False,False,False,False
2024,DEN,BadiTy00,Tyler Badie,RB,Offense,5,18,13,13,Back,Back,True,True,True,False
2024,DEN,BrowBa01,Baron Browning,LB,Defense,3,6,4,15,Foot / Toe,Foot,True,False,False,False
2024,DEN,EstiAu00,Audric Estime,RB,Offense,2,5,4,16,Ankle,Ankle,True,False,False,False
2024,DEN,JoneBr06,Brandon Jones,DB,Defense,11,11,1,7,Core / Abdomen,Abdomen,False,False,False,False
2024,DEN,LockPJ00,P.J. Locke,DB,Defense,8,9,2,10,Hand / Wrist,Thumb,False,False,False,False
2024,DEN,MathDa00,Damarri Mathis,DB,Defense,1,6,6,17,Ankle,Ankle,True,False,False,False
2024,DEN,McGlMi00,Mike McGlinchey,OL,Offense,3,6,4,15,Knee,Knee,True,False,False,False
2024,DEN,McLaJa00,Jaleel McLaughlin,RB,Offense,16,16,1,3,Quad / Thigh,Quadricep,False,False,False,False
2024,DEN,MossRi00,Riley Moss,DB,Defense,13,16,3,5,Knee,Knee,False,False,False,False
2024,DEN,PalcAl00,Alex Palczewski,OL,Offense,6,8,3,12,Ankle,Ankle,False,False,False,False
2024,DEN,ReynJo00,Josh Reynolds,WR,Offense,6,13,8,12,Hand / Wrist,Hand,True,False,False,False
2024,DEN,SandDr00,Drew Sanders,LB,Defense,1,13,13,17,Achilles,Achilles,True,False,False,False
2024,DEN,SingAl00,Alex Singleton,LB,Defense,4,18,14,14,Unspecified (IR),,True,True,True,False
2024,DEN,SkinJL00,JL Skinner,DB,Defense,3,4,2,15,Ankle,Ankle,False,False,False,False
2024,DEN,SurtPa01,Patrick Surtain II,DB,Defense,7,7,1,11,Head / Concussion,Concussion,False,False,False,False
2024,DEN,VeleDe00,Devaughn Vele,WR,Offense,2,5,4,16,Chest / Ribs,Ribs,False,False,False,False
2024,DEN,WattLu00,Luke Wattenberg,OL,Offense,6,9,4,12,Ankle,Ankle,True,False,False,False
2024,DET,AnzaAl00,Alex Anzalone,LB,Defense,3,3,1,15,Head / Concussion,Concussion,False,False,False,False
2024,DET,AnzaAl00,Alex Anzalone,LB,Defense,12,17,6,7,Arm / Elbow,Forearm,True,False,False,False
2024,DET,ArnoTe00,Terrion Arnold,DB,Defense,12,12,1,7,Hip / Groin,Groin,False,False,False,False
2024,DET,BarnDe02,Derrick Barnes,LB,Defense,4,18,14,14,Unspecified (IR),,True,True,True,False
2024,DET,BranBr00,Brian Branch,DB,Defense,4,4,1,14,Head / Concussion,Illness,False,False,False,False
2024,DET,DaveMa00,Marcus Davenport,LB,Defense,2,2,1,16,Hip / Groin,Groin,False,False,False,False
2024,DET,DaveMa00,Marcus Davenport,LB,Defense,4,18,14,14,Hip / Groin,Groin,True,True,True,False
2024,DET,DaviCa02,Carlton Davis,DB,Defense,13,13,1,6,Knee,Knee,False,False,False,False
2024,DET,DaviCa02,Carlton Davis,DB,Defense,16,18,3,3,Unspecified (IR),,True,True,True,False
2024,DET,DeckTa00,Taylor Decker,OL,Offense,10,10,1,9,Shoulder,Shoulder,False,False,False,False
2024,DET,DeckTa00,Taylor Decker,OL,Offense,13,14,2,6,Knee,Knee,False,False,False,False
2024,DET,DorsKh00,Khalil Dorsey,DB,Defense,16,18,3,3,Unspecified (IR),,True,True,True,False
2024,DET,GlasGr00,Graham Glasgow,OL,Offense,16,16,1,3,Knee,Knee,False,False,False,False
2024,DET,HutcAi00,Aidan Hutchinson,DL,Defense,7,18,12,12,Unspecified (IR),,True,True,True,False
2024,DET,LaPoSa01,Sam LaPorta,TE,Offense,11,11,1,8,Shoulder,Shoulder,False,False,False,False
2024,DET,MartBr00,Brodric Martin,DL,Defense,1,12,11,17,Knee,Knee,True,False,False,False
2024,DET,McNeAl00,Alim McNeill,DL,Defense,16,18,3,3,Head / Concussion,Concussion,True,True,True,False
2024,DET,MeliIf00,Ifeatu Melifonwu,DB,Defense,1,15,14,17,Ankle,Ankle,True,False,False,False
2024,DET,MontDa01,David Montgomery,RB,Offense,16,18,3,3,Knee,Knee,False,True,False,False
2024,DET,MoseEm00,Emmanuel Moseley,DB,Defense,1,11,10,17,Chest / Ribs,Pectoral,True,False,False,False
2024,DET,MoseEm00,Emmanuel Moseley,DB,Defense,13,15,3,6,Hamstring,Hamstring,False,False,False,False
2024,DET,NowaTr00,Trevor Nowaske,LB,Defense,15,15,1,4,Head / Concussion,Concussion,False,False,False,False
2024,DET,OnwuLe00,Levi Onwuzurike,DL,Defense,14,14,1,5,Hamstring,Hamstring,False,False,False,False
2024,DET,PascJo00,Josh Paschal,DL,Defense,14,14,1,5,Knee,Knee,False,False,False,False
2024,DET,PekoKy00,Kyle Peko,DL,Defense,7,18,12,12,Unspecified (IR),,True,True,True,False
2024,DET,RagnFr00,Frank Ragnow,OL,Offense,4,4,1,14,Chest / Ribs,Pectoral,False,False,False,False
2024,DET,RakeEn00,Ennis Rakestraw,DB,Defense,2,3,2,16,Hamstring,Hamstring,False,False,False,False
2024,DET,RakeEn00,Ennis Rakestraw,DB,Defense,12,18,7,7,Hamstring,Hamstring,True,True,True,False
2024,DET,RaymKa00,Kalif Raymond,WR,Offense,13,17,5,6,Foot / Toe,Foot,True,False,False,False
2024,DET,ReadD.00,D.J. Reader,DL,Defense,1,1,1,17,Quad / Thigh,Quadricep,False,False,False,False
2024,DET,ReadD.00,D.J. Reader,DL,Defense,14,14,1,5,Shoulder,Shoulder,False,False,False,False
2024,DET,ReevJa00,Jalen Reeves-Maybin,LB,Defense,10,16,7,9,Neck,Neck,True,False,False,False
2024,DET,RodrMa00,Malcolm Rodriguez,LB,Defense,9,10,2,10,Ankle,Ankle,False,False,False,False
2024,DET,RodrMa00,Malcolm Rodriguez,LB,Defense,14,18,5,5,Unspecified (IR),,True,True,True,False
2024,DET,StriLo00,Loren Strickland,DB,Defense,1,1,1,17,Hand / Wrist,Thumb,False,False,False,False
2024,DET,VakiSi00,Sione Vaki,RB,Offense,9,9,1,10,Knee,Knee,False,False,False,False
2024,DET,WillIs03,Isaiah Williams,WR,Offense,1,7,6,17,Core / Abdomen,Abdomen,False,False,False,False
2024,DET,WingMe00,Mekhi Wingo,DL,Defense,9,9,1,10,Ankle,Ankle,False,False,False,False
2024,DET,WingMe00,Mekhi Wingo,DL,Defense,14,18,5,5,Unspecified (IR),,True,True,True,False
2024,DET,ZeitKe00,Kevin Zeitler,OL,Offense,7,7,1,12,Hip / Groin,Groin,False,False,False,False
2024,GB,AlexJa00,Jaire Alexander,DB,Defense,4,5,2,14,Quad / Thigh,Quadricep,False,False,False,False
2024,GB,AlexJa00,Jaire Alexander,DB,Defense,9,9,1,9,Knee,Knee,False,False,False,False
2024,GB,AlexJa00,Jaire Alexander,DB,Defense,12,18,7,7,Knee,Knee,True,True,True,False
2024,GB,AndeZa02,Zayne Anderson,DB,Defense,18,18,1,1,Head / Concussion,Concussion,False,True,False,False
2024,GB,BallCo00,Corey Ballentine,DB,Defense,8,8,1,10,Ankle,Ankle,False,False,False,False
2024,GB,BallCo00,Corey Ballentine,DB,Defense,14,14,1,5,Knee,Knee,False,False,False,False
2024,GB,BullJa00,Javon Bullard,DB,Defense,15,16,2,4,Ankle,Ankle,False,False,False,False
2024,GB,CoopEd00,Edgerrin Cooper,LB,Defense,12,14,3,7,Hamstring,Hamstring,False,False,False,False
2024,GB,CoxxBr02,Brenton Cox,DL,Defense,18,18,1,1,Foot / Toe,Foot,False,True,False,False
2024,GB,DillAn00,Andre Dillard,OL,Offense,17,18,2,2,Head / Concussion,Concussion,False,True,False,False
2024,GB,DoubRo00,Romeo Doubs,WR,Offense,13,14,2,6,Head / Concussion,Concussion,False,False,False,False
2024,GB,FitzJo00,John FitzPatrick,TE,Offense,13,13,1,6,Back,Back,False,False,False,False
2024,GB,LloyMa00,MarShawn Lloyd,RB,Offense,1,1,1,17,Hamstring,Hamstring,False,False,False,False
2024,GB,LloyMa00,MarShawn Lloyd,RB,Offense,3,18,15,15,Ankle,Ankle,True,True,True,False
2024,GB,LoveJo03,Jordan Love,QB,Offense,2,3,2,16,Knee,Knee,False,False,False,False
2024,GB,MorgJo03,Jordan Morgan,OL,Offense,3,5,3,15,Shoulder,Shoulder,False,False,False,False
2024,GB,MorgJo03,Jordan Morgan,OL,Offense,11,18,8,8,Shoulder,Shoulder,True,True,True,False
2024,GB,MusgLu00,Luke Musgrave,TE,Offense,5,15,10,13,Ankle,Ankle,True,False,False,False
2024,GB,MyerJo00,Josh Myers,OL,Offense,9,9,1,9,Hand / Wrist,Wrist,False,False,False,False
2024,GB,ValeCa00,Carrington Valentine,DB,Defense,3,4,2,15,Ankle,Ankle,False,False,False,False
2024,GB,WalkQu00,Quay Walker,LB,Defense,8,8,1,10,Head / Concussion,Concussion,False,False,False,False
2024,GB,WalkQu00,Quay Walker,LB,Defense,16,18,3,3,Ankle,Ankle,False,True,False,False
2024,GB,WatsCh00,Christian Watson,WR,Offense,5,5,1,13,Ankle,Ankle,False,False,False,False
2024,GB,WatsCh00,Christian Watson,WR,Offense,17,17,1,2,Knee,Knee,False,False,False,False
2024,GB,WillEv00,Evan Williams,DB,Defense,9,9,1,9,Hamstring,Hamstring,False,False,False,False
2024,GB,WillEv00,Evan Williams,DB,Defense,16,18,3,3,Quad / Thigh,Quadricep,False,True,False,False
2024,GB,WoodCo01,Colby Wooden,DL,Defense,11,11,1,8,Shoulder,Shoulder,False,False,False,False
2024,GB,WyatDe00,Devonte Wyatt,DL,Defense,5,7,3,13,Ankle,Ankle,False,False,False,False
2024,HOU,AlShAz00,Azeez Al-Shaair,LB,Defense,7,9,3,11,Knee,Knee,False,False,False,False
2024,HOU,AndeWi01,Will Anderson,DL,Defense,10,11,2,8,Ankle,Ankle,False,False,False,False
2024,HOU,AndeWi01,Will Anderson,DL,Defense,18,18,1,1,Hand / Wrist,Hand,False,True,False,False
2024,HOU,AutrDe00,Denico Autry,DL,Defense,18,18,1,1,Knee,Knee,False,True,False,False
2024,HOU,BarnDe01,Derek Barnett,DL,Defense,5,5,1,13,Shoulder,Shoulder,False,False,False,False
2024,HOU,BroeNi00,Nick Broeker,OL,Offense,16,16,1,3,Hand / Wrist,Hand,False,False,False,False
2024,HOU,BroeNi00,Nick Broeker,OL,Offense,18,18,1,1,Hand / Wrist,Hand,False,True,False,False
2024,HOU,BrooBr01,British Brooks,RB,Offense,6,18,12,12,Unspecified (IR),,True,True,True,False
2024,HOU,CollNi00,Nico Collins,WR,Offense,6,10,5,12,Hamstring,Hamstring,True,False,False,False
2024,HOU,DellNa00,Tank Dell,WR,Offense,4,4,1,14,Chest / Ribs,Chest,False,False,False,False
2024,HOU,DellNa00,Tank Dell,WR,Offense,17,18,2,2,Knee,Knee,True,True,True,False
2024,HOU,DiggSt00,Stefon Diggs,WR,Offense,9,18,9,9,Knee,Knee,True,True,True,False
2024,HOU,FatuFo00,Folorunso Fatukasi,DL,Defense,11,13,3,7,Foot / Toe,Foot,False,False,False,False
2024,HOU,FatuFo00,Folorunso Fatukasi,DL,Defense,16,18,3,3,Ankle,Ankle,False,True,False,False
2024,HOU,FishBl00,Blake Fisher,OL,Offense,11,12,2,7,Head / Concussion,Concussion,False,False,False,False
2024,HOU,GreeKe03,Kenyon Green,OL,Offense,10,15,5,8,Shoulder,Shoulder,True,False,False,False
2024,HOU,HansJa01,Jake Hansen,LB,Defense,5,5,1,13,Back,Back,False,False,False,False
2024,HOU,HarrCh06,Christian Harris,LB,Defense,1,13,13,17,Lower Leg,Calf,True,False,False,False
2024,HOU,HarrCh06,Christian Harris,LB,Defense,18,18,1,1,Ankle,Ankle,False,True,False,False
2024,HOU,HillJa02,Jamal Hill,LB,Defense,18,18,1,1,Hamstring,Hamstring,True,True,True,False
2024,HOU,HiniKu00,Kurt Hinish,DL,Defense,1,6,6,17,Lower Leg,Calf,True,False,False,False
2024,HOU,HollKa00,Ka'dar Hollman,DB,Defense,13,18,5,5,Unspecified (IR),,True,True,True,False
2024,HOU,HowaTy00,Tytus Howard,OL,Offense,5,5,1,13,Hamstring,Hamstring,False,False,False,False
2024,HOU,HughJe99,Jerry Hughes,DL,Defense,5,9,5,13,Hip / Groin,Hip,True,False,False,False
2024,HOU,HutcXa00,Xavier Hutchinson,WR,Offense,13,13,1,5,Shoulder,Shoulder,False,False,False,False
2024,HOU,JordBr00,Brevin Jordan,TE,Offense,3,18,15,15,Unspecified (IR),,True,True,True,False
2024,HOU,LassKa00,Kamari Lassiter,DB,Defense,6,7,2,12,Shoulder,Shoulder,False,False,False,False
2024,HOU,LassKa00,Kamari Lassiter,DB,Defense,11,11,1,7,Head / Concussion,Concussion,False,False,False,False
2024,HOU,MasoSh01,Shaq Mason,OL,Offense,17,18,2,2,Knee,Knee,False,True,False,False
2024,HOU,MetcJo00,John Metchie,WR,Offense,16,16,1,3,Shoulder,Shoulder,False,False,False,False
2024,HOU,MixoJo00,Joe Mixon,RB,Offense,3,5,3,15,Ankle,Ankle,False,False,False,False
2024,HOU,OkudJe00,Jeff Okudah,DB,Defense,2,10,9,16,Quad / Thigh,Quadricep,True,False,False,False
2024,HOU,OkudJe00,Jeff Okudah,DB,Defense,18,18,1,1,Head / Concussion,Concussion,False,True,False,False
2024,HOU,PattJa03,Jarrett Patterson,OL,Offense,3,3,1,15,Lower Leg,Calf,False,False,False,False
2024,HOU,PattJa03,Jarrett Patterson,OL,Offense,9,9,1,9,Head / Concussion,Concussion,False,False,False,False
2024,HOU,PierDa01,Dameon Pierce,RB,Offense,2,5,4,16,Hamstring,Hamstring,False,False,False,False
2024,HOU,PierDa01,Dameon Pierce,RB,Offense,9,10,2,9,Hip / Groin,Groin,False,False,False,False
2024,HOU,PitrJa00,Jalen Pitre,DB,Defense,13,18,5,5,Shoulder,Shoulder,True,True,True,False
2024,HOU,QuitTe00,Teagan Quitoriano,TE,Offense,13,18,5,5,Knee,Knee,True,True,True,False
2024,HOU,ScruJu00,Juice Scruggs,OL,Offense,2,2,1,16,Hip / Groin,Groin,False,False,False,False
2024,HOU,ScruJu00,Juice Scruggs,OL,Offense,15,17,3,4,Foot / Toe,Foot,False,False,False,False
2024,HOU,SimsSt00,Steven Sims,WR,Offense,7,8,2,11,Back,Back,False,False,False,False
2024,HOU,StewM.00,M.J. Stewart,DB,Defense,1,2,2,17,Knee,Knee,False,False,False,False
2024,HOU,TooTHe00,Henry To'oTo'o,LB,Defense,7,8,2,11,Head / Concussion,Concussion,False,False,False,False
2024,HOU,WardJi01,Jimmie Ward,DB,Defense,4,4,1,14,Hip / Groin,Groin,False,False,False,False
2024,HOU,WardJi01,Jimmie Ward,DB,Defense,6,9,4,12,Hip / Groin,Groin,False,False,False,False
2024,HOU,WardJi01,Jimmie Ward,DB,Defense,17,18,2,2,Foot / Toe,Foot,True,True,True,False
2024,HOU,WoodRo02,Robert Woods,WR,Offense,6,7,2,12,Foot / Toe,Foot,False,False,False,False
2024,IND,AverGe00,Genard Avery,DL,Defense,6,12,7,12,Foot / Toe,Foot,False,False,False,False
2024,IND,BlacJu01,Julian Blackmon,DB,Defense,2,2,1,16,Shoulder,Shoulder,False,False,False,False
2024,IND,BortTa00,Tanor Bortolini,OL,Offense,13,13,1,5,Head / Concussion,Concussion,False,False,False,False
2024,IND,BrenJu00,Julius Brents,DB,Defense,2,17,15,16,Knee,Knee,True,False,False,False
2024,IND,BuckDe00,DeForest Buckner,DL,Defense,3,7,5,15,Back,Back,True,False,False,False
2024,IND,CarlJa01,Jaylon Carlies,LB,Defense,8,15,7,10,Lower Leg,Fibula,True,False,False,False
2024,IND,DenbTr00,Trevor Denbow,DB,Defense,9,18,9,9,Unspecified (IR),,True,True,True,False
2024,IND,DownJo00,Josh Downs,WR,Offense,1,2,2,17,Ankle,Ankle,False,False,False,False
2024,IND,DownJo00,Josh Downs,WR,Offense,13,13,1,5,Shoulder,Shoulder,False,False,False,False
2024,IND,DuliAs00,Ashton Dulin,WR,Offense,13,15,2,5,Ankle,Ankle,False,False,False,False
2024,IND,FrieWi00,Will Fries,OL,Offense,6,18,12,12,Unspecified (IR),,True,True,True,False
2024,IND,KellRy00,Ryan Kelly,OL,Offense,4,5,2,14,Neck,Neck,False,False,False,False
2024,IND,KellRy00,Ryan Kelly,OL,Offense,10,15,5,8,Knee,Knee,True,False,False,False
2024,IND,LammCh00,Chris Lammons,DB,Defense,7,7,1,11,Ankle,Ankle,False,False,False,False
2024,IND,LewiTy00,Tyquan Lewis,DL,Defense,5,11,7,13,Lower Leg,Calf,True,False,False,False
2024,IND,McGrCa00,Cameron McGrone,LB,Defense,1,7,7,17,Arm / Elbow,Elbow,True,False,False,False
2024,IND,MoorKe03,Kenny Moore,DB,Defense,4,5,2,14,Hip / Groin,Hip,False,False,False,False
2024,IND,PayeKw00,Kwity Paye,DL,Defense,4,5,2,14,Quad / Thigh,Quadricep,False,False,False,False
2024,IND,PierAl00,Alec Pierce,WR,Offense,16,16,1,3,Head / Concussion,Concussion,False,False,False,False
2024,IND,PittMi01,Michael Pittman Jr.,WR,Offense,10,10,1,8,Back,Back,False,False,False,False
2024,IND,RaimBe00,Bernhard Raimann,OL,Offense,9,9,1,9,Head / Concussion,Concussion,False,False,False,False
2024,IND,RaimBe00,Bernhard Raimann,OL,Offense,11,12,2,7,Knee,Knee,False,False,False,False
2024,IND,RichAn03,Anthony Richardson,QB,Offense,5,6,2,13,Core / Abdomen,Oblique,False,False,False,False
2024,IND,RichAn03,Anthony Richardson,QB,Offense,9,10,2,9,Hand / Wrist,Left Wrist,False,False,False,False
2024,IND,RichAn03,Anthony Richardson,QB,Offense,17,18,2,2,Back,Back,False,True,False,False
2024,IND,SpeeEJ00,E.J. Speed,LB,Defense,7,7,1,11,Knee,Knee,False,False,False,False
2024,IND,SpeeEJ00,E.J. Speed,LB,Defense,16,16,1,3,Knee,Knee,False,False,False,False
2024,IND,TaylJo02,Jonathan Taylor,RB,Offense,5,7,3,13,Ankle,Ankle,False,False,False,False
2024,JAX,AbduYa00,Yasir Abdullah,LB,Defense,5,5,1,13,Neck,Neck,False,False,False,False
2024,JAX,AbduYa00,Yasir Abdullah,LB,Defense,11,13,2,7,Hamstring,Hamstring,False,False,False,False
2024,JAX,BigsTa00,Tank Bigsby,RB,Offense,11,11,1,7,Ankle,Ankle,False,False,False,False
2024,JAX,CampTy01,Tyson Campbell,DB,Defense,2,6,5,16,Hamstring,Hamstring,True,False,False,False
2024,JAX,ClevEz00,Ezra Cleveland,OL,Offense,9,10,2,9,Ankle,Ankle,False,False,False,False
2024,JAX,DaviGa01,Gabriel Davis,WR,Offense,9,9,1,9,Shoulder,Shoulder,False,False,False,False
2024,JAX,DaviGa01,Gabriel Davis,WR,Offense,13,18,6,6,Unspecified (IR),,True,True,True,False
2024,JAX,DuveDe00,Devin Duvernay,WR,Offense,6,9,4,12,Hamstring,Hamstring,True,False,False,False
2024,JAX,EngrEv00,Evan Engram,TE,Offense,2,5,4,16,Hamstring,Hamstring,False,False,False,False
2024,JAX,EngrEv00,Evan Engram,TE,Offense,15,18,4,4,Unspecified (IR),,True,True,True,False
2024,JAX,EtieTr00,Travis Etienne,RB,Offense,7,8,2,11,Hamstring,Hamstring,False,False,False,False
2024,JAX,HodgCo00,Cooper Hodges,OL,Offense,10,18,8,8,Unspecified (IR),,True,True,True,False
2024,JAX,KirkCh01,Christian Kirk,WR,Offense,9,18,9,9,Shoulder,Collarbone,True,True,True,False
2024,JAX,LacyTy00,Tyler Lacy,DL,Defense,2,2,1,16,Foot / Toe,Toe,False,False,False,False
2024,JAX,LawrTr00,Trevor Lawrence,QB,Offense,10,11,2,8,Shoulder,Left Shoulder,False,False,False,False
2024,JAX,LawrTr00,Trevor Lawrence,QB,Offense,14,18,5,5,Shoulder,Left Shoulder,True,True,True,False
2024,JAX,LittWa00,Walker Little,OL,Offense,17,18,2,2,Ankle,Ankle,False,True,False,False
2024,JAX,LloyDe00,Devin Lloyd,LB,Defense,4,4,1,14,Knee,Knee,False,False,False,False
2024,JAX,MillVe00,Ventrell Miller,LB,Defense,17,18,2,2,Ankle,Ankle,False,True,False,False
2024,JAX,OluoFo00,Foyesade Oluokun,LB,Defense,4,7,4,14,Foot / Toe,Foot,True,False,False,False
2024,JAX,OtomEs00,Esezi Otomewo,DL,Defense,7,18,11,11,Lower Leg,Calf,False,True,False,False
2024,JAX,RobiCa00,Cam Robinson,OL,Offense,8,8,1,10,Head / Concussion,Concussion,False,False,False,False
2024,JAX,RobiKe03,Keilan Robinson,RB,Offense,1,11,11,17,Foot / Toe,Toe,True,False,False,False
2024,JAX,SavaDa00,Darnell Savage Jr.,DB,Defense,2,4,3,16,Quad / Thigh,Quadricep,False,False,False,False
2024,JAX,SavaDa00,Darnell Savage Jr.,DB,Defense,17,17,1,2,Head / Concussion,Concussion,False,False,False,False
2024,JAX,SmitMa07,Maason Smith,DL,Defense,7,11,5,11,Ankle,Ankle,False,False,False,False
2024,JAX,ThomDa07,Daniel Thomas,DB,Defense,1,1,1,17,Achilles,Achilles,False,False,False,False
2024,JAX,ThomDa07,Daniel Thomas,DB,Defense,5,5,1,13,Hamstring,Hamstring,False,False,False,False
2024,JAX,WingAn01,Andrew Wingard,DB,Defense,1,9,9,17,Knee,Knee,True,False,False,False
2024,KC,BrowMa04,Marquise Brown,WR,Offense,1,15,14,17,Shoulder,Shoulder,True,False,False,False
2024,KC,CochJa00,Jack Cochrane,LB,Defense,17,18,2,2,Ankle,Ankle,True,True,True,False
2024,KC,ConnCh01,Chamarri Conner,DB,Defense,16,17,2,3,Head / Concussion,Concussion,False,False,False,False
2024,KC,DannMi00,Michael Danna,DL,Defense,4,4,1,14,Lower Leg,Calf,False,False,False,False
2024,KC,DannMi00,Michael Danna,DL,Defense,7,9,3,12,Chest / Ribs,Pectoral,False,False,False,False
2024,KC,FortJo01,Jody Fortson,TE,Offense,9,18,10,10,Unspecified (IR),,True,True,True,False
2024,KC,HardMe00,Mecole Hardman,WR,Offense,14,18,5,5,Knee,Knee,True,True,True,False
2024,KC,HendPe01,Peyton Hendershot,TE,Offense,13,16,4,6,Lower Leg,Calf,True,False,False,False
2024,KC,HumpD.00,D.J. Humphries,OL,Offense,15,17,3,4,Hamstring,Hamstring,False,False,False,False
2024,KC,JohnNa01,Nazeeh Johnson,DB,Defense,9,9,1,10,Head / Concussion,Concussion,False,False,False,False
2024,KC,JoneCh09,Chris Jones,DL,Defense,17,18,2,2,Lower Leg,Calf,False,True,False,False
2024,KC,MahoPa00,Patrick Mahomes,QB,Offense,18,18,1,1,Ankle,Ankle,False,True,False,False
2024,KC,McDuTr00,Trent McDuffie,DB,Defense,18,18,1,1,Knee,Knee,False,True,False,False
2024,KC,MoorSk01,Skyy Moore,WR,Offense,8,18,11,11,Unspecified (IR),,True,True,True,False
2024,KC,OmenCh00,Charles Omenihu,DL,Defense,1,12,11,17,Knee,Knee,True,False,False,False
2024,KC,PachIs00,Isiah Pacheco,RB,Offense,3,12,9,15,Ankle,Ankle,True,False,False,False
2024,KC,PachIs00,Isiah Pacheco,RB,Offense,18,18,1,1,Chest / Ribs,Rib,False,True,False,False
2024,KC,RiceRa01,Rashee Rice,WR,Offense,5,18,13,13,Ankle,Ankle,True,True,True,False
2024,KC,SmitJu00,JuJu Smith-Schuster,WR,Offense,8,10,3,11,Hamstring,Hamstring,False,False,False,False
2024,KC,TaylJa02,Jawaan Taylor,OL,Offense,18,18,1,1,Knee,Knee,False,True,False,False
2024,KC,WatsJa02,Jaylen Watson,DB,Defense,8,18,11,11,Ankle,Ankle,True,True,True,False
2024,KC,WileJa00,Jared Wiley,TE,Offense,9,18,10,10,Knee,Knee,True,True,True,False
2024,LA,AlleDa02,Davis Allen,TE,Offense,2,3,2,16,Back,Back,False,False,False,False
2024,LA,AvilSt00,Steve Avila,OL,Offense,2,9,7,16,Knee,Knee,True,False,False,False
2024,LA,DuraDe01,Cobie Durant,DB,Defense,15,16,2,4,Chest / Ribs,Chest,False,False,False,False
2024,LA,GallNe00,Neville Gallimore,DL,Defense,9,11,3,10,Shoulder,Shoulder,False,False,False,False
2024,LA,HampNi00,Nick Hampton,LB,Defense,16,18,3,3,Unspecified (IR),,True,True,True,False
2024,LA,HaveRo00,Rob Havenstein,OL,Offense,1,1,1,17,Ankle,Ankle,False,False,False,False
2024,LA,HaveRo00,Rob Havenstein,OL,Offense,10,12,3,9,Ankle,Ankle,False,False,False,False
2024,LA,HaveRo00,Rob Havenstein,OL,Offense,17,18,2,2,Shoulder,Shoulder,False,True,False,False
2024,LA,HigbTy00,Tyler Higbee,TE,Offense,1,15,14,17,Knee,Knee,True,False,False,False
2024,LA,JackJo03,Jonah Jackson,OL,Offense,3,9,6,15,Shoulder,Shoulder,True,False,False,False
2024,LA,JohnJo10,John Johnson,DB,Defense,3,18,15,15,Unspecified (IR),,True,True,True,False
2024,LA,KuppCo00,Cooper Kupp,WR,Offense,3,7,4,15,Ankle,Ankle,False,False,False,False
2024,LA,NacuPu00,Puka Nacua,WR,Offense,2,7,5,16,Knee,Knee,True,False,False,False
2024,LA,NoteJo00,Joseph Noteboom,OL,Offense,2,9,7,16,Ankle,Ankle,True,False,False,False
2024,LA,NoteJo00,Joseph Noteboom,OL,Offense,11,16,6,8,Ankle,Ankle,False,False,False,False
2024,LA,ReedTr01,Troy Reeder,LB,Defense,8,18,11,11,Hamstring,Hamstring,True,True,True,False
2024,LA,WhitJo04,Jordan Whittington,WR,Offense,8,9,2,11,Shoulder,Shoulder,False,False,False,False
2024,LA,WillDa09,Darious Williams,DB,Defense,1,4,4,17,Hamstring,Hamstring,True,False,False,False
2024,LA,WoodCh01,Charles Woods,DB,Defense,10,12,3,9,Foot / Toe,Toe,False,False,False,False
2024,LAC,AltxJo01,Joe Alt,OL,Offense,4,4,1,14,Knee,Knee,False,False,False,False
2024,LAC,ApplEl00,Eli Apple,DB,Defense,13,18,6,6,Unspecified (IR),,True,True,True,False
2024,LAC,BosaJo00,Joey Bosa,DL,Defense,4,7,3,14,Hip / Groin,Hip,False,False,False,False
2024,LAC,CharDJ00,DJ Chark,WR,Offense,1,9,8,17,Hip / Groin,Hip,True,False,False,False
2024,LAC,ColsJu00,Junior Colson,LB,Defense,3,4,2,15,Hamstring,Hamstring,False,False,False,False
2024,LAC,ColsJu00,Junior Colson,LB,Defense,10,13,4,9,Ankle,Ankle,True,False,False,False
2024,LAC,DaviDe02,Derius Davis,WR,Offense,7,8,2,12,Hamstring,Hamstring,False,False,False,False
2024,LAC,DissWi00,Will Dissly,TE,Offense,15,16,2,4,Shoulder,Shoulder,False,False,False,False
2024,LAC,DobbJK00,J.K. Dobbins,RB,Offense,13,16,4,6,Knee,Knee,True,False,False,False
2024,LAC,EdwaGu00,Gus Edwards,RB,Offense,6,9,4,13,Ankle,Ankle,True,False,False,False
2024,LAC,EdwaGu00,Gus Edwards,RB,Offense,17,18,2,2,Ankle,Ankle,False,True,False,False
2024,LAC,FehoSi00,Simi Fehoko,WR,Offense,10,18,9,9,Unspecified (IR),,True,True,True,False
2024,LAC,FinlAJ00,AJ Finley,DB,Defense,12,12,1,7,Ankle,Ankle,False,False,False,False
2024,LAC,FultKr00,Kristian Fulton,DB,Defense,9,10,2,10,Hamstring,Hamstring,False,False,False,False
2024,LAC,GilmAl00,Alohi Gilman,DB,Defense,2,2,1,16,Knee,Knee,False,False,False,False
2024,LAC,GilmAl00,Alohi Gilman,DB,Defense,13,17,5,6,Hamstring,Hamstring,True,False,False,False
2024,LAC,HartCa00,Cam Hart,DB,Defense,12,13,2,7,Head / Concussion,Concussion,False,False,False,False
2024,LAC,HartCa00,Cam Hart,DB,Defense,16,16,1,3,Head / Concussion,Concussion,False,False,False,False
2024,LAC,HursHa00,Hayden Hurst,TE,Offense,7,8,2,12,Hip / Groin,Groin,False,False,False,False
2024,LAC,HursHa00,Hayden Hurst,TE,Offense,11,15,5,8,Hip / Groin,Hip,True,False,False,False
2024,LAC,JeffTo00,Tony Jefferson,DB,Defense,14,14,1,5,Hamstring,Hamstring,False,False,False,False
2024,LAC,JohnQu02,Quentin Johnston,WR,Offense,7,8,2,12,Ankle,Ankle,False,False,False,False
2024,LAC,LeonDe00,Deane Leonard,DB,Defense,4,4,1,14,Hamstring,Hamstring,False,False,False,False
2024,LAC,LeonDe00,Deane Leonard,DB,Defense,7,11,5,12,Hamstring,Hamstring,True,False,False,False
2024,LAC,MackKh00,Khalil Mack,DL,Defense,11,11,1,8,Hip / Groin,Groin,False,False,False,False
2024,LAC,MayeMa00,Marcus Maye,DB,Defense,17,18,2,2,Unspecified (IR),,True,True,True,False
2024,LAC,McCoLa00,Ladd McConkey,WR,Offense,14,14,1,5,Knee,Knee,False,False,False,False
2024,LAC,MoldEl00,Elijah Molden,DB,Defense,16,16,1,3,Knee,Knee,False,False,False,False
2024,LAC,MoldEl00,Elijah Molden,DB,Defense,18,18,1,1,Knee,Knee,True,True,True,False
2024,LAC,NiemNi00,Nick Niemann,LB,Defense,1,4,4,17,Hamstring,Hamstring,True,False,False,False
2024,LAC,PalmJo00,Josh Palmer,WR,Offense,3,3,1,15,Arm / Elbow,Elbow,False,False,False,False
2024,LAC,PalmJo00,Josh Palmer,WR,Offense,18,18,1,1,Foot / Toe,Foot,False,True,False,False
2024,LAC,PerrDe00,Denzel Perryman,LB,Defense,12,15,4,7,Hip / Groin,Groin,False,False,False,False
2024,LAC,PerrDe00,Denzel Perryman,LB,Defense,17,18,2,2,Hip / Groin,Groin,False,True,False,False
2024,LAC,PipkTr00,Trey Pipkins,OL,Offense,10,10,1,9,Ankle,Ankle,False,False,False,False
2024,LAC,PipkTr00,Trey Pipkins,OL,Offense,17,17,1,2,Hip / Groin,Hip,False,False,False,False
2024,LAC,ReagJa00,Jalen Reagor,WR,Offense,15,18,4,4,Hand / Wrist,Finger,True,True,True,False
2024,LAC,RiceBr00,Brenden Rice,WR,Offense,8,18,11,11,Shoulder,Shoulder,True,True,True,False
2024,LAC,SamuAs00,Asante Samuel Jr.,DB,Defense,6,18,13,13,Shoulder,Shoulder,True,True,True,False
2024,LAC,SlatRa00,Rashawn Slater,OL,Offense,4,4,1,14,Chest / Ribs,Pectoral,False,False,False,False
2024,LAC,SmarSt00,Stone Smartt,TE,Offense,9,10,2,10,Ankle,Ankle,False,False,False,False
2024,LAC,StilTa00,Tarheeb Still,DB,Defense,1,3,3,17,Hip / Groin,Hip,False,False,False,False
2024,LAC,TaylJa04,Ja'Sir Taylor,DB,Defense,4,6,2,14,Lower Leg,Fibula,False,False,False,False
2024,LV,AbduAm00,Ameer Abdullah,RB,Offense,18,18,1,1,Foot / Toe,Foot,False,True,False,False
2024,LV,AdamDa01,Davante Adams,WR,Offense,4,6,3,14,Hamstring,Hamstring,False,False,False,False
2024,LV,BennJa00,Jakorian Bennett,DB,Defense,12,18,7,7,Shoulder,Shoulder,True,True,True,False
2024,LV,BryaHa00,Harrison Bryant,TE,Offense,8,8,1,10,Arm / Elbow,Elbow,False,False,False,False
2024,LV,BryaHa00,Harrison Bryant,TE,Offense,11,13,3,8,Ankle,Ankle,False,False,False,False
2024,LV,CrosMa00,Maxx Crosby,DL,Defense,4,4,1,14,Ankle,Ankle,False,False,False,False
2024,LV,CrosMa00,Maxx Crosby,DL,Defense,15,18,4,4,Ankle,Ankle,True,True,True,False
2024,LV,DeabDi00,Divine Deablo,LB,Defense,3,5,3,15,Core / Abdomen,Oblique,False,False,False,False
2024,LV,EichTo00,Tommy Eichenberg,LB,Defense,1,1,1,17,Knee,Knee,False,False,False,False
2024,LV,EichTo00,Tommy Eichenberg,LB,Defense,6,7,2,12,Hamstring,Hamstring,False,False,False,False
2024,LV,EppsMa00,Marcus Epps,DB,Defense,4,18,14,14,Unspecified (IR),,True,True,True,False
2024,LV,HobbNa00,Nate Hobbs,DB,Defense,11,14,4,8,Ankle,Ankle,False,False,False,False
2024,LV,JameAn01,Andre James,OL,Offense,9,11,2,9,Ankle,Ankle,False,False,False,False
2024,LV,JameAn01,Andre James,OL,Offense,13,14,2,6,Ankle,Ankle,False,False,False,False
2024,LV,MastLu00,Luke Masterson,LB,Defense,5,18,13,13,Knee,Knee,True,True,True,False
2024,LV,MattAl01,Alexander Mattison,RB,Offense,12,14,3,7,Ankle,Ankle,False,False,False,False
2024,LV,MaugKa00,Kana'i Mauga,LB,Defense,4,4,1,14,Lower Leg,Calf,False,False,False,False
2024,LV,MaugKa00,Kana'i Mauga,LB,Defense,7,8,2,11,Knee,Knee,False,False,False,False
2024,LV,MaugKa00,Kana'i Mauga,LB,Defense,16,17,2,3,Lower Leg,Calf,False,False,False,False
2024,LV,McAlTy00,Tyreik McAllister,RB,Offense,5,6,2,13,Shoulder,Shoulder,False,False,False,False
2024,LV,McCoSi00,Sincere McCormick,RB,Offense,16,18,3,3,Unspecified (IR),,True,True,True,False
2024,LV,MereJo00,Jordan Meredith,OL,Offense,16,17,2,3,Ankle,Ankle,False,False,False,False
2024,LV,MeyeJa01,Jakobi Meyers,WR,Offense,6,7,2,12,Ankle,Ankle,False,False,False,False
2024,LV,MinsGa00,Gardner Minshew II,QB,Offense,13,18,6,6,Shoulder,Collarbone,True,True,True,False
2024,LV,MunfTh00,Thayer Munford,OL,Offense,4,6,3,14,Knee,Knee,False,False,False,False
2024,LV,OConAi00,Aidan O'Connell,QB,Offense,8,12,4,10,Hand / Wrist,Right Thumb,True,False,False,False
2024,LV,OConAi00,Aidan O'Connell,QB,Offense,15,15,1,4,Knee,Knee,False,False,False,False
2024,LV,ParhDy00,Dylan Parham,OL,Offense,7,8,2,11,Foot / Toe,Foot,False,False,False,False
2024,LV,RichDe01,Decamerion Richardson,DB,Defense,1,5,5,17,Hamstring,Hamstring,False,False,False,False
2024,LV,RiddDe00,Desmond Ridder,QB,Offense,16,17,2,3,Hip / Groin,Hip,False,False,False,False
2024,LV,ShorJu00,Justin Shorter,TE,Offense,14,14,1,5,Back,Back,False,False,False,False
2024,LV,TaylTr03,Trey Taylor,DB,Defense,1,5,5,17,Knee,Knee,True,False,False,False
2024,LV,TurnDJ00,DJ Turner,WR,Offense,14,18,5,5,Unspecified (IR),,True,True,True,False
2024,LV,WebbSa00,Sam Webb,DB,Defense,15,16,2,4,Back,Back,False,False,False,False
2024,LV,WhitCo03,Cody Whitehair,OL,Offense,11,14,4,8,Ankle,Ankle,False,False,False,False
2024,LV,WhitZa01,Zamir White,RB,Offense,5,6,2,13,Hip / Groin,Groin,False,False,False,False
2024,LV,WhitZa01,Zamir White,RB,Offense,12,18,7,7,Quad / Thigh,Quadricep,True,True,True,False
2024,LV,WilkCh00,Christian Wilkins,DL,Defense,6,18,12,12,Unspecified (IR),,True,True,True,False
2024,LV,WilsTy01,Tyree Wilson,DL,Defense,2,2,1,16,Knee,Knee,False,False,False,False
2024,MIA,ArmsTe00,Terron Armstead,OL,Offense,4,4,1,14,Head / Concussion,Concussion,False,False,False,False
2024,MIA,ArmsTe00,Terron Armstead,OL,Offense,15,15,1,4,Knee,Knee,False,False,False,False
2024,MIA,BeckOd00,Odell Beckham Jr.,WR,Offense,1,4,4,17,Knee,Knee,True,False,False,False
2024,MIA,BerrBr00,Braxton Berrios,WR,Offense,8,18,11,11,Unspecified (IR),,True,True,True,False
2024,MIA,BowsTy00,Tyus Bowser,LB,Defense,13,18,6,6,Knee,Knee,True,True,True,False
2024,MIA,ConnTa00,Tanner Conner,WR,Offense,11,18,8,8,Unspecified (IR),,True,True,True,False
2024,MIA,CracRi00,River Cracraft,WR,Offense,1,9,8,17,Shoulder,Shoulder,True,False,False,False
2024,MIA,DuboGr00,Grant Dubose,WR,Offense,3,14,11,15,Shoulder,Shoulder,True,False,False,False
2024,MIA,DuboGr00,Grant Dubose,WR,Offense,16,18,3,3,Shoulder,Shoulder,True,True,True,False
2024,MIA,DuckSt00,Storm Duck,DB,Defense,8,10,3,11,Ankle,Ankle,False,False,False,False
2024,MIA,EskrDW00,D'Wayne Eskridge,WR,Offense,15,16,2,4,Knee,Knee,False,False,False,False
2024,MIA,EskrDW00,D'Wayne Eskridge,WR,Offense,18,18,1,1,Hand / Wrist,Finger,False,True,False,False
2024,MIA,FullKe00,Kendall Fuller,DB,Defense,4,4,1,14,Head / Concussion,Concussion,False,False,False,False
2024,MIA,FullKe00,Kendall Fuller,DB,Defense,11,13,3,8,Head / Concussion,Concussion,False,False,False,False
2024,MIA,FullKe00,Kendall Fuller,DB,Defense,17,18,2,2,Knee,Knee,True,True,True,False
2024,MIA,GoodCa00,Cameron Goode,LB,Defense,1,15,14,17,Knee,Knee,True,False,False,False
2024,MIA,HillJu02,Julian Hill,TE,Offense,9,9,1,10,Shoulder,Shoulder,False,False,False,False
2024,MIA,HollJe02,Jevon Holland,DB,Defense,7,7,1,12,Hand / Wrist,Hand,False,False,False,False
2024,MIA,HollJe02,Jevon Holland,DB,Defense,9,9,1,10,Hand / Wrist,Hand,False,False,False,False
2024,MIA,HuntTy01,Tyler Huntley,QB,Offense,8,16,9,11,Shoulder,Right Shoulder,True,False,False,False
2024,MIA,IngoAl01,Alec Ingold,RB,Offense,10,11,2,9,Lower Leg,Calf,False,False,False,False
2024,MIA,JackAu00,Austin Jackson,OL,Offense,10,18,9,9,Knee,Knee,True,True,True,False
2024,MIA,KohoKa00,Kader Kohou,DB,Defense,8,9,2,11,Neck,Neck,False,False,False,False
2024,MIA,LammKe00,Kendall Lamm,OL,Offense,15,15,1,4,Back,Back,False,False,False,False
2024,MIA,LammKe00,Kendall Lamm,OL,Offense,18,18,1,1,Unspecified (IR),,True,True,True,False
2024,MIA,LongDa04,David Long,LB,Defense,4,4,1,14,Hamstring,Hamstring,False,False,False,False
2024,MIA,McMoPa00,Patrick McMorris,DB,Defense,1,12,11,17,Lower Leg,Calf,True,False,False,False
2024,MIA,MostRa00,Raheem Mostert,RB,Offense,2,4,3,16,Chest / Ribs,Chest,False,False,False,False
2024,MIA,MostRa00,Raheem Mostert,RB,Offense,14,14,1,5,Hip / Groin,Hip,False,False,False,False
2024,MIA,OgbaEm00,Emmanuel Ogbah,DL,Defense,7,7,1,12,Arm / Elbow,Biceps,False,False,False,False
2024,MIA,PhilJa02,Jaelan Phillips,LB,Defense,5,18,13,13,Knee,Knee,True,True,True,False
2024,MIA,PoyeJo00,Jordan Poyer,DB,Defense,5,5,1,13,Lower Leg,Shin,False,False,False,False
2024,MIA,SielZa00,Zach Sieler,DL,Defense,8,9,2,11,Head / Concussion,Eye,False,False,False,False
2024,MIA,SmitCa02,Cam Smith,DB,Defense,1,7,6,17,Hamstring,Hamstring,True,False,False,False
2024,MIA,SmitCa02,Cam Smith,DB,Defense,14,18,5,5,Unspecified (IR),,True,True,True,False
2024,MIA,TagoTu00,Tua Tagovailoa,QB,Offense,3,7,4,15,Head / Concussion,Concussion,True,False,False,False
2024,MIA,TagoTu00,Tua Tagovailoa,QB,Offense,17,18,2,2,Hip / Groin,Hip,False,True,False,False
2024,MIA,ThomSk00,Skylar Thompson,QB,Offense,4,11,7,14,Chest / Ribs,Ribs,False,False,False,False
2024,MIA,WaddJa00,Jaylen Waddle,WR,Offense,16,17,2,3,Knee,Knee,False,False,False,False
2024,MIA,WalkAn01,Anthony Walker,LB,Defense,13,13,1,6,Hamstring,Hamstring,False,False,False,False
2024,MIA,WalkAn01,Anthony Walker,LB,Defense,17,18,2,2,Knee,Knee,False,True,False,False
2024,MIA,WashMa00,Malik Washington,WR,Offense,1,3,3,17,Quad / Thigh,Quadricep,False,False,False,False
2024,MIA,WilsJe01,Jeff Wilson,RB,Offense,5,12,7,13,Knee,Knee,False,False,False,False
2024,MIA,WynnIs00,Isaiah Wynn,OL,Offense,1,12,11,17,Quad / Thigh,Quadricep,True,False,False,False
2024,MIN,AddiJo00,Jordan Addison,WR,Offense,2,3,2,16,Ankle,Ankle,False,False,False,False
2024,MIN,CashBl00,Blake Cashman,LB,Defense,7,9,3,12,Foot / Toe,Toe,False,False,False,False
2024,MIN,DarrCh00,Christian Darrisaw,OL,Offense,9,18,10,10,Unspecified (IR),,True,True,True,False
2024,MIN,EvanAk00,Akayleb Evans,DB,Defense,7,9,3,12,Hip / Groin,Hip,False,False,False,False
2024,MIN,GilmSt00,Stephon Gilmore,DB,Defense,14,15,2,5,Hamstring,Hamstring,False,False,False,False
2024,MIN,HockTJ00,T.J. Hockenson,TE,Offense,1,8,7,17,Knee,Knee,True,False,False,False
2024,MIN,JonePa00,Patrick Jones II,LB,Defense,14,14,1,5,Knee,Knee,False,False,False,False
2024,MIN,JonePa00,Patrick Jones II,LB,Defense,18,18,1,1,Knee,Knee,False,True,False,False
2024,MIN,MoreFa00,Fabian Moreau,DB,Defense,16,18,3,3,Hip / Groin,Hip,False,True,False,False
2024,MIN,MurpGa00,Gabriel Murphy,LB,Defense,1,13,12,17,Knee,Knee,True,False,False,False
2024,MIN,MuseNi00,Nick Muse,TE,Offense,3,11,8,15,Hand / Wrist,Hand,True,False,False,False
2024,MIN,OlivJo00,Josh Oliver,TE,Offense,12,13,2,7,Ankle,Ankle,False,False,False,False
2024,MIN,PaceIv00,Ivan Pace,LB,Defense,3,4,2,15,Quad / Thigh,Quadricep,False,False,False,False
2024,MIN,PaceIv00,Ivan Pace,LB,Defense,13,16,4,6,Hamstring,Hamstring,True,False,False,False
2024,MIN,RedmJa01,Jalen Redmond,DL,Defense,16,16,1,3,Head / Concussion,Concussion,False,False,False,False
2024,MIN,RisnDa00,Dalton Risner,OL,Offense,1,8,7,17,Back,Back,True,False,False,False
2024,MIN,SmitHa00,Harrison Smith,DB,Defense,16,16,1,3,Foot / Toe,Foot,False,False,False,False
2024,MIN,TaimTa00,Taki Taimani,DL,Defense,9,18,10,10,Ankle,Ankle,True,True,True,False
2024,MIN,TurnDa01,Dallas Turner,LB,Defense,3,3,1,15,Knee,Knee,False,False,False,False
2024,MIN,WardJa00,Jay Ward,DB,Defense,13,13,1,6,Arm / Elbow,Elbow,False,False,False,False
2024,NE,AndrDa00,David Andrews,OL,Offense,5,18,13,13,Shoulder,Shoulder,True,True,True,False
2024,NE,AustAl00,Alex Austin,DB,Defense,4,11,8,14,Ankle,Ankle,True,False,False,False
2024,NE,BakeJa00,Javon Baker,WR,Offense,15,15,1,4,Head / Concussion,Concussion,False,False,False,False
2024,NE,BellJa00,Jaheim Bell,TE,Offense,4,5,2,14,Neck,Neck,False,False,False,False
2024,NE,BentJa00,Ja'Whaun Bentley,LB,Defense,3,18,15,15,Shoulder,Shoulder,True,True,True,False
2024,NE,BourKe00,Kendrick Bourne,WR,Offense,1,4,4,17,Knee,Knee,True,False,False,False
2024,NE,BrowBe01,Ben Brown,OL,Offense,17,18,2,2,Head / Concussion,Concussion,True,True,True,False
2024,NE,DuggKy00,Kyle Dugger,DB,Defense,5,5,1,13,Ankle,Ankle,False,False,False,False
2024,NE,DuggKy00,Kyle Dugger,DB,Defense,8,10,3,10,Ankle,Ankle,False,False,False,False
2024,NE,EkuaDa00,Daniel Ekuale,DL,Defense,8,8,1,10,Core / Abdomen,Abdomen,False,False,False,False
2024,NE,ElliCh00,Christian Elliss,LB,Defense,10,10,1,8,Core / Abdomen,Abdomen,False,False,False,False
2024,NE,GonzCh00,Christian Gonzalez,DB,Defense,18,18,1,1,Head / Concussion,Concussion,False,True,False,False
2024,NE,HastJa02,Jamycal Hasty,RB,Offense,16,16,1,3,Ankle,Ankle,False,False,False,False
2024,NE,HenrHu00,Hunter Henry,TE,Offense,18,18,1,1,Foot / Toe,Foot,False,True,False,False
2024,NE,JacoCu00,Curtis Jacobs,LB,Defense,12,18,6,6,Head / Concussion,Concussion,True,True,True,False
2024,NE,JennAn00,Anfernee Jennings,LB,Defense,4,4,1,14,Shoulder,Shoulder,False,False,False,False
2024,NE,JoneMa06,Marcus Jones,DB,Defense,16,18,3,3,Hip / Groin,Hip,True,True,True,False
2024,NE,JordMi01,Michael Jordan,OL,Offense,4,4,1,14,Ankle,Ankle,False,False,False,False
2024,NE,LeveNi00,Nick Leverett,OL,Offense,6,6,1,12,Ankle,Ankle,False,False,False,False
2024,NE,LoweVe00,Vederian Lowe,OL,Offense,3,4,2,15,Knee,Knee,False,False,False,False
2024,NE,LoweVe00,Vederian Lowe,OL,Offense,7,7,1,11,Ankle,Ankle,False,False,False,False
2024,NE,MapuMa00,Marte Mapu,LB,Defense,1,4,4,17,Lower Leg,Calf,True,False,False,False
2024,NE,MapuMa00,Marte Mapu,LB,Defense,11,11,1,7,Neck,Neck,False,False,False,False
2024,NE,MapuMa00,Marte Mapu,LB,Defense,13,15,2,5,Neck,Neck,False,False,False,False
2024,NE,OsboKJ00,K.J. Osborn,WR,Offense,5,6,2,13,Shoulder,Shoulder,False,False,False,False
2024,NE,PeppJa00,Jabrill Peppers,DB,Defense,5,12,8,13,Shoulder,Shoulder,False,False,False,False
2024,NE,PeppJa00,Jabrill Peppers,DB,Defense,16,18,3,3,Hamstring,Hamstring,True,True,True,False
2024,NE,PolkJa00,Ja'Lynn Polk,WR,Offense,8,8,1,10,Head / Concussion,Concussion,False,False,False,False
2024,NE,PolkJa00,Ja'Lynn Polk,WR,Offense,18,18,1,1,Shoulder,Shoulder,True,True,True,False
2024,NE,RobiLa02,Layden Robinson,OL,Offense,6,6,1,12,Ankle,Ankle,False,False,False,False
2024,NE,RobiLa02,Layden Robinson,OL,Offense,8,8,1,10,Ankle,Ankle,False,False,False,False
2024,NE,RoyxJa00,Jaquelin Roy,DL,Defense,11,18,7,7,Neck,Neck,True,True,True,False
2024,NE,SowxSi00,Sidy Sow,OL,Offense,1,3,3,17,Ankle,Ankle,False,False,False,False
2024,NE,StevRh00,Rhamondre Stevenson,RB,Offense,6,6,1,12,Foot / Toe,Foot,False,False,False,False
2024,NE,StraCo01,Cole Strange,OL,Offense,1,15,14,17,Knee,Knee,True,False,False,False
2024,NE,TakiSi00,Sione Takitaki,LB,Defense,1,5,5,17,Knee,Knee,True,False,False,False
2024,NE,TakiSi00,Sione Takitaki,LB,Defense,7,7,1,11,Knee,Knee,False,False,False,False
2024,NE,ThorTy00,Tyquan Thornton,WR,Offense,9,11,3,9,Ankle,Ankle,False,False,False,False
2024,NE,WallCa00,Caedan Wallace,OL,Offense,5,16,11,13,Ankle,Ankle,True,False,False,False
2024,NE,WiseDe00,Deatrich Wise Jr.,DL,Defense,11,12,2,7,Foot / Toe,Foot,False,False,False,False
2024,NE,XimiOs00,Oshane Ximines,LB,Defense,3,18,15,15,Knee,Knee,True,True,True,False
2024,NO,AdebPa00,Paulson Adebo,DB,Defense,8,18,10,10,Unspecified (IR),,True,True,True,False
2024,NO,CarrDe02,Derek Carr,QB,Offense,6,8,3,12,Core / Abdomen,Oblique,False,False,False,False
2024,NO,CarrDe02,Derek Carr,QB,Offense,15,18,4,4,Hand / Wrist,Left Hand,False,True,False,False
2024,NO,DaviDe00,Demario Davis,LB,Defense,4,4,1,14,Hamstring,Hamstring,False,False,False,False
2024,NO,FordJa02,Jaylan Ford,LB,Defense,1,2,2,17,Hamstring,Hamstring,False,False,False,False
2024,NO,FordJa02,Jaylan Ford,LB,Defense,18,18,1,1,Unspecified (IR),,True,True,True,False
2024,NO,GayJWi00,Willie Gay Jr.,LB,Defense,5,5,1,13,Hand / Wrist,Hand,False,False,False,False
2024,NO,GayJWi00,Willie Gay Jr.,LB,Defense,18,18,1,1,Shoulder,Shoulder,False,True,False,False
2024,NO,HarrWi02,Will Harris,DB,Defense,6,9,4,12,Hamstring,Hamstring,True,False,False,False
2024,NO,HillTa00,Taysom Hill,TE,Offense,3,3,1,15,Chest / Ribs,Chest,False,False,False,False
2024,NO,HillTa00,Taysom Hill,TE,Offense,5,7,3,13,Chest / Ribs,Rib,False,False,False,False
2024,NO,HillTa00,Taysom Hill,TE,Offense,14,18,5,5,Knee,Knee,True,True,True,False
2024,NO,HolkDa00,Dallin Holker,TE,Offense,1,4,4,17,Ankle,Ankle,False,False,False,False
2024,NO,JackDM00,D'Marco Jackson,LB,Defense,1,3,3,17,Lower Leg,Calf,False,False,False,False
2024,NO,JackDM00,D'Marco Jackson,LB,Defense,15,18,4,4,Ankle,Ankle,True,True,True,False
2024,NO,KamaAl00,Alvin Kamara,RB,Offense,16,18,3,3,Hip / Groin,Groin,False,True,False,False
2024,NO,KpasTa00,Tanoh Kpassagnon,DL,Defense,1,15,14,17,Achilles,Achilles,True,False,False,False
2024,NO,LattMa01,Marshon Lattimore,DB,Defense,2,2,1,16,Hamstring,Hamstring,False,False,False,False
2024,NO,LattMa01,Marshon Lattimore,DB,Defense,9,9,1,9,Hamstring,Hamstring,False,False,False,False
2024,NO,LemiSh00,Shane Lemieux,OL,Offense,5,9,5,13,Ankle,Ankle,True,False,False,False
2024,NO,McCoEr01,Erik McCoy,OL,Offense,4,10,7,14,Hip / Groin,Groin,True,False,False,False
2024,NO,McCoEr01,Erik McCoy,OL,Offense,13,13,1,6,Hip / Groin,Groin,False,False,False,False
2024,NO,McCoEr01,Erik McCoy,OL,Offense,17,18,2,2,Arm / Elbow,Elbow,True,True,True,False
2024,NO,McKiKo00,Kool-Aid McKinstry,DB,Defense,9,10,2,9,Hamstring,Hamstring,False,False,False,False
2024,NO,MeanBu00,Bub Means,WR,Offense,9,18,9,9,Ankle,Ankle,True,True,True,False
2024,NO,MillKe01,Kendre Miller,RB,Offense,1,6,6,17,Hamstring,Hamstring,True,False,False,False
2024,NO,MillKe01,Kendre Miller,RB,Offense,9,13,4,9,Hamstring,Hamstring,True,False,False,False
2024,NO,MillKe01,Kendre Miller,RB,Offense,18,18,1,1,Head / Concussion,Concussion,False,True,False,False
2024,NO,OlavCh00,Chris Olave,WR,Offense,7,7,1,11,Head / Concussion,Concussion,False,False,False,False
2024,NO,OlavCh00,Chris Olave,WR,Offense,10,18,8,8,Head / Concussion,Concussion,True,True,True,False
2024,NO,PatrLu00,Lucas Patrick,OL,Offense,6,6,1,12,Chest / Ribs,Chest,False,False,False,False
2024,NO,PatrLu00,Lucas Patrick,OL,Offense,10,13,3,8,Ankle,Ankle,False,False,False,False
2024,NO,PatrLu00,Lucas Patrick,OL,Offense,17,18,2,2,Knee,Knee,True,True,True,False
2024,NO,PaytRi00,Rico Payton,DB,Defense,9,9,1,9,Back,Back,False,False,False,False
2024,NO,RidgJo00,John Ridgeway,DL,Defense,9,9,1,9,Core / Abdomen,Oblique,False,False,False,False
2024,NO,RuizCe00,Cesar Ruiz,OL,Offense,4,7,4,14,Knee,Knee,False,False,False,False
2024,NO,SaldNi00,Nick Saldiveri,OL,Offense,8,8,1,10,Shoulder,Shoulder,False,False,False,False
2024,NO,SaldNi00,Nick Saldiveri,OL,Offense,14,18,5,5,Knee,Knee,True,True,True,False
2024,NO,SaunKh00,Khalen Saunders,DL,Defense,1,3,3,17,Lower Leg,Calf,False,False,False,False
2024,NO,SaunKh00,Khalen Saunders,DL,Defense,7,7,1,11,Back,Back,False,False,False,False
2024,NO,SeweNe00,Nephi Sewell,LB,Defense,1,10,10,17,Knee,Knee,True,False,False,False
2024,NO,ShahRa00,Rashid Shaheed,WR,Offense,7,18,11,11,Knee,Knee,True,True,True,False
2024,NO,TurnPa02,Payton Turner,DL,Defense,5,5,1,13,Knee,Knee,False,False,False,False
2024,NO,ValdMa00,Marquez Valdes-Scantling,WR,Offense,16,16,1,3,Chest / Ribs,Chest,False,False,False,False
2024,NO,WernPe00,Pete Werner,LB,Defense,5,7,3,13,Hamstring,Hamstring,False,False,False,False
2024,NO,WernPe00,Pete Werner,LB,Defense,18,18,1,1,Head / Concussion,Concussion,False,True,False,False
2024,NO,WillJa06,Jamaal Williams,RB,Offense,9,11,3,9,Hip / Groin,Groin,False,False,False,False
2024,NO,WilsCe01,Cedrick Wilson Jr.,WR,Offense,8,8,1,10,Hip / Groin,Hip,False,False,False,False
2024,NO,WilsCe01,Cedrick Wilson Jr.,WR,Offense,10,10,1,8,Shoulder,Shoulder,False,False,False,False
2024,NYG,AdamMa00,Matthew Adams,LB,Defense,1,4,4,17,Quad / Thigh,Quadricep,True,False,False,False
2024,NYG,BankDe00,Deonte Banks,DB,Defense,13,15,3,6,Chest / Ribs,Rib,False,False,False,False
2024,NYG,DaviDJ00,D.J. Davidson,DL,Defense,14,18,5,5,Shoulder,Shoulder,True,True,True,False
2024,NYG,DeViTo00,Tommy DeVito,QB,Offense,13,13,1,6,Arm / Elbow,Right Forearm,False,False,False,False
2024,NYG,DeViTo00,Tommy DeVito,QB,Offense,16,18,3,3,Head / Concussion,Concussion,False,True,False,False
2024,NYG,DurdCo00,Cory Durden,DL,Defense,17,17,1,2,Shoulder,Shoulder,False,False,False,False
2024,NYG,ElueJe00,Jermaine Eluemunor,OL,Offense,13,14,2,6,Quad / Thigh,Quadricep,False,False,False,False
2024,NYG,FlotCo00,Cordale Flott,DB,Defense,8,8,1,10,Hip / Groin,Groin,False,False,False,False
2024,NYG,FlotCo00,Cordale Flott,DB,Defense,14,15,2,5,Quad / Thigh,Quadricep,False,False,False,False
2024,NYG,FordBr00,Bryce Ford-Wheaton,WR,Offense,6,6,1,12,Shoulder,Shoulder,False,False,False,False
2024,NYG,FordBr00,Bryce Ford-Wheaton,WR,Offense,9,10,2,9,Achilles,Achilles,False,False,False,False
2024,NYG,HawkTr00,Tre Hawkins,DB,Defense,8,13,5,10,Ankle,Ankle,False,False,False,False
2024,NYG,HawkTr00,Tre Hawkins,DB,Defense,15,18,4,4,Unspecified (IR),,True,True,True,False
2024,NYG,HubbCh00,Chris Hubbard,OL,Offense,14,14,1,5,Knee,Knee,False,False,False,False
2024,NYG,HyatJa00,Jalin Hyatt,WR,Offense,8,8,1,10,Chest / Ribs,Rib,False,False,False,False
2024,NYG,JackAd00,Adoree' Jackson,DB,Defense,4,4,1,14,Lower Leg,Calf,False,False,False,False
2024,NYG,JackAd00,Adoree' Jackson,DB,Defense,7,8,2,11,Neck,Neck,False,False,False,False
2024,NYG,JohnDy00,Dyontae Johnson,LB,Defense,1,16,15,17,Ankle,Ankle,True,False,False,False
2024,NYG,JohnPa02,Patrick Johnson,LB,Defense,16,18,3,3,Knee,Knee,True,True,True,False
2024,NYG,JohnTh00,Theo Johnson,TE,Offense,14,18,5,5,Back,Back,True,True,True,False
2024,NYG,KubaJa00,Jake Kubas,OL,Offense,1,13,12,17,Core / Abdomen,Abdomen,False,False,False,False
2024,NYG,LawrDe03,Dexter Lawrence,DL,Defense,14,18,5,5,Knee,Knee,True,True,True,False
2024,NYG,LaynRa00,Raheem Layne,DB,Defense,17,18,2,2,Knee,Knee,True,True,True,False
2024,NYG,LockDr00,Drew Lock,QB,Offense,1,1,1,17,Core / Abdomen,Abdomen,False,False,False,False
2024,NYG,LockDr00,Drew Lock,QB,Offense,15,15,1,4,Foot / Toe,Heel,False,False,False,False
2024,NYG,McClNi00,Nick McCloud,DB,Defense,2,3,2,16,Knee,Knee,False,False,False,False
2024,NYG,McFaMi01,Micah McFadden,LB,Defense,1,1,1,17,Hip / Groin,Groin,False,False,False,False
2024,NYG,McFaMi01,Micah McFadden,LB,Defense,17,18,2,2,Neck,Neck,False,True,False,False
2024,NYG,MichJo00,John Michael Schmitz,OL,Offense,17,18,2,2,Ankle,Ankle,False,True,False,False
2024,NYG,MuasDa00,Darius Muasau,LB,Defense,2,2,1,16,Knee,Knee,False,False,False,False
2024,NYG,MuasDa00,Darius Muasau,LB,Defense,10,10,1,8,Hamstring,Hamstring,False,False,False,False
2024,NYG,NabeMa00,Malik Nabers,WR,Offense,5,6,2,13,Head / Concussion,Concussion,False,False,False,False
2024,NYG,NealEv00,Evan Neal,OL,Offense,18,18,1,1,Chest / Ribs,Rib,False,True,False,False
2024,NYG,NubiTy00,Tyler Nubin,DB,Defense,15,18,4,4,Knee,Knee,True,True,True,False
2024,NYG,NuneRa00,Rakeem Nunez-Roches,DL,Defense,14,15,2,5,Neck,Neck,False,False,False,False
2024,NYG,OjulAz00,Azeez Ojulari,DL,Defense,13,18,6,6,Foot / Toe,Toe,True,True,True,False
2024,NYG,OkerBo00,Bobby Okereke,LB,Defense,14,18,5,5,Back,Back,True,True,True,False
2024,NYG,PhilAn02,Andru Phillips,DB,Defense,4,4,1,14,Lower Leg,Calf,False,False,False,False
2024,NYG,PhilAn02,Andru Phillips,DB,Defense,14,15,2,5,Shoulder,Shoulder,False,False,False,False
2024,NYG,PinnJa01,Jason Pinnock,DB,Defense,10,10,1,8,Core / Abdomen,Abdomen,False,False,False,False
2024,NYG,RunyJo00,Jon Runyan Jr.,OL,Offense,15,18,4,4,Ankle,Ankle,True,True,True,False
2024,NYG,SchlAu00,Austin Schlottmann,OL,Offense,1,17,16,17,Lower Leg,Fibula,True,False,False,False
2024,NYG,SingDe00,Devin Singletary,RB,Offense,5,6,2,13,Hip / Groin,Groin,False,False,False,False
2024,NYG,SlayDa01,Darius Slayton,WR,Offense,10,10,1,8,Head / Concussion,Concussion,False,False,False,False
2024,NYG,StinAa00,Aaron Stinnie,OL,Offense,16,16,1,3,Head / Concussion,Concussion,False,False,False,False
2024,NYG,StroGr00,Greg Stroman,DB,Defense,16,18,3,3,Shoulder,Shoulder,False,True,False,False
2024,NYG,SummTy00,Ty Summers,LB,Defense,8,8,1,10,Ankle,Ankle,False,False,False,False
2024,NYG,ThibKa00,Kayvon Thibodeaux,LB,Defense,6,10,5,12,Hand / Wrist,Wrist,True,False,False,False
2024,NYG,ThomAn02,Andrew Thomas,OL,Offense,7,18,11,11,Foot / Toe,Foot,True,True,True,False
2024,NYG,WattAr01,Armon Watts,DL,Defense,13,16,4,6,Shoulder,Shoulder,True,False,False,False
2024,NYG,WattAr01,Armon Watts,DL,Defense,18,18,1,1,Knee,Knee,True,True,True,False
2024,NYG,WillDe11,Dee Williams,WR,Offense,16,18,3,3,Foot / Toe,Toe,False,True,False,False
2024,NYJ,AdamTo03,Tony Adams,DB,Defense,8,9,2,10,Hamstring,Hamstring,False,False,False,False
2024,NYJ,BernJa01,Jarrick Bernard-Converse,DB,Defense,1,1,1,17,Hip / Groin,Groin,False,False,False,False
2024,NYJ,CartMi02,Michael Carter II,DB,Defense,6,7,2,12,Back,Back,False,False,False,False
2024,NYJ,CartMi02,Michael Carter II,DB,Defense,16,16,1,3,Back,Back,False,False,False,False
2024,NYJ,CharIr00,Irvin Charles,WR,Offense,15,18,4,4,Unspecified (IR),,True,True,True,False
2024,NYJ,ClarCh00,Chuck Clark,DB,Defense,7,10,4,11,Ankle,Ankle,True,False,False,False
2024,NYJ,ClarCh00,Chuck Clark,DB,Defense,18,18,1,1,Unspecified (IR),,True,True,True,False
2024,NYJ,CorlMa00,Malachi Corley,WR,Offense,18,18,1,1,Arm / Elbow,Elbow,False,True,False,False
2024,NYJ,DaviAs00,Ashtyn Davis,DB,Defense,8,9,2,10,Head / Concussion,Concussion,False,False,False,False
2024,NYJ,EchoBr00,Brandin Echols,DB,Defense,15,15,1,4,Shoulder,Shoulder,False,False,False,False
2024,NYJ,FashOl00,Olumuyiwa Fashanu,OL,Offense,17,18,2,2,Unspecified (IR),,True,True,True,False
2024,NYJ,FotuLe00,Leki Fotu,DL,Defense,1,5,5,17,Hamstring,Hamstring,True,False,False,False
2024,NYJ,FotuLe00,Leki Fotu,DL,Defense,8,18,10,10,Knee,Knee,True,True,True,False
2024,NYJ,GardSa00,Sauce Gardner,DB,Defense,14,14,1,5,Hamstring,Hamstring,False,False,False,False
2024,NYJ,GardSa00,Sauce Gardner,DB,Defense,18,18,1,1,Hamstring,Hamstring,True,True,True,False
2024,NYJ,HallBr03,Breece Hall,RB,Offense,14,14,1,5,Knee,Knee,False,False,False,False
2024,NYJ,HansJa00,Jake Hanson,OL,Offense,10,13,3,8,Hamstring,Hamstring,False,False,False,False
2024,NYJ,JohnJe07,Jermaine Johnson II,LB,Defense,3,18,15,15,Achilles,Achilles,True,True,True,False
2024,NYJ,LazaAl00,Allen Lazard,WR,Offense,8,13,5,10,Chest / Ribs,Chest,True,False,False,False
2024,NYJ,McGoCo00,Connor McGovern,OL,Offense,2,11,10,16,Back,Back,False,False,False,False
2024,NYJ,McGrBr00,Braiden McGregor,DL,Defense,17,18,2,2,Ankle,Ankle,False,True,False,False
2024,NYJ,MillJa02,Jalen Mills,DB,Defense,16,18,3,3,Unspecified (IR),,True,True,True,False
2024,NYJ,MitcMa02,Max Mitchell,OL,Offense,1,3,3,17,Shoulder,Shoulder,False,False,False,False
2024,NYJ,MoseMo00,Morgan Moses,OL,Offense,4,5,2,14,Knee,Knee,False,False,False,False
2024,NYJ,MoseMo00,Morgan Moses,OL,Offense,18,18,1,1,Knee,Knee,False,True,False,False
2024,NYJ,MoslC.00,C.J. Mosley,LB,Defense,3,5,3,15,Foot / Toe,Toe,False,False,False,False
2024,NYJ,MoslC.00,C.J. Mosley,LB,Defense,8,18,10,10,Neck,Neck,True,True,True,False
2024,NYJ,NewmXa00,Xavier Newman-Johnson,OL,Offense,8,11,4,10,Head / Concussion,Concussion,True,False,False,False
2024,NYJ,NewmXa00,Xavier Newman-Johnson,OL,Offense,14,17,4,5,Hip / Groin,Groin,False,False,False,False
2024,NYJ,NwanKe00,Kene Nwangwu,RB,Offense,15,18,4,4,Hand / Wrist,Hand,True,True,True,False
2024,NYJ,ReedD.00,D.J. Reed,DB,Defense,2,2,1,16,Knee,Knee,False,False,False,False
2024,NYJ,ReedD.00,D.J. Reed,DB,Defense,7,7,1,11,Hip / Groin,Groin,False,False,False,False
2024,NYJ,ReedD.00,D.J. Reed,DB,Defense,15,15,1,4,Hip / Groin,Groin,False,False,False,False
2024,NYJ,SchwWe00,Wes Schweitzer,OL,Offense,1,13,12,17,Hand / Wrist,Hand,True,False,False,False
2024,NYJ,SmitTy00,Tyron Smith,OL,Offense,11,18,7,7,Neck,Neck,True,True,True,False
2024,NYJ,ThomSo00,Solomon Thomas,DL,Defense,10,10,1,8,Knee,Knee,False,False,False,False
2024,NYJ,VeraAl00,Alijah Vera-Tucker,OL,Offense,8,9,2,10,Ankle,Ankle,False,False,False,False
2024,NYJ,WillQu00,Quinnen Williams,DL,Defense,16,16,1,3,Hamstring,Hamstring,False,False,False,False
2024,NYJ,YeboKe00,Kenny Yeboah,TE,Offense,1,8,8,17,Core / Abdomen,Abdomen,True,False,False,False
2024,PHI,BectMe00,Mekhi Becton,OL,Offense,8,8,1,11,Head / Concussion,Concussion,False,False,False,False
2024,PHI,BlanRe00,Reed Blankenship,DB,Defense,14,14,1,5,Head / Concussion,Concussion,False,False,False,False
2024,PHI,BrowAJ00,A.J. Brown,WR,Offense,2,4,3,16,Hamstring,Hamstring,False,False,False,False
2024,PHI,BrowAJ00,A.J. Brown,WR,Offense,18,18,1,1,Knee,Knee,False,True,False,False
2024,PHI,BrowSy00,Sydney Brown,DB,Defense,1,6,5,17,Knee,Knee,True,False,False,False
2024,PHI,BrowSy00,Sydney Brown,DB,Defense,14,14,1,5,Knee,Knee,False,False,False,False
2024,PHI,CoveBr00,Britain Covey,WR,Offense,4,11,7,14,Shoulder,Shoulder,True,False,False,False
2024,PHI,CoveBr00,Britain Covey,WR,Offense,14,18,5,5,Neck,Neck,True,True,True,False
2024,PHI,DeanNa00,Nakobe Dean,LB,Defense,17,18,2,2,Core / Abdomen,Abdomen,False,True,False,False
2024,PHI,GoedDa00,Dallas Goedert,TE,Offense,7,9,3,12,Hamstring,Hamstring,False,False,False,False
2024,PHI,GoedDa00,Dallas Goedert,TE,Offense,14,17,4,5,Knee,Knee,True,False,False,False
2024,PHI,GrahBr99,Brandon Graham,DL,Defense,13,18,6,6,Unspecified (IR),,True,True,True,False
2024,PHI,HuffBr00,Bryce Huff,DL,Defense,12,16,5,7,Hand / Wrist,Wrist,True,False,False,False
2024,PHI,HurtJa00,Jalen Hurts,QB,Offense,17,18,2,2,Head / Concussion,Concussion,False,True,False,False
2024,PHI,JohnLa01,Lane Johnson,OL,Offense,4,4,1,14,Head / Concussion,Concussion,False,False,False,False
2024,PHI,MailJo00,Jordan Mailata,OL,Offense,7,10,4,12,Hamstring,Hamstring,True,False,False,False
2024,PHI,PickKe00,Kenny Pickett,QB,Offense,18,18,1,1,Chest / Ribs,Ribs,False,True,False,False
2024,PHI,RickEl00,Eli Ricks,DB,Defense,6,8,3,13,Hip / Groin,Groin,False,False,False,False
2024,PHI,RodgIs00,Isaiah Rodgers,DB,Defense,1,2,2,17,Hand / Wrist,Hand,False,False,False,False
2024,PHI,ShipWi00,Will Shipley,RB,Offense,17,17,1,2,Head / Concussion,Concussion,False,False,False,False
2024,PHI,SlayDa00,Darius Slay,DB,Defense,9,9,1,10,Hip / Groin,Groin,False,False,False,False
2024,PHI,SlayDa00,Darius Slay,DB,Defense,13,13,1,6,Head / Concussion,Concussion,False,False,False,False
2024,PHI,SmitAi00,Ainias Smith,WR,Offense,1,7,6,17,Ankle,Ankle,True,False,False,False
2024,PHI,SmitDe07,DeVonta Smith,WR,Offense,4,4,1,14,Head / Concussion,Concussion,False,False,False,False
2024,PHI,SmitDe07,DeVonta Smith,WR,Offense,12,13,2,7,Hamstring,Hamstring,False,False,False,False
2024,PHI,SmitDe07,DeVonta Smith,WR,Offense,18,18,1,1,Hand / Wrist,Wrist,False,True,False,False
2024,PHI,UzomC.00,C.J. Uzomah,TE,Offense,18,18,1,1,Unspecified (IR),,True,True,True,False
2024,PHI,VanSBe00,Ben VanSumeren,LB,Defense,13,18,6,6,Knee,Knee,True,True,True,False
2024,PHI,WilsJo03,Johnny Wilson,WR,Offense,13,13,1,6,Hamstring,Hamstring,False,False,False,False
2024,PIT,AdamMo00,Montravius Adams,DL,Defense,8,14,6,10,Knee,Knee,True,False,False,False
2024,PIT,AndeCa00,Calvin Anderson,OL,Offense,11,18,8,8,Hip / Groin,Groin,True,True,True,False
2024,PIT,DaniJa01,James Daniels,OL,Offense,5,18,13,13,Unspecified (IR),,True,True,True,False
2024,PIT,ElliDe02,DeShon Elliott,DB,Defense,15,16,2,4,Hamstring,Hamstring,False,False,False,False
2024,PIT,FautTr00,Troy Fautanu,OL,Offense,1,1,1,17,Knee,Knee,False,False,False,False
2024,PIT,FautTr00,Troy Fautanu,OL,Offense,3,18,15,15,Knee,Knee,True,True,True,False
2024,PIT,FielJu00,Justin Fields,QB,Offense,7,10,3,11,Hamstring,Hamstring,False,False,False,False
2024,PIT,FielJu00,Justin Fields,QB,Offense,16,18,3,3,Core / Abdomen,Abdomen,False,True,False,False
2024,PIT,FrazZa00,Zach Frazier,OL,Offense,7,8,2,11,Ankle,Ankle,False,False,False,False
2024,PIT,HerbNi00,Nick Herbig,LB,Defense,6,10,4,12,Hamstring,Hamstring,False,False,False,False
2024,PIT,HighAl02,Alex Highsmith,LB,Defense,4,6,3,14,Hip / Groin,Groin,False,False,False,False
2024,PIT,HighAl02,Alex Highsmith,LB,Defense,11,13,3,8,Ankle,Ankle,False,False,False,False
2024,PIT,JackDo02,Donte Jackson,DB,Defense,16,16,1,3,Back,Back,False,False,False,False
2024,PIT,JackDo02,Donte Jackson,DB,Defense,18,18,1,1,Back,Back,False,True,False,False
2024,PIT,KazeDa00,Damontae Kazee,DB,Defense,6,7,2,12,Ankle,Ankle,False,False,False,False
2024,PIT,LealDe00,DeMarvin Leal,DL,Defense,6,18,12,12,Neck,Neck,True,True,True,False
2024,PIT,MataTy00,Tyler Matakevich,LB,Defense,3,8,6,15,Hamstring,Hamstring,True,False,False,False
2024,PIT,MoonJe00,Jeremiah Moon,LB,Defense,1,4,4,17,Ankle,Ankle,True,False,False,False
2024,PIT,OgunLa00,Larry Ogunjobi,DL,Defense,15,16,2,4,Hip / Groin,Groin,False,False,False,False
2024,PIT,PattCo00,Cordarrelle Patterson,RB,Offense,5,8,4,13,Ankle,Ankle,False,False,False,False
2024,PIT,PickGe00,George Pickens,WR,Offense,14,16,3,5,Hamstring,Hamstring,False,False,False,False
2024,PIT,PortJo02,Joey Porter Jr.,DB,Defense,17,17,1,2,Knee,Knee,False,False,False,False
2024,PIT,PruiMy00,MyCole Pruitt,TE,Offense,3,6,4,15,Knee,Knee,False,False,False,False
2024,PIT,PruiMy00,MyCole Pruitt,TE,Offense,11,11,1,8,Knee,Knee,False,False,False,False
2024,PIT,SeumIs00,Isaac Seumalo,OL,Offense,1,4,4,17,Chest / Ribs,Pectoral,False,False,False,False
2024,PIT,SkowBe00,Ben Skowronek,WR,Offense,3,8,6,15,Shoulder,Shoulder,True,False,False,False
2024,PIT,SkowBe00,Ben Skowronek,WR,Offense,17,17,1,2,Hip / Groin,Hip,False,False,False,False
2024,PIT,TricCo00,Cory Trice,DB,Defense,4,15,11,14,Hamstring,Hamstring,True,False,False,False
2024,PIT,WarrJa01,Jaylen Warren,RB,Offense,4,5,2,14,Knee,Knee,False,False,False,False
2024,PIT,WilsRo02,Roman Wilson,WR,Offense,1,5,5,17,Ankle,Ankle,False,False,False,False
2024,PIT,WilsRo02,Roman Wilson,WR,Offense,7,18,11,11,Hamstring,Hamstring,True,True,True,False
2024,PIT,WilsRu00,Russell Wilson,QB,Offense,1,6,6,17,Lower Leg,Calf,False,False,False,False
2024,SEA,BakeJe00,Jerome Baker,LB,Defense,3,4,2,15,Hamstring,Hamstring,False,False,False,False
2024,SEA,BradAn00,Anthony Bradford,OL,Offense,13,18,6,6,Unspecified (IR),,True,True,True,False
2024,SEA,BrowPh01,Pharaoh Brown,TE,Offense,1,2,2,17,Foot / Toe,Foot,False,False,False,False
2024,SEA,BrowTr03,Tre Brown,DB,Defense,7,8,2,11,Ankle,Ankle,False,False,False,False
2024,SEA,BrowTr03,Tre Brown,DB,Defense,14,15,2,5,Hamstring,Hamstring,False,False,False,False
2024,SEA,BurnAr00,Artie Burns,DB,Defense,7,15,8,11,Foot / Toe,Toe,True,False,False,False
2024,SEA,FantGe00,George Fant,OL,Offense,2,8,7,16,Knee,Knee,True,False,False,False
2024,SEA,FantGe00,George Fant,OL,Offense,11,18,8,8,Unspecified (IR),,True,True,True,False
2024,SEA,FantNo00,Noah Fant,TE,Offense,9,12,3,9,Hip / Groin,Groin,False,False,False,False
2024,SEA,FinlAJ00,AJ Finley,DB,Defense,13,14,2,6,Ankle,Ankle,False,False,False,False
2024,SEA,ForsSt00,Stone Forsythe,OL,Offense,7,15,8,11,Hand / Wrist,Hand,True,False,False,False
2024,SEA,GipsTr00,Trevis Gipson,LB,Defense,6,18,12,12,Ankle,Ankle,True,True,True,False
2024,SEA,JenkRa00,Rayshawn Jenkins,DB,Defense,7,11,4,11,Hand / Wrist,Hand,True,False,False,False
2024,SEA,JobeJo00,Josh Jobe,DB,Defense,18,18,1,1,Knee,Knee,True,True,True,False
2024,SEA,KnigTy00,Tyrice Knight,LB,Defense,5,5,1,13,Knee,Knee,False,False,False,False
2024,SEA,LucaAb00,Abraham Lucas,OL,Offense,1,9,9,17,Knee,Knee,True,False,False,False
2024,SEA,LucaAb00,Abraham Lucas,OL,Offense,18,18,1,1,Core / Abdomen,Abdomen,True,True,True,False
2024,SEA,MafeBo00,Boye Mafe,LB,Defense,4,5,2,14,Knee,Knee,False,False,False,False
2024,SEA,MetcDK00,D.K. Metcalf,WR,Offense,8,9,2,10,Knee,Knee,False,False,False,False
2024,SEA,MorrMi00,Mike Morris,DL,Defense,8,8,1,10,Ankle,Ankle,False,False,False,False
2024,SEA,MurpBy01,Byron Murphy,DL,Defense,4,6,3,14,Hamstring,Hamstring,False,False,False,False
2024,SEA,NwosUc00,Uchenna Nwosu,LB,Defense,1,4,4,17,Knee,Knee,False,False,False,False
2024,SEA,NwosUc00,Uchenna Nwosu,LB,Defense,6,13,7,12,Quad / Thigh,Thigh,True,False,False,False
2024,SEA,PritNe00,Nehemiah Pritchett,DB,Defense,8,13,5,10,Ankle,Ankle,False,False,False,False
2024,SEA,ReedJe00,Jerrick Reed,DB,Defense,1,7,7,17,Knee,Knee,True,False,False,False
2024,SEA,ReedJe00,Jerrick Reed,DB,Defense,15,18,4,4,Quad / Thigh,Quadricep,True,True,True,False
2024,SEA,RussBr00,Brady Russell,TE,Offense,11,12,2,8,Foot / Toe,Foot,False,False,False,False
2024,SEA,RussBr00,Brady Russell,TE,Offense,15,18,4,4,Foot / Toe,Foot,True,True,True,False
2024,SEA,ShenLa00,Laviska Shenault Jr.,WR,Offense,12,12,1,7,Back,Back,False,False,False,False
2024,SEA,WalkKe00,Kenneth Walker III,RB,Offense,2,3,2,16,Core / Abdomen,Oblique,False,False,False,False
2024,SEA,WalkKe00,Kenneth Walker III,RB,Offense,14,15,2,5,Ankle,Ankle,False,False,False,False
2024,SEA,WalkKe00,Kenneth Walker III,RB,Offense,17,18,2,2,Ankle,Ankle,True,True,True,False
2024,SEA,WallKV00,K'Von Wallace,DB,Defense,11,18,8,8,Ankle,Ankle,True,True,True,False
2024,SEA,WillLe02,Leonard Williams,DL,Defense,4,4,1,14,Chest / Ribs,Ribs,False,False,False,False
2024,SEA,WoolTa00,Riq Woolen,DB,Defense,6,7,2,12,Ankle,Ankle,False,False,False,False
2024,SEA,YounCa00,Cameron Young,DL,Defense,1,5,5,17,Knee,Knee,True,False,False,False
2024,SEA,YounCa00,Cameron Young,DL,Defense,7,18,11,11,Knee,Knee,True,True,True,False
2024,SF,AiyuBr00,Brandon Aiyuk,WR,Offense,8,18,10,10,Unspecified (IR),,True,True,True,False
2024,SF,AlleBr00,Brandon Allen,QB,Offense,2,11,9,16,Hand / Wrist,Left Finger,False,False,False,False
2024,SF,BankAa00,Aaron Banks,OL,Offense,13,14,2,6,Head / Concussion,Concussion,False,False,False,False
2024,SF,BankAa00,Aaron Banks,OL,Offense,17,18,2,2,Knee,Knee,True,True,True,False
2024,SF,BartBe00,Ben Bartch,OL,Offense,15,18,4,4,Ankle,Ankle,True,True,True,False
2024,SF,BealRo00,Robert Beal,DL,Defense,16,18,3,3,Ankle,Ankle,False,True,False,False
2024,SF,BethTa00,Tatum Bethune,LB,Defense,12,16,5,7,Knee,Knee,True,False,False,False
2024,SF,BosaNi00,Nick Bosa,DL,Defense,12,14,3,7,Hip / Groin,Hip,False,False,False,False
2024,SF,BurfSp00,Spencer Burford,OL,Offense,17,18,2,2,Lower Leg,Calf,True,True,True,False
2024,SF,ConlCh00,Chris Conley,WR,Offense,5,5,1,13,Core / Abdomen,Oblique,False,False,False,False
2024,SF,ConlCh00,Chris Conley,WR,Offense,10,10,1,9,Hamstring,Hamstring,False,False,False,False
2024,SF,CowiJa00,Jacob Cowing,WR,Offense,5,5,1,13,Shoulder,Shoulder,False,False,False,False
2024,SF,CowiJa00,Jacob Cowing,WR,Offense,12,12,1,7,Head / Concussion,Concussion,False,False,False,False
2024,SF,DaviKa01,Kalia Davis,DL,Defense,1,4,4,17,Knee,Knee,True,False,False,False
2024,SF,DaviKh00,Khalil Davis,DL,Defense,15,18,4,4,Knee,Knee,False,True,False,False
2024,SF,ElliJo02,Jordan Elliott,DL,Defense,6,6,1,12,Knee,Knee,False,False,False,False
2024,SF,ElliJo02,Jordan Elliott,DL,Defense,13,13,1,6,Head / Concussion,Concussion,False,False,False,False
2024,SF,FlanDe00,Demetrius Flannigan-Fowles,LB,Defense,5,6,2,13,Lower Leg,Calf,False,False,False,False
2024,SF,FlanDe00,Demetrius Flannigan-Fowles,LB,Defense,13,14,2,6,Knee,Knee,False,False,False,False
2024,SF,FlanDe00,Demetrius Flannigan-Fowles,LB,Defense,18,18,1,1,Lower Leg,Calf,True,True,True,False
2024,SF,GiveKe01,Kevin Givens,DL,Defense,8,12,4,10,Hip / Groin,Groin,False,False,False,False
2024,SF,GiveKe01,Kevin Givens,DL,Defense,14,18,5,5,Hip / Groin,Groin,True,True,True,False
2024,SF,GreeDr00,Dre Greenlaw,LB,Defense,1,14,13,17,Achilles,Achilles,True,False,False,False
2024,SF,GreeDr00,Dre Greenlaw,LB,Defense,17,18,2,2,Lower Leg,Calf,True,True,True,False
2024,SF,GrosYe00,Yetur Gross-Matos,LB,Defense,1,1,1,17,Knee,Knee,False,False,False,False
2024,SF,GrosYe00,Yetur Gross-Matos,LB,Defense,5,10,5,13,Knee,Knee,True,False,False,False
2024,SF,GuerIs00,Isaac Guerendo,RB,Offense,16,16,1,3,Foot / Toe,Foot,False,False,False,False
2024,SF,HargJa00,Javon Hargrave,DL,Defense,4,18,14,14,Arm / Elbow,Triceps,True,True,True,False
2024,SF,HufaTa00,Talanoa Hufanga,DB,Defense,1,2,2,17,Knee,Knee,False,False,False,False
2024,SF,HufaTa00,Talanoa Hufanga,DB,Defense,4,4,1,14,Ankle,Ankle,False,False,False,False
2024,SF,HufaTa00,Talanoa Hufanga,DB,Defense,6,13,7,12,Hand / Wrist,Wrist,True,False,False,False
2024,SF,JennJa00,Jauan Jennings,WR,Offense,7,8,2,11,Hip / Groin,Hip,False,False,False,False
2024,SF,KittGe00,George Kittle,TE,Offense,3,3,1,15,Hamstring,Hamstring,False,False,False,False
2024,SF,KittGe00,George Kittle,TE,Offense,11,11,1,8,Hamstring,Hamstring,False,False,False,False
2024,SF,LenoDe00,Deommodore Lenoir,DB,Defense,13,13,1,6,Knee,Knee,False,False,False,False
2024,SF,LenoDe00,Deommodore Lenoir,DB,Defense,18,18,1,1,Shoulder,Shoulder,False,True,False,False
2024,SF,LuteDa00,Darrell Luter,DB,Defense,7,7,1,11,Hip / Groin,Pelvis,False,False,False,False
2024,SF,LuteDa00,Darrell Luter,DB,Defense,11,18,8,8,Hip / Groin,Pelvis,True,True,True,False
2024,SF,MasoJo00,Jordan Mason,RB,Offense,14,18,5,5,Ankle,Ankle,True,True,True,False
2024,SF,McCaCh01,Christian McCaffrey,RB,Offense,1,8,8,17,Lower Leg,Calf,True,False,False,False
2024,SF,McCaCh01,Christian McCaffrey,RB,Offense,14,18,5,5,Unspecified (IR),,True,True,True,False
2024,SF,MoorJa04,Jaylon Moore,OL,Offense,17,18,2,2,Hip / Groin,Hip,True,True,True,False
2024,SF,MustMa00,Malik Mustapha,DB,Defense,15,15,1,4,Chest / Ribs,Chest,False,False,False,False
2024,SF,OdumGe00,George Odum,DB,Defense,14,18,5,5,Knee,Knee,True,True,True,False
2024,SF,PearRi00,Ricky Pearsall,WR,Offense,1,6,6,17,Chest / Ribs,Chest,True,False,False,False
2024,SF,PurdBr00,Brock Purdy,QB,Offense,12,12,1,7,Shoulder,Right Shoulder,False,False,False,False
2024,SF,PurdBr00,Brock Purdy,QB,Offense,18,18,1,1,Arm / Elbow,Right Elbow,False,True,False,False
2024,SF,RobiCu00,Curtis Robinson,LB,Defense,4,18,14,14,Knee,Knee,True,True,True,False
2024,SF,SamuDe00,Deebo Samuel,WR,Offense,3,3,1,15,Lower Leg,Calf,False,False,False,False
2024,SF,SamuDe00,Deebo Samuel,WR,Offense,18,18,1,1,Chest / Ribs,Ribs,False,True,False,False
2024,SF,WardCh01,Charvarius Ward,DB,Defense,6,6,1,12,Knee,Knee,False,False,False,False
2024,SF,WillTr21,Trent Williams,OL,Offense,12,18,7,7,Ankle,Ankle,True,True,True,False
2024,SF,WintDe00,Dee Winters,LB,Defense,1,2,2,17,Ankle,Ankle,False,False,False,False
2024,TB,BartGr00,Graham Barton,OL,Offense,6,6,1,12,Hamstring,Hamstring,False,False,False,False
2024,TB,BritKJ00,K.J. Britt,LB,Defense,14,16,3,5,Ankle,Ankle,False,False,False,False
2024,TB,BrowEa00,Earnest Brown IV,DL,Defense,1,6,6,17,Chest / Ribs,Ribs,True,False,False,False
2024,TB,DeanJa00,Jamel Dean,DB,Defense,7,10,4,11,Hamstring,Hamstring,True,False,False,False
2024,TB,DeanJa00,Jamel Dean,DB,Defense,18,18,1,1,Knee,Knee,False,True,False,False
2024,TB,DennSi00,SirVocea Dennis,LB,Defense,5,18,13,13,Shoulder,Shoulder,True,True,True,False
2024,TB,DurhPa00,Payne Durham,TE,Offense,7,7,1,11,Lower Leg,Calf,False,False,False,False
2024,TB,EdwaMi01,Mike Edwards,DB,Defense,14,15,2,5,Hamstring,Hamstring,False,False,False,False
2024,TB,EvanMi00,Mike Evans,WR,Offense,8,10,3,10,Hamstring,Hamstring,False,False,False,False
2024,TB,FundTy00,Tyrek Funderburk,DB,Defense,1,1,1,17,Foot / Toe,Foot,False,False,False,False
2024,TB,GainGr00,Greg Gaines,DL,Defense,8,9,2,10,Lower Leg,Calf,False,False,False,False
2024,TB,GodwCh00,Chris Godwin,WR,Offense,8,18,10,10,Unspecified (IR),,True,True,True,False
2024,TB,GoedLu00,Luke Goedeke,OL,Offense,2,5,4,16,Head / Concussion,Concussion,False,False,False,False
2024,TB,HallBr02,Bryce Hall,DB,Defense,2,18,16,16,Unspecified (IR),,True,True,True,False
2024,TB,HallLo00,Logan Hall,DL,Defense,1,1,1,17,Foot / Toe,Foot,False,False,False,False
2024,TB,HayeJo01,Josh Hayes,DB,Defense,2,2,1,16,Ankle,Ankle,False,False,False,False
2024,TB,HayeJo01,Josh Hayes,DB,Defense,14,14,1,5,Hamstring,Hamstring,False,False,False,False
2024,TB,HillTr01,Troy Hill,DB,Defense,14,18,5,5,Foot / Toe,Foot,True,True,True,False
2024,TB,IzieCh00,Christian Izien,DB,Defense,6,6,1,12,Arm / Elbow,Elbow,False,False,False,False
2024,TB,IzieCh00,Christian Izien,DB,Defense,17,18,2,2,Chest / Ribs,Pectoral,True,True,True,False
2024,TB,JarrRa00,Rakim Jarrett,WR,Offense,1,7,7,17,Knee,Knee,True,False,False,False
2024,TB,JohnKa01,Kameron Johnson,WR,Offense,3,3,1,15,Ankle,Ankle,False,False,False,False
2024,TB,JohnKa01,Kameron Johnson,WR,Offense,6,16,10,12,Ankle,Ankle,True,False,False,False
2024,TB,KancCa00,Calijah Kancey,DL,Defense,1,5,5,17,Lower Leg,Calf,False,False,False,False
2024,TB,McMiJa01,Jalen McMillan,WR,Offense,4,5,2,14,Hamstring,Hamstring,False,False,False,False
2024,TB,McMiJa01,Jalen McMillan,WR,Offense,9,10,2,9,Hamstring,Hamstring,False,False,False,False
2024,TB,MerrKa00,Kaevon Merriweather,DB,Defense,1,1,1,17,Knee,Knee,False,False,False,False
2024,TB,OttoCa00,Cade Otton,TE,Offense,16,18,3,3,Knee,Knee,False,True,False,False
2024,TB,PalmTr00,Trey Palmer,WR,Offense,5,6,2,13,Head / Concussion,Concussion,False,False,False,False
2024,TB,RussJJ00,J.J. Russell,LB,Defense,14,14,1,5,Hamstring,Hamstring,False,False,False,False
2024,TB,ShepSt00,Sterling Shepard,WR,Offense,17,17,1,2,Hamstring,Hamstring,False,False,False,False
2024,TB,SmitTy05,Tykee Smith,DB,Defense,8,8,1,10,Head / Concussion,Concussion,False,False,False,False
2024,TB,SmitTy05,Tykee Smith,DB,Defense,10,13,3,8,Knee,Knee,False,False,False,False
2024,TB,TryoJo00,Joe Tryon-Shoyinka,LB,Defense,13,14,2,6,Ankle,Ankle,False,False,False,False
2024,TB,VeaxVi00,Vita Vea,DL,Defense,3,3,1,15,Knee,Knee,False,False,False,False
2024,TB,WattMa00,Markees Watts,LB,Defense,6,18,12,12,Knee,Knee,True,True,True,False
2024,TB,WhitJo03,Jordan Whitehead,DB,Defense,13,16,4,6,Chest / Ribs,Pectoral,True,False,False,False
2024,TB,WhitJo03,Jordan Whitehead,DB,Defense,18,18,1,1,Neck,Neck,True,True,True,False
2024,TB,WhitRa01,Rachaad White,RB,Offense,6,6,1,12,Foot / Toe,Foot,False,False,False,False
2024,TB,WinfAn00,Antoine Winfield Jr.,DB,Defense,2,5,4,16,Foot / Toe,Foot,False,False,False,False
2024,TB,WinfAn00,Antoine Winfield Jr.,DB,Defense,15,18,4,4,Knee,Knee,False,True,False,False
2024,TB,WirfTr00,Tristan Wirfs,OL,Offense,12,12,1,7,Knee,Knee,False,False,False,False
2024,TEN,AdamJa00,Jamal Adams,DB,Defense,1,1,1,17,Hip / Groin,Hip,False,False,False,False
2024,TEN,AdamJa00,Jamal Adams,DB,Defense,6,7,2,13,Hip / Groin,Hip,True,False,False,False
2024,TEN,AverTr01,Tre Avery,DB,Defense,9,9,1,10,Hamstring,Hamstring,False,False,False,False
2024,TEN,AwuzCh00,Chidobe Awuzie,DB,Defense,4,13,9,14,Hip / Groin,Groin,True,False,False,False
2024,TEN,BakeJe00,Jerome Baker,LB,Defense,14,16,3,5,Neck,Neck,False,False,False,False
2024,TEN,BoydTy00,Tyler Boyd,WR,Offense,18,18,1,1,Foot / Toe,Foot,False,True,False,False
2024,TEN,BrusLo00,Logan Bruss,OL,Offense,14,18,5,5,Knee,Knee,True,True,True,False
2024,TEN,BurkTr00,Treylon Burks,WR,Offense,7,18,12,12,Knee,Knee,True,True,True,False
2024,TEN,CobuKe00,Keondre Coburn,DL,Defense,6,7,2,13,Knee,Knee,False,False,False,False
2024,TEN,CushLl00,Lloyd Cushenberry III,OL,Offense,10,18,9,9,Ankle,Ankle,True,True,True,False
2024,TEN,DiggQu00,Quandre Diggs,DB,Defense,10,18,9,9,Foot / Toe,Foot,True,True,True,False
2024,TEN,DuncJa00,Jaelyn Duncan,OL,Offense,4,6,2,14,Shoulder,Shoulder,False,False,False,False
2024,TEN,DuncJa00,Jaelyn Duncan,OL,Offense,8,16,9,11,Hamstring,Hamstring,True,False,False,False
2024,TEN,DuncJa00,Jaelyn Duncan,OL,Offense,18,18,1,1,Shoulder,Shoulder,False,True,False,False
2024,TEN,GibbJa00,Jack Gibbens,LB,Defense,12,18,7,7,Ankle,Ankle,True,True,True,False
2024,TEN,GiffLu00,Luke Gifford,LB,Defense,16,16,1,3,Head / Concussion,Concussion,False,False,False,False
2024,TEN,GrayCe00,Cedric Gray,LB,Defense,1,11,10,17,Shoulder,Shoulder,True,False,False,False
2024,TEN,HardJu01,Justin Hardee,DB,Defense,11,11,1,8,Hip / Groin,Groin,False,False,False,False
2024,TEN,HookAm00,Amani Hooker,DB,Defense,17,18,2,2,Shoulder,Shoulder,False,True,False,False
2024,TEN,KeyxAr00,Arden Key,LB,Defense,18,18,1,1,Hand / Wrist,Hand,False,True,False,False
2024,TEN,LeviWi00,Will Levis,QB,Offense,7,9,3,12,Shoulder,Right Shoulder,False,False,False,False
2024,TEN,LeviWi00,Will Levis,QB,Offense,16,17,2,3,Shoulder,Right Shoulder,False,False,False,False
2024,TEN,McCrRo01,Roger McCreary,DB,Defense,14,15,2,5,Shoulder,Shoulder,False,False,False,False
2024,TEN,MurrKe00,Kenneth Murray,LB,Defense,14,14,1,5,Hamstring,Hamstring,False,False,False,False
2024,TEN,MurrKe00,Kenneth Murray,LB,Defense,17,18,2,2,Hand / Wrist,Wrist,True,True,True,False
2024,TEN,PollTo00,Tony Pollard,RB,Offense,17,17,1,2,Ankle,Ankle,False,False,False,False
2024,TEN,RaduDi00,Dillon Radunz,OL,Offense,9,9,1,10,Foot / Toe,Foot,False,False,False,False
2024,TEN,RaduDi00,Dillon Radunz,OL,Offense,17,17,1,2,Shoulder,Shoulder,False,False,False,False
2024,TEN,ReesOt00,Otis Reese,LB,Defense,1,1,1,17,Head / Concussion,Concussion,False,False,False,False
2024,TEN,ReesOt00,Otis Reese,LB,Defense,15,15,1,4,Ankle,Ankle,False,False,False,False
2024,TEN,ReesOt00,Otis Reese,LB,Defense,17,18,2,2,Ankle,Ankle,True,True,True,False
2024,TEN,RupcAn00,Andrew Rupcich,OL,Offense,9,18,10,10,Arm / Elbow,Triceps,True,True,True,False
2024,TEN,SimmJe01,Jeffery Simmons,DL,Defense,4,4,1,14,Arm / Elbow,Elbow,False,False,False,False
2024,TEN,SneeLJ00,L'Jarius Sneed,DB,Defense,7,18,12,12,Quad / Thigh,Quadricep,True,True,True,False
2024,TEN,SpeaTy00,Tyjae Spears,RB,Offense,7,9,3,12,Hamstring,Hamstring,False,False,False,False
2024,TEN,SpeaTy00,Tyjae Spears,RB,Offense,12,12,1,7,Head / Concussion,Concussion,False,False,False,False
2024,TEN,SpeaTy00,Tyjae Spears,RB,Offense,18,18,1,1,Head / Concussion,Concussion,False,True,False,False
2024,TEN,WatsLe00,Leroy Watson,OL,Offense,11,15,5,8,Back,Back,False,False,False,False
2024,WAS,AlleJo01,Jonathan Allen,DL,Defense,7,16,9,11,Chest / Ribs,Pectoral,True,False,False,False
2024,WAS,ArmsDo00,Dorance Armstrong Jr.,DL,Defense,7,7,1,11,Chest / Ribs,Rib,False,False,False,False
2024,WAS,BellNi01,Nick Bellore,LB,Defense,11,11,1,7,Knee,Knee,False,False,False,False
2024,WAS,BiadTy00,Tyler Biadasz,OL,Offense,18,18,1,1,Ankle,Ankle,False,True,False,False
2024,WAS,BrowDy00,Dyami Brown,WR,Offense,17,17,1,2,Hamstring,Hamstring,False,False,False,False
2024,WAS,BrowNo00,Noah Brown,WR,Offense,5,5,1,13,Hip / Groin,Groin,False,False,False,False
2024,WAS,BrowNo00,Noah Brown,WR,Offense,15,18,4,4,Core / Abdomen,kidney,True,True,True,False
2024,WAS,ColeBr02,Brandon Coleman,OL,Offense,8,8,1,10,Head / Concussion,Concussion,False,False,False,False
2024,WAS,CrowJa00,Jamison Crowder,WR,Offense,4,13,10,14,Lower Leg,Calf,True,False,False,False
2024,WAS,EkelAu00,Austin Ekeler,RB,Offense,4,4,1,14,Head / Concussion,Concussion,False,False,False,False
2024,WAS,EkelAu00,Austin Ekeler,RB,Offense,13,17,4,5,Head / Concussion,Concussion,True,False,False,False
2024,WAS,FerrCl00,Clelin Ferrell,DL,Defense,3,5,3,15,Knee,Knee,False,False,False,False
2024,WAS,ForbEm00,Emmanuel Forbes,DB,Defense,2,3,2,16,Hand / Wrist,Thumb,False,False,False,False
2024,WAS,ForbEm00,Emmanuel Forbes,DB,Defense,6,6,1,12,Hand / Wrist,Thumb,False,False,False,False
2024,WAS,ForrDa00,Darrick Forrest,DB,Defense,8,10,3,10,Neck,Neck,False,False,False,False
2024,WAS,JeanJa00,Javontae Jean-Baptiste,DL,Defense,7,11,5,11,Ankle,Ankle,True,False,False,False
2024,WAS,LattMa01,Marshon Lattimore,DB,Defense,10,13,4,8,Hamstring,Hamstring,False,False,False,False
2024,WAS,LattMa01,Marshon Lattimore,DB,Defense,17,18,2,2,Hamstring,Hamstring,False,True,False,False
2024,WAS,LucaCo01,Cornelius Lucas,OL,Offense,9,10,2,9,Ankle,Ankle,False,False,False,False
2024,WAS,LucaCo01,Cornelius Lucas,OL,Offense,18,18,1,1,Hip / Groin,Groin,False,True,False,False
2024,WAS,MageJo00,Jordan Magee,LB,Defense,1,7,7,17,Knee,Knee,True,False,False,False
2024,WAS,MageJo00,Jordan Magee,LB,Defense,17,18,2,2,Hamstring,Hamstring,False,True,False,False
2024,WAS,MariMa01,Marcus Mariota,QB,Offense,1,4,4,17,Chest / Ribs,Chest,True,False,False,False
2024,WAS,NewtJe00,Jer'Zhan Newton,DL,Defense,1,1,1,17,Foot / Toe,Foot,False,False,False,False
2024,WAS,ObadEf00,Efe Obada,DL,Defense,1,5,5,17,Lower Leg,Tibia,True,False,False,False
2024,WAS,OwenTy00,Tyler Owens,DB,Defense,5,7,3,13,Lower Leg,Shin,False,False,False,False
2024,WAS,OwenTy00,Tyler Owens,DB,Defense,17,18,2,2,Ankle,Ankle,True,True,True,False
2024,WAS,RobiBr01,Brian Robinson Jr.,RB,Offense,6,6,1,12,Knee,Knee,False,False,False,False
2024,WAS,RobiBr01,Brian Robinson Jr.,RB,Offense,9,10,2,9,Hamstring,Hamstring,False,False,False,False
2024,WAS,WyliAn00,Andrew Wylie,OL,Offense,10,10,1,8,Shoulder,Shoulder,False,False,False,False
2024,WAS,WyliAn00,Andrew Wylie,OL,Offense,13,13,1,5,Head / Concussion,Concussion,False,False,False,False
2024,WAS,WyliAn00,Andrew Wylie,OL,Offense,17,17,1,2,Hip / Groin,Groin,False,False,False,False
2024,WAS,YankCo00,Colson Yankoff,RB,Offense,8,18,10,10,Hamstring,Hamstring,True,True,True,False
2025,ARI,BaccAn00,Andre Baccellia,WR,Offense,16,18,3,3,Unspecified (IR),,True,True,True,False
2025,ARI,BakeBu00,Budda Baker,DB,Defense,17,17,1,2,Head / Concussion,Concussion,False,False,False,False
2025,ARI,BensTr01,Trey Benson,RB,Offense,5,18,13,13,Knee,Knee,True,True,True,False
2025,ARI,BlouJo00,Joey Blount,DB,Defense,2,18,16,16,Unspecified (IR),,True,True,True,False
2025,ARI,BrowBa01,Baron Browning,LB,Defense,11,12,2,8,Head / Concussion,Concussion,False,False,False,False
2025,ARI,BrowEv00,Evan Brown,OL,Offense,5,5,1,13,Hamstring,Hamstring,False,False,False,False
2025,ARI,ClarKe02,Kei'Trel Clark,DB,Defense,17,18,2,2,Back,Back,True,True,True,False
2025,ARI,CollLJ00,L.J. Collier,DL,Defense,3,16,13,15,Knee,Knee,True,False,False,False
2025,ARI,ConnHa00,Hayden Conner,OL,Offense,1,13,12,17,Knee,Knee,True,False,False,False
2025,ARI,ConnJa00,James Conner,RB,Offense,4,18,14,14,Foot / Toe,Foot,True,True,True,False
2025,ARI,CrawKi00,Kitan Crawford,DB,Defense,7,7,1,11,Ankle,Ankle,False,False,False,False
2025,ARI,CrawKi00,Kitan Crawford,DB,Defense,18,18,1,1,Ankle,Ankle,True,True,True,False
2025,ARI,DemeEm00,Emari Demercado,RB,Offense,7,7,1,11,Ankle,Ankle,False,False,False,False
2025,ARI,DemeEm00,Emari Demercado,RB,Offense,12,14,3,7,Ankle,Ankle,False,False,False,False
2025,ARI,DortGr01,Greg Dortch,WR,Offense,14,18,5,5,Chest / Ribs,Chest,True,True,True,False
2025,ARI,FehoSi00,Simi Fehoko,WR,Offense,11,18,8,8,Unspecified (IR),,True,True,True,False
2025,ARI,HallDa03,Darren Hall,DB,Defense,16,16,1,3,Head / Concussion,Concussion,False,False,False,False
2025,ARI,HarrMa09,Marvin Harrison Jr.,WR,Offense,14,15,2,5,Foot / Toe,Heel,False,False,False,False
2025,ARI,HarrMa09,Marvin Harrison Jr.,WR,Offense,18,18,1,1,Foot / Toe,Foot,True,True,True,False
2025,ARI,HernWi00,Will Hernandez,OL,Offense,1,4,4,17,Knee,Knee,False,False,False,False
2025,ARI,HernWi00,Will Hernandez,OL,Offense,13,18,6,6,Hip / Groin,Hip,True,True,True,False
2025,ARI,JohnPa03,Paris Johnson,OL,Offense,3,3,1,15,Knee,Knee,False,False,False,False
2025,ARI,JohnPa03,Paris Johnson,OL,Offense,15,18,4,4,Knee,Knee,True,True,True,False
2025,ARI,JohnWi02,Will Johnson,DB,Defense,3,4,2,15,Hip / Groin,Groin,False,False,False,False
2025,ARI,JohnWi02,Will Johnson,DB,Defense,10,12,3,9,Back,Back,False,False,False,False
2025,ARI,JoneCh12,Christian Jones,OL,Offense,1,15,14,17,Knee,Knee,True,False,False,False
2025,ARI,JoneZa00,Zay Jones,WR,Offense,4,4,1,14,Head / Concussion,Concussion,False,False,False,False
2025,ARI,JoneZa00,Zay Jones,WR,Offense,11,18,8,8,Knee,Knee,True,True,True,False
2025,ARI,KnigZo00,Zonovan Knight,RB,Offense,16,18,3,3,Unspecified (IR),,True,True,True,False
2025,ARI,MeltMa00,Max Melton,DB,Defense,5,5,1,13,Hamstring,Hamstring,False,False,False,False
2025,ARI,MeltMa00,Max Melton,DB,Defense,10,10,1,9,Head / Concussion,Concussion,False,False,False,False
2025,ARI,MeltMa00,Max Melton,DB,Defense,13,16,4,6,Foot / Toe,Heel,False,False,False,False
2025,ARI,MeltMa00,Max Melton,DB,Defense,18,18,1,1,Foot / Toe,Heel,False,True,False,False
2025,ARI,MurrKy00,Kyler Murray,QB,Offense,6,18,12,12,Foot / Toe,Foot,True,True,True,False
2025,ARI,NichBi00,Bilal Nichols,DL,Defense,1,4,4,17,Neck,Neck,True,False,False,False
2025,ARI,NichBi00,Bilal Nichols,DL,Defense,15,18,4,4,Knee,Knee,True,True,True,False
2025,ARI,NoleWa00,Walter Nolen,DL,Defense,1,7,7,17,Lower Leg,Calf,True,False,False,False
2025,ARI,NoleWa00,Walter Nolen,DL,Defense,13,14,2,6,Knee,Knee,False,False,False,False
2025,ARI,NoleWa00,Walter Nolen,DL,Defense,17,18,2,2,Unspecified (IR),,True,True,True,False
2025,ARI,OjulBJ00,BJ Ojulari,LB,Defense,1,10,9,17,Knee,Knee,True,False,False,False
2025,ARI,ReimTi00,Tip Reiman,TE,Offense,2,2,1,16,Foot / Toe,Foot,False,False,False,False
2025,ARI,ReimTi00,Tip Reiman,TE,Offense,6,18,12,12,Unspecified (IR),,True,True,True,False
2025,ARI,RobiDa01,Darius Robinson,DL,Defense,5,6,2,13,Chest / Ribs,Pectoral,False,False,False,False
2025,ARI,SimoCo01,Cody Simon,LB,Defense,2,2,1,16,Head / Concussion,Concussion,False,False,False,False
2025,ARI,TaylDa02,Dadrion Taylor-Demerson,DB,Defense,11,15,5,8,Ankle,Ankle,False,False,False,False
2025,ARI,ThomJa04,Jalen Thompson,DB,Defense,15,16,2,4,Hamstring,Hamstring,False,False,False,False
2025,ARI,VokoTr00,Travis Vokolek,TE,Offense,7,18,11,11,Unspecified (IR),,True,True,True,False
2025,ARI,WeavXa00,Xavier Weaver,WR,Offense,10,10,1,9,Ankle,Ankle,False,False,False,False
2025,ARI,WeavXa00,Xavier Weaver,WR,Offense,14,15,2,5,Hamstring,Hamstring,False,False,False,False
2025,ARI,WillGa00,Garrett Williams,DB,Defense,3,7,5,15,Knee,Knee,True,False,False,False
2025,ARI,WillGa00,Garrett Williams,DB,Defense,17,18,2,2,Unspecified (IR),,True,True,True,False
2025,ARI,WillJo10,Jonah Williams,OL,Offense,11,18,8,8,Shoulder,Shoulder,True,True,True,False
2025,ARI,WilsMa03,Mack Wilson,LB,Defense,10,18,9,9,Chest / Ribs,Ribs,True,True,True,False
2025,ATL,AgneJa00,Jamal Agnew,WR,Offense,2,3,2,16,Hip / Groin,Groin,False,False,False,False
2025,ATL,AlfoDe00,DeAundre Alford,DB,Defense,11,11,1,8,Head / Concussion,Concussion,False,False,False,False
2025,ATL,BergMa00,Matthew Bergeron,OL,Offense,10,11,2,9,Ankle,Ankle,False,False,False,False
2025,ATL,BowmBi01,Billy Bowman,DB,Defense,6,9,4,13,Knee,Knee,False,False,False,False
2025,ATL,BowmBi01,Billy Bowman,DB,Defense,12,18,7,7,Achilles,Achilles,True,True,True,False
2025,ATL,DeabDi00,Divine Deablo,LB,Defense,8,11,4,11,Arm / Elbow,Forearm,True,False,False,False
2025,ATL,DorlBr00,Brandon Dorlus,DL,Defense,14,14,1,5,Hip / Groin,Groin,False,False,False,False
2025,ATL,DorlBr00,Brandon Dorlus,DL,Defense,18,18,1,1,Hamstring,Hamstring,False,True,False,False
2025,ATL,FloyLe00,Leonard Floyd,DL,Defense,10,11,2,9,Hamstring,Hamstring,False,False,False,False
2025,ATL,FullJo01,Jordan Fuller,DB,Defense,2,7,5,16,Knee,Knee,True,False,False,False
2025,ATL,GrahTa00,Ta'Quon Graham,DL,Defense,1,6,5,17,Lower Leg,Calf,True,False,False,False
2025,ATL,GrahTa00,Ta'Quon Graham,DL,Defense,9,9,1,10,Lower Leg,Calf,False,False,False,False
2025,ATL,HarrZa00,Zach Harrison,DL,Defense,8,9,2,11,Knee,Knee,False,False,False,False
2025,ATL,HarrZa00,Zach Harrison,DL,Defense,11,18,8,8,Knee,Knee,True,True,True,False
2025,ATL,HellDe00,DeMarcco Hellams,DB,Defense,1,1,1,17,Hamstring,Hamstring,False,False,False,False
2025,ATL,HellDe00,DeMarcco Hellams,DB,Defense,14,18,5,5,Hamstring,Hamstring,True,True,True,False
2025,ATL,HodgKh00,KhaDarel Hodge,WR,Offense,4,4,1,14,Hip / Groin,Groin,False,False,False,False
2025,ATL,HodgKh00,KhaDarel Hodge,WR,Offense,13,13,1,6,Shoulder,Shoulder,False,False,False,False
2025,ATL,HodgKh00,KhaDarel Hodge,WR,Offense,16,18,3,3,Shoulder,Shoulder,True,True,True,False
2025,ATL,HughMi00,Mike Hughes,DB,Defense,10,11,2,9,Neck,Neck,False,False,False,False
2025,ATL,HughMi00,Mike Hughes,DB,Defense,16,18,3,3,Ankle,Ankle,True,True,True,False
2025,ATL,LondDr00,Drake London,WR,Offense,8,8,1,11,Hip / Groin,Hip,False,False,False,False
2025,ATL,LondDr00,Drake London,WR,Offense,12,15,4,7,Knee,Knee,False,False,False,False
2025,ATL,LondLa00,LaCale London,DL,Defense,6,8,3,13,Arm / Elbow,Triceps,False,False,False,False
2025,ATL,LondLa00,LaCale London,DL,Defense,10,10,1,9,Shoulder,Shoulder,False,False,False,False
2025,ATL,MaloDe00,DeAngelo Malone,DL,Defense,11,18,8,8,Ankle,Ankle,True,True,True,False
2025,ATL,MoonDa00,Darnell Mooney,WR,Offense,1,1,1,17,Shoulder,Shoulder,False,False,False,False
2025,ATL,MoonDa00,Darnell Mooney,WR,Offense,6,6,1,13,Hamstring,Hamstring,False,False,False,False
2025,ATL,NelsJa01,Jack Nelson,OL,Offense,1,8,7,17,Lower Leg,Calf,False,False,False,False
2025,ATL,PeniMi00,Michael Penix,QB,Offense,8,8,1,11,Knee,Knee,False,False,False,False
2025,ATL,PeniMi00,Michael Penix,QB,Offense,12,18,7,7,Knee,Knee,True,True,True,False
2025,ATL,PhilCl00,Clark Phillips,DB,Defense,1,3,3,17,Chest / Ribs,Rib,False,False,False,False
2025,ATL,PhilCl00,Clark Phillips,DB,Defense,6,18,13,13,Arm / Elbow,Triceps,True,True,True,False
2025,ATL,RobeSa00,Sam Roberts,DL,Defense,11,18,8,8,Knee,Knee,True,True,True,False
2025,ATL,TerrAJ00,AJ Terrell,DB,Defense,3,4,2,15,Hamstring,Hamstring,False,False,False,False
2025,ATL,WalkJa02,Jalon Walker,DL,Defense,7,8,2,12,Hip / Groin,Groin,False,False,False,False
2025,ATL,WashCa01,Casey Washington,WR,Offense,2,3,2,16,Head / Concussion,Concussion,False,False,False,False
2025,ATL,WashCa01,Casey Washington,WR,Offense,9,9,1,10,Back,Back,False,False,False,False
2025,ATL,WoodJo02,Josh Woods,LB,Defense,11,13,3,8,Hamstring,Hamstring,False,False,False,False
2025,BAL,AlexJa00,Jaire Alexander,DB,Defense,2,4,3,16,Knee,Knee,False,False,False,False
2025,BAL,AwuzCh00,Chidobe Awuzie,DB,Defense,5,6,2,13,Hamstring,Hamstring,False,False,False,False
2025,BAL,AwuzCh00,Chidobe Awuzie,DB,Defense,16,16,1,3,Foot / Toe,Foot,False,False,False,False
2025,BAL,BateRa00,Rashod Bateman,WR,Offense,11,12,2,8,Ankle,Ankle,False,False,False,False
2025,BAL,BateRa00,Rashod Bateman,WR,Offense,15,15,1,4,Ankle,Ankle,False,False,False,False
2025,BAL,BryaTa00,Taven Bryan,DL,Defense,13,18,6,6,Knee,Knee,True,True,True,False
2025,BAL,BuchTe00,Teddye Buchanan,LB,Defense,16,18,3,3,Knee,Knee,True,True,True,False
2025,BAL,HamiKy00,Kyle Hamilton,DB,Defense,5,5,1,13,Hip / Groin,Groin,False,False,False,False
2025,BAL,HiggJa01,Jay Higgins,LB,Defense,11,16,6,8,Knee,Knee,True,False,False,False
2025,BAL,HillJu00,Justice Hill,RB,Offense,11,11,1,8,Foot / Toe,Toe,False,False,False,False
2025,BAL,HillJu00,Justice Hill,RB,Offense,13,18,6,6,Neck,Neck,True,True,True,False
2025,BAL,HumpMa00,Marlon Humphrey,DB,Defense,5,5,1,13,Lower Leg,Calf,False,False,False,False
2025,BAL,HumpMa00,Marlon Humphrey,DB,Defense,11,11,1,8,Hand / Wrist,Finger,False,False,False,False
2025,BAL,JackLa00,Lamar Jackson,QB,Offense,5,8,3,13,Hamstring,Hamstring,False,False,False,False
2025,BAL,JackLa00,Lamar Jackson,QB,Offense,17,17,1,2,Back,Back,False,False,False,False
2025,BAL,JoneEm02,Emery Jones,OL,Offense,1,12,11,17,Shoulder,Shoulder,True,False,False,False
2025,BAL,JoneTr00,Travis Jones,DL,Defense,4,4,1,14,Knee,Knee,False,False,False,False
2025,BAL,LikeIs00,Isaiah Likely,TE,Offense,1,3,3,17,Foot / Toe,Foot,False,False,False,False
2025,BAL,MaduJu00,Nnamdi Madubuike,DL,Defense,3,18,15,15,Neck,Neck,True,True,True,False
2025,BAL,MartKe03,Keyon Martin,DB,Defense,12,12,1,7,Chest / Ribs,Rib,False,False,False,False
2025,BAL,RicaPa00,Patrick Ricard,RB,Offense,1,6,6,17,Lower Leg,Calf,False,False,False,False
2025,BAL,RobiTa00,Tavius Robinson,LB,Defense,8,14,7,11,Foot / Toe,Foot,True,False,False,False
2025,BAL,SmitRo07,Roquan Smith,LB,Defense,5,6,2,13,Hamstring,Hamstring,False,False,False,False
2025,BAL,StanRo00,Ronnie Stanley,OL,Offense,5,5,1,13,Ankle,Ankle,False,False,False,False
2025,BAL,VanNKy00,Kyle Van Noy,LB,Defense,3,4,2,15,Hamstring,Hamstring,False,False,False,False
2025,BAL,WalkDe01,Devontez Walker,WR,Offense,6,10,4,12,Core / Abdomen,Oblique,False,False,False,False
2025,BAL,WalkDe01,Devontez Walker,WR,Offense,14,14,1,5,Hip / Groin,Groin,False,False,False,False
2025,BAL,WashAr00,Ar'Darius Washington,DB,Defense,1,14,13,17,Achilles,Achilles,True,False,False,False
2025,BAL,WashBr01,Broderick Washington Jr.,DL,Defense,4,18,14,14,Ankle,Ankle,True,True,True,False
2025,BUF,BenfCh00,Christian Benford,DB,Defense,10,10,1,9,Hip / Groin,Groin,False,False,False,False
2025,BUF,BenfCh00,Christian Benford,DB,Defense,15,15,1,4,Foot / Toe,Toe,False,False,False,False
2025,BUF,BernTe00,Terrel Bernard,LB,Defense,8,8,1,11,Ankle,Ankle,False,False,False,False
2025,BUF,BernTe00,Terrel Bernard,LB,Defense,13,15,3,6,Arm / Elbow,Elbow,False,False,False,False
2025,BUF,BernTe00,Terrel Bernard,LB,Defense,18,18,1,1,Lower Leg,Calf,False,True,False,False
2025,BUF,BosaJo00,Joey Bosa,DL,Defense,14,14,1,5,Hamstring,Hamstring,False,False,False,False
2025,BUF,BosaJo00,Joey Bosa,DL,Defense,18,18,1,1,Hamstring,Hamstring,False,True,False,False
2025,BUF,BrowSp00,Spencer Brown,OL,Offense,4,4,1,14,Lower Leg,Calf,False,False,False,False
2025,BUF,BrowSp00,Spencer Brown,OL,Offense,13,14,2,6,Shoulder,Shoulder,False,False,False,False
2025,BUF,DawkDi00,Dion Dawkins,OL,Offense,13,13,1,6,Head / Concussion,Concussion,False,False,False,False
2025,BUF,EpenAJ00,A.J. Epenesa,DL,Defense,10,10,1,9,Head / Concussion,Concussion,False,False,False,False
2025,BUF,GrabTy00,Tylan Grable,OL,Offense,1,17,16,17,Head / Concussion,Concussion,True,False,False,False
2025,BUF,HairMa00,Maxwell Hairston,DB,Defense,1,6,6,17,Knee,Knee,True,False,False,False
2025,BUF,HamlDa00,Damar Hamlin,DB,Defense,6,18,12,12,Chest / Ribs,Pectoral,True,True,True,False
2025,BUF,HancJo00,Jordan Hancock,DB,Defense,1,3,3,17,Shoulder,Shoulder,False,False,False,False
2025,BUF,HardMe00,Mecole Hardman,WR,Offense,12,15,4,7,Lower Leg,Calf,True,False,False,False
2025,BUF,HoecMi00,Michael Hoecht,DL,Defense,10,18,9,9,Unspecified (IR),,True,True,True,False
2025,BUF,JackLa03,Landon Jackson,DL,Defense,11,18,8,8,Unspecified (IR),,True,True,True,False
2025,BUF,JohnTa01,Taron Johnson,DB,Defense,2,2,1,16,Quad / Thigh,Quadricep,False,False,False,False
2025,BUF,JohnTa01,Taron Johnson,DB,Defense,9,10,2,10,Hip / Groin,Groin,False,False,False,False
2025,BUF,JoneDa04,DaQuan Jones,DL,Defense,6,9,3,12,Lower Leg,Calf,False,False,False,False
2025,BUF,JoneDa04,DaQuan Jones,DL,Defense,17,18,2,2,Lower Leg,Calf,False,True,False,False
2025,BUF,KincDa00,Dalton Kincaid,TE,Offense,6,6,1,12,Core / Abdomen,Oblique,False,False,False,False
2025,BUF,KincDa00,Dalton Kincaid,TE,Offense,11,13,3,8,Hamstring,Hamstring,False,False,False,False
2025,BUF,KincDa00,Dalton Kincaid,TE,Offense,17,17,1,2,Knee,Knee,False,False,False,False
2025,BUF,LundCh00,Chase Lundt,OL,Offense,14,18,5,5,Knee,Knee,True,True,True,False
2025,BUF,MathPh00,Phidarian Mathis,DL,Defense,11,15,5,8,Shoulder,Shoulder,False,False,False,False
2025,BUF,MilaMa00,Matt Milano,LB,Defense,3,4,2,15,Chest / Ribs,Pectoral,False,False,False,False
2025,BUF,MilaMa00,Matt Milano,LB,Defense,6,8,2,12,Chest / Ribs,Pectoral,False,False,False,False
2025,BUF,OlivEd00,Ed Oliver,DL,Defense,2,5,4,16,Ankle,Ankle,False,False,False,False
2025,BUF,OlivEd00,Ed Oliver,DL,Defense,9,18,10,10,Unspecified (IR),,True,True,True,False
2025,BUF,PalmJo00,Josh Palmer,WR,Offense,8,10,3,11,Knee,Knee,False,False,False,False
2025,BUF,PalmJo00,Josh Palmer,WR,Offense,13,14,2,6,Ankle,Ankle,False,False,False,False
2025,BUF,PhilJo01,Jordan Phillips,DL,Defense,16,17,2,3,Ankle,Ankle,False,False,False,False
2025,BUF,PoyeJo00,Jordan Poyer,DB,Defense,17,18,2,2,Hamstring,Hamstring,False,True,False,False
2025,BUF,RappTa00,Taylor Rapp,DB,Defense,8,18,11,11,Knee,Knee,True,True,True,False
2025,BUF,SamuCu00,Curtis Samuel,WR,Offense,6,6,1,12,Neck,Neck,False,False,False,False
2025,BUF,SamuCu00,Curtis Samuel,WR,Offense,12,18,7,7,Arm / Elbow,Elbow,True,True,True,False
2025,BUF,SandTJ00,T.J. Sanders,DL,Defense,5,10,5,13,Knee,Knee,True,False,False,False
2025,BUF,StroDo01,Dorian Strong,DB,Defense,5,18,13,13,Neck,Neck,True,True,True,False
2025,BUF,ThomSh01,Shaq Thompson,LB,Defense,2,2,1,16,Hamstring,Hamstring,False,False,False,False
2025,BUF,ThomSh01,Shaq Thompson,LB,Defense,9,11,3,10,Hamstring,Hamstring,False,False,False,False
2025,BUF,WhitTr01,Tre'Davious White,DB,Defense,1,1,1,17,Hip / Groin,Groin,False,False,False,False
2025,BUF,WillDo04,Dorian Williams,LB,Defense,5,5,1,13,Knee,Knee,False,False,False,False
2025,CAR,CampDa01,Dalevon Campbell,WR,Offense,5,6,2,13,Unspecified (IR),,True,False,False,False
2025,CAR,CherCl00,Claudin Cherelus,LB,Defense,13,13,1,5,Head / Concussion,Concussion,False,False,False,False
2025,CAR,CherCl00,Claudin Cherelus,LB,Defense,18,18,1,1,Lower Leg,Calf,False,True,False,False
2025,CAR,ChriBr00,Brady Christensen,OL,Offense,9,18,9,9,Achilles,Achilles,True,True,True,False
2025,CAR,CokeJa01,Jalen Coker,WR,Offense,1,6,6,17,Quad / Thigh,Quadricep,True,False,False,False
2025,CAR,CorbAu00,Austin Corbett,OL,Offense,3,6,4,15,Knee,Knee,True,False,False,False
2025,CAR,DaltAn00,Andy Dalton,QB,Offense,9,18,9,9,Hand / Wrist,Thumb,False,True,False,False
2025,CAR,EkwoIk00,Ikem Ekwonu,OL,Offense,16,16,1,3,Knee,Knee,False,False,False,False
2025,CAR,EvanAk00,Akayleb Evans,DB,Defense,6,6,1,12,Hamstring,Hamstring,False,False,False,False
2025,CAR,HornJa00,Jaycee Horn,DB,Defense,13,13,1,5,Head / Concussion,Concussion,False,False,False,False
2025,CAR,HubbCh01,Chuba Hubbard,RB,Offense,5,6,2,13,Lower Leg,Calf,False,False,False,False
2025,CAR,HuntRo01,Robert Hunt,OL,Offense,3,18,15,15,Arm / Elbow,Biceps,True,True,True,False
2025,CAR,JonePa00,Patrick Jones II,LB,Defense,3,4,2,15,Hamstring,Hamstring,False,False,False,False
2025,CAR,JonePa00,Patrick Jones II,LB,Defense,7,18,11,11,Back,Back,True,True,True,False
2025,CAR,LegeXa00,Xavier Legette,WR,Offense,3,4,2,15,Hamstring,Hamstring,False,False,False,False
2025,CAR,LewiDa05,Damien Lewis,OL,Offense,7,7,1,11,Shoulder,Shoulder,False,False,False,False
2025,CAR,MaysCa00,Cade Mays,OL,Offense,9,9,1,9,Ankle,Ankle,False,False,False,False
2025,CAR,MaysCa00,Cade Mays,OL,Offense,12,13,2,6,Ankle,Ankle,False,False,False,False
2025,CAR,MoorDa03,David Moore,WR,Offense,5,18,13,13,Arm / Elbow,Elbow,True,True,True,False
2025,CAR,MotoTa00,Taylor Moton,OL,Offense,6,6,1,12,Arm / Elbow,Elbow,False,False,False,False
2025,CAR,RansLa00,Lathan Ransom,DB,Defense,11,11,1,7,Hand / Wrist,Hand,False,False,False,False
2025,CAR,RayxLa02,LaBryan Ray,DL,Defense,1,4,4,17,Ankle,Ankle,True,False,False,False
2025,CAR,RochRo00,Robert Rochell,DB,Defense,18,18,1,1,Head / Concussion,Concussion,False,True,False,False
2025,CAR,RozeCh00,Christian Rozeboom,LB,Defense,12,13,2,6,Hip / Groin,Hip,False,False,False,False
2025,CAR,SandJa01,Ja'Tavion Sanders,TE,Offense,4,6,3,14,Ankle,Ankle,False,False,False,False
2025,CAR,SandJa01,Ja'Tavion Sanders,TE,Offense,18,18,1,1,Lower Leg,Fibula,True,True,True,False
2025,CAR,SmitCh05,Chau Smith-Wade,DB,Defense,5,5,1,13,Chest / Ribs,Chest,False,False,False,False
2025,CAR,ThorCo00,Corey Thornton,DB,Defense,13,18,5,5,Unspecified (IR),,True,True,True,False
2025,CAR,TremBr00,Brycen Tremayne,WR,Offense,10,10,1,8,Hip / Groin,Hip,False,False,False,False
2025,CAR,UmanPr00,Princely Umanmielen,LB,Defense,9,9,1,9,Ankle,Ankle,False,False,False,False
2025,CAR,WallTr00,Trevin Wallace,LB,Defense,11,12,2,7,Shoulder,Shoulder,False,False,False,False
2025,CAR,WallTr00,Trevin Wallace,LB,Defense,16,18,3,3,Shoulder,Shoulder,True,True,True,False
2025,CAR,WharTe00,Tershawn Wharton,DL,Defense,2,3,2,16,Hamstring,Hamstring,False,False,False,False
2025,CAR,WharTe00,Tershawn Wharton,DL,Defense,5,6,2,13,Foot / Toe,Toe,False,False,False,False
2025,CAR,WharTe00,Tershawn Wharton,DL,Defense,15,18,4,4,Hamstring,Hamstring,False,True,False,False
2025,CAR,WonnDJ00,D.J. Wonnum,LB,Defense,4,4,1,14,Hip / Groin,Hip,False,False,False,False
2025,CAR,YounBr01,Bryce Young,QB,Offense,8,8,1,10,Ankle,Ankle,False,False,False,False
2025,CAR,ZavaCh00,Chandler Zavala,OL,Offense,5,8,4,13,Knee,Knee,True,False,False,False
2025,CAR,ZavaCh00,Chandler Zavala,OL,Offense,10,10,1,8,Arm / Elbow,Elbow,False,False,False,False
2025,CAR,ZavaCh00,Chandler Zavala,OL,Offense,13,18,5,5,Lower Leg,Calf,True,True,True,False
2025,CHI,BeneTh00,Theo Benedet,OL,Offense,12,12,1,7,Quad / Thigh,Quadricep,False,False,False,False
2025,CHI,BlacJo00,Josh Blackwell,DB,Defense,1,1,1,17,Hip / Groin,Groin,False,False,False,False
2025,CHI,BlacJo00,Josh Blackwell,DB,Defense,10,10,1,9,Head / Concussion,Concussion,False,False,False,False
2025,CHI,BookAu00,Austin Booker,DL,Defense,1,8,7,17,Knee,Knee,True,False,False,False
2025,CHI,BurdLu00,Luther Burden,WR,Offense,9,9,1,10,Head / Concussion,Concussion,False,False,False,False
2025,CHI,BurdLu00,Luther Burden,WR,Offense,16,16,1,3,Ankle,Ankle,False,False,False,False
2025,CHI,EdmuTr01,Tremaine Edmunds,LB,Defense,12,15,4,7,Hip / Groin,Groin,True,False,False,False
2025,CHI,EdwaTJ02,T.J. Edwards,LB,Defense,1,1,1,17,Hamstring,Hamstring,False,False,False,False
2025,CHI,EdwaTJ02,T.J. Edwards,LB,Defense,3,4,2,15,Hamstring,Hamstring,False,False,False,False
2025,CHI,EdwaTJ02,T.J. Edwards,LB,Defense,10,13,4,9,Hand / Wrist,Hand,False,False,False,False
2025,CHI,GordKy00,Kyler Gordon,DB,Defense,1,4,4,17,Hamstring,Hamstring,False,False,False,False
2025,CHI,GordKy00,Kyler Gordon,DB,Defense,8,12,5,11,Hip / Groin,Groin,True,False,False,False
2025,CHI,GordKy00,Kyler Gordon,DB,Defense,14,18,5,5,Hip / Groin,Groin,True,True,True,False
2025,CHI,HomeTr00,Travis Homer,RB,Offense,1,6,5,17,Lower Leg,Calf,True,False,False,False
2025,CHI,HomeTr00,Travis Homer,RB,Offense,12,12,1,7,Hamstring,Hamstring,False,False,False,False
2025,CHI,HomeTr00,Travis Homer,RB,Offense,15,15,1,4,Ankle,Ankle,False,False,False,False
2025,CHI,HyppRu00,Ruben Hyppolite,LB,Defense,13,18,6,6,Shoulder,Shoulder,False,True,False,False
2025,CHI,JackDM00,D'Marco Jackson,LB,Defense,3,3,1,15,Hamstring,Hamstring,False,False,False,False
2025,CHI,JarrGr00,Grady Jarrett,DL,Defense,4,7,3,14,Knee,Knee,False,False,False,False
2025,CHI,JohnJa13,Jaylon Johnson,DB,Defense,1,1,1,17,Lower Leg,Calf,False,False,False,False
2025,CHI,JohnJa13,Jaylon Johnson,DB,Defense,3,12,9,15,Hip / Groin,Groin,True,False,False,False
2025,CHI,JohnRo07,Roschon Johnson,RB,Offense,1,1,1,17,Foot / Toe,Foot,False,False,False,False
2025,CHI,JohnRo07,Roschon Johnson,RB,Offense,8,9,2,11,Back,Back,False,False,False,False
2025,CHI,JohnRo07,Roschon Johnson,RB,Offense,12,18,7,7,Hand / Wrist,Thumb,True,True,True,False
2025,CHI,JoneBr08,Braxton Jones,OL,Offense,8,18,11,11,Knee,Knee,True,True,True,False
2025,CHI,JoneJa12,Jaylon Jones,DB,Defense,3,3,1,15,Hamstring,Hamstring,False,False,False,False
2025,CHI,KmetCo00,Cole Kmet,TE,Offense,8,8,1,11,Back,Back,False,False,False,False
2025,CHI,LoveCo00,Colston Loveland,TE,Offense,4,4,1,14,Hip / Groin,Hip,False,False,False,False
2025,CHI,NewmLu00,Luke Newman,OL,Offense,13,18,6,6,Foot / Toe,Foot,True,True,True,False
2025,CHI,OdeyDa00,Dayo Odeyingbo,DL,Defense,10,18,9,9,Unspecified (IR),,True,True,True,False
2025,CHI,OdunRo00,Rome Odunze,WR,Offense,14,18,5,5,Foot / Toe,Foot,False,True,False,False
2025,CHI,OgboAm00,Amen Ogbongbemiga,LB,Defense,1,9,8,17,Knee,Knee,True,False,False,False
2025,CHI,OgboAm00,Amen Ogbongbemiga,LB,Defense,16,16,1,3,Hamstring,Hamstring,False,False,False,False
2025,CHI,RobiDo00,Dominique Robinson,DL,Defense,9,10,2,10,Ankle,Ankle,False,False,False,False
2025,CHI,RobiDo00,Dominique Robinson,DL,Defense,13,15,3,6,Head / Concussion,Concussion,False,False,False,False
2025,CHI,SeweNo00,Noah Sewell,LB,Defense,7,7,1,12,Head / Concussion,Concussion,False,False,False,False
2025,CHI,SeweNo00,Noah Sewell,LB,Defense,12,13,2,7,Arm / Elbow,Elbow,False,False,False,False
2025,CHI,SeweNo00,Noah Sewell,LB,Defense,18,18,1,1,Unspecified (IR),,True,True,True,False
2025,CHI,StevTy01,Tyrique Stevenson,DB,Defense,8,8,1,11,Shoulder,Shoulder,False,False,False,False
2025,CHI,StevTy01,Tyrique Stevenson,DB,Defense,13,14,2,6,Hip / Groin,Hip,False,False,False,False
2025,CHI,SwifDA00,D'Andre Swift,RB,Offense,9,9,1,10,Hip / Groin,Groin,False,False,False,False
2025,CHI,TrapOz00,Ozzy Trapilo,OL,Offense,18,18,1,1,Knee,Knee,False,True,False,False
2025,CHI,TryoJo00,Joe Tryon-Shoyinka,DL,Defense,18,18,1,1,Head / Concussion,Concussion,False,True,False,False
2025,CHI,TurnSh00,Shemar Turner,DL,Defense,9,18,10,10,Unspecified (IR),,True,True,True,False
2025,CHI,WalkJa03,Jahdae Walker,WR,Offense,2,2,1,16,Ankle,Ankle,False,False,False,False
2025,CHI,WalkJa03,Jahdae Walker,WR,Offense,10,13,4,9,Head / Concussion,Concussion,False,False,False,False
2025,CHI,WrigDa00,Darnell Wright,OL,Offense,4,4,1,14,Arm / Elbow,Elbow,False,False,False,False
2025,CIN,AnthDa00,Daijahn Anthony,DB,Defense,1,12,11,17,Hamstring,Hamstring,True,False,False,False
2025,CIN,AsamBr00,Brian Asamoah,LB,Defense,14,18,5,5,Unspecified (IR),,True,True,True,False
2025,CIN,BurrJo01,Joe Burrow,QB,Offense,3,12,9,15,Foot / Toe,Toe,True,False,False,False
2025,CIN,FairDy00,Dylan Fairchild,OL,Offense,6,7,2,12,Knee,Knee,False,False,False,False
2025,CIN,FantNo00,Noah Fant,TE,Offense,4,4,1,14,Head / Concussion,Concussion,False,False,False,False
2025,CIN,FantNo00,Noah Fant,TE,Offense,16,16,1,3,Ankle,Ankle,False,False,False,False
2025,CIN,FlacJo00,Joe Flacco,QB,Offense,13,15,3,6,Shoulder,Shoulder,False,False,False,False
2025,CIN,GesiMi00,Mike Gesicki,TE,Offense,7,11,4,11,Chest / Ribs,Pectoral,True,False,False,False
2025,CIN,GranCa00,Cam Grandy,TE,Offense,17,18,2,2,Chest / Ribs,Chest,False,True,False,False
2025,CIN,HendTr00,Trey Hendrickson,DL,Defense,7,7,1,11,Hip / Groin,Hip,False,False,False,False
2025,CIN,HendTr00,Trey Hendrickson,DL,Defense,9,18,9,9,Hip / Groin,Hip,True,True,True,False
2025,CIN,HeywSh00,Shaka Heyward,LB,Defense,9,14,5,9,Lower Leg,Fibula,True,False,False,False
2025,CIN,HiggTe00,Tee Higgins,WR,Offense,13,13,1,6,Head / Concussion,Concussion,False,False,False,False
2025,CIN,HiggTe00,Tee Higgins,WR,Offense,15,15,1,4,Head / Concussion,Concussion,False,False,False,False
2025,CIN,HudsTa00,Tanner Hudson,TE,Offense,7,7,1,11,Head / Concussion,Concussion,False,False,False,False
2025,CIN,JenkKr01,Kris Jenkins,DL,Defense,16,18,3,3,Ankle,Ankle,True,True,True,False
2025,CIN,JohnCe01,Cedric Johnson,DL,Defense,1,8,8,17,Lower Leg,Calf,True,False,False,False
2025,CIN,JoneCh11,Charlie Jones,WR,Offense,16,18,3,3,Ankle,Ankle,False,True,False,False
2025,CIN,JulePJ00,PJ Jules,DB,Defense,15,17,3,4,Ankle,Ankle,False,False,False,False
2025,CIN,LeexMa02,Matt Lee,OL,Offense,7,18,11,11,Knee,Knee,True,True,True,False
2025,CIN,NewtJo00,Josh Newton,DB,Defense,17,18,2,2,Hamstring,Hamstring,False,True,False,False
2025,CIN,OssaJo00,Joseph Ossai,DL,Defense,16,18,3,3,Ankle,Ankle,False,True,False,False
2025,CIN,PatrLu00,Lucas Patrick,OL,Offense,2,7,6,16,Lower Leg,Calf,True,False,False,False
2025,CIN,PatrLu00,Lucas Patrick,OL,Offense,11,13,3,8,Lower Leg,Calf,False,False,False,False
2025,CIN,RisnDa00,Dalton Risner,OL,Offense,4,4,1,14,Lower Leg,Calf,False,False,False,False
2025,CIN,SampCa00,Cameron Sample,DL,Defense,8,8,1,10,Knee,Knee,False,False,False,False
2025,CIN,SampCa00,Cameron Sample,DL,Defense,12,13,2,7,Core / Abdomen,Oblique,False,False,False,False
2025,CIN,StewSh00,Shemar Stewart,DL,Defense,3,6,4,15,Ankle,Ankle,False,False,False,False
2025,CIN,StewSh00,Shemar Stewart,DL,Defense,11,15,5,8,Knee,Knee,True,False,False,False
2025,CIN,TaylCa01,Cam Taylor-Britt,DB,Defense,3,3,1,15,Hamstring,Hamstring,False,False,False,False
2025,CIN,TaylCa01,Cam Taylor-Britt,DB,Defense,12,18,7,7,Foot / Toe,Foot,True,True,True,False
2025,CIN,WilsLo00,Logan Wilson,LB,Defense,9,9,1,9,Lower Leg,Calf,False,False,False,False
2025,CIN,WilsMa04,Marco Wilson,DB,Defense,8,11,3,10,Hamstring,Hamstring,False,False,False,False
2025,CIN,WilsMa04,Marco Wilson,DB,Defense,13,18,6,6,Hamstring,Hamstring,True,True,True,False
2025,CLE,BateBr00,Brenden Bates,TE,Offense,1,10,9,17,Hand / Wrist,Wrist,False,False,False,False
2025,CLE,BateBr00,Brenden Bates,TE,Offense,13,14,2,6,Ankle,Ankle,False,False,False,False
2025,CLE,BondIs00,Isaiah Bond,WR,Offense,10,10,1,9,Foot / Toe,Foot,False,False,False,False
2025,CLE,CartDe02,DeAndre Carter,WR,Offense,5,18,13,13,Unspecified (IR),,True,True,True,False
2025,CLE,CollMa00,Maliek Collins,DL,Defense,14,18,5,5,Unspecified (IR),,True,True,True,False
2025,CLE,ConkJa00,Jack Conklin,OL,Offense,2,4,3,16,Head / Concussion,Eye,False,False,False,False
2025,CLE,ConkJa00,Jack Conklin,OL,Offense,7,7,1,11,Head / Concussion,Concussion,False,False,False,False
2025,CLE,ConkJa00,Jack Conklin,OL,Offense,14,18,5,5,Head / Concussion,Concussion,True,True,True,False
2025,CLE,FannHa00,Harold Fannin,TE,Offense,18,18,1,1,Hip / Groin,Groin,False,True,False,False
2025,CLE,FordJe00,Jerome Ford,RB,Offense,15,18,4,4,Unspecified (IR),,True,True,True,False
2025,CLE,GabrDi00,Dillon Gabriel,QB,Offense,12,12,1,7,Head / Concussion,Concussion,False,False,False,False
2025,CLE,GabrDi00,Dillon Gabriel,QB,Offense,17,18,2,2,Shoulder,Shoulder,False,True,False,False
2025,CLE,HallMi00,Michael Hall,DL,Defense,1,7,7,17,Knee,Knee,False,False,False,False
2025,CLE,HardMy00,Myles Harden,DB,Defense,17,17,1,2,Shoulder,Shoulder,False,False,False,False
2025,CLE,HuntAd00,Adin Huntington,DL,Defense,8,8,1,10,Head / Concussion,Concussion,False,False,False,False
2025,CLE,HuntAd00,Adin Huntington,DL,Defense,13,15,3,6,Quad / Thigh,Quadricep,False,False,False,False
2025,CLE,JoneDa07,Dawand Jones,OL,Offense,4,18,14,14,Unspecified (IR),,True,True,True,False
2025,CLE,JoneDo03,Dom Jones,DB,Defense,12,18,7,7,Unspecified (IR),,True,True,True,False
2025,CLE,JudkQu00,Quinshon Judkins,RB,Offense,17,18,2,2,Unspecified (IR),,True,True,True,False
2025,CLE,KamaSa00,Sam Kamara,DL,Defense,16,18,3,3,Arm / Elbow,Elbow,False,True,False,False
2025,CLE,LucaCo01,Cornelius Lucas,OL,Offense,8,13,5,10,Back,Back,False,False,False,False
2025,CLE,NjokDa00,David Njoku,TE,Offense,7,7,1,11,Knee,Knee,False,False,False,False
2025,CLE,NjokDa00,David Njoku,TE,Offense,15,18,4,4,Knee,Knee,False,True,False,False
2025,CLE,PociEt00,Ethan Pocic,OL,Offense,15,18,4,4,Unspecified (IR),,True,True,True,False
2025,CLE,SampDy00,Dylan Sampson,RB,Offense,15,16,2,4,Lower Leg,Calf,False,False,False,False
2025,CLE,SandRa00,Raheim Sanders,RB,Offense,2,15,13,16,Ankle,Ankle,False,False,False,False
2025,CLE,SandSh00,Shedeur Sanders,QB,Offense,1,10,9,17,Back,Back,False,False,False,False
2025,CLE,SchwCa00,Carson Schwesinger,LB,Defense,18,18,1,1,Ankle,Ankle,True,True,True,False
2025,CLE,TellWy00,Wyatt Teller,OL,Offense,14,16,3,5,Lower Leg,Calf,False,False,False,False
2025,CLE,TellWy00,Wyatt Teller,OL,Offense,18,18,1,1,Lower Leg,Calf,True,True,True,False
2025,CLE,ThraJa01,Jamari Thrash,WR,Offense,11,18,8,8,Foot / Toe,Foot,False,True,False,False
2025,CLE,TillCe01,Cedric Tillman,WR,Offense,5,8,4,13,Hand / Wrist,Hand,True,False,False,False
2025,CLE,WardDe02,Denzel Ward,DB,Defense,15,16,2,4,Lower Leg,Calf,False,False,False,False
2025,CLE,WrigAl01,Alex Wright,DL,Defense,11,13,3,8,Quad / Thigh,Quadricep,False,False,False,False
2025,CLE,ZintZa00,Zak Zinter,OL,Offense,15,15,1,4,Back,Back,False,False,False,False
2025,DAL,BassTJ00,T.J. Bass,OL,Offense,18,18,1,1,Knee,Knee,True,True,True,False
2025,DAL,BeebCo00,Cooper Beebe,OL,Offense,3,8,6,15,Ankle,Ankle,True,False,False,False
2025,DAL,BlanDa00,DaRon Bland,DB,Defense,2,3,2,16,Foot / Toe,Foot,False,False,False,False
2025,DAL,BlanDa00,DaRon Bland,DB,Defense,16,18,3,3,Foot / Toe,Foot,True,True,True,False
2025,DAL,BookTy00,Tyler Booker,OL,Offense,4,6,3,14,Ankle,Ankle,False,False,False,False
2025,DAL,ButlJo00,Josh Butler,DB,Defense,1,17,16,17,Knee,Knee,True,False,False,False
2025,DAL,CarsCa01,Caelen Carson,DB,Defense,1,6,6,17,Knee,Knee,True,False,False,False
2025,DAL,CarsCa01,Caelen Carson,DB,Defense,13,13,1,6,Hamstring,Hamstring,False,False,False,False
2025,DAL,CarsCa01,Caelen Carson,DB,Defense,16,17,2,3,Shoulder,Shoulder,False,False,False,False
2025,DAL,ClarAl01,Alijah Clark,DB,Defense,9,9,1,9,Chest / Ribs,Ribs,False,False,False,False
2025,DAL,ClowJa00,Jadeveon Clowney,DL,Defense,14,14,1,5,Hamstring,Hamstring,False,False,False,False
2025,DAL,CornAj00,Ajani Cornelius,OL,Offense,6,18,12,12,Knee,Knee,True,True,True,False
2025,DAL,DaviMa02,Malik Davis,RB,Offense,18,18,1,1,Lower Leg,Calf,True,True,True,False
2025,DAL,DiggTr00,Trevon Diggs,DB,Defense,7,15,8,11,Knee,Knee,True,False,False,False
2025,DAL,FlouRy00,Ryan Flournoy,WR,Offense,17,17,1,2,Knee,Knee,False,False,False,False
2025,DAL,GuytTy00,Tyler Guyton,OL,Offense,5,5,1,13,Head / Concussion,Concussion,False,False,False,False
2025,DAL,GuytTy00,Tyler Guyton,OL,Offense,13,18,6,6,Ankle,Ankle,True,True,True,False
2025,DAL,HookMa00,Malik Hooker,DB,Defense,5,9,5,13,Foot / Toe,Toe,True,False,False,False
2025,DAL,KeegTr00,Trevor Keegan,OL,Offense,7,18,11,11,Neck,Neck,True,True,True,False
2025,DAL,KneeMa00,Marshawn Kneeland,DL,Defense,5,5,1,13,Ankle,Ankle,False,False,False,False
2025,DAL,KneeMa00,Marshawn Kneeland,DL,Defense,7,7,1,11,Ankle,Ankle,False,False,False,False
2025,DAL,LambCe00,CeeDee Lamb,WR,Offense,4,6,3,14,Ankle,Ankle,False,False,False,False
2025,DAL,MafaPh00,Phil Mafah,RB,Offense,1,17,16,17,Shoulder,Shoulder,True,False,False,False
2025,DAL,MingJo00,Jonathan Mingo,WR,Offense,1,11,10,17,Knee,Knee,True,False,False,False
2025,DAL,OverDe00,DeMarvion Overshown,LB,Defense,1,9,9,17,Knee,Knee,True,False,False,False
2025,DAL,OverDe00,DeMarvion Overshown,LB,Defense,17,18,2,2,Head / Concussion,Concussion,False,True,False,False
2025,DAL,ReveSh00,Shavon Revel,DB,Defense,1,9,9,17,Knee,Knee,True,False,False,False
2025,DAL,ReveSh00,Shavon Revel,DB,Defense,18,18,1,1,Head / Concussion,Concussion,False,True,False,False
2025,DAL,SanbJa00,Jack Sanborn,LB,Defense,6,6,1,12,Head / Concussion,Concussion,False,False,False,False
2025,DAL,SanbJa00,Jack Sanborn,LB,Defense,8,18,10,10,Hip / Groin,Groin,True,True,True,False
2025,DAL,SandMi01,Miles Sanders,RB,Offense,5,18,13,13,Knee,Knee,True,True,True,False
2025,DAL,SmitTy02,Tyler Smith,OL,Offense,5,5,1,13,Knee,Knee,False,False,False,False
2025,DAL,ThomSo00,Solomon Thomas,DL,Defense,11,11,1,8,Lower Leg,Calf,False,False,False,False
2025,DAL,TurpKa00,KaVontae Turpin,WR,Offense,5,6,2,13,Foot / Toe,Foot,False,False,False,False
2025,DAL,WillJa10,Javonte Williams,RB,Offense,18,18,1,1,Shoulder,Shoulder,True,True,True,False
2025,DAL,WillQu00,Quinnen Williams,DL,Defense,16,16,1,3,Head / Concussion,Concussion,False,False,False,False
2025,DAL,WilsDo01,Donovan Wilson,DB,Defense,8,9,2,10,Arm / Elbow,Elbow,False,False,False,False
2025,DAL,WinfPe00,Perrion Winfrey,DL,Defense,1,15,14,17,Back,Back,True,False,False,False
2025,DEN,AdkiNa00,Nate Adkins,TE,Offense,1,2,2,17,Ankle,Ankle,False,False,False,False
2025,DEN,AdkiNa00,Nate Adkins,TE,Offense,9,14,5,9,Knee,Knee,False,False,False,False
2025,DEN,AdkiNa00,Nate Adkins,TE,Offense,17,17,1,2,Knee,Knee,False,False,False,False
2025,DEN,BadiTy00,Tyler Badie,RB,Offense,6,6,1,12,Shoulder,Shoulder,False,False,False,False
2025,DEN,BryaPa00,Pat Bryant,WR,Offense,15,15,1,4,Hamstring,Hamstring,False,False,False,False
2025,DEN,BryaPa00,Pat Bryant,WR,Offense,17,17,1,2,Head / Concussion,Concussion,False,False,False,False
2025,DEN,DobbJK00,J.K. Dobbins,RB,Offense,11,18,7,7,Foot / Toe,Foot,True,True,True,False
2025,DEN,ElliJo03,Jonah Elliss,LB,Defense,6,7,2,12,Chest / Ribs,Ribs,False,False,False,False
2025,DEN,ElliJo03,Jonah Elliss,LB,Defense,11,13,2,7,Hamstring,Hamstring,False,False,False,False
2025,DEN,EngrEv00,Evan Engram,TE,Offense,3,3,1,15,Back,Back,False,False,False,False
2025,DEN,FranJo02,John Franklin-Myers,DL,Defense,18,18,1,1,Hip / Groin,Hip,False,True,False,False
2025,DEN,GrayJ.00,J.T. Gray,DB,Defense,10,10,1,8,Hamstring,Hamstring,False,False,False,False
2025,DEN,GreeDr00,Dre Greenlaw,LB,Defense,1,6,6,17,Quad / Thigh,Quadricep,True,False,False,False
2025,DEN,GreeDr00,Dre Greenlaw,LB,Defense,17,18,2,2,Hamstring,Hamstring,False,True,False,False
2025,DEN,JoneBr06,Brandon Jones,DB,Defense,16,18,3,3,Unspecified (IR),,True,True,True,False
2025,DEN,JoneD.01,D.J. Jones,DL,Defense,14,14,1,5,Ankle,Ankle,False,False,False,False
2025,DEN,KrulLu00,Lucas Krull,TE,Offense,4,18,14,14,Foot / Toe,Foot,True,True,True,False
2025,DEN,LockPJ00,P.J. Locke,DB,Defense,9,9,1,9,Neck,Neck,False,False,False,False
2025,DEN,MimsMa00,Marvin Mims,WR,Offense,9,10,2,9,Head / Concussion,Concussion,False,False,False,False
2025,DEN,PearMa00,Matt Peart,OL,Offense,7,18,11,11,Unspecified (IR),,True,True,True,False
2025,DEN,PoweBe00,Ben Powers,OL,Offense,6,15,9,12,Arm / Elbow,Biceps,True,False,False,False
2025,DEN,ReidKa00,Karene Reid,LB,Defense,11,18,7,7,Hamstring,Hamstring,True,True,True,False
2025,DEN,RoacMa01,Malcolm Roach,DL,Defense,1,5,5,17,Lower Leg,Calf,True,False,False,False
2025,DEN,SherTr00,Trent Sherfield,WR,Offense,11,11,1,7,Foot / Toe,Toe,False,False,False,False
2025,DEN,StrnJu00,Justin Strnad,LB,Defense,16,16,1,3,Foot / Toe,Foot,False,False,False,False
2025,DEN,SurtPa01,Patrick Surtain II,DB,Defense,9,11,3,9,Chest / Ribs,Pectoral,False,False,False,False
2025,DEN,TaylRe01,Reese Taylor,DB,Defense,14,16,3,5,Chest / Ribs,Chest,False,False,False,False
2025,DEN,WallGa00,Garret Wallow,LB,Defense,7,10,4,11,Hamstring,Hamstring,True,False,False,False
2025,DEN,WattLu00,Luke Wattenberg,OL,Offense,17,18,2,2,Shoulder,Shoulder,True,True,True,False
2025,DET,AnzaAl00,Alex Anzalone,LB,Defense,18,18,1,1,Head / Concussion,Concussion,False,True,False,False
2025,DET,ArnoTe00,Terrion Arnold,DB,Defense,6,7,2,12,Shoulder,Shoulder,False,False,False,False
2025,DET,ArnoTe00,Terrion Arnold,DB,Defense,11,12,2,8,Head / Concussion,Concussion,False,False,False,False
2025,DET,ArnoTe00,Terrion Arnold,DB,Defense,14,18,5,5,Shoulder,Shoulder,True,True,True,False
2025,DET,AwosKa00,Kayode Awosika,OL,Offense,14,16,3,5,Foot / Toe,Foot,False,False,False,False
2025,DET,BranBr00,Brian Branch,DB,Defense,15,18,4,4,Achilles,Achilles,True,True,True,False
2025,DET,ColoTr01,Trystan Colon,OL,Offense,16,18,3,3,Hand / Wrist,Wrist,True,True,True,False
2025,DET,CunnZa00,Zach Cunningham,LB,Defense,4,6,3,14,Hamstring,Hamstring,False,False,False,False
2025,DET,CunnZa00,Zach Cunningham,LB,Defense,9,18,10,10,Unspecified (IR),,True,True,True,False
2025,DET,DaveMa00,Marcus Davenport,DL,Defense,3,12,9,15,Chest / Ribs,Chest,True,False,False,False
2025,DET,DeckTa00,Taylor Decker,OL,Offense,5,6,2,13,Shoulder,Shoulder,False,False,False,False
2025,DET,DeckTa00,Taylor Decker,OL,Offense,17,17,1,2,Shoulder,Shoulder,False,False,False,False
2025,DET,DorsKh00,Khalil Dorsey,DB,Defense,5,11,6,13,Head / Concussion,Concussion,True,False,False,False
2025,DET,FrazMi00,Miles Frazier,OL,Offense,1,13,12,17,Knee,Knee,True,False,False,False
2025,DET,GlasGr00,Graham Glasgow,OL,Offense,13,13,1,6,Knee,Knee,False,False,False,False
2025,DET,GlasGr00,Graham Glasgow,OL,Offense,16,16,1,3,Knee,Knee,False,False,False,False
2025,DET,HarpTh00,Thomas Harper,DB,Defense,15,15,1,4,Head / Concussion,Concussion,False,False,False,False
2025,DET,HarpTh00,Thomas Harper,DB,Defense,18,18,1,1,Head / Concussion,Concussion,False,True,False,False
2025,DET,JoseKe03,Kerby Joseph,DB,Defense,7,18,11,11,Knee,Knee,True,True,True,False
2025,DET,LaPoSa01,Sam LaPorta,TE,Offense,11,18,8,8,Back,Back,True,True,True,False
2025,DET,MaddAv00,Avonte Maddox,DB,Defense,6,7,2,12,Hamstring,Hamstring,False,False,False,False
2025,DET,MaddAv00,Avonte Maddox,DB,Defense,17,17,1,2,Back,Back,False,False,False,False
2025,DET,MahoCh00,Christian Mahogany,OL,Offense,10,15,6,9,Lower Leg,Fibula,True,False,False,False
2025,DET,ManuGi00,Giovanni Manu,OL,Offense,6,18,12,12,Knee,Knee,True,True,True,False
2025,DET,McNeAl00,Alim McNeill,DL,Defense,1,6,6,17,Knee,Knee,True,False,False,False
2025,DET,McNeAl00,Alim McNeill,DL,Defense,18,18,1,1,Core / Abdomen,Abdomen,False,True,False,False
2025,DET,NowaTr00,Trevor Nowaske,LB,Defense,1,2,2,17,Arm / Elbow,Elbow,False,False,False,False
2025,DET,OConPa00,Pat O'Connor,DL,Defense,10,18,9,9,Knee,Knee,False,True,False,False
2025,DET,RaymKa00,Kalif Raymond,WR,Offense,13,14,2,6,Ankle,Ankle,False,False,False,False
2025,DET,ReedD.00,D.J. Reed,DB,Defense,5,11,6,13,Hamstring,Hamstring,True,False,False,False
2025,DET,ReynCr00,Craig Reynolds,RB,Offense,9,9,1,10,Hamstring,Hamstring,False,False,False,False
2025,DET,RodrMa00,Malcolm Rodriguez,LB,Defense,1,11,10,17,Knee,Knee,True,False,False,False
2025,DET,SaylJa00,Jacob Saylors,RB,Offense,10,10,1,9,Back,Back,False,False,False,False
2025,DET,SewePe00,Penei Sewell,OL,Offense,18,18,1,1,Ankle,Ankle,False,True,False,False
2025,DET,ThomDa07,Daniel Thomas,DB,Defense,4,9,5,14,Arm / Elbow,Forearm,True,False,False,False
2025,DET,VakiSi00,Sione Vaki,RB,Offense,1,2,2,17,Hamstring,Hamstring,False,False,False,False
2025,DET,VakiSi00,Sione Vaki,RB,Offense,4,7,4,14,Hip / Groin,Groin,False,False,False,False
2025,DET,WrigBr01,Brock Wright,TE,Offense,13,18,6,6,Neck,Neck,True,True,True,False
2025,DET,ZylsSh00,Shane Zylstra,TE,Offense,3,14,11,15,Knee,Knee,True,False,False,False
2025,GB,AndeZa02,Zayne Anderson,DB,Defense,1,2,2,17,Knee,Knee,False,False,False,False
2025,GB,AndeZa02,Zayne Anderson,DB,Defense,18,18,1,1,Unspecified (IR),,True,True,True,False
2025,GB,BankAa00,Aaron Banks,OL,Offense,2,2,1,16,Ankle,Ankle,False,False,False,False
2025,GB,BankAa00,Aaron Banks,OL,Offense,4,4,1,14,Hip / Groin,Groin,False,False,False,False
2025,GB,BeltAn00,Anthony Belton,OL,Offense,4,7,3,14,Ankle,Ankle,False,False,False,False
2025,GB,BrinWa00,Warren Brinson,DL,Defense,8,9,2,11,Hamstring,Hamstring,False,False,False,False
2025,GB,BrooKa00,Karl Brooks,DL,Defense,13,13,1,6,Ankle,Ankle,False,False,False,False
2025,GB,CoopEd00,Edgerrin Cooper,LB,Defense,18,18,1,1,Shoulder,Shoulder,False,True,False,False
2025,GB,CoxxBr02,Brenton Cox,DL,Defense,2,15,13,16,Hip / Groin,Groin,True,False,False,False
2025,GB,FitzJo00,John FitzPatrick,TE,Offense,17,18,2,2,Unspecified (IR),,True,True,True,False
2025,GB,GoldMa02,Matthew Golden,WR,Offense,10,10,1,9,Shoulder,Shoulder,False,False,False,False
2025,GB,GoldMa02,Matthew Golden,WR,Offense,12,13,2,7,Shoulder,Shoulder,False,False,False,False
2025,GB,HaddKa00,Kamal Hadden,DB,Defense,18,18,1,1,Unspecified (IR),,True,True,True,False
2025,GB,HobbNa00,Nate Hobbs,DB,Defense,1,1,1,17,Knee,Knee,False,False,False,False
2025,GB,HobbNa00,Nate Hobbs,DB,Defense,10,13,4,9,Knee,Knee,False,False,False,False
2025,GB,HobbNa00,Nate Hobbs,DB,Defense,18,18,1,1,Unspecified (IR),,True,True,True,False
2025,GB,JacoJo01,Josh Jacobs,RB,Offense,12,12,1,7,Knee,Knee,False,False,False,False
2025,GB,JacoJo01,Josh Jacobs,RB,Offense,18,18,1,1,Knee,Knee,False,True,False,False
2025,GB,JenkEl00,Elgton Jenkins,OL,Offense,11,18,8,8,Unspecified (IR),,True,True,True,False
2025,GB,JennDo00,Donovan Jennings,OL,Offense,18,18,1,1,Neck,Throat,True,True,True,False
2025,GB,KrafTu00,Tucker Kraft,TE,Offense,10,18,9,9,Unspecified (IR),,True,True,True,False
2025,GB,LoveJo03,Jordan Love,QB,Offense,17,18,2,2,Shoulder,Shoulder,False,True,False,False
2025,GB,MeltBo00,Bo Melton,DB,Defense,2,2,1,16,Shoulder,Shoulder,False,False,False,False
2025,GB,MonkJa00,Jacob Monk,OL,Offense,1,11,10,17,Hamstring,Hamstring,True,False,False,False
2025,GB,NiemNi00,Nick Niemann,LB,Defense,9,18,10,10,Chest / Ribs,Pectoral,True,True,True,False
2025,GB,OlivCo00,Collin Oliver,DL,Defense,1,17,16,17,Hamstring,Hamstring,True,False,False,False
2025,GB,ParsMi00,Micah Parsons,DL,Defense,16,18,3,3,Knee,Knee,True,True,True,False
2025,GB,ReedJa03,Jayden Reed,WR,Offense,3,13,10,15,Foot / Toe,Foot,True,False,False,False
2025,GB,RileJo00,Jordon Riley,DL,Defense,18,18,1,1,Ankle,Ankle,True,True,True,False
2025,GB,SorrBa00,Barryn Sorrell,DL,Defense,1,1,1,17,Knee,Knee,False,False,False,False
2025,GB,TomxZa00,Zach Tom,OL,Offense,2,2,1,16,Core / Abdomen,Oblique,False,False,False,False
2025,GB,TomxZa00,Zach Tom,OL,Offense,4,4,1,14,Core / Abdomen,Oblique,False,False,False,False
2025,GB,TomxZa00,Zach Tom,OL,Offense,16,18,3,3,Back,Back,False,True,False,False
2025,GB,VanNLu00,Lukas Van Ness,DL,Defense,7,11,5,12,Foot / Toe,Foot,False,False,False,False
2025,GB,VanNLu00,Lukas Van Ness,DL,Defense,13,14,2,6,Foot / Toe,Foot,False,False,False,False
2025,GB,WalkQu00,Quay Walker,LB,Defense,12,13,2,7,Neck,Neck,False,False,False,False
2025,GB,WatsCh00,Christian Watson,WR,Offense,1,7,6,17,Knee,Knee,True,False,False,False
2025,GB,WelcKr00,Kristian Welch,LB,Defense,17,18,2,2,Ankle,Ankle,True,True,True,False
2025,GB,WhylJo01,Josh Whyle,TE,Offense,16,16,1,3,Head / Concussion,Concussion,False,False,False,False
2025,GB,WickDo00,Dontayvion Wicks,WR,Offense,8,9,2,11,Lower Leg,Calf,False,False,False,False
2025,GB,WickDo00,Dontayvion Wicks,WR,Offense,18,18,1,1,Head / Concussion,Concussion,False,True,False,False
2025,GB,WillEv00,Evan Williams,DB,Defense,16,16,1,3,Knee,Knee,False,False,False,False
2025,GB,WillMa12,Malik Willis,QB,Offense,1,10,9,17,Ankle,Ankle,False,False,False,False
2025,GB,WillMa12,Malik Willis,QB,Offense,18,18,1,1,Shoulder,Shoulder,False,True,False,False
2025,GB,WillSa01,Savion Williams,WR,Offense,13,15,3,6,Foot / Toe,Foot,False,False,False,False
2025,GB,WillSa01,Savion Williams,WR,Offense,17,18,2,2,Foot / Toe,Foot,True,True,True,False
2025,GB,WyatDe00,Devonte Wyatt,DL,Defense,6,7,2,13,Knee,Knee,False,False,False,False
2025,GB,WyatDe00,Devonte Wyatt,DL,Defense,14,18,5,5,Ankle,Ankle,True,True,True,False
2025,HOU,AlShAz00,Azeez Al-Shaair,LB,Defense,16,16,1,3,Ankle,Ankle,False,False,False,False
2025,HOU,AndrJa00,Jake Andrews,OL,Offense,2,2,1,16,Ankle,Ankle,False,False,False,False
2025,HOU,ArneDa00,Damon Arnette,DB,Defense,11,17,7,8,Ankle,Ankle,False,False,False,False
2025,HOU,AutrDe00,Denico Autry,DL,Defense,1,5,5,17,Knee,Knee,True,False,False,False
2025,HOU,BateBr00,Brenden Bates,TE,Offense,8,8,1,11,Hand / Wrist,Wrist,False,False,False,False
2025,HOU,BerrBr00,Braxton Berrios,WR,Offense,1,5,5,17,Hamstring,Hamstring,False,False,False,False
2025,HOU,BerrBr00,Braxton Berrios,WR,Offense,11,18,8,8,Quad / Thigh,Quadricep,False,True,False,False
2025,HOU,BrowTr02,Trent Brown,OL,Offense,17,18,2,2,Ankle,Ankle,False,True,False,False
2025,HOU,BryaHa00,Harrison Bryant,TE,Offense,11,14,4,8,Neck,Neck,True,False,False,False
2025,HOU,CartAj00,Ajani Carter,DB,Defense,13,18,6,6,Hamstring,Hamstring,True,True,True,False
2025,HOU,ChubNi00,Nick Chubb,RB,Offense,15,15,1,4,Chest / Ribs,Ribs,False,False,False,False
2025,HOU,CollNi00,Nico Collins,WR,Offense,8,8,1,11,Head / Concussion,Concussion,False,False,False,False
2025,HOU,EdwaMa01,Mario Edwards,DL,Defense,16,18,3,3,Unspecified (IR),,True,True,True,False
2025,HOU,ErseAi00,Aireontae Ersery,OL,Offense,17,17,1,2,Hand / Wrist,Thumb,False,False,False,False
2025,HOU,FatuFo00,Folorunso Fatukasi,DL,Defense,5,18,13,13,Shoulder,Shoulder,True,True,True,False
2025,HOU,HansJa01,Jake Hansen,LB,Defense,17,18,2,2,Chest / Ribs,Chest,True,True,True,False
2025,HOU,HarrCh06,Christian Harris,LB,Defense,10,10,1,9,Lower Leg,Shin,False,False,False,False
2025,HOU,HillJa02,Jamal Hill,LB,Defense,12,14,3,7,Hamstring,Hamstring,False,False,False,False
2025,HOU,HillJa02,Jamal Hill,LB,Defense,17,18,2,2,Hand / Wrist,Wrist,False,True,False,False
2025,HOU,HortDy00,Dylan Horton,DL,Defense,9,9,1,10,Knee,Knee,False,False,False,False
2025,HOU,HowaTy00,Tytus Howard,OL,Offense,10,10,1,9,Head / Concussion,Concussion,False,False,False,False
2025,HOU,HuzzAl00,Alijah Huzzie,DB,Defense,1,15,14,17,Knee,Knee,True,False,False,False
2025,HOU,IngrEd00,Ed Ingram,OL,Offense,1,1,1,17,Core / Abdomen,Abdomen,False,False,False,False
2025,HOU,IngrEd00,Ed Ingram,OL,Offense,10,11,2,9,Knee,Knee,False,False,False,False
2025,HOU,JohnJa12,Jakob Johnson,RB,Offense,4,10,6,14,Hamstring,Hamstring,True,False,False,False
2025,HOU,KirkCh01,Christian Kirk,WR,Offense,1,2,2,17,Hamstring,Hamstring,False,False,False,False
2025,HOU,KirkCh01,Christian Kirk,WR,Offense,7,8,2,12,Hamstring,Hamstring,False,False,False,False
2025,HOU,LassKa00,Kamari Lassiter,DB,Defense,18,18,1,1,Ankle,Ankle,False,True,False,False
2025,HOU,MarkWo00,Woody Marks,RB,Offense,16,16,1,3,Ankle,Ankle,False,False,False,False
2025,HOU,PitrJa00,Jalen Pitre,DB,Defense,10,12,3,9,Head / Concussion,Concussion,False,False,False,False
2025,HOU,ReedJa04,Jaylen Reed,DB,Defense,1,5,5,17,Knee,Knee,True,False,False,False
2025,HOU,ReedJa04,Jaylen Reed,DB,Defense,14,18,5,5,Arm / Elbow,Forearm,True,True,True,False
2025,HOU,SettTi00,Tim Settle,DL,Defense,14,18,5,5,Foot / Toe,Foot,True,True,True,False
2025,HOU,SmitJa11,Jaylin Smith,DB,Defense,3,7,4,15,Hamstring,Hamstring,True,False,False,False
2025,HOU,SmitJa11,Jaylin Smith,DB,Defense,10,18,9,9,Unspecified (IR),,True,True,True,False
2025,HOU,SpeeEJ00,E.J. Speed,LB,Defense,15,15,1,4,Knee,Knee,False,False,False,False
2025,HOU,StewM.00,M.J. Stewart,DB,Defense,11,18,8,8,Unspecified (IR),,True,True,True,False
2025,HOU,StovCa00,Cade Stover,TE,Offense,2,10,8,16,Foot / Toe,Foot,True,False,False,False
2025,HOU,StroCJ00,C.J. Stroud,QB,Offense,10,12,3,9,Head / Concussion,Concussion,False,False,False,False
2025,HOU,TaylDa00,Darrell Taylor,DL,Defense,3,4,2,15,Hip / Groin,Hip,False,False,False,False
2025,HOU,TaylDa00,Darrell Taylor,DL,Defense,10,18,9,9,Ankle,Ankle,True,True,True,False
2025,HOU,WatsJu01,Justin Watson,WR,Offense,3,17,14,15,Lower Leg,Calf,True,False,False,False
2025,IND,BachJo01,Joe Bachie,LB,Defense,6,6,1,12,Unspecified (IR),,True,False,False,False
2025,IND,BortTa00,Tanor Bortolini,OL,Offense,17,17,1,2,Head / Concussion,Concussion,False,False,False,False
2025,IND,BuckDe00,DeForest Buckner,DL,Defense,10,15,5,8,Neck,Neck,True,False,False,False
2025,IND,BuckDe00,DeForest Buckner,DL,Defense,17,18,2,2,Neck,Neck,True,True,True,False
2025,IND,CarlJa01,Jaylon Carlies,LB,Defense,1,13,12,17,Ankle,Ankle,True,False,False,False
2025,IND,DownJo00,Josh Downs,WR,Offense,7,7,1,11,Head / Concussion,Concussion,False,False,False,False
2025,IND,DuliAs00,Ashton Dulin,WR,Offense,7,7,1,11,Chest / Ribs,Chest,False,False,False,False
2025,IND,DuliAs00,Ashton Dulin,WR,Offense,13,16,4,6,Hamstring,Hamstring,True,False,False,False
2025,IND,EbukSa00,Samson Ebukam,DL,Defense,8,10,3,10,Knee,Knee,False,False,False,False
2025,IND,GardSa00,Sauce Gardner,DB,Defense,10,10,1,8,Head / Concussion,Concussion,False,False,False,False
2025,IND,GardSa00,Sauce Gardner,DB,Defense,14,16,3,5,Lower Leg,Calf,False,False,False,False
2025,IND,GardSa00,Sauce Gardner,DB,Defense,18,18,1,1,Lower Leg,Calf,False,True,False,False
2025,IND,GoncMa00,Matt Goncalves,OL,Offense,4,4,1,14,Foot / Toe,Toe,False,False,False,False
2025,IND,GoodTy00,Tyler Goodson,RB,Offense,1,2,2,17,Arm / Elbow,Elbow,False,False,False,False
2025,IND,GoodTy00,Tyler Goodson,RB,Offense,5,7,3,13,Hip / Groin,Groin,False,False,False,False
2025,IND,GoodTy00,Tyler Goodson,RB,Offense,17,17,1,2,Ankle,Ankle,False,False,False,False
2025,IND,GoulAn00,Anthony Gould,WR,Offense,9,10,2,9,Knee,Knee,False,False,False,False
2025,IND,GoulAn00,Anthony Gould,WR,Offense,15,18,4,4,Foot / Toe,Foot,True,True,True,False
2025,IND,JoneDa05,Daniel Jones,QB,Offense,15,18,4,4,Lower Leg,Fibula,True,True,True,False
2025,IND,JoneJa13,Jaylon Jones,DB,Defense,1,8,8,17,Hamstring,Hamstring,True,False,False,False
2025,IND,LammCh00,Chris Lammons,DB,Defense,15,18,4,4,Unspecified (IR),,True,True,True,False
2025,IND,LatuLa00,Laiatu Latu,DL,Defense,2,2,1,16,Hamstring,Hamstring,False,False,False,False
2025,IND,LeonRi02,Riley Leonard,QB,Offense,15,15,1,4,Knee,Knee,False,False,False,False
2025,IND,LewiTy00,Tyquan Lewis,DL,Defense,8,10,3,10,Hip / Groin,Groin,False,False,False,False
2025,IND,LewiTy00,Tyquan Lewis,DL,Defense,14,14,1,5,Ankle,Ankle,False,False,False,False
2025,IND,MallWi00,Will Mallory,TE,Offense,18,18,1,1,Core / Abdomen,Lung,False,True,False,False
2025,IND,MoorKe03,Kenny Moore,DB,Defense,4,6,3,14,Achilles,Achilles,False,False,False,False
2025,IND,OgleAn00,Andrew Ogletree,TE,Offense,17,18,2,2,Neck,Neck,True,True,True,False
2025,IND,PierAl00,Alec Pierce,WR,Offense,4,5,2,14,Head / Concussion,Concussion,False,False,False,False
2025,IND,RaimBe00,Bernhard Raimann,OL,Offense,16,16,1,3,Arm / Elbow,Elbow,False,False,False,False
2025,IND,RichAn03,Anthony Richardson,QB,Offense,6,18,12,12,Head / Concussion,Eye,True,True,True,False
2025,IND,ScotDa03,Daniel Scott,DB,Defense,5,18,13,13,Knee,Knee,True,True,True,False
2025,IND,SmitBr06,Braden Smith,OL,Offense,15,18,4,4,Head / Concussion,Concussion,True,True,True,False
2025,IND,TuckDa00,Dalton Tucker,OL,Offense,17,17,1,2,Shoulder,Shoulder,False,False,False,False
2025,IND,TuimJT00,JT Tuimoloau,DL,Defense,17,17,1,2,Core / Abdomen,Oblique,False,False,False,False
2025,IND,WardCh01,Charvarius Ward,DB,Defense,2,2,1,16,Head / Concussion,Concussion,False,False,False,False
2025,IND,WardCh01,Charvarius Ward,DB,Defense,6,10,5,12,Head / Concussion,Concussion,True,False,False,False
2025,IND,WardCh01,Charvarius Ward,DB,Defense,15,18,4,4,Unspecified (IR),,True,True,True,False
2025,JAX,AbduYa00,Yasir Abdullah,LB,Defense,4,6,3,14,Hamstring,Hamstring,False,False,False,False
2025,JAX,AbduYa00,Yasir Abdullah,LB,Defense,12,15,4,7,Hand / Wrist,Finger,False,False,False,False
2025,JAX,ArmsAr01,Arik Armstead,DL,Defense,13,13,1,6,Hand / Wrist,Hand,False,False,False,False
2025,JAX,BrowDy00,Dyami Brown,WR,Offense,4,4,1,14,Shoulder,Shoulder,False,False,False,False
2025,JAX,BrowMo00,Montaric Brown,DB,Defense,1,2,2,17,Ankle,Ankle,False,False,False,False
2025,JAX,ClevEz00,Ezra Cleveland,OL,Offense,10,10,1,9,Knee,Knee,False,False,False,False
2025,JAX,EdogCh00,Chuma Edoga,OL,Offense,13,14,2,6,Lower Leg,Calf,False,False,False,False
2025,JAX,HainRo00,Robert Hainsey,OL,Offense,6,6,1,12,Hamstring,Hamstring,False,False,False,False
2025,JAX,HainRo00,Robert Hainsey,OL,Offense,17,17,1,2,Hip / Groin,Groin,False,False,False,False
2025,JAX,HarrAn00,Anton Harrison,OL,Offense,11,12,2,8,Knee,Knee,False,False,False,False
2025,JAX,HuntTr00,Travis Hunter,WR,Offense,9,18,10,10,Knee,Knee,True,True,True,False
2025,JAX,KiseJa00,Jack Kiser,LB,Defense,16,18,3,3,Unspecified (IR),,True,True,True,False
2025,JAX,LewiJo01,Jourdan Lewis,DB,Defense,10,12,3,9,Neck,Neck,False,False,False,False
2025,JAX,LewiJo01,Jourdan Lewis,DB,Defense,17,18,2,2,Foot / Toe,Foot,True,True,True,False
2025,JAX,LittWa00,Walker Little,OL,Offense,14,15,2,5,Head / Concussion,Concussion,False,False,False,False
2025,JAX,LloyDe00,Devin Lloyd,LB,Defense,7,9,2,11,Lower Leg,Calf,False,False,False,False
2025,JAX,LongHu00,Hunter Long,TE,Offense,10,13,4,9,Hip / Groin,Hip,False,False,False,False
2025,JAX,MekaPa00,Patrick Mekari,OL,Offense,13,13,1,6,Head / Concussion,Concussion,False,False,False,False
2025,JAX,MekaPa00,Patrick Mekari,OL,Offense,17,18,2,2,Back,Back,False,True,False,False
2025,JAX,MiluWy00,Wyatt Milum,OL,Offense,1,5,5,17,Knee,Knee,False,False,False,False
2025,JAX,MorrQu00,Quintin Morris,TE,Offense,7,9,2,11,Hip / Groin,Groin,False,False,False,False
2025,JAX,MurrEr00,Eric Murray,DB,Defense,9,13,5,10,Neck,Neck,True,False,False,False
2025,JAX,PatrTi00,Tim Patrick,WR,Offense,9,9,1,10,Hip / Groin,Groin,False,False,False,False
2025,JAX,StraBr00,Brenton Strange,TE,Offense,6,11,5,12,Hip / Groin,Hip,True,False,False,False
2025,JAX,StriDa01,Danny Striggow,DL,Defense,16,17,2,3,Ankle,Ankle,False,False,False,False
2025,JAX,ThomBr06,Brian Thomas,WR,Offense,10,12,3,9,Ankle,Ankle,False,False,False,False
2025,JAX,TuteBh00,Bhayshul Tuten,RB,Offense,16,17,2,3,Hand / Wrist,Finger,False,False,False,False
2025,JAX,VanxCo00,Cole Van Lanen,OL,Offense,1,1,1,17,Shoulder,Shoulder,False,False,False,False
2025,JAX,WalkTr03,Travon Walker,DL,Defense,5,5,1,13,Hand / Wrist,Wrist,False,False,False,False
2025,JAX,WalkTr03,Travon Walker,DL,Defense,12,13,2,7,Knee,Knee,False,False,False,False
2025,JAX,WashPa01,Parker Washington,WR,Offense,14,14,1,5,Hip / Groin,Hip,False,False,False,False
2025,JAX,WingAn01,Andrew Wingard,DB,Defense,14,14,1,5,Head / Concussion,Concussion,False,False,False,False
2025,KC,ChenLe00,Leo Chenal,LB,Defense,16,18,3,3,Shoulder,Shoulder,True,True,True,False
2025,KC,DannMi00,Michael Danna,DL,Defense,3,4,2,15,Quad / Thigh,Quadricep,False,False,False,False
2025,KC,FultKr00,Kristian Fulton,DB,Defense,3,9,7,15,Ankle,Ankle,False,False,False,False
2025,KC,GrayNo00,Noah Gray,TE,Offense,13,13,1,6,Head / Concussion,Concussion,False,False,False,False
2025,KC,JohnNa01,Nazeeh Johnson,DB,Defense,1,16,15,17,Shoulder,Shoulder,True,False,False,False
2025,KC,MahoPa00,Patrick Mahomes,QB,Offense,16,18,3,3,Knee,Knee,True,True,True,False
2025,KC,McDuTr00,Trent McDuffie,DB,Defense,15,18,4,4,Knee,Knee,True,True,True,False
2025,KC,MinsGa00,Gardner Minshew II,QB,Offense,17,18,2,2,Unspecified (IR),,True,True,True,False
2025,KC,MoorJa04,Jaylon Moore,OL,Offense,16,17,2,3,Knee,Knee,False,False,False,False
2025,KC,MorrWa01,Wanya Morris,OL,Offense,15,18,4,4,Knee,Knee,True,True,True,False
2025,KC,NormOm00,Omarr Norman-Lott,DL,Defense,1,1,1,17,Ankle,Ankle,False,False,False,False
2025,KC,NormOm00,Omarr Norman-Lott,DL,Defense,5,5,1,13,Shoulder,Shoulder,False,False,False,False
2025,KC,NormOm00,Omarr Norman-Lott,DL,Defense,8,18,10,10,Unspecified (IR),,True,True,True,False
2025,KC,PachIs00,Isiah Pacheco,RB,Offense,9,12,3,9,Knee,Knee,False,False,False,False
2025,KC,RemiNi00,Nikko Remigio,WR,Offense,14,14,1,5,Shoulder,Shoulder,False,False,False,False
2025,KC,RemiNi00,Nikko Remigio,WR,Offense,17,18,2,2,Knee,Knee,True,True,True,False
2025,KC,RiceRa01,Rashee Rice,WR,Offense,16,18,3,3,Head / Concussion,Concussion,True,True,True,False
2025,KC,RolaCh00,Christian Roland-Wallace,DB,Defense,13,18,6,6,Back,Back,True,True,True,False
2025,KC,RoyaJa00,Jalen Royals,WR,Offense,1,3,3,17,Knee,Knee,False,False,False,False
2025,KC,SimmJo01,Josh Simmons,OL,Offense,14,18,5,5,Unspecified (IR),,True,True,True,False
2025,KC,SmitTr05,Trey Smith,OL,Offense,8,8,1,10,Back,Back,False,False,False,False
2025,KC,SmitTr05,Trey Smith,OL,Offense,13,15,3,6,Ankle,Ankle,False,False,False,False
2025,KC,SmitTr05,Trey Smith,OL,Offense,18,18,1,1,Ankle,Ankle,False,True,False,False
2025,KC,TaylJa02,Jawaan Taylor,OL,Offense,14,18,5,5,Arm / Elbow,Triceps,True,True,True,False
2025,KC,ThorTy00,Tyquan Thornton,WR,Offense,16,18,3,3,Head / Concussion,Concussion,True,True,True,False
2025,KC,WatsJa02,Jaylen Watson,DB,Defense,17,18,2,2,Hip / Groin,Groin,True,True,True,False
2025,KC,WileJa00,Jared Wiley,TE,Offense,1,12,11,17,Knee,Knee,False,False,False,False
2025,KC,WortXa00,Xavier Worthy,WR,Offense,2,3,2,16,Shoulder,Shoulder,False,False,False,False
2025,LA,AdamDa01,Davante Adams,WR,Offense,16,18,3,3,Knee,Knee,False,True,False,False
2025,LA,AtweTu00,Tutu Atwell,WR,Offense,6,6,1,12,Hamstring,Hamstring,False,False,False,False
2025,LA,AtweTu00,Tutu Atwell,WR,Offense,9,14,6,10,Hamstring,Hamstring,True,False,False,False
2025,LA,AvilSt00,Steve Avila,OL,Offense,2,3,2,16,Ankle,Ankle,False,False,False,False
2025,LA,DotsKe00,Kevin Dotson,OL,Offense,17,18,2,2,Ankle,Ankle,False,True,False,False
2025,LA,FergTe00,Terrance Ferguson,TE,Offense,18,18,1,1,Hamstring,Hamstring,False,True,False,False
2025,LA,HaveRo00,Rob Havenstein,OL,Offense,5,7,3,13,Ankle,Ankle,False,False,False,False
2025,LA,HaveRo00,Rob Havenstein,OL,Offense,12,18,7,7,Unspecified (IR),,True,True,True,False
2025,LA,HigbTy00,Tyler Higbee,TE,Offense,5,5,1,13,Hip / Groin,Hip,False,False,False,False
2025,LA,HigbTy00,Tyler Higbee,TE,Offense,12,17,6,7,Ankle,Ankle,True,False,False,False
2025,LA,JackAl01,Alaric Jackson,OL,Offense,17,17,1,2,Knee,Knee,False,False,False,False
2025,LA,LakeQu00,Quentin Lake,DB,Defense,12,18,7,7,Arm / Elbow,Elbow,True,True,True,False
2025,LA,McCrRo01,Roger McCreary,DB,Defense,13,16,4,6,Hip / Groin,Hip,True,False,False,False
2025,LA,NacuPu00,Puka Nacua,WR,Offense,7,7,1,11,Ankle,Ankle,False,False,False,False
2025,LA,ParkCo02,Colby Parkinson,TE,Offense,2,2,1,16,Shoulder,Shoulder,False,False,False,False
2025,LA,ParkCo02,Colby Parkinson,TE,Offense,6,6,1,12,Head / Concussion,Concussion,False,False,False,False
2025,LA,SmitXa00,Xavier Smith,WR,Offense,12,12,1,7,Head / Concussion,Concussion,False,False,False,False
2025,LA,SpeiOm00,Omar Speights,LB,Defense,6,6,1,12,Ankle,Ankle,False,False,False,False
2025,LA,WallJo00,Josh Wallace,DB,Defense,17,18,2,2,Ankle,Ankle,False,True,False,False
2025,LA,WillDa09,Darious Williams,DB,Defense,9,9,1,10,Shoulder,Shoulder,False,False,False,False
2025,LA,WillDa09,Darious Williams,DB,Defense,14,14,1,5,Lower Leg,Tibia,False,False,False,False
2025,LA,WithAh00,Ahkello Witherspoon,DB,Defense,3,12,9,15,Shoulder,Shoulder,True,False,False,False
2025,LAC,AltxJo01,Joe Alt,OL,Offense,5,7,3,13,Ankle,Ankle,False,False,False,False
2025,LAC,AltxJo01,Joe Alt,OL,Offense,10,18,8,8,Unspecified (IR),,True,True,True,False
2025,LAC,BectMe00,Mekhi Becton,OL,Offense,4,4,1,14,Head / Concussion,Concussion,False,False,False,False
2025,LAC,BectMe00,Mekhi Becton,OL,Offense,9,9,1,9,Knee,Knee,False,False,False,False
2025,LAC,BozeBr00,Bradley Bozeman,OL,Offense,18,18,1,1,Head / Concussion,Concussion,False,True,False,False
2025,LAC,DaviDe02,Derius Davis,WR,Offense,4,6,3,14,Knee,Knee,False,False,False,False
2025,LAC,DaviDe02,Derius Davis,WR,Offense,15,17,3,4,Ankle,Ankle,False,False,False,False
2025,LAC,DecuAu00,Austin Deculus,OL,Offense,8,9,2,10,Ankle,Ankle,False,False,False,False
2025,LAC,DissWi00,Will Dissly,TE,Offense,3,5,3,15,Knee,Knee,False,False,False,False
2025,LAC,DuprAl00,Bud Dupree,LB,Defense,16,16,1,3,Back,Back,False,False,False,False
2025,LAC,DyexTr00,Troy Dye,LB,Defense,7,7,1,11,Hand / Wrist,Thumb,False,False,False,False
2025,LAC,FiskTu00,Tucker Fisk,TE,Offense,14,18,5,5,Ankle,Ankle,True,True,True,False
2025,LAC,HampOm00,Omarion Hampton,RB,Offense,6,13,7,12,Ankle,Ankle,True,False,False,False
2025,LAC,HampOm00,Omarion Hampton,RB,Offense,18,18,1,1,Ankle,Ankle,False,True,False,False
2025,LAC,HandDa00,Da'Shawn Hand,DL,Defense,6,9,4,12,Hip / Groin,Groin,True,False,False,False
2025,LAC,HarrNa00,Najee Harris,RB,Offense,4,18,14,14,Unspecified (IR),,True,True,True,False
2025,LAC,HartBo00,Bobby Hart,OL,Offense,10,11,2,8,Knee,Knee,False,False,False,False
2025,LAC,HartCa00,Cam Hart,DB,Defense,3,3,1,15,Hip / Groin,Hip,False,False,False,False
2025,LAC,HaskHa00,Hassan Haskins,RB,Offense,8,13,5,10,Hamstring,Hamstring,True,False,False,False
2025,LAC,HerbJu00,Justin Herbert,QB,Offense,18,18,1,1,Hand / Wrist,Hand,False,True,False,False
2025,LAC,JeffTo00,Tony Jefferson,DB,Defense,9,11,3,9,Hamstring,Hamstring,False,False,False,False
2025,LAC,JohnQu02,Quentin Johnston,WR,Offense,6,6,1,12,Hamstring,Hamstring,False,False,False,False
2025,LAC,JohnQu02,Quentin Johnston,WR,Offense,15,15,1,4,Hip / Groin,Groin,False,False,False,False
2025,LAC,KennKy00,Kyle Kennard,LB,Defense,7,15,8,11,Knee,Knee,False,False,False,False
2025,LAC,LambKe01,KeAndre Lambert-Smith,WR,Offense,10,14,4,8,Hamstring,Hamstring,False,False,False,False
2025,LAC,LeonDe00,Deane Leonard,DB,Defense,1,9,9,17,Knee,Knee,True,False,False,False
2025,LAC,MackKh00,Khalil Mack,LB,Defense,3,6,4,15,Arm / Elbow,Elbow,True,False,False,False
2025,LAC,MatlSc00,Scott Matlock,RB,Offense,6,6,1,12,Ankle,Ankle,False,False,False,False
2025,LAC,MickRJ00,R.J. Mickens,DB,Defense,16,17,2,3,Shoulder,Shoulder,False,False,False,False
2025,LAC,MoldEl00,Elijah Molden,DB,Defense,2,3,2,16,Hamstring,Hamstring,False,False,False,False
2025,LAC,MoldEl00,Elijah Molden,DB,Defense,7,7,1,11,Hand / Wrist,Thumb,False,False,False,False
2025,LAC,MoldEl00,Elijah Molden,DB,Defense,15,15,1,4,Hamstring,Hamstring,False,False,False,False
2025,LAC,MoldEl00,Elijah Molden,DB,Defense,18,18,1,1,Hamstring,Hamstring,False,True,False,False
2025,LAC,OgboOt00,Otito Ogbonnia,DL,Defense,8,13,5,10,Arm / Elbow,Elbow,True,False,False,False
2025,LAC,PerrDe00,Denzel Perryman,LB,Defense,2,6,5,16,Ankle,Ankle,True,False,False,False
2025,LAC,PipkTr00,Trey Pipkins,OL,Offense,6,7,2,12,Knee,Knee,False,False,False,False
2025,LAC,PipkTr00,Trey Pipkins,OL,Offense,15,16,2,4,Ankle,Ankle,False,False,False,False
2025,LAC,ReedNi00,Nikko Reed,DB,Defense,18,18,1,1,Hamstring,Hamstring,True,True,True,False
2025,LAC,SalyJa00,Jamaree Salyer,OL,Offense,6,6,1,12,Knee,Knee,False,False,False,False
2025,LAC,SalyJa00,Jamaree Salyer,OL,Offense,8,8,1,10,Knee,Knee,False,False,False,False
2025,LAC,SalyJa00,Jamaree Salyer,OL,Offense,17,18,2,2,Hamstring,Hamstring,False,True,False,False
2025,LAC,StJuBe00,Benjamin St-Juste,DB,Defense,17,17,1,2,Shoulder,Shoulder,False,False,False,False
2025,LAC,StilTa00,Tarheeb Still,DB,Defense,9,10,2,9,Knee,Knee,False,False,False,False
2025,LAC,VidaKi00,Kimani Vidal,RB,Offense,17,17,1,2,Neck,Neck,False,False,False,False
2025,LV,BachAl00,Alex Bachman,WR,Offense,14,15,2,5,Hand / Wrist,Thumb,False,False,False,False
2025,LV,BechJa00,Jack Bech,WR,Offense,17,17,1,2,Back,Back,False,False,False,False
2025,LV,BluxKy00,Kyu Blu Kelly,DB,Defense,15,18,4,4,Unspecified (IR),,True,True,True,False
2025,LV,BoweBr01,Brock Bowers,TE,Offense,5,7,3,13,Knee,Knee,False,False,False,False
2025,LV,BoweBr01,Brock Bowers,TE,Offense,17,18,2,2,Unspecified (IR),,True,True,True,False
2025,LV,ButlAd00,Adam Butler,DL,Defense,18,18,1,1,Arm / Elbow,Biceps,False,True,False,False
2025,LV,ChinJe00,Jeremy Chinn,DB,Defense,17,18,2,2,Back,Back,True,True,True,False
2025,LV,CrosMa00,Maxx Crosby,DL,Defense,17,18,2,2,Knee,Knee,True,True,True,False
2025,LV,FotuLe00,Leki Fotu,DL,Defense,10,12,3,9,Foot / Toe,Heel,False,False,False,False
2025,LV,JackBr02,Brennan Jackson,LB,Defense,5,18,13,13,Foot / Toe,Foot,True,True,True,False
2025,LV,JohnLo01,Lonnie Johnson Jr.,DB,Defense,1,9,8,17,Lower Leg,Fibula,True,False,False,False
2025,LV,MayeMi00,Michael Mayer,TE,Offense,4,5,2,14,Head / Concussion,Concussion,False,False,False,False
2025,LV,MayeMi00,Michael Mayer,TE,Offense,13,14,2,6,Ankle,Ankle,False,False,False,False
2025,LV,MereJo00,Jordan Meredith,OL,Offense,13,13,1,6,Ankle,Ankle,False,False,False,False
2025,LV,MereJo00,Jordan Meredith,OL,Offense,15,15,1,4,Foot / Toe,Foot,False,False,False,False
2025,LV,MereJo00,Jordan Meredith,OL,Offense,17,18,2,2,Ankle,Ankle,True,True,True,False
2025,LV,MeyeJa01,Jakobi Meyers,WR,Offense,7,7,1,11,Knee,Knee,False,False,False,False
2025,LV,MillKo00,Kolton Miller,OL,Offense,5,18,13,13,Ankle,Ankle,True,True,True,False
2025,LV,MostRa00,Raheem Mostert,RB,Offense,17,18,2,2,Ankle,Ankle,False,True,False,False
2025,LV,OConAi00,Aidan O'Connell,QB,Offense,1,17,16,17,Hand / Wrist,Wrist,True,False,False,False
2025,LV,PeguJJ00,JJ Pegues,DL,Defense,6,11,5,12,Knee,Knee,False,False,False,False
2025,LV,PickKe00,Kenny Pickett,QB,Offense,1,6,6,17,Hamstring,Hamstring,False,False,False,False
2025,LV,PoweJa00,Jackson Powers-Johnson,OL,Offense,2,2,1,16,Head / Concussion,Concussion,False,False,False,False
2025,LV,PoweJa00,Jackson Powers-Johnson,OL,Offense,11,18,8,8,Unspecified (IR),,True,True,True,False
2025,LV,RichDe01,Decamerion Richardson,DB,Defense,3,4,2,15,Hamstring,Hamstring,False,False,False,False
2025,LV,SmitGe00,Geno Smith,QB,Offense,15,15,1,4,Shoulder,Shoulder,False,False,False,False
2025,LV,SmitGe00,Geno Smith,QB,Offense,18,18,1,1,Ankle,Ankle,False,True,False,False
2025,LV,StokEr00,Eric Stokes,DB,Defense,5,5,1,13,Knee,Knee,False,False,False,False
2025,LV,ThomIa00,Ian Thomas,TE,Offense,15,16,2,4,Lower Leg,Calf,False,False,False,False
2025,LV,ThorDo00,Dont'e Thornton,WR,Offense,14,14,1,5,Head / Concussion,Concussion,False,False,False,False
2025,MIA,AchaDe00,De'Von Achane,RB,Offense,18,18,1,1,Shoulder,Shoulder,False,True,False,False
2025,MIA,ArmsCo00,Cornell Armstrong,DB,Defense,6,6,1,12,Unspecified (IR),,True,False,False,False
2025,MIA,BonnEt00,Ethan Bonner,DB,Defense,1,2,2,17,Hamstring,Hamstring,False,False,False,False
2025,MIA,BonnEt00,Ethan Bonner,DB,Defense,4,4,1,14,Hamstring,Hamstring,False,False,False,False
2025,MIA,BrenJu00,Julius Brents,DB,Defense,13,18,6,6,Unspecified (IR),,True,True,True,False
2025,MIA,BrewAa01,Aaron Brewer,OL,Offense,17,17,1,2,Neck,Neck,False,False,False,False
2025,MIA,CampEl00,Elijah Campbell,DB,Defense,6,8,3,12,Quad / Thigh,Quadricep,False,False,False,False
2025,MIA,CampEl00,Elijah Campbell,DB,Defense,15,18,4,4,Ankle,Ankle,True,True,True,False
2025,MIA,ColbJo00,Jordan Colbert,DB,Defense,13,18,6,6,Unspecified (IR),,True,True,True,False
2025,MIA,DaniJa01,James Daniels,OL,Offense,2,18,16,16,Ankle,Ankle,True,True,True,False
2025,MIA,DaviAs00,Ashtyn Davis,DB,Defense,9,10,2,9,Quad / Thigh,Quadricep,False,False,False,False
2025,MIA,DodsTy01,Tyrel Dodson,LB,Defense,6,6,1,12,Head / Concussion,Concussion,False,False,False,False
2025,MIA,DougRa00,Rasul Douglas,DB,Defense,10,11,2,8,Foot / Toe,Foot,False,False,False,False
2025,MIA,DuckSt00,Storm Duck,DB,Defense,2,7,6,16,Ankle,Ankle,False,False,False,False
2025,MIA,DuckSt00,Storm Duck,DB,Defense,9,18,9,9,Knee,Knee,True,True,True,False
2025,MIA,EskrDW00,D'Wayne Eskridge,WR,Offense,10,11,2,8,Shoulder,Shoulder,False,False,False,False
2025,MIA,EskrDW00,D'Wayne Eskridge,WR,Offense,17,18,2,2,Foot / Toe,Toe,True,True,True,False
2025,MIA,FitzMi00,Minkah Fitzpatrick,DB,Defense,16,18,3,3,Lower Leg,Calf,False,True,False,False
2025,MIA,HillJu02,Julian Hill,TE,Offense,8,10,3,10,Ankle,Ankle,False,False,False,False
2025,MIA,HillTy00,Tyreek Hill,WR,Offense,5,18,13,13,Unspecified (IR),,True,True,True,False
2025,MIA,JackAu00,Austin Jackson,OL,Offense,2,11,10,16,Foot / Toe,Toe,True,False,False,False
2025,MIA,JackAu00,Austin Jackson,OL,Offense,18,18,1,1,Back,Back,False,True,False,False
2025,MIA,JohnCa04,Caleb Johnson,LB,Defense,15,18,4,4,Shoulder,Shoulder,True,True,True,False
2025,MIA,JoneBe03,Benito Jones,DL,Defense,2,2,1,16,Core / Abdomen,Oblique,False,False,False,False
2025,MIA,JoneBe03,Benito Jones,DL,Defense,17,18,2,2,Back,Back,True,True,True,False
2025,MIA,MarsJa00,Jason Marshall,DB,Defense,4,8,5,14,Hamstring,Hamstring,True,False,False,False
2025,MIA,MeliIf00,Ifeatu Melifonwu,DB,Defense,3,3,1,15,Lower Leg,Calf,False,False,False,False
2025,MIA,MeyeAn00,Andrew Meyer,OL,Offense,1,16,15,17,Arm / Elbow,Triceps,True,False,False,False
2025,MIA,RobiCh00,Chop Robinson,LB,Defense,10,10,1,8,Head / Concussion,Concussion,False,False,False,False
2025,MIA,RobiCh00,Chop Robinson,LB,Defense,18,18,1,1,Head / Concussion,Concussion,False,True,False,False
2025,MIA,WaddJa00,Jaylen Waddle,WR,Offense,18,18,1,1,Chest / Ribs,Ribs,False,True,False,False
2025,MIA,WallDa01,Darren Waller,TE,Offense,1,3,3,17,Hip / Groin,Hip,False,False,False,False
2025,MIA,WallDa01,Darren Waller,TE,Offense,8,11,4,10,Hip / Groin,Hip,True,False,False,False
2025,MIA,WallDa01,Darren Waller,TE,Offense,18,18,1,1,Unspecified (IR),,True,True,True,False
2025,MIA,WilsCe01,Cedrick Wilson Jr.,WR,Offense,5,7,3,13,Knee,Knee,False,False,False,False
2025,MIA,WrigJa04,Jaylen Wright,RB,Offense,1,6,6,17,Knee,Knee,False,False,False,False
2025,MIN,BattTy00,Tyler Batty,LB,Defense,1,5,5,17,Knee,Knee,True,False,False,False
2025,MIN,CashBl00,Blake Cashman,LB,Defense,2,5,4,16,Hamstring,Hamstring,True,False,False,False
2025,MIN,ChanTy01,Ty Chandler,RB,Offense,2,16,14,16,Knee,Knee,True,False,False,False
2025,MIN,DarrCh00,Christian Darrisaw,OL,Offense,1,2,2,17,Knee,Knee,False,False,False,False
2025,MIN,DarrCh00,Christian Darrisaw,OL,Offense,13,13,1,6,Knee,Knee,False,False,False,False
2025,MIN,DarrCh00,Christian Darrisaw,OL,Offense,15,18,4,4,Knee,Knee,True,True,True,False
2025,MIN,GreeJo04,Jonathan Greenard,LB,Defense,11,12,2,8,Shoulder,Shoulder,False,False,False,False
2025,MIN,GreeJo04,Jonathan Greenard,LB,Defense,16,18,3,3,Unspecified (IR),,True,True,True,False
2025,MIN,HamxC.00,C.J. Ham,RB,Offense,1,4,4,17,Knee,Knee,True,False,False,False
2025,MIN,HamxC.00,C.J. Ham,RB,Offense,8,9,2,11,Hand / Wrist,Hand,False,False,False,False
2025,MIN,HargJa00,Javon Hargrave,DL,Defense,16,16,1,3,Quad / Thigh,Thigh,False,False,False,False
2025,MIN,HockTJ00,T.J. Hockenson,TE,Offense,17,18,2,2,Shoulder,Shoulder,False,True,False,False
2025,MIN,IngrTy00,Tyrion Ingram-Dawkins,DL,Defense,7,7,1,12,Hip / Groin,Hip,False,False,False,False
2025,MIN,JackDo03,Donovan Jackson,OL,Offense,4,5,2,14,Hand / Wrist,Wrist,False,False,False,False
2025,MIN,JackDo03,Donovan Jackson,OL,Offense,13,13,1,6,Ankle,Ankle,False,False,False,False
2025,MIN,JackTh00,Theo Jackson,DB,Defense,10,10,1,9,Head / Concussion,Concussion,False,False,False,False
2025,MIN,JackTh00,Theo Jackson,DB,Defense,13,14,2,6,Neck,Neck,False,False,False,False
2025,MIN,JoneAa00,Aaron Jones,RB,Offense,3,7,4,15,Hamstring,Hamstring,True,False,False,False
2025,MIN,JoneAa00,Aaron Jones,RB,Offense,18,18,1,1,Hip / Groin,Hip,False,True,False,False
2025,MIN,JurgMi02,Michael Jurgens,OL,Offense,5,5,1,13,Hamstring,Hamstring,False,False,False,False
2025,MIN,KellRy00,Ryan Kelly,OL,Offense,3,3,1,15,Head / Concussion,Concussion,False,False,False,False
2025,MIN,KellRy00,Ryan Kelly,OL,Offense,5,11,6,13,Head / Concussion,Concussion,True,False,False,False
2025,MIN,KellRy00,Ryan Kelly,OL,Offense,17,18,2,2,Head / Concussion,Concussion,True,True,True,False
2025,MIN,KeysAu00,Austin Keys,LB,Defense,2,2,1,16,Hip / Groin,Groin,False,False,False,False
2025,MIN,KeysAu00,Austin Keys,LB,Defense,16,17,2,3,Ankle,Ankle,False,False,False,False
2025,MIN,MasoJo00,Jordan Mason,RB,Offense,17,17,1,2,Ankle,Ankle,False,False,False,False
2025,MIN,McCaJJ00,J.J. McCarthy,QB,Offense,3,8,5,15,Ankle,Ankle,False,False,False,False
2025,MIN,McCaJJ00,J.J. McCarthy,QB,Offense,13,13,1,6,Head / Concussion,Concussion,False,False,False,False
2025,MIN,McCaJJ00,J.J. McCarthy,QB,Offense,17,17,1,2,Hand / Wrist,Hand,False,False,False,False
2025,MIN,McGlDw00,Dwight McGlothern,DB,Defense,18,18,1,1,Hip / Groin,Hip,False,True,False,False
2025,MIN,MeteJo00,Josh Metellus,DB,Defense,16,18,3,3,Shoulder,Shoulder,True,True,True,False
2025,MIN,ONeiBr00,Brian O'Neill,OL,Offense,5,5,1,13,Knee,Knee,False,False,False,False
2025,MIN,ONeiBr00,Brian O'Neill,OL,Offense,8,8,1,11,Knee,Knee,False,False,False,False
2025,MIN,ONeiBr00,Brian O'Neill,OL,Offense,17,17,1,2,Foot / Toe,Heel,False,False,False,False
2025,MIN,OkudJe00,Jeff Okudah,DB,Defense,2,2,1,16,Head / Concussion,Concussion,False,False,False,False
2025,MIN,OkudJe00,Jeff Okudah,DB,Defense,9,18,10,10,Head / Concussion,Concussion,True,True,True,False
2025,MIN,OlivJo00,Josh Oliver,TE,Offense,9,10,2,10,Foot / Toe,Foot,False,False,False,False
2025,MIN,PricMy00,Myles Price,WR,Offense,18,18,1,1,Ankle,Ankle,False,True,False,False
2025,MIN,RodrLe00,Levi Drake Rodriguez,DL,Defense,14,14,1,5,Neck,Neck,False,False,False,False
2025,MIN,ScotZa00,Zavier Scott,RB,Offense,1,1,1,17,Ankle,Ankle,False,False,False,False
2025,MIN,SkulJu00,Justin Skule,OL,Offense,3,3,1,15,Head / Concussion,Concussion,False,False,False,False
2025,MIN,VanGAn00,Andrew Van Ginkel,LB,Defense,2,2,1,16,Head / Concussion,Concussion,False,False,False,False
2025,MIN,VanGAn00,Andrew Van Ginkel,LB,Defense,4,8,4,14,Neck,Neck,False,False,False,False
2025,MIN,WentCa00,Carson Wentz,QB,Offense,9,18,10,10,Shoulder,Shoulder,True,True,True,False
2025,MIN,WillEl00,Elijah Williams,DL,Defense,1,1,1,17,Hamstring,Hamstring,False,False,False,False
2025,MIN,WillEl00,Elijah Williams,DL,Defense,18,18,1,1,Unspecified (IR),,True,True,True,False
2025,MIN,YuroBe00,Ben Yurosek,TE,Offense,4,5,2,14,Knee,Knee,False,False,False,False
2025,NE,AustAl00,Alex Austin,DB,Defense,13,18,5,5,Hand / Wrist,Wrist,True,True,True,False
2025,NE,BoutKa00,Kayshon Boutte,WR,Offense,10,11,2,8,Hamstring,Hamstring,False,False,False,False
2025,NE,BoutKa00,Kayshon Boutte,WR,Offense,17,17,1,2,Head / Concussion,Concussion,False,False,False,False
2025,NE,CampWi01,Will Campbell,OL,Offense,13,17,4,5,Knee,Knee,True,False,False,False
2025,NE,ChaiKL00,K'Lavon Chaisson,LB,Defense,5,5,1,13,Knee,Knee,False,False,False,False
2025,NE,ChisEf00,Efton Chism,WR,Offense,1,5,5,17,Knee,Knee,False,False,False,False
2025,NE,DippCJ00,CJ Dippre,TE,Offense,1,16,15,17,Back,Back,False,False,False,False
2025,NE,DuggKy00,Kyle Dugger,DB,Defense,8,8,1,10,Knee,Knee,False,False,False,False
2025,NE,ElliCh00,Christian Elliss,LB,Defense,10,11,2,8,Hip / Groin,Hip,False,False,False,False
2025,NE,FarmJo00,Joshua Farmer,DL,Defense,11,12,2,7,Ankle,Ankle,False,False,False,False
2025,NE,FarmJo00,Joshua Farmer,DL,Defense,17,18,2,2,Unspecified (IR),,True,True,True,False
2025,NE,GibsAn00,Antonio Gibson,RB,Offense,6,18,12,12,Knee,Knee,True,True,True,False
2025,NE,GonzCh00,Christian Gonzalez,DB,Defense,1,3,3,17,Hamstring,Hamstring,False,False,False,False
2025,NE,HawkJa00,Jaylinn Hawkins,DB,Defense,6,7,2,12,Hamstring,Hamstring,False,False,False,False
2025,NE,HollMa00,Mack Hollins,WR,Offense,17,18,2,2,Core / Abdomen,Abdomen,True,True,True,False
2025,NE,HoopAu00,Austin Hooper,TE,Offense,11,11,1,7,Head / Concussion,Concussion,False,False,False,False
2025,NE,JennAn00,Anfernee Jennings,LB,Defense,6,7,2,12,Ankle,Ankle,False,False,False,False
2025,NE,JennTe00,Terrell Jennings,RB,Offense,11,11,1,7,Knee,Knee,False,False,False,False
2025,NE,JennTe00,Terrell Jennings,RB,Offense,15,18,4,4,Head / Concussion,Concussion,True,True,True,False
2025,NE,LandHa00,Harold Landry,LB,Defense,17,18,2,2,Knee,Knee,False,True,False,False
2025,NE,SchoBr00,Brenden Schooler,DB,Defense,13,13,1,5,Ankle,Ankle,False,False,False,False
2025,NE,SpilRo00,Robert Spillane,LB,Defense,15,18,4,4,Foot / Toe,Foot,False,True,False,False
2025,NE,StevRh00,Rhamondre Stevenson,RB,Offense,9,11,3,9,Foot / Toe,Toe,False,False,False,False
2025,NE,TavaJa00,Jahlani Tavai,LB,Defense,1,4,4,17,Lower Leg,Calf,True,False,False,False
2025,NE,TongKh00,Khyiris Tonga,DL,Defense,13,13,1,5,Chest / Ribs,Chest,False,False,False,False
2025,NE,TongKh00,Khyiris Tonga,DL,Defense,17,18,2,2,Foot / Toe,Foot,False,True,False,False
2025,NE,WhitKe03,Keion White,DL,Defense,6,6,1,12,Arm / Elbow,Elbow,False,False,False,False
2025,NE,WillMi08,Milton Williams,DL,Defense,12,17,5,6,Ankle,Ankle,True,False,False,False
2025,NE,WilsJa02,Jared Wilson,OL,Offense,4,4,1,14,Ankle,Ankle,False,False,False,False
2025,NE,WilsJa02,Jared Wilson,OL,Offense,13,13,1,5,Ankle,Ankle,False,False,False,False
2025,NE,WilsJa02,Jared Wilson,OL,Offense,17,18,2,2,Head / Concussion,Concussion,False,True,False,False
2025,NE,WoodCh01,Charles Woods,DB,Defense,1,1,1,17,Hip / Groin,Groin,False,False,False,False
2025,NE,WoodCh01,Charles Woods,DB,Defense,7,7,1,11,Knee,Knee,False,False,False,False
2025,NO,BlacJu01,Julian Blackmon,DB,Defense,2,18,16,16,Shoulder,Shoulder,True,True,True,False
2025,NO,BoydKh00,Khristian Boyd,DL,Defense,1,3,3,17,Hand / Wrist,Hand,False,False,False,False
2025,NO,BresBr00,Bryan Bresee,DL,Defense,17,18,2,2,Knee,Knee,False,True,False,False
2025,NO,BrouVe00,Vernon Broughton,DL,Defense,3,18,15,15,Unspecified (IR),,True,True,True,False
2025,NO,DaviMi03,Michael Davis,DB,Defense,18,18,1,1,Shoulder,Shoulder,True,True,True,False
2025,NO,FuagTa00,Taliese Fuaga,OL,Offense,3,3,1,15,Knee,Knee,False,False,False,False
2025,NO,FuagTa00,Taliese Fuaga,OL,Offense,10,12,2,8,Ankle,Ankle,False,False,False,False
2025,NO,FuagTa00,Taliese Fuaga,OL,Offense,14,14,1,5,Ankle,Ankle,False,False,False,False
2025,NO,HillTa00,Taysom Hill,QB,Offense,1,4,4,17,Knee,Knee,True,False,False,False
2025,NO,HowdJo00,Jordan Howden,DB,Defense,1,1,1,17,Core / Abdomen,Oblique,False,False,False,False
2025,NO,KamaAl00,Alvin Kamara,RB,Offense,13,18,6,6,Knee,Knee,False,True,False,False
2025,NO,McCoEr01,Erik McCoy,OL,Offense,8,18,10,10,Unspecified (IR),,True,True,True,False
2025,NO,MillKe01,Kendre Miller,RB,Offense,8,18,10,10,Unspecified (IR),,True,True,True,False
2025,NO,MitcZa00,Zaire Mitchell-Paden,TE,Offense,13,18,6,6,Knee,Knee,True,True,True,False
2025,NO,MoreFo00,Foster Moreau,TE,Offense,1,4,4,17,Knee,Knee,True,False,False,False
2025,NO,MoreFo00,Foster Moreau,TE,Offense,17,18,2,2,Ankle,Ankle,True,True,True,False
2025,NO,NealDe00,Devin Neal,RB,Offense,16,18,3,3,Hamstring,Hamstring,True,True,True,False
2025,NO,PennTr00,Trevor Penning,OL,Offense,1,3,3,17,Foot / Toe,Toe,False,False,False,False
2025,NO,RaduDi00,Dillon Radunz,OL,Offense,3,4,2,15,Foot / Toe,Toe,False,False,False,False
2025,NO,RattSp00,Spencer Rattler,QB,Offense,16,18,3,3,Hand / Wrist,Finger,False,True,False,False
2025,NO,ReidJu00,Justin Reid,DB,Defense,14,15,2,5,Knee,Knee,False,False,False,False
2025,NO,RichAs00,Asim Richards,OL,Offense,15,16,2,4,Ankle,Ankle,False,False,False,False
2025,NO,RidgJo00,John Ridgeway,DL,Defense,1,7,7,17,Shoulder,Shoulder,True,False,False,False
2025,NO,RuizCe00,Cesar Ruiz,OL,Offense,5,5,1,13,Ankle,Ankle,False,False,False,False
2025,NO,RuizCe00,Cesar Ruiz,OL,Offense,16,17,2,3,Ankle,Ankle,False,False,False,False
2025,NO,ShepNa00,Nathan Shepherd,DL,Defense,18,18,1,1,Ankle,Ankle,False,True,False,False
2025,NO,StolJa00,Jack Stoll,TE,Offense,10,10,1,8,Ankle,Ankle,False,False,False,False
2025,NO,StolJa00,Jack Stoll,TE,Offense,18,18,1,1,Knee,Knee,True,True,True,False
2025,NO,TiptMa00,Mason Tipton,WR,Offense,17,18,2,2,Hip / Groin,Groin,True,True,True,False
2025,NO,VeleDe00,Devaughn Vele,WR,Offense,3,3,1,15,Hip / Groin,Hip,False,False,False,False
2025,NO,VeleDe00,Devaughn Vele,WR,Offense,16,18,3,3,Shoulder,Shoulder,True,True,True,False
2025,NO,YiadIs00,Isaac Yiadom,DB,Defense,5,7,3,13,Hamstring,Hamstring,False,False,False,False
2025,NO,YounCh04,Chase Young,DL,Defense,1,5,5,17,Lower Leg,Calf,False,False,False,False
2025,NYG,AdebPa00,Paulson Adebo,DB,Defense,8,12,5,10,Knee,Knee,False,False,False,False
2025,NYG,BankDe00,Deonte Banks,DB,Defense,12,12,1,6,Hip / Groin,Hip,False,False,False,False
2025,NYG,BellDa00,Daniel Bellinger,TE,Offense,9,9,1,9,Neck,Neck,False,False,False,False
2025,NYG,BlacKo00,Korie Black,DB,Defense,13,13,1,5,Arm / Elbow,Biceps,False,False,False,False
2025,NYG,BoarCh00,Chris Board,LB,Defense,3,18,15,15,Unspecified (IR),,True,True,True,False
2025,NYG,BozeSw00,Swayze Bozeman,LB,Defense,6,11,6,12,Ankle,Ankle,False,False,False,False
2025,NYG,CollBe00,Beaux Collins,WR,Offense,10,18,8,8,Neck,Neck,True,True,True,False
2025,NYG,DartJa00,Jaxson Dart,QB,Offense,11,12,2,7,Head / Concussion,Concussion,False,False,False,False
2025,NYG,DaviDJ00,D.J. Davidson,DL,Defense,17,18,2,2,Neck,Neck,True,True,True,False
2025,NYG,DimuVi00,Victor Dimukeje,LB,Defense,1,6,6,17,Chest / Ribs,Pectoral,True,False,False,False
2025,NYG,DimuVi00,Victor Dimukeje,LB,Defense,10,10,1,8,Shoulder,Shoulder,False,False,False,False
2025,NYG,DimuVi00,Victor Dimukeje,LB,Defense,13,18,5,5,Knee,Knee,True,True,True,False
2025,NYG,ElueJe00,Jermaine Eluemunor,OL,Offense,9,9,1,9,Chest / Ribs,Pectoral,False,False,False,False
2025,NYG,FidoTh00,Thomas Fidone,TE,Offense,12,18,6,6,Foot / Toe,Foot,True,True,True,False
2025,NYG,FlanDe00,Demetrius Flannigan-Fowles,LB,Defense,2,3,2,16,Lower Leg,Calf,False,False,False,False
2025,NYG,FlanDe00,Demetrius Flannigan-Fowles,LB,Defense,5,7,3,13,Hamstring,Hamstring,False,False,False,False
2025,NYG,FlanDe00,Demetrius Flannigan-Fowles,LB,Defense,13,13,1,5,Neck,Neck,False,False,False,False
2025,NYG,FlotCo00,Cordale Flott,DB,Defense,9,9,1,9,Head / Concussion,Concussion,False,False,False,False
2025,NYG,FlotCo00,Cordale Flott,DB,Defense,17,18,2,2,Knee,Knee,True,True,True,False
2025,NYG,GipsXa00,Xavier Gipson,WR,Offense,2,17,15,16,Shoulder,Shoulder,False,False,False,False
2025,NYG,GolsCh00,Chauncey Golston,DL,Defense,3,4,2,15,Ankle,Ankle,False,False,False,False
2025,NYG,GolsCh00,Chauncey Golston,DL,Defense,7,11,5,11,Neck,Neck,False,False,False,False
2025,NYG,GrayEr01,Eric Gray,RB,Offense,1,11,11,17,Knee,Knee,True,False,False,False
2025,NYG,GreeAr01,Art Green,DB,Defense,9,15,6,9,Hamstring,Hamstring,True,False,False,False
2025,NYG,HollJe02,Jevon Holland,DB,Defense,8,9,2,10,Knee,Knee,False,False,False,False
2025,NYG,HollJe02,Jevon Holland,DB,Defense,18,18,1,1,Knee,Knee,False,True,False,False
2025,NYG,JoneNi00,Nic Jones,DB,Defense,15,18,4,4,Shoulder,Shoulder,True,True,True,False
2025,NYG,McFaMi01,Micah McFadden,LB,Defense,2,18,16,16,Foot / Toe,Foot,True,True,True,False
2025,NYG,MichJo00,John Michael Schmitz,OL,Offense,7,7,1,11,Head / Concussion,Concussion,False,False,False,False
2025,NYG,MichJo00,John Michael Schmitz,OL,Offense,10,10,1,8,Lower Leg,Shin,False,False,False,False
2025,NYG,MichJo00,John Michael Schmitz,OL,Offense,17,18,2,2,Hand / Wrist,Finger,True,True,True,False
2025,NYG,MuasDa00,Darius Muasau,LB,Defense,3,3,1,15,Head / Concussion,Concussion,False,False,False,False
2025,NYG,MuasDa00,Darius Muasau,LB,Defense,10,13,4,8,Ankle,Ankle,True,False,False,False
2025,NYG,NabeMa00,Malik Nabers,WR,Offense,5,18,13,13,Shoulder,Shoulder,True,True,True,False
2025,NYG,NubiTy00,Tyler Nubin,DB,Defense,11,12,2,7,Neck,Neck,False,False,False,False
2025,NYG,NubiTy00,Tyler Nubin,DB,Defense,17,18,2,2,Neck,Neck,True,True,True,False
2025,NYG,NuneRa00,Rakeem Nunez-Roches,DL,Defense,2,4,3,16,Foot / Toe,Foot,False,False,False,False
2025,NYG,NuneRa00,Rakeem Nunez-Roches,DL,Defense,11,11,1,7,Foot / Toe,Toe,False,False,False,False
2025,NYG,NuneRa00,Rakeem Nunez-Roches,DL,Defense,15,18,4,4,Ankle,Ankle,True,True,True,False
2025,NYG,OlszGu00,Gunner Olszewski,WR,Offense,15,15,1,4,Head / Concussion,Concussion,False,False,False,False
2025,NYG,PaytRi00,Rico Payton,DB,Defense,1,8,8,17,Hip / Groin,Groin,True,False,False,False
2025,NYG,RobiWa01,Wan'Dale Robinson,WR,Offense,18,18,1,1,Chest / Ribs,Rib,True,True,True,False
2025,NYG,SkatCa00,Cam Skattebo,RB,Offense,9,18,9,9,Unspecified (IR),,True,True,True,False
2025,NYG,SlayDa01,Darius Slayton,WR,Offense,6,7,2,12,Hamstring,Hamstring,False,False,False,False
2025,NYG,SlayDa01,Darius Slayton,WR,Offense,11,11,1,7,Hamstring,Hamstring,False,False,False,False
2025,NYG,ThibKa00,Kayvon Thibodeaux,LB,Defense,11,18,7,7,Shoulder,Shoulder,True,True,True,False
2025,NYG,ThomAn02,Andrew Thomas,OL,Offense,1,2,2,17,Foot / Toe,Foot,False,False,False,False
2025,NYG,ThomAn02,Andrew Thomas,OL,Offense,17,18,2,2,Hamstring,Hamstring,True,True,True,False
2025,NYG,TracTy00,Tyrone Tracy Jr.,RB,Offense,4,5,2,14,Shoulder,Shoulder,False,False,False,False
2025,NYG,WilsRu00,Russell Wilson,QB,Offense,5,5,1,13,Ankle,Ankle,False,False,False,False
2025,NYJ,AdamTo03,Tony Adams,DB,Defense,3,3,1,15,Hip / Groin,Hip,False,False,False,False
2025,NYJ,AdamTo03,Tony Adams,DB,Defense,14,14,1,5,Hip / Groin,Groin,False,False,False,False
2025,NYJ,AdamTo03,Tony Adams,DB,Defense,16,18,3,3,Hip / Groin,Groin,True,True,True,False
2025,NYJ,AlleBr05,Braelon Allen,RB,Offense,5,18,13,13,Knee,Knee,True,True,True,False
2025,NYJ,BaroTy00,Tyler Baron,DL,Defense,15,18,4,4,Unspecified (IR),,True,True,True,False
2025,NYJ,BrowJa09,Jarvis Brownlee,DB,Defense,4,4,1,14,Ankle,Ankle,False,False,False,False
2025,NYJ,BrowJa09,Jarvis Brownlee,DB,Defense,13,18,6,6,Hip / Groin,Hip,True,True,True,False
2025,NYJ,CartMi02,Michael Carter II,DB,Defense,5,7,3,13,Head / Concussion,Concussion,False,False,False,False
2025,NYJ,CiscAn00,Andre Cisco,DB,Defense,10,18,9,9,Unspecified (IR),,True,True,True,False
2025,NYJ,ClemMi03,Micheal Clemons,DL,Defense,18,18,1,1,Ankle,Ankle,False,True,False,False
2025,NYJ,DaviIs00,Isaiah Davis,RB,Offense,18,18,1,1,Head / Concussion,Concussion,True,True,True,False
2025,NYJ,FielJu00,Justin Fields,QB,Offense,3,3,1,15,Head / Concussion,Concussion,False,False,False,False
2025,NYJ,FielJu00,Justin Fields,QB,Offense,12,18,7,7,Knee,Knee,True,True,True,False
2025,NYJ,GardSa00,Sauce Gardner,DB,Defense,8,8,1,10,Head / Concussion,Concussion,False,False,False,False
2025,NYJ,HallBr03,Breece Hall,RB,Offense,18,18,1,1,Knee,Knee,False,True,False,False
2025,NYJ,HerbKh00,Khalil Herbert,RB,Offense,10,13,4,9,Hip / Groin,Groin,False,False,False,False
2025,NYJ,JohnJe07,Jermaine Johnson II,LB,Defense,3,5,3,15,Ankle,Ankle,False,False,False,False
2025,NYJ,JoneCa04,Cam Jones,LB,Defense,7,14,7,11,Hip / Groin,Hip,True,False,False,False
2025,NYJ,MauiFr00,Francisco Mauigoa,LB,Defense,10,10,1,9,Head / Concussion,Concussion,False,False,False,False
2025,NYJ,MauiFr00,Francisco Mauigoa,LB,Defense,15,18,4,4,Neck,Neck,True,True,True,False
2025,NYJ,McCrMa01,Marcelino McCrary-Ball,LB,Defense,4,11,7,14,Hamstring,Hamstring,True,False,False,False
2025,NYJ,McCrMa01,Marcelino McCrary-Ball,LB,Defense,14,18,5,5,Hamstring,Hamstring,True,True,True,False
2025,NYJ,McDoWi00,Will McDonald,DL,Defense,17,18,2,2,Knee,Knee,True,True,True,False
2025,NYJ,McGrBr00,Braiden McGregor,DL,Defense,11,11,1,8,Shoulder,Shoulder,False,False,False,False
2025,NYJ,NewmXa00,Xavier Newman-Johnson,OL,Offense,8,14,6,10,Ankle,Ankle,False,False,False,False
2025,NYJ,NewmXa00,Xavier Newman-Johnson,OL,Offense,16,16,1,3,Knee,Knee,False,False,False,False
2025,NYJ,NewmXa00,Xavier Newman-Johnson,OL,Offense,18,18,1,1,Knee,Knee,True,True,True,False
2025,NYJ,NwanKe00,Kene Nwangwu,RB,Offense,2,5,4,16,Hamstring,Hamstring,False,False,False,False
2025,NYJ,NwanKe00,Kene Nwangwu,RB,Offense,8,8,1,10,Head / Concussion,Concussion,False,False,False,False
2025,NYJ,OkorCh00,Chukwuma Okorafor,OL,Offense,1,2,2,17,Hand / Wrist,Hand,False,False,False,False
2025,NYJ,OlivIs00,Isaiah Oliver,DB,Defense,16,18,3,3,Unspecified (IR),,True,True,True,False
2025,NYJ,ReynJo00,Josh Reynolds,WR,Offense,2,3,2,16,Hamstring,Hamstring,False,False,False,False
2025,NYJ,ReynJo00,Josh Reynolds,WR,Offense,8,18,10,10,Hip / Groin,Hip,True,True,True,False
2025,NYJ,SmarSt00,Stone Smartt,TE,Offense,8,8,1,10,Quad / Thigh,Quadricep,False,False,False,False
2025,NYJ,StepBr01,Brandon Stephens,DB,Defense,18,18,1,1,Neck,Neck,False,True,False,False
2025,NYJ,StigQw00,Qwan'tez Stiggers,DB,Defense,7,7,1,11,Hip / Groin,Hip,False,False,False,False
2025,NYJ,StigQw00,Qwan'tez Stiggers,DB,Defense,18,18,1,1,Knee,Knee,False,True,False,False
2025,NYJ,TaylMa02,Mason Taylor,TE,Offense,15,18,4,4,Neck,Neck,True,True,True,False
2025,NYJ,TaylTy00,Tyrod Taylor,QB,Offense,1,1,1,17,Knee,Knee,False,False,False,False
2025,NYJ,TaylTy00,Tyrod Taylor,QB,Offense,8,11,3,10,Knee,Knee,False,False,False,False
2025,NYJ,TaylTy00,Tyrod Taylor,QB,Offense,15,18,4,4,Hip / Groin,Groin,False,True,False,False
2025,NYJ,ThomAz00,Azareye'h Thomas,DB,Defense,11,11,1,8,Head / Concussion,Concussion,False,False,False,False
2025,NYJ,ThomAz00,Azareye'h Thomas,DB,Defense,15,18,4,4,Shoulder,Shoulder,True,True,True,False
2025,NYJ,TufeJa00,Jay Tufele,DL,Defense,8,8,1,10,Knee,Knee,False,False,False,False
2025,NYJ,TufeJa00,Jay Tufele,DL,Defense,17,18,2,2,Foot / Toe,Foot,True,True,True,False
2025,NYJ,WattEr00,Eric Watts,DL,Defense,16,16,1,3,Head / Concussion,Concussion,False,False,False,False
2025,NYJ,WestJa02,Ja'Markis Weston,LB,Defense,1,6,6,17,Hip / Groin,Groin,True,False,False,False
2025,NYJ,WillQu01,Quincy Williams,LB,Defense,4,7,4,14,Shoulder,Shoulder,True,False,False,False
2025,NYJ,WilsGa00,Garrett Wilson,WR,Offense,7,8,2,11,Knee,Knee,False,False,False,False
2025,NYJ,WilsGa00,Garrett Wilson,WR,Offense,11,18,8,8,Knee,Knee,True,True,True,False
2025,NYJ,WoodJe01,Jelani Woods,TE,Offense,18,18,1,1,Hamstring,Hamstring,False,True,False,False
2025,PHI,BennJa00,Jakorian Bennett,DB,Defense,4,10,6,14,Chest / Ribs,Pectoral,True,False,False,False
2025,PHI,BrowAJ00,A.J. Brown,WR,Offense,8,8,1,10,Hamstring,Hamstring,False,False,False,False
2025,PHI,CalcGr00,Grant Calcaterra,TE,Offense,6,7,2,12,Core / Abdomen,Oblique,False,False,False,False
2025,PHI,CartJa05,Jalen Carter,DL,Defense,1,1,1,17,Shoulder,Shoulder,False,False,False,False
2025,PHI,CartJa05,Jalen Carter,DL,Defense,6,6,1,12,Foot / Toe,Heel,False,False,False,False
2025,PHI,CartJa05,Jalen Carter,DL,Defense,14,16,3,5,Shoulder,Shoulder,False,False,False,False
2025,PHI,CartJa05,Jalen Carter,DL,Defense,18,18,1,1,Hip / Groin,Hip,False,True,False,False
2025,PHI,CoopDa01,Darius Cooper,WR,Offense,4,7,4,14,Shoulder,Shoulder,True,False,False,False
2025,PHI,DeanNa00,Nakobe Dean,LB,Defense,1,5,5,17,Knee,Knee,True,False,False,False
2025,PHI,DeanNa00,Nakobe Dean,LB,Defense,17,18,2,2,Hamstring,Hamstring,False,True,False,False
2025,PHI,DickLa00,Landon Dickerson,OL,Offense,6,6,1,12,Ankle,Ankle,False,False,False,False
2025,PHI,EppsMa00,Marcus Epps,DB,Defense,10,13,4,9,Shoulder,Shoulder,True,False,False,False
2025,PHI,EppsMa00,Marcus Epps,DB,Defense,18,18,1,1,Head / Concussion,Concussion,False,True,False,False
2025,PHI,GipsXa00,Xavier Gipson,WR,Offense,13,14,2,6,Shoulder,Shoulder,False,False,False,False
2025,PHI,GoedDa00,Dallas Goedert,TE,Offense,2,2,1,16,Knee,Knee,False,False,False,False
2025,PHI,GoedDa00,Dallas Goedert,TE,Offense,18,18,1,1,Knee,Knee,False,True,False,False
2025,PHI,JackAd00,Adoree' Jackson,DB,Defense,4,4,1,14,Hip / Groin,Groin,False,False,False,False
2025,PHI,JackAd00,Adoree' Jackson,DB,Defense,8,8,1,10,Head / Concussion,Concussion,False,False,False,False
2025,PHI,JohnLa01,Lane Johnson,OL,Offense,12,18,7,7,Foot / Toe,Foot,False,True,False,False
2025,PHI,JurgCa01,Cam Jurgens,OL,Offense,8,10,2,10,Knee,Knee,False,False,False,False
2025,PHI,LatuCa01,Cameron Latu,TE,Offense,16,16,1,3,Neck,Neck,False,False,False,False
2025,PHI,McKeTa01,Tanner McKee,QB,Offense,1,7,7,17,Hand / Wrist,Thumb,False,False,False,False
2025,PHI,MukuAn00,Andrew Mukuba,DB,Defense,13,18,6,6,Ankle,Ankle,True,True,True,False
2025,PHI,OjulAz00,Azeez Ojulari,LB,Defense,8,18,10,10,Hamstring,Hamstring,True,True,True,False
2025,PHI,OkorOg00,Ogbonnia Okoronkwo,DL,Defense,5,18,13,13,Unspecified (IR),,True,True,True,False
2025,PHI,PhilJa02,Jaelan Phillips,LB,Defense,18,18,1,1,Ankle,Ankle,False,True,False,False
2025,PHI,ShipWi00,Will Shipley,RB,Offense,2,3,2,16,Core / Abdomen,Oblique,False,False,False,False
2025,PHI,SmitNo02,Nolan Smith,LB,Defense,4,8,5,14,Arm / Elbow,Triceps,True,False,False,False
2025,PHI,VanSBe00,Ben VanSumeren,RB,Offense,2,18,16,16,Unspecified (IR),,True,True,True,False
2025,PHI,WillCa04,Cameron Williams,OL,Offense,1,17,16,17,Shoulder,Shoulder,True,False,False,False
2025,PIT,AndeCa00,Calvin Anderson,OL,Offense,14,18,5,5,Knee,Knee,True,True,True,False
2025,PIT,AustCa00,Calvin Austin III,WR,Offense,6,7,2,13,Shoulder,Shoulder,False,False,False,False
2025,PIT,AustCa00,Calvin Austin III,WR,Offense,17,17,1,2,Hamstring,Hamstring,False,False,False,False
2025,PIT,DuggKy00,Kyle Dugger,DB,Defense,14,14,1,5,Hand / Wrist,Hand,False,False,False,False
2025,PIT,EchoBr00,Brandin Echols,DB,Defense,17,17,1,2,Hip / Groin,Groin,False,False,False,False
2025,PIT,EkuaDa00,Daniel Ekuale,DL,Defense,9,18,10,10,Knee,Knee,True,True,True,False
2025,PIT,ElliDe02,DeShon Elliott,DB,Defense,2,3,2,16,Knee,Knee,False,False,False,False
2025,PIT,ElliDe02,DeShon Elliott,DB,Defense,9,18,10,10,Knee,Knee,True,True,True,False
2025,PIT,HarmDe01,Derrick Harmon,DL,Defense,1,2,2,17,Knee,Knee,False,False,False,False
2025,PIT,HarmDe01,Derrick Harmon,DL,Defense,13,15,3,6,Knee,Knee,False,False,False,False
2025,PIT,HarrMa06,Malik Harrison,LB,Defense,2,8,6,16,Knee,Knee,True,False,False,False
2025,PIT,HerbNi00,Nick Herbig,LB,Defense,1,1,1,17,Hamstring,Hamstring,False,False,False,False
2025,PIT,HerbNi00,Nick Herbig,LB,Defense,16,16,1,3,Hamstring,Hamstring,False,False,False,False
2025,PIT,HighAl02,Alex Highsmith,LB,Defense,3,4,2,15,Ankle,Ankle,False,False,False,False
2025,PIT,HighAl02,Alex Highsmith,LB,Defense,11,12,2,8,Chest / Ribs,Pectoral,False,False,False,False
2025,PIT,JoneBr09,Broderick Jones,OL,Offense,13,18,6,6,Neck,Neck,True,True,True,False
2025,PIT,KillMi00,Miles Killebrew,DB,Defense,7,18,12,12,Knee,Knee,True,True,True,False
2025,PIT,LoudIs00,Isaiahh Loudermilk,DL,Defense,3,18,15,15,Unspecified (IR),,True,True,True,False
2025,PIT,MillSc01,Scott Miller,WR,Offense,8,10,3,11,Hand / Wrist,Finger,False,False,False,False
2025,PIT,PeatAn00,Andrus Peat,OL,Offense,15,15,1,4,Head / Concussion,Concussion,False,False,False,False
2025,PIT,PeppJa00,Jabrill Peppers,DB,Defense,9,10,2,10,Quad / Thigh,Quadricep,False,False,False,False
2025,PIT,PierJa01,James Pierre,DB,Defense,15,17,3,4,Lower Leg,Calf,False,False,False,False
2025,PIT,PortJo02,Joey Porter Jr.,DB,Defense,2,4,3,16,Hamstring,Hamstring,False,False,False,False
2025,PIT,RodgAa00,Aaron Rodgers,QB,Offense,12,12,1,7,Hand / Wrist,Wrist,False,False,False,False
2025,PIT,SeumIs00,Isaac Seumalo,OL,Offense,10,10,1,9,Chest / Ribs,Pectoral,False,False,False,False
2025,PIT,SeumIs00,Isaac Seumalo,OL,Offense,16,17,2,3,Arm / Elbow,Triceps,False,False,False,False
2025,PIT,SlayDa00,Darius Slay,DB,Defense,11,11,1,8,Head / Concussion,Concussion,False,False,False,False
2025,PIT,WashDa03,Darnell Washington,TE,Offense,18,18,1,1,Unspecified (IR),,True,True,True,False
2025,PIT,WattT.00,T.J. Watt,LB,Defense,15,17,3,4,Core / Abdomen,Lung,False,False,False,False
2025,SEA,ArroEl00,Elijah Arroyo,TE,Offense,15,18,4,4,Knee,Knee,True,True,True,False
2025,SEA,BoboJa00,Jake Bobo,WR,Offense,1,1,1,17,Head / Concussion,Concussion,False,False,False,False
2025,SEA,BoboJa00,Jake Bobo,WR,Offense,9,11,3,10,Achilles,Achilles,False,False,False,False
2025,SEA,BryaCo01,Coby Bryant,DB,Defense,17,18,2,2,Knee,Knee,False,True,False,False
2025,SEA,CharZa00,Zach Charbonnet,RB,Offense,3,3,1,15,Foot / Toe,Foot,False,False,False,False
2025,SEA,CrosCh00,Charles Cross,OL,Offense,16,18,3,3,Hamstring,Hamstring,False,True,False,False
2025,SEA,EmmaNi00,Nick Emmanwori,DB,Defense,2,4,3,16,Ankle,Ankle,False,False,False,False
2025,SEA,HallDe04,Derick Hall,LB,Defense,6,7,2,12,Core / Abdomen,Oblique,False,False,False,False
2025,SEA,HaynCh00,Christian Haynes,OL,Offense,1,10,9,17,Chest / Ribs,Pectoral,True,False,False,False
2025,SEA,HolaGe00,George Holani,RB,Offense,13,18,6,6,Hamstring,Hamstring,True,True,True,False
2025,SEA,HortTo00,Tory Horton,WR,Offense,10,18,9,9,Hip / Groin,Groin,True,True,True,False
2025,SEA,JobeJo00,Josh Jobe,DB,Defense,10,10,1,9,Head / Concussion,Concussion,False,False,False,False
2025,SEA,JoneEr01,Ernest Jones,LB,Defense,10,10,1,9,Knee,Knee,False,False,False,False
2025,SEA,JoneEr01,Ernest Jones,LB,Defense,12,12,1,7,Knee,Knee,False,False,False,False
2025,SEA,JoneJo07,Josh Jones,OL,Offense,4,6,3,14,Ankle,Ankle,False,False,False,False
2025,SEA,KnigTy00,Tyrice Knight,LB,Defense,12,12,1,7,Head / Concussion,Concussion,False,False,False,False
2025,SEA,KuppCo00,Cooper Kupp,WR,Offense,9,9,1,10,Foot / Toe,Heel,False,False,False,False
2025,SEA,LawrDe00,DeMarcus Lawrence,LB,Defense,5,5,1,13,Quad / Thigh,Quadricep,False,False,False,False
2025,SEA,LoveJu00,Julian Love,DB,Defense,3,3,1,15,Hamstring,Hamstring,False,False,False,False
2025,SEA,LoveJu00,Julian Love,DB,Defense,5,13,8,13,Hamstring,Hamstring,True,False,False,False
2025,SEA,MillRy02,Rylie Mills,DL,Defense,1,14,13,17,Knee,Knee,True,False,False,False
2025,SEA,NwosUc00,Uchenna Nwosu,LB,Defense,1,1,1,17,Knee,Knee,False,False,False,False
2025,SEA,OuztRo00,Robbie Ouzts,RB,Offense,4,7,4,14,Ankle,Ankle,True,False,False,False
2025,SEA,ReedJa02,Jarran Reed,DL,Defense,10,13,4,9,Hand / Wrist,Wrist,True,False,False,False
2025,SEA,SaubEr00,Eric Saubert,TE,Offense,9,14,6,10,Lower Leg,Calf,True,False,False,False
2025,SEA,SundJa00,Jalen Sundell,OL,Offense,11,14,4,8,Knee,Knee,True,False,False,False
2025,SEA,SurrCh00,Chazz Surratt,LB,Defense,13,18,6,6,Back,Back,True,True,True,False
2025,SEA,WithDe00,Devon Witherspoon,DB,Defense,2,3,2,16,Knee,Knee,False,False,False,False
2025,SEA,WithDe00,Devon Witherspoon,DB,Defense,5,7,3,13,Knee,Knee,False,False,False,False
2025,SEA,WoolTa00,Riq Woolen,DB,Defense,6,6,1,12,Head / Concussion,Concussion,False,False,False,False
2025,SEA,YounDa02,Dareke Young,WR,Offense,1,1,1,17,Hamstring,Hamstring,False,False,False,False
2025,SEA,YounDa02,Dareke Young,WR,Offense,9,15,7,10,Quad / Thigh,Quadricep,True,False,False,False
2025,SF,BartBe00,Ben Bartch,OL,Offense,3,9,7,15,Ankle,Ankle,True,False,False,False
2025,SF,BartBe00,Ben Bartch,OL,Offense,15,18,4,4,Unspecified (IR),,True,True,True,False
2025,SF,BealRo00,Robert Beal,DL,Defense,5,7,3,13,Ankle,Ankle,False,False,False,False
2025,SF,BealRo00,Robert Beal,DL,Defense,12,12,1,6,Head / Concussion,Concussion,False,False,False,False
2025,SF,BethTa00,Tatum Bethune,LB,Defense,12,15,3,6,Ankle,Ankle,False,False,False,False
2025,SF,BosaNi00,Nick Bosa,DL,Defense,4,18,14,14,Knee,Knee,True,True,True,False
2025,SF,BrenJa01,Jake Brendel,OL,Offense,8,9,2,10,Hamstring,Hamstring,False,False,False,False
2025,SF,BurfSp00,Spencer Burford,OL,Offense,3,8,6,15,Knee,Knee,True,False,False,False
2025,SF,CollAl01,Alfred Collins,DL,Defense,10,10,1,8,Hip / Groin,Hip,False,False,False,False
2025,SF,GiveKe01,Kevin Givens,DL,Defense,1,6,6,17,Chest / Ribs,Pectoral,True,False,False,False
2025,SF,GreeRe00,Renardo Green,DB,Defense,4,4,1,14,Neck,Neck,False,False,False,False
2025,SF,GreeRe00,Renardo Green,DB,Defense,16,17,2,3,Neck,Neck,False,False,False,False
2025,SF,GrosYe00,Yetur Gross-Matos,DL,Defense,6,15,9,12,Knee,Knee,True,False,False,False
2025,SF,HuffBr00,Bryce Huff,DL,Defense,8,9,2,10,Hamstring,Hamstring,False,False,False,False
2025,SF,JameJo01,Jordan James,RB,Offense,1,15,14,17,Hand / Wrist,Finger,False,False,False,False
2025,SF,JennJa00,Jauan Jennings,WR,Offense,3,3,1,15,Ankle,Ankle,False,False,False,False
2025,SF,JennJa00,Jauan Jennings,WR,Offense,5,5,1,13,Ankle,Ankle,False,False,False,False
2025,SF,JoneMa05,Mac Jones,QB,Offense,1,1,1,17,Knee,Knee,False,False,False,False
2025,SF,JoneMa05,Mac Jones,QB,Offense,4,4,1,14,Knee,Knee,False,False,False,False
2025,SF,KittGe00,George Kittle,TE,Offense,2,6,5,16,Hamstring,Hamstring,True,False,False,False
2025,SF,KittGe00,George Kittle,TE,Offense,17,17,1,2,Ankle,Ankle,False,False,False,False
2025,SF,MartNi01,Nick Martin,LB,Defense,15,18,4,4,Head / Concussion,Concussion,True,True,True,False
2025,SF,MustMa00,Malik Mustapha,DB,Defense,1,5,5,17,Knee,Knee,True,False,False,False
2025,SF,OkuaSa00,Sam Okuayinonu,DL,Defense,13,15,2,5,Ankle,Ankle,False,False,False,False
2025,SF,PearRi00,Ricky Pearsall,WR,Offense,5,10,6,13,Knee,Knee,False,False,False,False
2025,SF,PearRi00,Ricky Pearsall,WR,Offense,16,16,1,3,Knee,Knee,False,False,False,False
2025,SF,PearRi00,Ricky Pearsall,WR,Offense,18,18,1,1,Knee,Knee,False,True,False,False
2025,SF,PurdBr00,Brock Purdy,QB,Offense,2,3,2,16,Shoulder,Shoulder,False,False,False,False
2025,SF,PurdBr00,Brock Purdy,QB,Offense,5,10,6,13,Foot / Toe,Toe,False,False,False,False
2025,SF,StouUp00,Upton Stout,DB,Defense,7,7,1,11,Shoulder,Shoulder,False,False,False,False
2025,SF,ValdMa00,Marquez Valdes-Scantling,WR,Offense,7,7,1,11,Lower Leg,Calf,True,False,False,False
2025,SF,WarnFr00,Fred Warner,LB,Defense,7,18,11,11,Ankle,Ankle,True,True,True,False
2025,SF,WatkJo00,Jordan Watkins,WR,Offense,1,7,7,17,Ankle,Ankle,False,False,False,False
2025,SF,WestCJ00,CJ West,DL,Defense,4,4,1,14,Hand / Wrist,Thumb,False,False,False,False
2025,SF,WestCJ00,CJ West,DL,Defense,8,9,2,10,Hand / Wrist,Thumb,False,False,False,False
2025,SF,WillMy00,Mykel Williams,DL,Defense,10,18,8,8,Knee,Knee,True,True,True,False
2025,SF,WillTr21,Trent Williams,OL,Offense,18,18,1,1,Hamstring,Hamstring,False,True,False,False
2025,TB,BredBe00,Ben Bredeson,OL,Offense,11,12,2,8,Hamstring,Hamstring,False,False,False,False
2025,TB,BredBe00,Ben Bredeson,OL,Offense,15,18,4,4,Knee,Knee,True,True,True,False
2025,TB,BridTe00,Teddy Bridgewater,QB,Offense,1,6,6,17,Shoulder,Shoulder,False,False,False,False
2025,TB,DeanJa00,Jamel Dean,DB,Defense,5,5,1,13,Hip / Groin,Hip,False,False,False,False
2025,TB,DeanJa00,Jamel Dean,DB,Defense,12,12,1,7,Hip / Groin,Hip,False,False,False,False
2025,TB,DeanJa00,Jamel Dean,DB,Defense,18,18,1,1,Shoulder,Shoulder,False,True,False,False
2025,TB,DennSi00,SirVocea Dennis,LB,Defense,15,15,1,4,Hip / Groin,Hip,False,False,False,False
2025,TB,EvanMi00,Mike Evans,WR,Offense,4,6,3,14,Hamstring,Hamstring,False,False,False,False
2025,TB,EvanMi00,Mike Evans,WR,Offense,8,14,6,10,Shoulder,Collarbone,True,False,False,False
2025,TB,GodwCh00,Chris Godwin,WR,Offense,1,3,3,17,Ankle,Ankle,False,False,False,False
2025,TB,GodwCh00,Chris Godwin,WR,Offense,6,11,5,12,Lower Leg,Fibula,False,False,False,False
2025,TB,GoedLu00,Luke Goedeke,OL,Offense,3,8,6,15,Foot / Toe,Foot,True,False,False,False
2025,TB,HaggLu00,Luke Haggard,OL,Offense,7,10,3,11,Shoulder,Shoulder,False,False,False,False
2025,TB,IrviBu00,Bucky Irving,RB,Offense,5,12,7,13,Foot / Toe,Foot,False,False,False,False
2025,TB,IzieCh00,Christian Izien,DB,Defense,1,1,1,17,Core / Abdomen,Oblique,False,False,False,False
2025,TB,IzieCh00,Christian Izien,DB,Defense,4,5,2,14,Quad / Thigh,Quadricep,False,False,False,False
2025,TB,JordMi01,Michael Jordan,OL,Offense,8,8,1,10,Knee,Knee,False,False,False,False
2025,TB,KancCa00,Calijah Kancey,DL,Defense,3,17,14,15,Chest / Ribs,Pectoral,True,False,False,False
2025,TB,KiefKo00,Ko Kieft,TE,Offense,4,18,14,14,Unspecified (IR),,True,True,True,False
2025,TB,MaucCo00,Cody Mauch,OL,Offense,3,18,15,15,Knee,Knee,True,True,True,False
2025,TB,McCoZy02,Zyon McCollum,DB,Defense,6,6,1,12,Hand / Wrist,Thumb,False,False,False,False
2025,TB,McCoZy02,Zyon McCollum,DB,Defense,16,18,3,3,Unspecified (IR),,True,True,True,False
2025,TB,McMiJa01,Jalen McMillan,WR,Offense,1,14,13,17,Neck,Neck,True,False,False,False
2025,TB,MorrBe00,Benjamin Morrison,DB,Defense,1,1,1,17,Quad / Thigh,Quadricep,False,False,False,False
2025,TB,MorrBe00,Benjamin Morrison,DB,Defense,5,6,2,13,Hamstring,Hamstring,False,False,False,False
2025,TB,MorrBe00,Benjamin Morrison,DB,Defense,12,15,4,7,Hamstring,Hamstring,False,False,False,False
2025,TB,NelsAn01,Anthony Nelson,LB,Defense,17,18,2,2,Knee,Knee,False,True,False,False
2025,TB,OttoCa00,Cade Otton,TE,Offense,15,15,1,4,Knee,Knee,False,False,False,False
2025,TB,ReddHa00,Haason Reddick,LB,Defense,8,12,4,10,Ankle,Ankle,False,False,False,False
2025,TB,SmitTy05,Tykee Smith,DB,Defense,15,15,1,4,Neck,Neck,False,False,False,False
2025,TB,WattMa00,Markees Watts,LB,Defense,10,11,2,9,Hand / Wrist,Hand,False,False,False,False
2025,TB,WillJo011,Josh Williams,RB,Offense,6,7,2,12,Head / Concussion,Concussion,False,False,False,False
2025,TB,WirfTr00,Tristan Wirfs,OL,Offense,1,3,3,17,Knee,Knee,False,False,False,False
2025,TB,WirfTr00,Tristan Wirfs,OL,Offense,14,14,1,5,Core / Abdomen,Oblique,False,False,False,False
2025,TB,WirfTr00,Tristan Wirfs,OL,Offense,17,17,1,2,Foot / Toe,Toe,False,False,False,False
2025,TB,WisdRa00,Rashad Wisdom,DB,Defense,5,17,12,13,Quad / Thigh,Quadricep,True,False,False,False
2025,TEN,ArmoJa00,Jalyn Armour-Davis,DB,Defense,13,15,3,6,Achilles,Achilles,False,False,False,False
2025,TEN,ArmoJa00,Jalyn Armour-Davis,DB,Defense,18,18,1,1,Achilles,Achilles,True,True,True,False
2025,TEN,AyomEl00,Elic Ayomanor,WR,Offense,12,12,1,7,Hamstring,Hamstring,False,False,False,False
2025,TEN,BrooKe02,Kendell Brooks,DB,Defense,12,13,2,7,Head / Concussion,Concussion,False,False,False,False
2025,TEN,BrowJa09,Jarvis Brownlee,DB,Defense,3,3,1,15,Ankle,Ankle,False,False,False,False
2025,TEN,BrowMi02,Mike Brown,DB,Defense,5,9,5,13,Knee,Knee,True,False,False,False
2025,TEN,BrowMi02,Mike Brown,DB,Defense,16,18,3,3,Unspecified (IR),,True,True,True,False
2025,TEN,CushLl00,Lloyd Cushenberry III,OL,Offense,13,14,2,6,Foot / Toe,Foot,False,False,False,False
2025,TEN,GayeAl01,Ali Gaye,LB,Defense,9,17,8,9,Knee,Knee,True,False,False,False
2025,TEN,GrayCe00,Cedric Gray,LB,Defense,16,16,1,3,Head / Concussion,Concussion,False,False,False,False
2025,TEN,HancBl00,Blake Hance,OL,Offense,5,18,13,13,Shoulder,Shoulder,True,True,True,False
2025,TEN,HarrMa10,Marcus Harris,DB,Defense,6,6,1,12,Lower Leg,Calf,False,False,False,False
2025,TEN,HarrMa10,Marcus Harris,DB,Defense,17,18,2,2,Knee,Knee,True,True,True,False
2025,TEN,HelmGu00,Gunnar Helm,TE,Offense,18,18,1,1,Foot / Toe,Toe,False,True,False,False
2025,TEN,HookAm00,Amani Hooker,DB,Defense,18,18,1,1,Ankle,Ankle,False,True,False,False
2025,TEN,JeffVa00,Van Jefferson,WR,Offense,18,18,1,1,Arm / Elbow,Forearm,True,True,True,False
2025,TEN,KeyxAr00,Arden Key,LB,Defense,6,9,4,12,Quad / Thigh,Quadricep,False,False,False,False
2025,TEN,KeyxAr00,Arden Key,LB,Defense,18,18,1,1,Hip / Groin,Hip,False,True,False,False
2025,TEN,LathJC00,JC Latham,OL,Offense,2,5,4,16,Hip / Groin,Hip,False,False,False,False
2025,TEN,MoorDa05,Dan Moore,OL,Offense,15,15,1,4,Neck,Neck,False,False,False,False
2025,TEN,MullKa00,Kalel Mullings,RB,Offense,2,2,1,16,Ankle,Ankle,False,False,False,False
2025,TEN,MullKa00,Kalel Mullings,RB,Offense,4,11,7,14,Ankle,Ankle,True,False,False,False
2025,TEN,OladOl00,Oluwafemi Oladejo,LB,Defense,7,18,11,11,Lower Leg,Fibula,True,True,True,False
2025,TEN,OlivBr02,Bryce Oliver,WR,Offense,3,17,14,15,Knee,Knee,True,False,False,False
2025,TEN,RidlCa00,Calvin Ridley,WR,Offense,7,9,3,11,Hamstring,Hamstring,False,False,False,False
2025,TEN,RidlCa00,Calvin Ridley,WR,Offense,12,18,7,7,Hamstring,Hamstring,True,True,True,False
2025,TEN,SimmJe01,Jeffery Simmons,DL,Defense,8,9,2,10,Hamstring,Hamstring,False,False,False,False
2025,TEN,SneeLJ00,L'Jarius Sneed,DB,Defense,8,18,10,10,Quad / Thigh,Quadricep,True,True,True,False
2025,TEN,SpeaTy00,Tyjae Spears,RB,Offense,1,4,4,17,Ankle,Ankle,True,False,False,False
2025,TEN,SweaTV01,T'Vondre Sweat,DL,Defense,2,6,5,16,Ankle,Ankle,True,False,False,False
2025,TEN,TuttSh00,Shy Tuttle,DL,Defense,13,16,4,6,Head / Concussion,Concussion,False,False,False,False
2025,TEN,WinsKe02,Kevin Winston,DB,Defense,1,4,4,17,Hamstring,Hamstring,False,False,False,False
2025,TEN,WinsKe02,Kevin Winston,DB,Defense,16,18,3,3,Unspecified (IR),,True,True,True,False
2025,TEN,WoodXa00,Xavier Woods,DB,Defense,9,12,3,9,Hamstring,Hamstring,False,False,False,False
2025,TEN,WoodXa00,Xavier Woods,DB,Defense,16,18,3,3,Unspecified (IR),,True,True,True,False
2025,TEN,ZeitKe00,Kevin Zeitler,OL,Offense,3,3,1,15,Arm / Elbow,Biceps,False,False,False,False
2025,WAS,AmosTr00,Trey Amos,DB,Defense,11,18,7,7,Hip / Groin,Hip,True,True,True,False
2025,WAS,ArmsDo00,Dorance Armstrong Jr.,DL,Defense,8,18,10,10,Hamstring,Hamstring,True,True,True,False
2025,WAS,BateJo00,John Bates,TE,Offense,3,4,2,15,Hip / Groin,Groin,False,False,False,False
2025,WAS,BellNi01,Nick Bellore,LB,Defense,17,17,1,2,Head / Concussion,Concussion,False,False,False,False
2025,WAS,BiadTy00,Tyler Biadasz,OL,Offense,18,18,1,1,Unspecified (IR),,True,True,True,False
2025,WAS,BrowNo00,Noah Brown,WR,Offense,3,13,10,15,Hip / Groin,Groin,True,False,False,False
2025,WAS,BrowNo00,Noah Brown,WR,Offense,16,18,3,3,Hip / Groin,Groin,True,True,True,False
2025,WAS,BurkTr00,Treylon Burks,WR,Offense,11,11,1,7,Hand / Wrist,Finger,False,False,False,False
2025,WAS,ButlPe00,Percy Butler,DB,Defense,4,4,1,14,Hip / Groin,Hip,False,False,False,False
2025,WAS,ColeBr02,Brandon Coleman,OL,Offense,3,7,5,15,Shoulder,Shoulder,False,False,False,False
2025,WAS,CosmSa00,Samuel Cosmi,OL,Offense,1,6,6,17,Knee,Knee,True,False,False,False
2025,WAS,CosmSa00,Samuel Cosmi,OL,Offense,17,18,2,2,Unspecified (IR),,True,True,True,False
2025,WAS,DaniJa02,Jayden Daniels,QB,Offense,3,4,2,15,Knee,Knee,False,False,False,False
2025,WAS,DaniJa02,Jayden Daniels,QB,Offense,8,8,1,10,Hamstring,Hamstring,False,False,False,False
2025,WAS,DaniJa02,Jayden Daniels,QB,Offense,10,13,3,8,Arm / Elbow,Elbow,False,False,False,False
2025,WAS,DaniJa02,Jayden Daniels,QB,Offense,15,18,4,4,Arm / Elbow,Elbow,False,True,False,False
2025,WAS,EkelAu00,Austin Ekeler,RB,Offense,3,18,15,15,Shoulder,Shoulder,True,True,True,False
2025,WAS,ErtzZa00,Zach Ertz,TE,Offense,15,18,4,4,Unspecified (IR),,True,True,True,False
2025,WAS,FantGe00,George Fant,OL,Offense,7,18,11,11,Knee,Knee,False,True,False,False
2025,WAS,GoldEd00,Eddie Goldman,DL,Defense,16,18,3,3,Head / Concussion,Concussion,True,True,True,False
2025,WAS,HarrWi02,Will Harris,DB,Defense,4,11,8,14,Ankle,Ankle,True,False,False,False
2025,WAS,JackDr01,Drake Jackson,DL,Defense,7,15,8,11,Knee,Knee,True,False,False,False
2025,WAS,JeanJa00,Javontae Jean-Baptiste,DL,Defense,5,18,13,13,Unspecified (IR),,True,True,True,False
2025,WAS,JoneJo03,Jonathan Jones,DB,Defense,3,6,4,15,Hamstring,Hamstring,True,False,False,False
2025,WAS,JoneJo03,Jonathan Jones,DB,Defense,15,15,1,4,Chest / Ribs,Rib,False,False,False,False
2025,WAS,KahoAl00,Ale Kaho,LB,Defense,5,8,4,13,Head / Concussion,Concussion,False,False,False,False
2025,WAS,KahoAl00,Ale Kaho,LB,Defense,11,14,3,7,Head / Concussion,Concussion,False,False,False,False
2025,WAS,LaneJa00,Jaylin Lane,WR,Offense,17,18,2,2,Ankle,Ankle,True,True,True,False
2025,WAS,LattMa01,Marshon Lattimore,DB,Defense,10,18,8,8,Unspecified (IR),,True,True,True,False
2025,WAS,MariMa01,Marcus Mariota,QB,Offense,1,2,2,17,Achilles,Achilles,False,False,False,False
2025,WAS,MariMa01,Marcus Mariota,QB,Offense,17,18,2,2,Hand / Wrist,Hand,False,True,False,False
2025,WAS,McCaLu00,Luke McCaffrey,WR,Offense,10,18,8,8,Unspecified (IR),,True,True,True,False
2025,WAS,McLaTe00,Terry McLaurin,WR,Offense,4,7,4,14,Quad / Thigh,Quadricep,False,False,False,False
2025,WAS,McLaTe00,Terry McLaurin,WR,Offense,9,11,3,9,Quad / Thigh,Quadricep,False,False,False,False
2025,WAS,PaynDa00,Daron Payne,DL,Defense,17,17,1,2,Back,Back,False,False,False,False
2025,WAS,RodrCh00,Chris Rodriguez,RB,Offense,15,15,1,4,Hip / Groin,Groin,False,False,False,False
2025,WAS,SamuDe00,Deebo Samuel,WR,Offense,7,7,1,11,Foot / Toe,Heel,False,False,False,False
2025,WAS,SinnBe00,Ben Sinnott,TE,Offense,11,11,1,7,Ankle,Ankle,False,False,False,False
2025,WAS,TunsLa00,Laremy Tunsil,OL,Offense,16,18,3,3,Core / Abdomen,Oblique,False,True,False,False
2025,WAS,WiseDe00,Deatrich Wise Jr.,DL,Defense,3,18,15,15,Knee,Knee,True,True,True,False
2025,WAS,YankCo00,Colson Yankoff,TE,Offense,8,9,2,10,Hamstring,Hamstring,False,False,False,False
2025,WAS,YankCo00,Colson Yankoff,TE,Offense,16,16,1,3,Ankle,Ankle,False,False,False,False
2026,ARI,AdamIs01,Isaiah Adams,OL,Offense,1,1,1,4,Knee,Knee,False,False,False,False
2026,ARI,BillAn00,Andrew Billings,DL,Defense,1,3,3,4,Knee,Knee,False,False,False,False
2026,ARI,CrawKi00,Kitan Crawford,DB,Defense,2,4,3,3,Unspecified (IR),,True,True,False,True
2026,ARI,JohnWi02,Will Johnson,DB,Defense,3,4,2,2,Unspecified (IR),,True,True,False,True
2026,ARI,TaylDa02,Dadrion Taylor-Demerson,DB,Defense,1,1,1,4,Chest / Ribs,Ribs,False,False,False,False
2026,ARI,TaylDa02,Dadrion Taylor-Demerson,DB,Defense,3,4,2,2,Back,Back,False,True,False,True
2026,ARI,WillGa00,Garrett Williams,DB,Defense,1,2,2,4,Achilles,Achilles,False,False,False,False
2026,ATL,BowmBi01,Billy Bowman,DB,Defense,1,2,2,3,Achilles,Achilles,False,False,False,False
2026,ATL,EbukSa00,Samson Ebukam,DL,Defense,3,3,1,1,Hamstring,Hamstring,False,True,False,True
2026,ATL,HandDa00,Da'Shawn Hand,DL,Defense,2,3,2,2,Knee,Knee,True,True,False,True
2026,ATL,PeniMi00,Michael Penix,QB,Offense,1,2,2,3,Knee,Knee,False,False,False,False
2026,ATL,TerrAJ00,AJ Terrell,DB,Defense,3,3,1,1,Hip / Groin,Groin,True,True,False,True
2026,BAL,BuchTe00,Teddye Buchanan,LB,Defense,1,2,2,4,Knee,Knee,False,False,False,False
2026,BAL,FlowZa00,Zay Flowers,WR,Offense,2,2,1,3,Hamstring,Hamstring,False,False,False,False
2026,BAL,GwynJo00,Jovaughn Gwyn,OL,Offense,4,4,1,1,Ankle,Ankle,True,True,False,True
2026,BAL,HendTr00,Trey Hendrickson,LB,Defense,4,4,1,1,Hand / Wrist,Finger,False,True,False,True
2026,BAL,LaneJa01,Ja'Kobi Lane,WR,Offense,2,4,3,3,Unspecified (IR),,True,True,False,True
2026,BAL,MaduJu00,Nnamdi Madubuike,DL,Defense,1,2,2,4,Neck,Neck,False,False,False,False
2026,BAL,MoorCh00,Chris Moore,WR,Offense,4,4,1,1,Ankle,Ankle,False,True,False,True
2026,BAL,PociEt00,Ethan Pocic,OL,Offense,4,4,1,1,Knee,Knee,True,True,False,True
2026,BAL,StanRo00,Ronnie Stanley,OL,Offense,3,3,1,2,Foot / Toe,Toe,False,False,False,False
2026,BAL,TampTJ00,T.J. Tampa,DB,Defense,2,4,3,3,Knee,Knee,True,True,False,True
2026,BAL,WalkDe01,Devontez Walker,WR,Offense,1,1,1,4,Hip / Groin,Groin,False,False,False,False
2026,BUF,BenfCh00,Christian Benford,DB,Defense,4,4,1,1,Foot / Toe,Toe,False,True,False,True
2026,BUF,HancJo00,Jordan Hancock,DB,Defense,3,4,2,2,Hamstring,Hamstring,True,True,False,True
2026,BUF,JohnTy02,Ty Johnson,RB,Offense,1,2,2,4,Hamstring,Hamstring,False,False,False,False
2026,CAR,BrooJo02,Jonathon Brooks,RB,Offense,3,4,2,2,Unspecified (IR),,True,True,False,True
2026,CAR,BrowBo04,Bobby Brown,DL,Defense,2,2,1,3,Back,Back,False,False,False,False
2026,CAR,CherCl00,Claudin Cherelus,LB,Defense,3,4,2,2,Shoulder,Shoulder,True,True,False,True
2026,CAR,CokeJa01,Jalen Coker,WR,Offense,4,4,1,1,Quad / Thigh,Quadricep,False,True,False,True
2026,CAR,HornJa00,Jaycee Horn,DB,Defense,4,4,1,1,Unspecified (IR),,True,True,False,True
2026,CAR,JackCa01,Cam Jackson,DL,Defense,3,4,2,2,Knee,Knee,False,True,False,True
2026,CAR,JackMi01,Michael Jackson,DB,Defense,4,4,1,1,Unspecified (IR),,True,True,False,True
2026,CAR,JonePa00,Patrick Jones II,LB,Defense,1,2,2,4,Back,Back,False,False,False,False
2026,CAR,LegeXa00,Xavier Legette,WR,Offense,3,4,2,2,Knee,Knee,True,True,False,True
2026,CAR,LewiDa05,Damien Lewis,OL,Offense,4,4,1,1,Arm / Elbow,Elbow,False,True,False,True
2026,CAR,LloyDe00,Devin Lloyd,LB,Defense,3,3,1,2,Lower Leg,Calf,False,False,False,False
2026,CAR,ScotNi01,Nick Scott,DB,Defense,3,3,1,2,Chest / Ribs,Rib,False,False,False,False
2026,CHI,BageTy00,Tyson Bagent,QB,Offense,1,1,1,4,Back,Back,False,False,False,False
2026,CHI,BageTy00,Tyson Bagent,QB,Offense,3,3,1,2,Head / Concussion,Concussion,False,False,False,False
2026,CHI,JoneBr08,Braxton Jones,OL,Offense,4,4,1,1,Knee,Knee,True,True,False,True
2026,CHI,LewiCa00,Cameron Lewis,DB,Defense,4,4,1,1,Hip / Groin,Hip,False,True,False,True
2026,CHI,WillCa03,Caleb Williams,QB,Offense,3,4,2,2,Hamstring,Hamstring,False,True,False,True
2026,CHI,WoodXa00,Xavier Woods,DB,Defense,1,1,1,4,Hip / Groin,Groin,False,False,False,False
2026,CIN,BozeSw00,Swayze Bozeman,LB,Defense,4,4,1,1,Hip / Groin,Groin,False,True,False,True
2026,CIN,CookBr02,Bryan Cook,DB,Defense,4,4,1,1,Ankle,Ankle,False,True,False,True
2026,CIN,DaviJa06,Jalen Davis,DB,Defense,4,4,1,1,Unspecified (IR),,True,True,False,True
2026,CIN,DuggKy00,Kyle Dugger,DB,Defense,4,4,1,1,Quad / Thigh,Quadricep,False,True,False,True
2026,CIN,HillB.00,B.J. Hill,DL,Defense,2,4,3,3,Achilles,Achilles,False,True,False,True
2026,CIN,IosiAn00,Andrei Iosivas,WR,Offense,3,4,2,2,Hand / Wrist,Thumb,True,True,False,True
2026,CIN,StewSh00,Shemar Stewart,DL,Defense,1,1,1,4,Knee,Knee,False,False,False,False
2026,CIN,YounCo01,Colbie Young,WR,Offense,4,4,1,1,Knee,Knee,False,True,False,True
2026,CLE,CampTy01,Tyson Campbell,DB,Defense,3,3,1,2,Ankle,Ankle,False,False,False,False
2026,CLE,JenkEl00,Elgton Jenkins,OL,Offense,4,4,1,1,Head / Concussion,Concussion,False,True,False,True
2026,CLE,SampDy00,Dylan Sampson,RB,Offense,2,4,3,3,Unspecified (IR),,True,True,False,True
2026,CLE,WallTy00,Tylan Wallace,WR,Offense,4,4,1,1,Knee,Knee,False,True,False,True
2026,DAL,BullJo00,Jonathan Bullard,DL,Defense,4,4,1,1,Unspecified (IR),,True,True,False,True
2026,DAL,DuraDe01,Cobie Durant,DB,Defense,3,4,2,2,Hamstring,Hamstring,False,True,False,True
2026,DAL,HookMa00,Malik Hooker,DB,Defense,2,3,2,3,Arm / Elbow,Forearm,False,False,False,False
2026,DAL,HousJa01,James Houston,LB,Defense,2,2,1,3,Shoulder,Shoulder,False,False,False,False
2026,DAL,HousJa01,James Houston,LB,Defense,4,4,1,1,Shoulder,Shoulder,False,True,False,True
2026,DAL,LockPJ00,P.J. Locke,DB,Defense,3,4,2,2,Foot / Toe,Foot,True,True,False,True
2026,DAL,OverDe00,DeMarvion Overshown,LB,Defense,2,4,3,3,Hamstring,Hamstring,False,True,False,True
2026,DAL,ThomJa04,Jalen Thompson,DB,Defense,4,4,1,1,Unspecified (IR),,True,True,False,True
2026,DEN,ColeJo00,Jonah Coleman,RB,Offense,3,4,2,2,Ankle,Ankle,True,True,False,True
2026,DEN,HarvRJ00,RJ Harvey,RB,Offense,2,2,1,3,Hamstring,Hamstring,False,False,False,False
2026,DEN,MimsMa00,Marvin Mims,WR,Offense,2,3,2,3,Foot / Toe,Foot,False,False,False,False
2026,DEN,TillDo00,Dondrea Tillman,LB,Defense,4,4,1,1,Hamstring,Hamstring,False,True,False,True
2026,DET,BartBe00,Ben Bartch,OL,Offense,3,4,2,2,Foot / Toe,Foot,False,True,False,True
2026,DET,HarpTh00,Thomas Harper,DB,Defense,3,4,2,2,Ankle,Ankle,True,True,False,True
2026,DET,IzieCh00,Christian Izien,DB,Defense,1,1,1,4,Hip / Groin,Groin,False,False,False,False
2026,DET,MaddAv00,Avonte Maddox,DB,Defense,3,4,2,2,Unspecified (IR),,True,True,False,True
2026,DET,MahoCh00,Christian Mahogany,OL,Offense,2,2,1,3,Hip / Groin,Hip,False,False,False,False
2026,DET,MillBl01,Blake Miller,OL,Offense,2,2,1,3,Knee,Knee,False,False,False,False
2026,DET,RakeEn00,Ennis Rakestraw,DB,Defense,1,2,2,4,Ankle,Ankle,False,False,False,False
2026,DET,RoldJi00,Jimmy Rolder,LB,Defense,1,2,2,4,Hamstring,Hamstring,False,False,False,False
2026,GB,BankAa00,Aaron Banks,OL,Offense,1,1,1,4,Knee,Knee,False,False,False,False
2026,GB,BankAa00,Aaron Banks,OL,Offense,3,4,2,2,Knee,Knee,False,True,False,True
2026,GB,BurtJa02,Jager Burton,OL,Offense,4,4,1,1,Hip / Groin,Groin,False,True,False,True
2026,GB,CampAn00,Anthony Campbell,DL,Defense,3,4,2,2,Ankle,Ankle,False,True,False,True
2026,GB,HargJa00,Javon Hargrave,DL,Defense,2,2,1,3,Knee,Knee,False,False,False,False
2026,GB,HoppTy00,Ty'Ron Hopper,LB,Defense,1,1,1,4,Achilles,Achilles,False,False,False,False
2026,GB,MonkJa00,Jacob Monk,OL,Offense,4,4,1,1,Quad / Thigh,Quadricep,False,True,False,True
2026,GB,ReedJa03,Jayden Reed,WR,Offense,3,4,2,2,Neck,Neck,True,True,False,True
2026,GB,StJuBe00,Benjamin St-Juste,DB,Defense,2,2,1,3,Hamstring,Hamstring,False,False,False,False
2026,GB,TomxZa00,Zach Bako-Bewele,OL,Offense,3,4,2,2,Knee,Knee,True,True,False,True
2026,HOU,AlShAz00,Azeez Al-Shaair,LB,Defense,4,4,1,1,Hip / Groin,Groin,False,True,False,True
2026,HOU,BrooBr01,British Brooks,RB,Offense,4,4,1,1,Hamstring,Hamstring,True,True,False,True
2026,HOU,ClowJa00,Jadeveon Clowney,DL,Defense,2,3,2,3,Knee,Knee,False,False,False,False
2026,HOU,CollNi00,Nico Collins,WR,Offense,2,3,2,3,Hamstring,Hamstring,False,False,False,False
2026,HOU,EdwaMa01,Mario Edwards,DL,Defense,4,4,1,1,Unspecified (IR),,True,True,False,True
2026,HOU,HummJa00,Jake Hummel,LB,Defense,2,4,3,3,Hip / Groin,Groin,True,True,False,True
2026,HOU,IngrEd00,Ed Ingram,OL,Offense,2,3,2,3,Hip / Groin,Groin,False,False,False,False
2026,HOU,TooTHe00,Henry To'oTo'o,LB,Defense,2,4,3,3,Unspecified (IR),,True,True,False,True
2026,IND,AjiaAu00,Austin Ajiake,LB,Defense,1,2,2,4,Hamstring,Hamstring,False,False,False,False
2026,IND,ClemMi03,Micheal Clemons,DL,Defense,3,4,2,2,Unspecified (IR),,True,True,False,True
2026,IND,DuliAs00,Ashton Dulin,WR,Offense,2,3,2,3,Ankle,Ankle,False,False,False,False
2026,IND,PierAl00,Alec Pierce,WR,Offense,3,4,2,2,Foot / Toe,Heel,True,True,False,True
2026,JAX,BrasCh00,Christian Braswell,DB,Defense,4,4,1,1,Knee,Knee,False,True,False,True
2026,JAX,BrowMo00,Montaric Brown,DB,Defense,4,4,1,1,Hamstring,Hamstring,False,True,False,True
2026,JAX,GreeBJ00,B.J. Green,DL,Defense,2,4,3,3,Unspecified (IR),,True,True,False,True
2026,JAX,RegiAl00,Albert Regis,DL,Defense,3,3,1,2,Arm / Elbow,Elbow,False,False,False,False
2026,KC,CanaJa00,Jadon Canady,DB,Defense,4,4,1,1,Knee,Knee,False,True,False,True
2026,KC,ConnCh01,Chamarri Conner,DB,Defense,1,3,3,4,Knee,Knee,False,False,False,False
2026,KC,DelaMa00,Mansoor Delane,DB,Defense,2,2,1,3,Shoulder,Shoulder,False,False,False,False
2026,KC,McDoCo01,Cooper McDonald,LB,Defense,2,4,3,3,Unspecified (IR),,True,True,False,True
2026,LA,DonaAa00,Aaron Donald,DL,Defense,4,4,1,1,Back,Back,False,True,False,True
2026,LA,FergTe00,Terrance Ferguson,TE,Offense,4,4,1,1,Ankle,Ankle,True,True,False,True
2026,LA,GarrMy00,Myles Garrett,LB,Defense,2,4,3,3,Knee,Knee,True,True,False,True
2026,LA,KincKa00,Kamren Kinchens,DB,Defense,2,3,2,3,Hamstring,Hamstring,False,False,False,False
2026,LA,NacuPu00,Puka Nacua,WR,Offense,2,3,2,3,Hip / Groin,Hip,False,False,False,False
2026,LA,ParkCo02,Colby Parkinson,TE,Offense,4,4,1,1,Knee,Knee,False,True,False,True
2026,LA,RiveRo01,Ronnie Rivers,RB,Offense,3,4,2,2,Unspecified (IR),,True,True,False,True
2026,LA,WatsJa02,Jaylen Watson,DB,Defense,4,4,1,1,Shoulder,Shoulder,False,True,False,True
2026,LA,WhitJo04,Jordan Whittington,WR,Offense,2,2,1,3,Quad / Thigh,Quadricep,False,False,False,False
2026,LAC,AwosKa00,Kayode Awosika,OL,Offense,3,4,2,2,Lower Leg,Fibula,False,True,False,True
2026,LAC,JameDe00,Derwin James,DB,Defense,4,4,1,1,Hamstring,Hamstring,False,True,False,True
2026,LAC,KolaCh00,Charlie Kolar,TE,Offense,3,4,2,2,Arm / Elbow,Forearm,False,True,False,True
2026,LAC,LambKe01,KeAndre Lambert-Smith,WR,Offense,2,4,3,3,Unspecified (IR),,True,True,False,True
2026,LAC,LeonDe00,Deane Leonard,DB,Defense,1,2,2,4,Core / Abdomen,Abdomen,False,False,False,False
2026,LAC,MickRJ00,R.J. Mickens,DB,Defense,1,1,1,4,Ankle,Ankle,False,False,False,False
2026,LAC,MoldEl00,Elijah Molden,DB,Defense,2,3,2,3,Hamstring,Hamstring,False,False,False,False
2026,LAC,NjokDa00,David Njoku,TE,Offense,3,4,2,2,Unspecified (IR),,True,True,False,True
2026,LAC,PipkTr00,Trey Pipkins,OL,Offense,2,4,3,3,Knee,Knee,True,True,False,True
2026,LAC,ThomBr07,Brenen Thompson,WR,Offense,3,4,2,2,Quad / Thigh,Quadricep,False,True,False,True
2026,LAC,TomlDa00,Dalvin Tomlinson,DL,Defense,3,4,2,2,Hamstring,Hamstring,False,True,False,True
2026,LV,BechJa00,Jack Bech,WR,Offense,4,4,1,1,Unspecified (IR),,True,True,False,True
2026,LV,BoweBr01,Brock Bowers,TE,Offense,1,2,2,4,Knee,Knee,False,False,False,False
2026,LV,McCoTr00,Tristin McCollum,DB,Defense,4,4,1,1,Knee,Knee,False,True,False,True
2026,LV,PeguJJ00,JJ Pegues,DL,Defense,1,3,3,4,Back,Back,False,False,False,False
2026,LV,PortDa00,Darien Porter,DB,Defense,2,2,1,3,Foot / Toe,Foot,False,False,False,False
2026,LV,PoweJa00,Jackson Powers-Johnson,OL,Offense,4,4,1,1,Hip / Groin,Groin,False,True,False,True
2026,LV,StukTr00,Treydan Stukes,DB,Defense,3,3,1,2,Head / Concussion,Concussion,False,False,False,False
2026,MIA,AchaDe00,De'Von Achane,RB,Offense,4,4,1,1,Unspecified (IR),,True,True,False,True
2026,MIA,BealRo00,Robert Beal,DL,Defense,3,4,2,2,Hamstring,Hamstring,False,True,False,True
2026,MIA,DougCa00,Caleb Douglas,WR,Offense,3,4,2,2,Ankle,Ankle,False,True,False,True
2026,MIA,HarrRo02,Ronnie Harrison,LB,Defense,2,4,3,3,Hamstring,Hamstring,True,True,False,True
2026,MIA,LouiKy00,Kyle Louis,DB,Defense,2,4,3,3,Unspecified (IR),,True,True,False,True
2026,MIA,RobiCh00,Chop Robinson,DL,Defense,2,2,1,3,Head / Concussion,Concussion,False,False,False,False
2026,MIA,WrigJa04,Jaylen Wright,RB,Offense,3,3,1,2,Neck,Stinger,False,False,False,False
2026,MIN,DemmCh00,Charles Demmings,DB,Defense,4,4,1,1,Hamstring,Hamstring,False,True,False,True
2026,MIN,JeffJu00,Justin Jefferson,WR,Offense,4,4,1,1,Ankle,Ankle,False,True,False,True
2026,MIN,MasoJo00,Jordan Mason,RB,Offense,2,4,3,3,Unspecified (IR),,True,True,False,True
2026,MIN,MurrKy00,Kyler Murray,QB,Offense,2,2,1,3,Head / Concussion,Concussion,False,False,False,False
2026,MIN,OlivJo00,Josh Oliver,TE,Offense,4,4,1,1,Unspecified (IR),,True,True,False,True
2026,MIN,TierCa00,Caleb Tiernan,OL,Offense,1,3,3,4,Ankle,Ankle,False,False,False,False
2026,NE,BarmCh00,Christian Barmore,DL,Defense,4,4,1,1,Shoulder,Shoulder,False,True,False,True
2026,NE,BrowAJ00,A.J. Brown,WR,Offense,2,4,3,3,Unspecified (IR),,True,True,False,True
2026,NE,BrowBe01,Ben Brown,OL,Offense,1,1,1,4,Knee,Knee,False,False,False,False
2026,NE,CanaCh00,Channing Canada,DB,Defense,4,4,1,1,Hamstring,Hamstring,False,True,False,True
2026,NE,CrowDa00,Dametrious Crownover,OL,Offense,2,4,3,3,Knee,Knee,False,True,False,True
2026,NE,DaviCa02,Carlton Davis,DB,Defense,2,2,1,3,Neck,Neck,False,False,False,False
2026,NE,GonzCh00,Christian Gonzalez,DB,Defense,4,4,1,1,Shoulder,Shoulder,False,True,False,True
2026,NE,HendTr02,TreVeyon Henderson,RB,Offense,1,1,1,4,Ankle,Ankle,False,False,False,False
2026,NE,HutcQu00,Quintayvious Hutchins,LB,Defense,3,4,2,2,Knee,Knee,True,True,False,True
2026,NE,JoneDr00,Dre'Mont Jones,LB,Defense,3,3,1,2,Shoulder,Shoulder,False,False,False,False
2026,NE,OnweMi00,Michael Onwenu,OL,Offense,3,4,2,2,Unspecified (IR),,True,True,False,True
2026,NE,PettDe00,Dell Pettus,DB,Defense,3,4,2,2,Unspecified (IR),,True,True,False,True
2026,NE,RariEl00,Eli Raridon,TE,Offense,3,3,1,2,Quad / Thigh,Thigh,False,False,False,False
2026,NE,VanRGr00,Greg Van Roten,OL,Offense,4,4,1,1,Unspecified (IR),,True,True,False,True
2026,NE,WoodCr00,Craig Woodson,DB,Defense,3,3,1,2,Shoulder,Shoulder,False,False,False,False
2026,NO,BankKe01,Kelvin Banks,OL,Offense,3,3,1,1,Unspecified (IR),,True,True,False,True
2026,NO,BrowBa02,Barion Brown,WR,Offense,3,3,1,1,Hamstring,Hamstring,False,True,False,True
2026,NO,DelpOs01,Oscar Delp,TE,Offense,1,1,1,3,Hamstring,Hamstring,False,False,False,False
2026,NO,EmerMa00,Martin Emerson,DB,Defense,3,3,1,1,Shoulder,Shoulder,False,True,False,True
2026,NO,JordCa00,Cameron Jordan,DL,Defense,1,1,1,3,Hamstring,Hamstring,False,False,False,False
2026,NO,KamaAl00,Alvin Kamara,RB,Offense,1,1,1,3,Knee,Knee,False,False,False,False
2026,NO,MillCh01,Christen Miller,DL,Defense,2,3,2,2,Foot / Toe,Toe,False,True,False,True
2026,NO,StalIs00,Isaiah Stalbird,LB,Defense,2,2,1,2,Shoulder,Shoulder,False,False,False,False
2026,NYG,AdebPa00,Paulson Adebo,DB,Defense,2,4,3,3,Knee,Knee,True,True,False,True
2026,NYG,BankDe00,Deonte Banks,DB,Defense,2,3,2,3,Lower Leg,Calf,False,False,False,False
2026,NYG,BurnBr00,Brian Burns,LB,Defense,4,4,1,1,Ankle,Ankle,True,True,False,True
2026,NYG,DartJa00,Jaxson Dart,QB,Offense,3,4,2,2,Knee,Knee,True,True,False,True
2026,NYG,McFaMi01,Micah McFadden,LB,Defense,2,2,1,3,Neck,Neck,False,False,False,False
2026,NYG,NubiTy00,Tyler Nubin,DB,Defense,3,3,1,2,Lower Leg,Calf,False,False,False,False
2026,NYJ,CoopOm00,Omar Cooper,WR,Offense,2,4,3,3,Ankle,Ankle,True,True,False,True
2026,NYJ,EnagKi00,Kingsley Enagbare,DL,Defense,4,4,1,1,Knee,Knee,False,True,False,True
2026,NYJ,FitzMi00,Minkah Fitzpatrick,DB,Defense,2,3,2,3,Hip / Groin,Groin,False,False,False,False
2026,NYJ,HallBr03,Breece Hall,RB,Offense,4,4,1,1,Quad / Thigh,Quadricep,False,True,False,True
2026,NYJ,MauiFr00,Francisco Mauigoa,LB,Defense,3,4,2,2,Quad / Thigh,Quadricep,False,True,False,True
2026,NYJ,McCrMa01,Marcelino McCrary-Ball,LB,Defense,3,4,2,2,Unspecified (IR),,True,True,False,True
2026,NYJ,MitcAd00,Adonai Mitchell,WR,Offense,3,4,2,2,Hand / Wrist,Finger,False,True,False,True
2026,NYJ,NwanKe00,Kene Nwangwu,RB,Offense,1,3,3,4,Back,Back,False,False,False,False
2026,NYJ,OnyeDa00,David Onyemata,DL,Defense,3,4,2,2,Unspecified (IR),,True,True,False,True
2026,NYJ,OssaJo00,Joseph Ossai,DL,Defense,1,2,2,4,Foot / Toe,Foot,False,False,False,False
2026,NYJ,ParhDy00,Dylan Parham,OL,Offense,4,4,1,1,Knee,Knee,False,True,False,True
2026,NYJ,PondDA00,D'Angelo Ponds,DB,Defense,1,2,2,4,Lower Leg,Calf,False,False,False,False
2026,NYJ,SmitAr01,Arian Smith,WR,Offense,3,4,2,2,Unspecified (IR),,True,True,False,True
2026,NYJ,TaylMa02,Mason Taylor,TE,Offense,3,4,2,2,Hand / Wrist,Thumb,False,True,False,True
2026,PHI,BaunZa00,Zack Baun,LB,Defense,4,4,1,1,Head / Concussion,Concussion,False,True,False,True
2026,PHI,BrowMa04,Marquise Brown,WR,Offense,3,4,2,2,Ankle,Ankle,False,True,False,True
2026,PHI,DickLa00,Landon Dickerson,OL,Offense,2,4,3,3,Unspecified (IR),,True,True,False,True
2026,PHI,EppsMa00,Marcus Epps,DB,Defense,4,4,1,1,Hip / Groin,Groin,False,True,False,True
2026,PHI,GoedDa00,Dallas Goedert,TE,Offense,3,4,2,2,Knee,Knee,False,True,False,True
2026,PHI,GreeJo04,Jonathan Greenard,LB,Defense,1,2,2,4,Chest / Ribs,Pectoral,False,False,False,False
2026,PHI,JohnFr01,Fred Johnson,OL,Offense,3,4,2,2,Knee,Knee,False,True,False,True
2026,PHI,MoorEl00,Elijah Moore,WR,Offense,1,2,2,4,Neck,Neck,False,False,False,False
2026,PHI,SmitDe07,DeVonta Smith,WR,Offense,4,4,1,1,Hamstring,Hamstring,False,True,False,True
2026,PIT,DowdRi01,Rico Dowdle,RB,Offense,3,4,2,2,Foot / Toe,Toe,False,True,False,True
2026,PIT,PittMi01,Michael Pittman Jr.,WR,Offense,2,2,1,3,Foot / Toe,Foot,False,False,False,False
2026,SEA,BradAn00,Anthony Bradford,OL,Offense,2,4,3,3,Knee,Knee,True,True,False,True
2026,SEA,DarnSa00,Sam Darnold,QB,Offense,2,2,1,3,Hip / Groin,Glute,False,False,False,False
2026,SEA,EmmaNi00,Nick Emmanwori,DB,Defense,1,1,1,4,Ankle,Ankle,False,False,False,False
2026,SEA,HortTo00,Tory Horton,WR,Offense,1,1,1,4,Hamstring,Hamstring,False,False,False,False
2026,SEA,LoveJu00,Julian Love,DB,Defense,3,3,1,2,Lower Leg,Calf,False,False,False,False
2026,SEA,PiliBr00,Brandon Pili,DL,Defense,3,4,2,2,Head / Concussion,Concussion,False,True,False,True
2026,SEA,PricJa02,Jadarian Price,RB,Offense,4,4,1,1,Chest / Ribs,Chest,True,True,False,True
2026,SEA,SurrCh00,Chazz Surratt,LB,Defense,4,4,1,1,Lower Leg,Calf,False,True,False,True
2026,SF,BosaNi00,Nick Bosa,DL,Defense,3,4,2,2,Knee,Knee,False,True,False,True
2026,SF,HeigRo00,Romello Height,DL,Defense,3,3,1,2,Hand / Wrist,Hand,False,False,False,False
2026,SF,HodgKh00,KhaDarel Hodge,WR,Offense,4,4,1,1,Knee,Knee,False,True,False,True
2026,SF,RobiDe01,Demarcus Robinson,WR,Offense,3,4,2,2,Ankle,Ankle,True,True,False,True
2026,SF,StriDe01,De'Zhaun Stribling,WR,Offense,2,4,3,3,Ankle,Ankle,True,True,False,True
2026,SF,ThomJa06,James Thompson,DL,Defense,3,4,2,2,Ankle,Ankle,False,True,False,True
2026,SF,TongJa00,Jake Tonges,TE,Offense,2,4,3,3,Unspecified (IR),,True,True,False,True
2026,SF,WestCJ00,CJ West,DL,Defense,3,4,2,2,Unspecified (IR),,True,True,False,True
2026,TB,BainRu00,Rueben Bain,LB,Defense,3,4,2,2,Hip / Groin,Groin,False,True,False,True
2026,TB,KiefKo00,Ko Kieft,TE,Offense,4,4,1,1,Arm / Elbow,Elbow,False,True,False,True
2026,TB,MayfBa00,Baker Mayfield,QB,Offense,4,4,1,1,Hand / Wrist,Thumb,False,True,False,True
2026,TB,McMiJa01,Jalen McMillan,WR,Offense,1,1,1,4,Knee,Knee,False,False,False,False
2026,TB,McMiJa01,Jalen McMillan,WR,Offense,4,4,1,1,Knee,Knee,True,True,False,True
2026,TB,MorrBe00,Benjamin Morrison,DB,Defense,4,4,1,1,Quad / Thigh,Quadricep,False,True,False,True
2026,TB,ParrJa01,Jacob Parrish,DB,Defense,2,2,1,3,Back,Back,False,False,False,False
2026,TB,RozeCh00,Christian Rozeboom,LB,Defense,1,1,1,4,Foot / Toe,Foot,False,False,False,False
2026,TB,SkulJu00,Justin Skule,OL,Offense,1,1,1,4,Core / Abdomen,Oblique,False,False,False,False
2026,TB,TrotJo00,Josiah Trotter,LB,Defense,3,3,1,2,Shoulder,Shoulder,False,False,False,False
2026,TB,TuckSe00,Sean Tucker,RB,Offense,1,1,1,4,Hamstring,Hamstring,False,False,False,False
2026,TEN,CarmFe00,Fernando Carmona,OL,Offense,4,4,1,1,Shoulder,Shoulder,True,True,False,True
2026,TEN,FlotCo00,Cordale Flott,DB,Defense,2,2,1,3,Quad / Thigh,Quadricep,False,False,False,False
2026,TEN,GrayCe00,Cedric Gray,LB,Defense,1,1,1,4,Head / Concussion,Concussion,False,False,False,False
2026,TEN,SlatJa01,Jackson Slater,OL,Offense,4,4,1,1,Unspecified (IR),,True,True,False,True
2026,TEN,WillJa15,James Williams,LB,Defense,2,2,1,3,Arm / Elbow,Elbow,False,False,False,False
2026,WAS,ChenLe00,Leo Chenal,LB,Defense,4,4,1,1,Chest / Ribs,Chest,True,True,False,True
2026,WAS,CosmSa00,Samuel Cosmi,OL,Offense,3,4,2,2,Head / Concussion,Concussion,False,True,False,True
2026,WAS,DaniJa02,Jayden Daniels,QB,Offense,3,4,2,2,Arm / Elbow,Elbow,False,True,False,True
2026,WAS,LuvuFr00,Frankie Luvu,LB,Defense,2,3,2,3,Hip / Groin,Groin,False,False,False,False
2026,WAS,MageJo00,Jordan Magee,LB,Defense,2,4,3,3,Chest / Ribs,Chest,True,True,False,True
2026,WAS,MariMa01,Marcus Mariota,QB,Offense,1,1,1,4,Knee,Knee,False,False,False,False
2026,WAS,McLaTe00,Terry McLaurin,WR,Offense,4,4,1,1,Hamstring,Hamstring,False,True,False,True
2026,WAS,OkonCh00,Chig Okonkwo,TE,Offense,2,3,2,3,Hamstring,Hamstring,False,False,False,False
2026,WAS,WhitRa01,Rachaad White,RB,Offense,4,4,1,1,Shoulder,Shoulder,False,True,False,True
2022,SEA,RobiAl03,Alton Robinson,DL,Defense,1,18,17,17,Knee,Knee,True,True,True,False
2022,MIN,WillKe06,Kenny Willekes,DL,Defense,1,18,17,17,Unspecified (IR),,True,True,True,False
2022,NO,SoehDy00,Dylan Soehner,TE,Offense,1,13,13,17,Unspecified (IR),,True,False,False,False
2022,DET,KraeTo02,Tommy Kraemer,OL,Offense,1,18,17,17,Back,Back,True,True,True,False
2022,WAS,IsmaKe00,Keith Ismael,OL,Offense,1,1,1,17,Unspecified (IR),,True,False,False,False
2022,BUF,StevMa00,Marquez Stevenson,WR,Offense,1,14,13,16,Unspecified (IR),,True,False,False,False
2022,MIA,WillTr07,Trill Williams,DB,Defense,1,18,17,17,Unspecified (IR),,True,True,True,False
2022,BAL,HayeDa00,Daelin Hayes,LB,Defense,1,18,17,17,Unspecified (IR),,True,True,True,False
2022,CIN,KareKh00,Khalid Kareem,DL,Defense,1,11,10,16,Unspecified (IR),,True,False,False,False
2022,CHI,WhitJa04,Javin White,LB,Defense,1,18,17,17,Unspecified (IR),,True,True,True,False
2022,NYJ,LewiZa00,Zane Lewis,DB,Defense,1,18,17,17,Unspecified (IR),,True,True,True,False
2022,HOU,AndeDa03,Darius Anderson,RB,Offense,1,18,17,17,Unspecified (IR),,True,True,True,False
2022,TB,GillCa00,Cam Gill,LB,Defense,1,18,17,17,Unspecified (IR),,True,True,True,False
2022,WAS,WolfEl00,Eli Wolf,TE,Offense,1,18,17,17,Unspecified (IR),,True,True,True,False
2022,IND,ODonCa00,Carter O'Donnell,OL,Offense,1,18,17,17,Unspecified (IR),,True,True,True,False
2022,LA,KoskJJ00,J.J. Koski,WR,Offense,1,18,17,17,Unspecified (IR),,True,True,True,False
2022,ATL,DaviMa01,Marlon Davidson,DL,Defense,1,8,8,17,Unspecified (IR),,True,False,False,False
2022,NYJ,BectMe00,Mekhi Becton,OL,Offense,1,18,17,17,Unspecified (IR),,True,True,True,False
2022,SEA,ReidJo00,John Reid,DB,Defense,1,6,6,17,Unspecified (IR),,True,False,False,False
2022,TEN,HudsTo00,Tommy Hudson,TE,Offense,1,5,5,17,Unspecified (IR),,True,False,False,False
2022,NE,WilkKr00,Kristian Wilkerson,WR,Offense,1,18,17,17,Unspecified (IR),,True,True,True,False
2022,NYG,JohnCo01,Collin Johnson,WR,Offense,1,18,17,17,Unspecified (IR),,True,True,True,False
2022,GB,ScotVe00,Vernon Scott,DB,Defense,1,18,17,17,Unspecified (IR),,True,True,True,False
2022,CLE,HarrNi01,Nick Harris,OL,Offense,1,18,17,17,Unspecified (IR),,True,True,True,False
2022,NYG,BeavDa00,Darrian Beavers,LB,Defense,1,18,17,17,Unspecified (IR),,True,True,True,False
2022,IND,OgleAn00,Andrew Ogletree,TE,Offense,1,18,17,17,Unspecified (IR),,True,True,True,False
2022,NYG,McKeMa01,Marcus McKethan,OL,Offense,1,18,17,17,Unspecified (IR),,True,True,True,False
2022,NO,JackDM00,D'Marco Jackson,LB,Defense,1,18,17,17,Unspecified (IR),,True,True,True,False
2022,CLE,DeatDa00,Dawson Deaton,OL,Offense,1,18,17,17,Unspecified (IR),,True,True,True,False
2022,ATL,FitzJo00,John FitzPatrick,TE,Offense,1,18,17,17,Unspecified (IR),,True,True,True,False
2022,TEN,CampCh02,Chance Campbell,LB,Defense,1,18,17,17,Knee,Knee,True,True,True,False
2022,KC,RossJu00,Justyn Ross,WR,Offense,1,18,17,17,Unspecified (IR),,True,True,True,False
2022,WAS,HodgCu00,Curtis Hodges,TE,Offense,1,18,17,17,Unspecified (IR),,True,True,True,False
2022,WAS,WhitDr00,Drew White,LB,Defense,1,18,17,17,Unspecified (IR),,True,True,True,False
2022,BAL,BoldSl00,Slade Bolden,WR,Offense,1,7,7,17,Unspecified (IR),,True,False,False,False
2022,MIN,HennTh01,Thomas Hennigan,WR,Offense,1,18,17,17,Unspecified (IR),,True,True,True,False
2022,LV,McCoSi00,Sincere McCormick,RB,Offense,1,18,17,17,Unspecified (IR),,True,True,True,False
2022,LAC,TraiAn00,Andrew Trainer,OL,Offense,1,18,17,17,Unspecified (IR),,True,True,True,False
2022,LAC,WeavIs00,Isaac Weaver,OL,Offense,1,18,17,17,Unspecified (IR),,True,True,True,False
2022,NO,MondSm00,Smoke Monday,DB,Defense,1,18,17,17,Unspecified (IR),,True,True,True,False
2022,DEN,AlleCh04,Christopher Allen,LB,Defense,1,18,17,17,Unspecified (IR),,True,True,True,False
2022,CLE,WestIs00,Isaiah Weston,WR,Offense,1,18,17,17,Unspecified (IR),,True,True,True,False
2022,CAR,GrahIs00,Isaiah Graham-Mobley,LB,Defense,1,2,2,17,Unspecified (IR),,True,False,False,False
2022,DET,BellGr01,Greg Bell,RB,Offense,1,18,17,17,Unspecified (IR),,True,True,True,False
2022,CIN,BrowBe01,Ben Brown,OL,Offense,1,18,16,16,Unspecified (IR),,True,True,True,False
2022,CIN,NoelDe00,Desmond Noel,OL,Offense,1,4,4,16,Unspecified (IR),,True,False,False,False
2022,LAC,MerrFo00,Forrest Merrill,DL,Defense,1,18,17,17,Unspecified (IR),,True,True,True,False
2022,GB,MitcOs00,Osirus Mitchell,WR,Offense,1,3,3,17,Unspecified (IR),,True,False,False,False
2022,MIN,ProeBl00,Blake Proehl,WR,Offense,1,18,17,17,Unspecified (IR),,True,True,True,False
2022,JAX,SmitJo03,Jordan Smith,LB,Defense,1,18,17,17,Unspecified (IR),,True,True,True,False
2022,ATL,MayfJa00,Jalen Mayfield,OL,Offense,1,18,17,17,Unspecified (IR),,True,True,True,False
2022,SEA,SmitTy03,Tyreke Smith,LB,Defense,1,18,17,17,Unspecified (IR),,True,True,True,False
2022,CHI,KramDo00,Doug Kramer,OL,Offense,1,18,17,17,Unspecified (IR),,True,True,True,False
2022,PHI,ElliNo00,Noah Elliss,DL,Defense,1,18,17,17,Unspecified (IR),,True,True,True,False
2022,NE,PerkRo00,Ronnie Perkins,DL,Defense,1,18,17,17,Unspecified (IR),,True,True,True,False
2022,DET,OnwuLe00,Levi Onwuzurike,DL,Defense,1,18,17,17,Back,Back,True,True,True,False
2022,LAC,LloyDa02,Damon Lloyd,LB,Defense,1,18,17,17,Unspecified (IR),,True,True,True,False
2022,MIA,ShahAd00,Adam Shaheen,TE,Offense,1,18,17,17,Unspecified (IR),,True,True,True,False
2022,HOU,RiveDe00,Derek Rivers,DL,Defense,1,18,17,17,Unspecified (IR),,True,True,True,False
2022,PIT,McNiJe00,Jeremy McNichols,RB,Offense,1,18,17,17,Unspecified (IR),,True,True,True,False
2022,BAL,BiegVi00,Vince Biegel,LB,Defense,1,18,17,17,Unspecified (IR),,True,True,True,False
2022,NYG,SealRi00,Ricky Seals-Jones,TE,Offense,1,1,1,17,Unspecified (IR),,True,False,False,False
2022,MIA,MunsCa00,Calvin Munson,LB,Defense,1,5,5,17,Unspecified (IR),,True,False,False,False
2022,CHI,MoorDa03,David Moore,WR,Offense,1,2,2,17,Unspecified (IR),,True,False,False,False
2022,PHI,WardGr02,Greg Ward,WR,Offense,1,18,17,17,Unspecified (IR),,True,True,True,False
2022,CIN,WilsBr01,Brandon Wilson,DB,Defense,1,18,16,16,Unspecified (IR),,True,True,True,False
2022,PIT,MillAn02,Anthony Miller,WR,Offense,1,18,17,17,Unspecified (IR),,True,True,True,False
2022,NYJ,SenaGr00,Greg Senat,OL,Offense,1,18,17,17,Unspecified (IR),,True,True,True,False
2022,LV,LancTy00,Tyler Lancaster,DL,Defense,1,1,1,17,Unspecified (IR),,True,False,False,False
2022,CHI,YounTa01,Tavon Young,DB,Defense,1,2,2,17,Unspecified (IR),,True,False,False,False
2022,PIT,JoseKa00,Karl Joseph,DB,Defense,1,18,17,17,Unspecified (IR),,True,True,True,False
2022,CHI,SharTa00,Tajae Sharpe,WR,Offense,1,1,1,17,Unspecified (IR),,True,False,False,False
2022,DET,VaitHa00,Halapoulivaati Vaitai,OL,Offense,1,18,17,17,Unspecified (IR),,True,True,True,False
2022,DAL,BondDe00,Devante Bond,LB,Defense,1,18,17,17,Unspecified (IR),,True,True,True,False
2022,CLE,GranJa00,Jakeem Grant,WR,Offense,1,18,17,17,Unspecified (IR),,True,True,True,False
2022,MIA,JoneBy00,Byron Jones,DB,Defense,1,18,17,17,Unspecified (IR),,True,True,True,False
2022,CLE,WeatSt00,Stephen Weatherly,LB,Defense,1,18,17,17,Unspecified (IR),,True,True,True,False
2022,TB,RobiRa00,Rashard Robinson,DB,Defense,1,1,1,17,Unspecified (IR),,True,False,False,False
2022,ATL,JoneDe01,Deion Jones,LB,Defense,1,5,5,17,Unspecified (IR),,True,False,False,False
2022,MIA,AlexMa01,Mackensie Alexander,DB,Defense,1,1,1,17,Unspecified (IR),,True,False,False,False
2022,WAS,BeavWi00,Willie Beavers,OL,Offense,1,7,7,17,Unspecified (IR),,True,False,False,False
2022,DEN,PatrTi00,Tim Patrick,WR,Offense,1,18,17,17,Unspecified (IR),,True,True,True,False
2022,NO,LampFo00,Forrest Lamp,OL,Offense,1,8,8,17,Unspecified (IR),,True,False,False,False
2022,ATL,TaylVi00,Vincent Taylor,DL,Defense,1,18,17,17,Unspecified (IR),,True,True,True,False
2022,LV,JenkJo01,Jordan Jenkins,DL,Defense,1,18,17,17,Unspecified (IR),,True,True,True,False
2022,CLE,OdomCh00,Chris Odom,DL,Defense,1,18,17,17,Unspecified (IR),,True,True,True,False
2022,ARI,MileJo00,Joshua Miles,OL,Offense,1,18,17,17,Unspecified (IR),,True,True,True,False
2022,NO,GreeEt00,Ethan Greenidge,OL,Offense,1,18,17,17,Unspecified (IR),,True,True,True,False
2022,NO,HuggAl01,Albert Huggins,DL,Defense,1,18,17,17,Unspecified (IR),,True,True,True,False
2022,GB,TaylMa01,Malik Taylor,WR,Offense,1,2,2,17,Unspecified (IR),,True,False,False,False
2022,DEN,CrocDa01,Damarea Crockett,RB,Offense,1,18,17,17,Unspecified (IR),,True,True,True,False
2022,CIN,HolyEl00,Elijah Holyfield,RB,Offense,1,18,16,16,Unspecified (IR),,True,True,True,False
2022,HOU,ShefKe00,Kendall Sheffield,DB,Defense,1,5,5,17,Unspecified (IR),,True,False,False,False
2022,NE,WillJo13,Joejuan Williams,DB,Defense,1,18,17,17,Unspecified (IR),,True,True,True,False
2022,CIN,PrinIs00,Isaiah Prince,OL,Offense,1,18,16,16,Unspecified (IR),,True,True,True,False
2022,PHI,MaydJa01,Jared Mayden,DB,Defense,1,3,3,17,Unspecified (IR),,True,False,False,False
2022,PHI,TothBr00,Brett Toth,OL,Offense,1,18,17,17,Unspecified (IR),,True,True,True,False
2022,DEN,TuckCa00,Casey Tucker,OL,Offense,1,18,17,17,Unspecified (IR),,True,True,True,False
2022,TEN,JoneJa08,Jamarco Jones,OL,Offense,1,18,17,17,Arm / Elbow,Triceps,True,True,True,False
2022,SF,HursMa00,Maurice Hurst,DL,Defense,1,18,17,17,Unspecified (IR),,True,True,True,False
2022,IND,WattAr00,Armani Watts,DB,Defense,1,18,17,17,Unspecified (IR),,True,True,True,False
2022,TB,StinAa00,Aaron Stinnie,OL,Offense,1,18,17,17,Unspecified (IR),,True,True,True,False
2022,LV,KiseMi00,Micah Kiser,LB,Defense,1,18,17,17,Unspecified (IR),,True,True,True,False
2022,LV,ParkBr01,Brandon Parker,OL,Offense,1,18,17,17,Unspecified (IR),,True,True,True,False
2022,PHI,GrahJa01,Jaeden Graham,TE,Offense,1,1,1,17,Unspecified (IR),,True,False,False,False
2022,CLE,NkanEl00,Elijah Nkansah,OL,Offense,1,5,5,17,Unspecified (IR),,True,False,False,False
2022,LV,DaviTa00,Tae Davis,LB,Defense,1,1,1,17,Unspecified (IR),,True,False,False,False
2022,NYJ,BawdNi00,Nick Bawden,RB,Offense,1,18,17,17,Unspecified (IR),,True,True,True,False
2022,CHI,JoseMi00,Michael Joseph,DB,Defense,1,4,4,17,Unspecified (IR),,True,False,False,False
2022,DAL,BuntIa00,Ian Bunting,TE,Offense,1,18,17,17,Unspecified (IR),,True,True,True,False
2022,MIN,JohnOl00,Olabisi Johnson,WR,Offense,1,18,17,17,Unspecified (IR),,True,True,True,False
2022,ARI,WeslAn01,Antoine Wesley,WR,Offense,1,18,17,17,Unspecified (IR),,True,True,True,False
2022,SEA,ThomCo04,Cody Thompson,WR,Offense,1,18,17,17,Unspecified (IR),,True,True,True,False
2022,SEA,BurrBe00,Ben Burr-Kirven,LB,Defense,1,18,17,17,Unspecified (IR),,True,True,True,False
2022,LAC,CampTe00,Tevaughn Campbell,DB,Defense,1,2,2,17,Unspecified (IR),,True,False,False,False
2022,TEN,LandHa00,Harold Landry,LB,Defense,1,18,17,17,Unspecified (IR),,True,True,True,False
2022,NYJ,SamiDr00,Dru Samia,OL,Offense,1,18,17,17,Unspecified (IR),,True,True,True,False
2022,DAL,TaylIs00,Isaac Taylor-Stuart,DB,Defense,1,18,17,17,Unspecified (IR),,True,True,True,False
2023,ATL,HennMa00,Matt Hennessy,OL,Offense,1,18,17,17,Unspecified (IR),,True,True,True,False
2023,MIN,LyncJa00,James Lynch,DL,Defense,1,18,17,17,Unspecified (IR),,True,True,True,False
2023,IND,PintDa00,Danny Pinter,OL,Offense,1,18,17,17,Unspecified (IR),,True,True,True,False
2023,GB,DaviTy02,Tyler Davis,TE,Offense,1,18,17,17,Unspecified (IR),,True,True,True,False
2023,CLE,PhilJa01,Jacob Phillips,LB,Defense,1,18,17,17,Unspecified (IR),,True,True,True,False
2023,CHI,ReedJo03,Joe Reed,WR,Offense,1,18,17,17,Unspecified (IR),,True,True,True,False
2023,BUF,DoylTo00,Tommy Doyle,OL,Offense,1,18,17,17,Unspecified (IR),,True,True,True,False
2023,NYJ,NasiHa00,Hamsah Nasirildeen,LB,Defense,1,8,7,17,Unspecified (IR),,True,False,False,False
2023,DET,ZylsSh00,Shane Zylstra,TE,Offense,1,18,17,17,Unspecified (IR),,True,True,True,False
2023,NE,NixoTr01,Tre Nixon,WR,Offense,1,18,17,17,Unspecified (IR),,True,True,True,False
2023,TEN,FarlCa00,Caleb Farley,DB,Defense,1,18,17,17,Back,Back,True,True,True,False
2023,HOU,LopeRo00,Roy Lopez,DL,Defense,1,1,1,17,Unspecified (IR),,True,False,False,False
2023,PHI,BradSh00,Shaun Bradley,LB,Defense,1,18,17,17,Unspecified (IR),,True,True,True,False
2023,NYJ,AnaeBr00,Bradlee Anae,DL,Defense,1,18,17,17,Unspecified (IR),,True,True,True,False
2023,NO,BenjEn00,Eno Benjamin,RB,Offense,1,18,17,17,Unspecified (IR),,True,True,True,False
2023,CLE,KeyeTh00,Thakarius Keyes,DB,Defense,1,3,3,17,Unspecified (IR),,True,False,False,False
2023,WAS,BadaDa00,David Bada,DL,Defense,1,18,17,17,Unspecified (IR),,True,True,True,False
2023,PIT,RussCh00,Chapelle Russell,LB,Defense,1,18,17,17,Unspecified (IR),,True,True,True,False
2023,BAL,MullTr00,Trayvon Mullen,DB,Defense,1,18,17,17,Unspecified (IR),,True,True,True,False
2023,HOU,SuthKe00,Keaton Sutherland,OL,Offense,1,1,1,17,Unspecified (IR),,True,False,False,False
2023,ATL,GreeEt00,Ethan Greenidge,OL,Offense,1,18,17,17,Unspecified (IR),,True,True,True,False
2023,NYG,MyarCh00,Chris Myarick,TE,Offense,1,11,11,17,Unspecified (IR),,True,False,False,False
2023,CIN,TellMa00,Marvell Tell,DB,Defense,1,3,3,17,Unspecified (IR),,True,False,False,False
2023,KC,FortJo01,Joe Fortson,TE,Offense,1,18,17,17,Unspecified (IR),,True,True,True,False
2023,NO,DoweAn00,Andrew Dowell,LB,Defense,1,18,17,17,Unspecified (IR),,True,True,True,False
2023,LAC,BailZa01,Zack Bailey,OL,Offense,1,18,17,17,Back,Back,True,True,True,False
2023,JAX,MoorJa03,Jaylon Moore,WR,Offense,1,18,17,17,Unspecified (IR),,True,True,True,False
2023,NYJ,GuidJa01,Javelin Guidry,DB,Defense,1,18,17,17,Unspecified (IR),,True,True,True,False
2023,DEN,GrifJo01,Jonas Griffith,LB,Defense,1,18,17,17,Unspecified (IR),,True,True,True,False
2023,CLE,WoodMi00,Mike Woods,WR,Offense,1,18,17,17,Unspecified (IR),,True,True,True,False
2023,GB,TenuLu00,Luke Tenuta,OL,Offense,1,18,17,17,Ankle,Ankle,True,True,True,False
2023,WAS,BrooCu00,Curtis Brooks,DL,Defense,1,18,17,17,Unspecified (IR),,True,True,True,False
2023,SEA,OnujJo00,Joshua Onujiogu,DL,Defense,1,18,17,17,Unspecified (IR),,True,True,True,False
2023,WAS,HodgCu00,Curtis Hodges,TE,Offense,1,18,17,17,Back,Back,True,True,True,False
2023,WAS,RogeAr00,Armani Rogers,TE,Offense,1,18,17,17,Unspecified (IR),,True,True,True,False
2023,WAS,WhitDr00,Drew White,LB,Defense,1,13,13,17,Unspecified (IR),,True,False,False,False
2023,KC,JohnNa01,Nazeeh Johnson,DB,Defense,1,18,17,17,Unspecified (IR),,True,True,True,False
2023,LV,ButlDa00,Darien Butler,LB,Defense,1,18,17,17,Unspecified (IR),,True,True,True,False
2023,ARI,McMiKy00,Kyler McMichael,DB,Defense,1,18,17,17,Unspecified (IR),,True,True,True,False
2023,LAC,TraiAn00,Andrew Trainer,OL,Offense,1,18,17,17,Unspecified (IR),,True,True,True,False
2023,HOU,HairTr00,Troy Hairston,RB,Offense,1,18,17,17,Unspecified (IR),,True,True,True,False
2023,SEA,HenrRa00,Ra'Shaun Henry,WR,Offense,1,4,4,17,Unspecified (IR),,True,False,False,False
2023,PHI,RambCh00,Charleston Rambo,WR,Offense,1,2,2,17,Unspecified (IR),,True,False,False,False
2023,CLE,DeatDa00,Dawson Deaton,OL,Offense,1,18,17,17,Unspecified (IR),,True,True,True,False
2023,LV,BrowBr06,Brittain Brown,RB,Offense,1,18,17,17,Unspecified (IR),,True,True,True,False
2023,CIN,CochDe00,Devin Cochran,OL,Offense,1,18,17,17,Unspecified (IR),,True,True,True,False
2023,DEN,VirgJa00,Jalen Virgil,WR,Offense,1,18,17,17,Unspecified (IR),,True,True,True,False
2023,CIN,SmitDA03,D'Ante Smith,OL,Offense,1,18,17,17,Shoulder,Shoulder,False,True,False,False
2023,ATL,FranFe00,Feleipe Franks,TE,Offense,1,18,17,17,Unspecified (IR),,True,True,True,False
2023,DEN,MerrFo00,Forrest Merrill,DL,Defense,1,2,2,17,Unspecified (IR),,True,False,False,False
2023,DAL,BallJo00,Josh Ball,OL,Offense,1,18,17,17,Unspecified (IR),,True,True,True,False
2023,CHI,JohnBu01,Buddy Johnson,LB,Defense,1,5,5,17,Unspecified (IR),,True,False,False,False
2023,BUF,DaviZa00,Zach Davidson,TE,Offense,1,18,17,17,Unspecified (IR),,True,True,True,False
2023,CAR,McCaMa02,Mac McCain,DB,Defense,1,3,3,17,Unspecified (IR),,True,False,False,False
2023,WAS,MilnDa00,Dax Milne,WR,Offense,1,18,17,17,Hip / Groin,Groin,True,True,True,False
2023,NYG,DaviWy00,Wyatt Davis,OL,Offense,1,18,17,17,Unspecified (IR),,True,True,True,False
2023,CLE,SchwAn00,Anthony Schwartz,WR,Offense,1,3,3,17,Unspecified (IR),,True,False,False,False
2023,PHI,SermTr00,Trey Sermon,RB,Offense,1,2,2,17,Unspecified (IR),,True,False,False,False
2023,NYG,RobiAa00,Aaron Robinson,DB,Defense,1,18,17,17,Unspecified (IR),,True,True,True,False
2023,PHI,McPhZe00,Zech McPhearson,DB,Defense,1,18,17,17,Unspecified (IR),,True,True,True,False
2023,CLE,GrahTh00,Thomas Graham,DB,Defense,1,13,12,17,Unspecified (IR),,True,False,False,False
2023,ATL,WillAv02,Avery Williams,RB,Offense,1,18,17,17,Unspecified (IR),,True,True,True,False
2023,ATL,OgunAd01,Adetokunbo Ogundeji,LB,Defense,1,18,17,17,Unspecified (IR),,True,True,True,False
2023,DEN,WillKW00,K'Waun Williams,DB,Defense,1,18,17,17,Unspecified (IR),,True,True,True,False
2023,JAX,WellJo02,Josh Wells,OL,Offense,1,1,1,17,Unspecified (IR),,True,False,False,False
2023,CIN,CollLa01,La'el Collins,OL,Offense,1,2,2,17,Unspecified (IR),,True,False,False,False
2023,NE,FlowTr00,Trey Flowers,LB,Defense,1,8,8,17,Foot / Toe,Foot,True,False,False,False
2023,NO,TurnTr01,Trai Turner,OL,Offense,1,18,17,17,Unspecified (IR),,True,True,True,False
2023,NYG,ButlVe00,Vernon Butler,DL,Defense,1,1,1,17,Unspecified (IR),,True,False,False,False
2023,NYJ,ClarCh00,Chuck Clark,DB,Defense,1,18,17,17,Unspecified (IR),,True,True,True,False
2023,BAL,BowsTy00,Tyus Bowser,LB,Defense,1,18,17,17,Unspecified (IR),,True,True,True,False
2023,CAR,AndeHe00,Henry Anderson,DL,Defense,1,18,17,17,Unspecified (IR),,True,True,True,False
2023,CLE,GranJa00,Jakeem Grant,WR,Offense,1,18,17,17,Unspecified (IR),,True,True,True,False
2023,DET,SudfNa00,Nate Sudfeld,QB,Offense,1,18,17,17,Unspecified (IR),,True,True,True,False
2022,CIN,AndeTy00,Tycen Anderson,DB,Defense,1,18,16,16,Unspecified (IR),,True,True,True,False
2022,ARI,HayeMa00,Marquis Hayes,OL,Offense,1,18,17,17,Unspecified (IR),,True,True,True,False
2022,SF,DaviKa01,Kalia Davis,DL,Defense,1,18,17,17,Unspecified (IR),,True,True,True,False
2022,LA,BrusLo00,Logan Bruss,OL,Offense,1,18,17,17,Unspecified (IR),,True,True,True,False
2022,PIT,AustCa00,Calvin Austin,WR,Offense,1,18,17,17,Unspecified (IR),,True,True,True,False
2022,NE,StueAn00,Andrew Stueber,OL,Offense,1,18,17,17,Unspecified (IR),,True,True,True,False
2022,NE,HineCh00,Chasen Hines,OL,Offense,1,18,17,17,Unspecified (IR),,True,True,True,False
2022,PIT,PlatCa00,Carlins Platel,DB,Defense,1,18,17,17,Unspecified (IR),,True,True,True,False
2022,ARI,DaleTa00,Tae Daley,DB,Defense,1,12,12,17,Unspecified (IR),,True,False,False,False
2023,BUF,BarkMa00,Matt Barkley,QB,Offense,1,1,1,17,Unspecified (IR),,True,False,False,False
2023,TB,JensRy00,Ryan Jensen,OL,Offense,1,18,17,17,Unspecified (IR),,True,True,True,False
2022,CAR,CorrMa00,Matt Corral,QB,Offense,1,18,17,17,Unspecified (IR),,True,True,True,False
2023,ATL,ArmsCo00,Cornell Armstrong,DB,Defense,1,1,1,17,Unspecified (IR),,True,False,False,False
2023,CHI,PettDa00,Dante Pettis,WR,Offense,1,1,1,17,Unspecified (IR),,True,False,False,False
2023,NO,SmitTr03,Tre'Quan Smith,WR,Offense,1,4,4,17,Hip / Groin,Groin,True,False,False,False
2023,IND,AverGe00,Genard Avery,DL,Defense,1,18,17,17,Unspecified (IR),,True,True,True,False
2023,NYJ,MoreJi00,Jimmy Moreland,DB,Defense,1,1,1,17,Unspecified (IR),,True,False,False,False
2023,PIT,WrenRe00,Renell Wren,DL,Defense,1,18,17,17,Unspecified (IR),,True,True,True,False
2023,LV,WaltAu00,Austin Walter,RB,Offense,1,18,17,17,Unspecified (IR),,True,True,True,False
2023,WAS,SmitKa00,Kaden Smith,TE,Offense,1,7,7,17,Unspecified (IR),,True,False,False,False
2023,IND,DuliAs00,Ashton Dulin,WR,Offense,1,18,17,17,Unspecified (IR),,True,True,True,False
2023,ATL,HartPe01,Penny Hart,WR,Offense,1,5,5,17,Unspecified (IR),,True,False,False,False
2023,NE,HallTe01,Terez Hall,LB,Defense,1,18,17,17,Unspecified (IR),,True,True,True,False
2023,ARI,FentRa00,Rashad Fenton,DB,Defense,1,18,17,17,Unspecified (IR),,True,True,True,False
2023,SEA,MoneBr00,Bryan Mone,DL,Defense,1,18,17,17,Unspecified (IR),,True,True,True,False
2023,WAS,DillBr00,Brandon Dillon,TE,Offense,1,18,17,17,Unspecified (IR),,True,True,True,False
2023,ARI,ElflPa00,Pat Elflein,OL,Offense,1,18,17,17,Unspecified (IR),,True,True,True,False
2023,NE,McMiRa02,Raekwon McMillan,LB,Defense,1,18,17,17,Unspecified (IR),,True,True,True,False
2023,CHI,FordIs00,Isaiah Ford,WR,Offense,1,1,1,17,Unspecified (IR),,True,False,False,False
2023,DEN,PatrTi00,Tim Patrick,WR,Offense,1,18,17,17,Unspecified (IR),,True,True,True,False
2023,LV,HollJa03,Jacob Hollister,TE,Offense,1,1,1,17,Unspecified (IR),,True,False,False,False
2023,IND,SealRi00,Ricky Seals-Jones,TE,Offense,1,1,1,17,Unspecified (IR),,True,False,False,False
2023,NYG,DaviJa01,Jarrad Davis,LB,Defense,1,18,17,17,Unspecified (IR),,True,True,True,False
2023,MIA,SaubEr00,Eric Saubert,TE,Offense,1,1,1,17,Unspecified (IR),,True,False,False,False
2023,PHI,JohnRo06,Roderick Johnson,OL,Offense,1,18,17,17,Unspecified (IR),,True,True,True,False
2023,BUF,HineNy00,Nyheim Hines,RB,Offense,1,18,17,17,Unspecified (IR),,True,True,True,False
2023,WAS,ApkeTr00,Troy Apke,DB,Defense,1,12,12,17,Unspecified (IR),,True,False,False,False
2023,TB,GageRu00,Russell Gage,WR,Offense,1,18,17,17,Unspecified (IR),,True,True,True,False
2023,MIA,CrosKe00,Keion Crossen,DB,Defense,1,18,17,17,Unspecified (IR),,True,True,True,False
2023,HOU,QuesSc00,Scott Quessenberry,OL,Offense,1,18,17,17,Unspecified (IR),,True,True,True,False
2023,NYG,HassJ.00,J.C. Hassenauer,OL,Offense,1,18,17,17,Unspecified (IR),,True,True,True,False
2023,NYJ,OdenIf00,Ifeadi Odenigbo,DL,Defense,1,18,17,17,Unspecified (IR),,True,True,True,False
2023,ARI,MackMa00,Marlon Mack,RB,Offense,1,18,17,17,Unspecified (IR),,True,True,True,False
2023,GB,MoorTa00,Tarvarius Moore,DB,Defense,1,1,1,17,Unspecified (IR),,True,False,False,False
2022,MIN,McGiT.00,T.Y. McGill,DL,Defense,1,1,1,17,Unspecified (IR),,True,False,False,False
2020,DEN,StrnJu00,Justin Strnad,LB,Defense,1,17,16,16,Unspecified (IR),,True,True,True,False
2021,LV,IncoRi20,Richie Incognito,OL,Offense,1,18,17,17,Lower Leg,Calf,True,True,True,False
2020,LV,MuseTa00,Tanner Muse,LB,Defense,1,17,16,16,Unspecified (IR),,True,True,True,False
2020,MIN,WillKe06,Kenny Willekes,DL,Defense,1,17,16,16,Unspecified (IR),,True,True,True,False
2020,NO,RuizCe00,Cesar Ruiz,OL,Offense,1,1,1,16,Ankle,Ankle,False,False,False,False
2020,SEA,TaylDa00,Darrell Taylor,DL,Defense,1,17,16,16,Unspecified (IR),,True,True,True,False
2021,SF,KendMy00,Mychal Kendricks,LB,Defense,1,7,6,17,Unspecified (IR),,True,False,False,False
2021,NE,GilmSt00,Stephon Gilmore,DB,Defense,1,4,4,17,Unspecified (IR),,True,False,False,False
2021,BAL,FortL.00,L.J. Fort,LB,Defense,1,18,17,17,Unspecified (IR),,True,True,True,False
2021,BAL,WolfDe00,Derek Wolfe,DL,Defense,1,18,17,17,Back,Back,True,True,True,False
2021,ARI,CrawJa00,Jack Crawford,DL,Defense,1,18,17,17,Unspecified (IR),,True,True,True,False
2021,NYG,LarsTe20,Ted Larsen,OL,Offense,1,1,1,17,Unspecified (IR),,True,False,False,False
2020,BUF,HodgIs00,Isaiah Hodgins,WR,Offense,1,17,16,16,Unspecified (IR),,True,True,True,False
2020,GB,TaylPa01,Patrick Taylor,RB,Offense,1,17,16,16,Unspecified (IR),,True,True,True,False
2020,MIN,DornMy01,Myles Dorn,DB,Defense,1,17,16,16,Unspecified (IR),,True,True,True,False
2020,SEA,CarrPa01,Patrick Carr,RB,Offense,1,17,16,16,Unspecified (IR),,True,True,True,False
2020,CLE,DelpGr00,Grant Delpit,DB,Defense,1,17,16,16,Unspecified (IR),,True,True,True,False
2020,CLE,WeavCu00,Curtis Weaver,DL,Defense,1,17,16,16,Unspecified (IR),,True,True,True,False
2020,GB,StepSi00,Simon Stepaniak,OL,Offense,1,17,16,16,Knee,Knee,True,True,True,False
2020,MIA,PerrMa00,Malcolm Perry,RB,Offense,13,13,1,5,Chest / Ribs,Chest,False,False,False,False
2021,TEN,ColeTr01,Trevon Coley,DL,Defense,1,18,17,17,Unspecified (IR),,True,True,True,False
2021,IND,NelsJJ00,J.J. Nelson,WR,Offense,1,8,8,17,Unspecified (IR),,True,False,False,False
2021,BAL,PeteMa00,Marcus Peters,DB,Defense,1,18,17,17,Knee,Knee,True,True,True,False
2021,TEN,MunyDa00,Daniel Munyer,OL,Offense,1,18,17,17,Unspecified (IR),,True,True,True,False
2021,SF,ColeSh00,Shon Coleman,OL,Offense,1,1,1,17,Unspecified (IR),,True,False,False,False
2021,GB,RedmWi00,Will Redmond,DB,Defense,1,12,12,17,Unspecified (IR),,True,False,False,False
2021,DET,HeatJo00,Joel Heath,DL,Defense,1,18,17,17,Unspecified (IR),,True,True,True,False
2021,NO,PoolBr01,Brian Poole,DB,Defense,1,5,5,17,Unspecified (IR),,True,False,False,False
2021,NO,ThomMi05,Michael Thomas,WR,Offense,1,18,17,17,Unspecified (IR),,True,True,True,False
2021,CHI,RobeTr03,Tre Roberson,DB,Defense,1,1,1,17,Unspecified (IR),,True,False,False,False
2021,CHI,LucaJo00,Jordan Lucas,DB,Defense,1,1,1,17,Unspecified (IR),,True,False,False,False
2021,PHI,CounBl00,Blake Countess,DB,Defense,1,1,1,17,Unspecified (IR),,True,False,False,False
2021,TB,RileCu00,Curtis Riley,DB,Defense,1,18,17,17,Unspecified (IR),,True,True,True,False
2021,MIA,HurnAl01,Allen Hurns,WR,Offense,1,18,17,17,Unspecified (IR),,True,True,True,False
2021,TB,WatfEa00,Earl Watford,OL,Offense,1,2,2,17,Unspecified (IR),,True,False,False,False
2021,KC,LongKy00,Kyle Long,OL,Offense,1,18,17,17,Knee,Knee,True,True,True,False
2021,NYG,ToilLe00,Levine Toilolo,TE,Offense,1,18,17,17,Unspecified (IR),,True,True,True,False
2021,NE,MartMa01,Marcus Martin,OL,Offense,1,1,1,17,Unspecified (IR),,True,False,False,False
2021,ATL,McCaA.00,AJ McCarron,QB,Offense,1,18,17,17,Unspecified (IR),,True,True,True,False
2021,DEN,JoneBr04,Brett Jones,OL,Offense,1,18,17,17,Unspecified (IR),,True,True,True,False
2021,ARI,DennDa00,Darqueze Dennard,DB,Defense,1,1,1,17,Unspecified (IR),,True,False,False,False
2021,PIT,TuitSt00,Stephon Tuitt,DL,Defense,1,18,17,17,Unspecified (IR),,True,True,True,False
2021,BAL,JameJa01,Ja'Wuan James,OL,Offense,1,18,17,17,Unspecified (IR),,True,True,True,False
2020,CHI,JoseMi00,Michael Joseph,DB,Defense,1,17,16,16,Unspecified (IR),,True,True,True,False
2020,HOU,EjioDu00,Duke Ejiofor,LB,Defense,1,17,16,16,Unspecified (IR),,True,True,True,False
2020,DET,BawdNi00,Nick Bawden,RB,Offense,1,17,16,16,Unspecified (IR),,True,True,True,False
2020,CLE,YounTr00,Trevon Young,DL,Defense,1,17,16,16,Unspecified (IR),,True,True,True,False
2020,LA,HowaTr00,Travin Howard,LB,Defense,1,17,16,16,Unspecified (IR),,True,True,True,False
2020,LA,LawlJu00,Justin Lawler,DL,Defense,1,17,16,16,Unspecified (IR),,True,True,True,False
2020,DEN,FortAu00,Austin Fort,TE,Offense,1,17,16,16,Unspecified (IR),,True,True,True,False
2020,TB,FranJo04,John Franklin,WR,Offense,1,17,16,16,Unspecified (IR),,True,True,True,False
2020,LAC,JameDe00,Derwin James,DB,Defense,1,17,16,16,Unspecified (IR),,True,True,True,False
2020,LA,AlleBr02,Brian Allen,OL,Offense,1,17,16,16,Knee,Knee,False,True,False,False
2020,MIA,BiegVi00,Vince Biegel,LB,Defense,1,17,16,16,Unspecified (IR),,True,True,True,False
2020,MIN,GedeBe00,Ben Gedeon,LB,Defense,1,10,9,16,Unspecified (IR),,True,False,False,False
2020,TB,EvanJu00,Justin Evans,DB,Defense,1,16,15,16,Unspecified (IR),,True,False,False,False
2020,SF,ThomCh05,Chris Thompson,WR,Offense,1,17,16,16,Unspecified (IR),,True,True,True,False
2020,TB,LogaT.00,T.J. Logan,RB,Offense,1,17,16,16,Unspecified (IR),,True,True,True,False
2020,WAS,FostRe00,Reuben Foster,LB,Defense,1,17,16,16,Unspecified (IR),,True,True,True,False
2020,CIN,MixoJo00,Joe Mixon,RB,Offense,7,17,10,10,Foot / Toe,Foot,True,True,True,False
2020,HOU,ConlGa00,Gareon Conley,DB,Defense,1,17,16,16,Unspecified (IR),,True,True,True,False
2020,SF,TaylJu00,Jullian Taylor,DL,Defense,1,9,9,16,Unspecified (IR),,True,False,False,False
2020,KC,BrowAl02,Alex Brown,DB,Defense,1,17,16,16,Unspecified (IR),,True,True,True,False
2020,CLE,WillGr00,Greedy Williams,DB,Defense,1,17,16,16,Shoulder,Shoulder,True,True,True,False
2020,NYJ,BrowKy00,Kyron Brown,DB,Defense,1,17,16,16,Unspecified (IR),,True,True,True,False
2020,NYG,LandJa01,Jaquarius Landrews,DB,Defense,1,15,14,16,Unspecified (IR),,True,False,False,False
2020,CAR,BaylOm01,Omar Bayless,WR,Offense,1,17,16,16,Unspecified (IR),,True,True,True,False
2020,CHI,ClarDa01,Darion Clark,TE,Offense,1,17,16,16,Unspecified (IR),,True,True,True,False
2020,SEA,HaynPh00,Phil Haynes,OL,Offense,1,10,9,16,Unspecified (IR),,True,False,False,False
2020,SEA,HaynPh00,Phil Haynes,OL,Offense,13,17,5,5,Hip / Groin,Hip,True,True,True,False
2020,BAL,WeslAn01,Antoine Wesley,WR,Offense,1,17,16,16,Unspecified (IR),,True,True,True,False
2020,PHI,DillAn00,Andre Dillard,OL,Offense,1,17,16,16,Unspecified (IR),,True,True,True,False
2020,NO,DaltJa00,Jalen Dalton,DL,Defense,1,17,16,16,Unspecified (IR),,True,True,True,False
2020,GB,EntoKa00,Kabion Ento,WR,Offense,1,17,16,16,Unspecified (IR),,True,True,True,False
2020,BAL,MarsIm00,Iman Marshall,DB,Defense,1,17,16,16,Unspecified (IR),,True,True,True,False
2020,SF,HurdJa00,Jalen Hurd,WR,Offense,1,17,16,16,Unspecified (IR),,True,True,True,False
2020,WAS,HallEm01,Emanuel Hall,WR,Offense,1,17,16,16,Unspecified (IR),,True,True,True,False
2020,MIA,LedbJo01,Jonathan Ledbetter,DL,Defense,1,17,16,16,Unspecified (IR),,True,True,True,False
2020,NYG,SillDa01,David Sills,WR,Offense,1,17,16,16,Unspecified (IR),,True,True,True,False
2020,DAL,HyatMi01,Mitch Hyatt,OL,Offense,1,17,16,16,Unspecified (IR),,True,True,True,False
2020,CIN,WrenRe00,Renell Wren,DL,Defense,1,17,16,16,Unspecified (IR),,True,True,True,False
2020,WAS,LoveBr00,Bryce Love,RB,Offense,1,17,16,16,Knee,Knee,True,True,True,False
2020,JAX,OlivJo00,Josh Oliver,TE,Offense,1,17,16,16,Unspecified (IR),,True,True,True,False
2020,NE,CajuYo00,Yodny Cajuste,OL,Offense,1,17,16,16,Knee,Knee,True,True,True,False
2020,JAX,RussDo00,Dontavius Russell,DL,Defense,1,17,16,16,Unspecified (IR),,True,True,True,False
2020,WAS,HarmKe00,Kelvin Harmon,WR,Offense,1,17,16,16,Unspecified (IR),,True,True,True,False
2020,BUF,SweeTo00,Tommy Sweeney,TE,Offense,1,17,16,16,Unspecified (IR),,True,True,True,False
2021,CLE,DaviCo04,Connor Davis,TE,Offense,1,6,6,17,Unspecified (IR),,True,False,False,False
2021,NO,SoehDy00,Dylan Soehner,TE,Offense,1,18,17,17,Unspecified (IR),,True,True,True,False
2021,JAX,MoseDy00,Dylan Moses,LB,Defense,1,18,17,17,Unspecified (IR),,True,True,True,False
2021,NYJ,FergPa00,Parker Ferguson,OL,Offense,1,18,17,17,Unspecified (IR),,True,True,True,False
2021,NYJ,SaltTe00,Teton Saltes,OL,Offense,1,8,7,17,Unspecified (IR),,True,False,False,False
2021,LA,AnchTr00,Tremayne Anchrum,OL,Offense,1,18,17,17,Unspecified (IR),,True,True,True,False
2021,DAL,RobiRe00,Reggie Robinson,DB,Defense,1,18,17,17,Unspecified (IR),,True,True,True,False
2021,LA,CalaRa00,Raymond Calais,RB,Offense,1,18,17,17,Unspecified (IR),,True,True,True,False
2021,NYG,BrunTJ00,T.J. Brunson,LB,Defense,1,18,17,17,Unspecified (IR),,True,True,True,False
2021,KC,HerrMa02,Malik Herring,DL,Defense,1,18,17,17,Unspecified (IR),,True,True,True,False
2021,MIN,TwymJa00,Jaylen Twyman,DL,Defense,1,18,17,17,Unspecified (IR),,True,True,True,False
2021,CLE,HarbTr00,Tre Harbison,RB,Offense,1,18,17,17,Unspecified (IR),,True,True,True,False
2021,MIA,ColeLa03,Larnel Coleman,OL,Offense,1,18,17,17,Unspecified (IR),,True,True,True,False
2021,NE,McGrCa00,Cameron McGrone,LB,Defense,1,18,17,17,Unspecified (IR),,True,True,True,False
2021,MIA,BowdLy00,Lynn Bowden,RB,Offense,1,18,17,17,Unspecified (IR),,True,True,True,False
2021,DET,TaumCh01,Charlie Taumoepeau,TE,Offense,1,18,17,17,Unspecified (IR),,True,True,True,False
2021,DAL,DowdRi01,Rico Dowdle,RB,Offense,1,18,17,17,Unspecified (IR),,True,True,True,False
2021,BAL,DobbJK00,J.K. Dobbins,RB,Offense,1,18,17,17,Unspecified (IR),,True,True,True,False
2021,LV,SeymKa00,Kamaal Seymour,OL,Offense,1,18,17,17,Unspecified (IR),,True,True,True,False
2021,BAL,DorsKh00,Khalil Dorsey,DB,Defense,1,18,17,17,Unspecified (IR),,True,True,True,False
2021,NE,JennAn00,Anfernee Jennings,LB,Defense,1,18,17,17,Unspecified (IR),,True,True,True,False
2021,CAR,PanaMi00,Mike Panasiuk,OL,Offense,1,18,17,17,Unspecified (IR),,True,True,True,False
2021,TEN,KempBr00,Brandon Kemp,OL,Offense,1,18,17,17,Unspecified (IR),,True,True,True,False
2021,BAL,CrawAa00,Aaron Crawford,DL,Defense,1,18,17,17,Unspecified (IR),,True,True,True,False
2021,DET,BryaHu02,Hunter Bryant,TE,Offense,1,18,17,17,Unspecified (IR),,True,True,True,False
2021,NYJ,LewiZa00,Zane Lewis,DB,Defense,1,18,17,17,Unspecified (IR),,True,True,True,False
2021,DAL,OlonSe01,Sewo Olonilua,RB,Offense,1,18,17,17,Unspecified (IR),,True,True,True,False
2021,DEN,KillAd00,Adrian Killins,RB,Offense,1,18,17,17,Unspecified (IR),,True,True,True,False
2021,IND,DaviQu03,Quartney Davis,WR,Offense,1,18,17,17,Unspecified (IR),,True,True,True,False
2021,NYG,JohnRy00,Rysen John,TE,Offense,1,18,17,17,Unspecified (IR),,True,True,True,False
2021,LA,JoneXa00,Xavier Jones,RB,Offense,1,18,17,17,Unspecified (IR),,True,True,True,False
2021,TB,MolcJo01,John Molchon,OL,Offense,1,18,17,17,Unspecified (IR),,True,True,True,False
2021,SEA,WebbMa02,Marcus Webb,LB,Defense,1,18,17,17,Unspecified (IR),,True,True,True,False
2021,CAR,PridTr00,Troy Pride,DB,Defense,1,18,17,17,Unspecified (IR),,True,True,True,False
2021,NE,PerrMa00,Malcolm Perry,RB,Offense,1,11,11,17,Foot / Toe,Foot,True,False,False,False
2021,NE,KeenDa00,Dalton Keene,TE,Offense,1,18,17,17,Unspecified (IR),,True,True,True,False
2021,IND,WindRo01,Robert Windsor,DL,Defense,1,18,17,17,Unspecified (IR),,True,True,True,False
2021,MIN,StanNa00,Nate Stanley,QB,Offense,1,18,17,17,Unspecified (IR),,True,True,True,False
2021,NYJ,ClarCa00,Cameron Clark,OL,Offense,1,18,17,17,Unspecified (IR),,True,True,True,False
2021,TB,HutcSa00,Sadarius Hutcherson,OL,Offense,1,18,17,17,Unspecified (IR),,True,True,True,False
2022,TB,BarnKe00,Kenjon Barner,RB,Offense,1,6,6,17,Unspecified (IR),,True,False,False,False
2022,CHI,DoziDa00,Dakota Dozier,OL,Offense,1,18,17,17,Unspecified (IR),,True,True,True,False
2022,CAR,StanJu00,Julian Stanford,LB,Defense,1,6,6,17,Unspecified (IR),,True,False,False,False
2022,TB,JensRy00,Ryan Jensen,OL,Offense,1,18,17,17,Unspecified (IR),,True,True,True,False
2022,SF,MattJo00,Jordan Matthews,TE,Offense,1,18,17,17,Unspecified (IR),,True,True,True,False
2022,SF,VerrJa00,Jason Verrett,DB,Defense,1,18,17,17,Knee,Knee,True,True,True,False
2021,DAL,BallJo00,Josh Ball,OL,Offense,1,18,17,17,Unspecified (IR),,True,True,True,False
2021,CIN,OssaJo00,Joseph Ossai,DL,Defense,1,18,17,17,Unspecified (IR),,True,True,True,False
2021,NE,BledJo00,Joshuah Bledsoe,DB,Defense,1,18,17,17,Lower Leg,Calf,True,True,True,False
2021,MIN,RobiJa04,Janarius Robinson,DL,Defense,1,18,17,17,Unspecified (IR),,True,True,True,False
2021,DAL,VashTJ00,T.J. Vasher,WR,Offense,1,18,17,17,Unspecified (IR),,True,True,True,False
2021,MIN,ProeBl00,Blake Proehl,WR,Offense,1,18,17,17,Unspecified (IR),,True,True,True,False
2021,MIN,ScotJo01,Jordon Scott,DL,Defense,1,18,17,17,Unspecified (IR),,True,True,True,False
2021,CIN,HubeWy00,Wyatt Hubert,DL,Defense,1,18,17,17,Unspecified (IR),,True,True,True,False
2021,LAC,LloyDa02,Damon Lloyd,LB,Defense,1,18,17,17,Unspecified (IR),,True,True,True,False
2021,JAX,EtieTr00,Travis Etienne,RB,Offense,1,18,17,17,Unspecified (IR),,True,True,True,False
2021,NE,PerkRo00,Ronnie Perkins,DL,Defense,1,18,17,17,Shoulder,Shoulder,True,True,True,False
2021,ATL,SenaDe00,Deadrin Senat,DL,Defense,1,10,9,17,Unspecified (IR),,True,False,False,False
2021,MIN,BeebCh00,Chad Beebe,WR,Offense,1,18,17,17,Unspecified (IR),,True,True,True,False
2021,DET,DionSh00,Shaun Dion Hamilton,LB,Defense,1,18,17,17,Unspecified (IR),,True,True,True,False
2021,DET,CrosTy00,Tyrell Crosby,OL,Offense,1,18,17,17,Unspecified (IR),,True,True,True,False
2021,NE,FumaTr00,Troy Fumagalli,TE,Offense,1,18,17,17,Unspecified (IR),,True,True,True,False
2021,DEN,HamiDa01,DaeSean Hamilton,WR,Offense,1,18,17,17,Unspecified (IR),,True,True,True,False
2021,BAL,EdwaGu00,Gus Edwards,RB,Offense,1,18,17,17,Knee,Knee,True,True,True,False
2021,ATL,GonoMa00,Matt Gono,OL,Offense,1,18,17,17,Unspecified (IR),,True,True,True,False
2021,SF,JameRi00,Richie James,WR,Offense,1,18,17,17,Unspecified (IR),,True,True,True,False
2021,SF,MoorTa00,Tarvarius Moore,DB,Defense,1,18,17,17,Unspecified (IR),,True,True,True,False
2021,CLE,MeanMo00,Montrel Meander,LB,Defense,1,18,17,17,Unspecified (IR),,True,True,True,False
2021,NYG,KaluJo00,Joshua Kalu,DB,Defense,1,18,17,17,Unspecified (IR),,True,True,True,False
2021,IND,NelsNi00,Nick Nelson,DB,Defense,1,18,17,17,Unspecified (IR),,True,True,True,False
2021,DEN,DawsDu00,Duke Dawson,DB,Defense,1,18,17,17,Unspecified (IR),,True,True,True,False
2021,PHI,OstmJo00,Joe Ostman,DL,Defense,1,18,17,17,Unspecified (IR),,True,True,True,False
2021,WAS,CantDy00,Dylan Cantrell,TE,Offense,1,18,17,17,Unspecified (IR),,True,True,True,False
2021,IND,ThomJo05,Jordan Thomas,TE,Offense,1,1,1,17,Unspecified (IR),,True,False,False,False
2021,HOU,DaviTa00,Tae Davis,LB,Defense,1,18,17,17,Unspecified (IR),,True,True,True,False
2021,NYG,WilsQu01,Quincy Wilson,DB,Defense,1,15,14,17,Unspecified (IR),,True,False,False,False
2021,CHI,CoheTa00,Tarik Cohen,RB,Offense,1,18,17,17,Unspecified (IR),,True,True,True,False
2021,PHI,CrooJa00,Jason Croom,TE,Offense,1,18,17,17,Unspecified (IR),,True,True,True,False
2021,TEN,BellB.00,B.J. Bello,LB,Defense,1,18,17,17,Unspecified (IR),,True,True,True,False
2021,CLE,SwitRy00,Ryan Switzer,WR,Offense,1,18,17,17,Unspecified (IR),,True,True,True,False
2021,TEN,HillBr02,Brian Hill,RB,Offense,1,1,1,17,Unspecified (IR),,True,False,False,False
2021,IND,TeviSa00,Sam Tevi,OL,Offense,1,18,17,17,Unspecified (IR),,True,True,True,False
2021,NE,McMiRa02,Raekwon McMillan,LB,Defense,1,18,17,17,Unspecified (IR),,True,True,True,False
2021,TB,PopeTr00,Troymaine Pope,RB,Offense,1,1,1,17,Unspecified (IR),,True,False,False,False
2021,NYJ,LawsCa00,Carl Lawson,DL,Defense,1,18,17,17,Unspecified (IR),,True,True,True,False
2021,BUF,CoxxBr01,Bryan Cox,DL,Defense,1,18,17,17,Unspecified (IR),,True,True,True,False
2021,LV,MorrNi00,Nicholas Morrow,LB,Defense,1,18,17,17,Unspecified (IR),,True,True,True,False
2021,JAX,JoneJo06,Josh Jones,DB,Defense,1,1,1,17,Unspecified (IR),,True,False,False,False
2021,HOU,TaylTa00,Taywan Taylor,WR,Offense,1,1,1,17,Unspecified (IR),,True,False,False,False
2021,PIT,DobbJo00,Joshua Dobbs,QB,Offense,1,18,17,17,Unspecified (IR),,True,True,True,False
2021,IND,MoorSk00,Skai Moore,LB,Defense,1,18,17,17,Unspecified (IR),,True,True,True,False
2021,BUF,HestTr00,Treyvon Hester,DL,Defense,1,1,1,17,Unspecified (IR),,True,False,False,False
2021,PHI,MeliOb00,Obi Melifonwu,DB,Defense,1,2,2,17,Unspecified (IR),,True,False,False,False
2021,TB,SeatBr00,Brad Seaton,OL,Offense,1,7,7,17,Unspecified (IR),,True,False,False,False
2021,ATL,GrahJa01,Jaeden Graham,TE,Offense,1,18,17,17,Unspecified (IR),,True,True,True,False
2021,SEA,UrsuJo00,John Ursua,WR,Offense,1,18,17,17,Unspecified (IR),,True,True,True,False
2021,DEN,PatrNa00,Natrez Patrick,LB,Defense,1,18,17,17,Unspecified (IR),,True,True,True,False
2021,CAR,KaskMa00,Matt Kaskey,OL,Offense,1,16,15,17,Unspecified (IR),,True,False,False,False
2021,PIT,ChriDe01,Demarcus Christmas,DL,Defense,1,18,17,17,Unspecified (IR),,True,True,True,False
2021,NYJ,BallCo00,Corey Ballentine,DB,Defense,1,1,1,17,Unspecified (IR),,True,False,False,False
2021,NO,GreeEt00,Ethan Greenidge,OL,Offense,1,18,17,17,Unspecified (IR),,True,True,True,False
2021,DAL,HyatMi01,Mitch Hyatt,OL,Offense,1,18,17,17,Unspecified (IR),,True,True,True,False
2021,PHI,WalkMi00,Michael Walker,WR,Offense,1,5,5,17,Unspecified (IR),,True,False,False,False
2021,DEN,ConwCo00,Cody Conway,OL,Offense,1,18,17,17,Unspecified (IR),,True,True,True,False
2021,NYG,MurpKy02,Kyle Murphy,OL,Offense,1,18,17,17,Unspecified (IR),,True,True,True,False
2021,TB,StanDo00,Donell Stanley,OL,Offense,1,18,17,17,Unspecified (IR),,True,True,True,False
2021,DEN,BellLe02,LeVante Bellamy,RB,Offense,1,14,13,17,Unspecified (IR),,True,False,False,False
2021,ATL,BeckRy00,Ryan Becker,TE,Offense,1,10,9,17,Unspecified (IR),,True,False,False,False
2021,MIA,LittGr01,Greg Little,OL,Offense,1,18,17,17,Unspecified (IR),,True,True,True,False
2021,PIT,AcyxDe00,DeMarkus Acy,DB,Defense,1,18,17,17,Unspecified (IR),,True,True,True,False
2021,BAL,HillJu00,Justice Hill,RB,Offense,1,18,17,17,Unspecified (IR),,True,True,True,False
2021,BAL,MarsIm00,Iman Marshall,DB,Defense,1,18,17,17,Unspecified (IR),,True,True,True,False
2021,SF,SkulJu00,Justin Skule,OL,Offense,1,18,17,17,Unspecified (IR),,True,True,True,False
2021,SF,HurdJa00,Jalen Hurd,WR,Offense,1,10,9,17,Knee,Knee,True,False,False,False
2021,NE,HallTe01,Terez Hall,LB,Defense,1,18,17,17,Unspecified (IR),,True,True,True,False
2021,MIN,SmitIr01,Irv Smith,TE,Offense,1,18,17,17,Unspecified (IR),,True,True,True,False
2021,CLE,ForbDr00,Drew Forbes,OL,Offense,1,18,17,17,Unspecified (IR),,True,True,True,False
2021,CLE,CarlSt00,Stephen Carlson,TE,Offense,1,18,17,17,Unspecified (IR),,True,True,True,False
2021,GB,RamsRa00,Randy Ramsey,LB,Defense,1,18,17,17,Unspecified (IR),,True,True,True,False
2021,CIN,LewiDo00,Donnie Lewis,DB,Defense,1,2,2,17,Unspecified (IR),,True,False,False,False
2021,MIN,JohnOl00,Olabisi Johnson,WR,Offense,1,18,17,17,Unspecified (IR),,True,True,True,False
2021,LA,DembJa00,Jamil Demby,OL,Offense,1,18,17,17,Unspecified (IR),,True,True,True,False
2021,NE,CowaBy00,Byron Cowart,DL,Defense,1,18,17,17,Unspecified (IR),,True,True,True,False
2021,NYJ,HampSa00,Saquan Hampton,DB,Defense,1,4,4,17,Unspecified (IR),,True,False,False,False
2021,NE,StidJa00,Jarrett Stidham,QB,Offense,1,18,17,17,Unspecified (IR),,True,True,True,False
2021,DAL,GrieWi00,Will Grier,QB,Offense,1,18,17,17,Knee,Knee,False,True,False,False
2021,JAX,GodwTe00,Terry Godwin,WR,Offense,1,18,17,17,Unspecified (IR),,True,True,True,False
2021,WAS,JelkJa00,Jalen Jelks,DL,Defense,1,18,17,17,Unspecified (IR),,True,True,True,False
2021,SEA,BurrBe00,Ben Burr-Kirven,LB,Defense,1,18,17,17,Unspecified (IR),,True,True,True,False
2021,NO,DaltJa00,Jalen Dalton,DL,Defense,1,18,17,17,Unspecified (IR),,True,True,True,False
2021,BAL,AlakOt01,Otaro Alaka,LB,Defense,1,18,17,17,Unspecified (IR),,True,True,True,False
2025,HOU,HamiKy01,Kyonte Hamilton,DL,Defense,1,18,17,17,Unspecified (IR),,True,True,True,False
2025,PIT,KentDo00,Donte Kent,DB,Defense,1,18,17,17,Ankle,Ankle,True,True,True,False
2025,DET,JackDa04,Dan Jackson,DB,Defense,1,18,17,17,Unspecified (IR),,True,True,True,False
2025,IND,WohlHu00,Hunter Wohler,DB,Defense,1,18,17,17,Unspecified (IR),,True,True,True,False
2025,MIA,ConyJa00,Jalin Conyers,TE,Offense,1,18,17,17,Unspecified (IR),,True,True,True,False
2025,CLE,OsboJu00,Justin Osborne,OL,Offense,1,18,17,17,Unspecified (IR),,True,True,True,False
2025,CHI,HankDe00,Deion Hankins,RB,Offense,1,18,17,17,Unspecified (IR),,True,True,True,False
2025,TB,WalkDa03,David Walker,LB,Defense,1,18,17,17,Unspecified (IR),,True,True,True,False
2025,CIN,BrooTa00,Tahj Brooks,RB,Offense,13,13,1,6,Head / Concussion,Concussion,False,False,False,False
2025,JAX,McLeJa00,Jalen McLeod,LB,Defense,1,18,17,17,Ankle,Ankle,True,True,True,False
2025,MIN,BartGa00,Gavin Bartholomew,TE,Offense,1,18,17,17,Back,Back,True,True,True,False
2025,PIT,HowaWi01,Will Howard,QB,Offense,1,18,17,17,Hand / Wrist,Hand,True,True,True,False
2025,CHI,FrazZa01,Zah Frazier,DB,Defense,1,18,17,17,Unspecified (IR),,True,True,True,False
2025,MIN,CorrZe00,Zeke Correll,OL,Offense,1,18,17,17,Unspecified (IR),,True,True,True,False
2025,DEN,WalkJo02,Johnny Walker Jr.,DL,Defense,1,18,17,17,Unspecified (IR),,True,True,True,False
2025,DEN,WillKr00,Kristian Williams,DL,Defense,1,2,2,17,Unspecified (IR),,True,False,False,False
2025,NYG,FeltDa00,Da'Quan Felton,WR,Offense,1,18,17,17,Unspecified (IR),,True,True,True,False
2025,LAC,FugaJo00,Josh Fuga,DL,Defense,1,18,17,17,Unspecified (IR),,True,True,True,False
2025,LAC,WashSa00,Savion Washington,OL,Offense,1,18,17,17,Unspecified (IR),,True,True,True,False
2025,LAC,OladJo00,Jordan Oladokun,DB,Defense,1,18,17,17,Unspecified (IR),,True,True,True,False
2025,ATL,VerdMa00,Malik Verdon,LB,Defense,1,18,17,17,Shoulder,Shoulder,True,True,True,False
2025,SF,RobiJa05,Jakob Robinson,DB,Defense,1,18,17,17,Unspecified (IR),,True,True,True,False
2025,SF,KineCo00,Corey Kiner,RB,Offense,1,1,1,17,Unspecified (IR),,True,False,False,False
2025,MIN,WillAl01,Alex Williams,DL,Defense,1,4,4,17,Unspecified (IR),,True,False,False,False
2025,BUF,OwenWa00,Wande Owens,DB,Defense,1,18,17,17,Unspecified (IR),,True,True,True,False
2025,TB,RobeJJ00,JJ Roberts,DB,Defense,1,18,17,17,Unspecified (IR),,True,True,True,False
2025,DET,RobiKy00,Kye Robichaux,RB,Offense,1,18,17,17,Unspecified (IR),,True,True,True,False
2025,NYJ,HartGu00,Gus Hartwig,OL,Offense,1,18,17,17,Unspecified (IR),,True,True,True,False
2025,ATL,TricBr00,Bralen Trice,LB,Defense,1,18,17,17,Unspecified (IR),,True,True,True,False
2025,GB,GlovTr00,Travis Glover,OL,Offense,1,18,17,17,Unspecified (IR),,True,True,True,False
2025,CHI,AmegKi00,Kiran Amegadjie,OL,Offense,1,18,17,17,Arm / Elbow,Elbow,True,True,True,False
2025,NE,RobiLa02,Layden Robinson,OL,Offense,1,7,7,17,Unspecified (IR),,True,False,False,False
2025,DET,RakeEn00,Ennis Rakestraw Jr.,DB,Defense,1,18,17,17,Unspecified (IR),,True,True,True,False
2025,BUF,CartDe03,DeWayne Carter,DL,Defense,1,18,17,17,Achilles,Achilles,True,True,True,False
2025,CIN,AllxEr00,Erick All,TE,Offense,1,18,17,17,Unspecified (IR),,True,True,True,False
2025,MIA,MaitJa01,Jason Maitre,DB,Defense,1,18,17,17,Unspecified (IR),,True,True,True,False
2025,CIN,BurtJe01,Jermaine Burton,WR,Offense,1,15,14,17,Ankle,Ankle,False,False,False,False
2025,GB,LloyMa00,MarShawn Lloyd,RB,Offense,1,18,17,17,Lower Leg,Calf,True,True,True,False
2025,BAL,IsaaAd00,Adisa Isaac,LB,Defense,1,18,17,17,Unspecified (IR),,True,True,True,False
2025,BAL,LongRo00,Robert Longerbeam,DB,Defense,1,18,17,17,Unspecified (IR),,True,True,True,False
2025,BAL,KoneBi00,Bilhal Kone,DB,Defense,1,18,17,17,Unspecified (IR),,True,True,True,False
2025,KC,BrinJa00,Jake Briningstool,TE,Offense,1,18,17,17,Hamstring,Hamstring,True,True,True,False
2025,KC,GeorBr00,Brandon George,LB,Defense,1,18,17,17,Unspecified (IR),,True,True,True,False
2025,NYJ,PoleEs00,Esa Pole,OL,Offense,1,7,7,17,Ankle,Ankle,False,False,False,False
2025,IND,WallJu00,Justin Walley,DB,Defense,1,18,17,17,Unspecified (IR),,True,True,True,False
2025,JAX,RansCa00,Caleb Ransaw,DB,Defense,1,18,17,17,Unspecified (IR),,True,True,True,False
2025,NE,PolkJa00,Ja'Lynn Polk,WR,Offense,1,1,1,17,Unspecified (IR),,True,False,False,False
2025,GB,WillJo11,John Williams,OL,Offense,1,18,17,17,Back,Back,True,True,True,False
2025,PHI,HintMy00,Myles Hinton,OL,Offense,1,18,17,17,Back,Back,True,True,True,False
2025,NE,LampBr00,Brock Lampe,RB,Offense,1,18,17,17,Unspecified (IR),,True,True,True,False
2025,NE,LariLa00,Lan Larison,RB,Offense,1,18,17,17,Unspecified (IR),,True,True,True,False
2026,HOU,StewM.00,M.J. Stewart,DB,Defense,1,4,4,4,Knee,Knee,True,True,False,True
2026,CHI,McClRa00,Ray-Ray McCloud,WR,Offense,1,1,1,4,Unspecified (IR),,True,False,False,False
2026,PIT,ElliDe02,DeShon Elliott,DB,Defense,1,4,4,4,Unspecified (IR),,True,True,False,True
2026,SF,KirkCh01,Christian Kirk,WR,Offense,1,4,4,4,Unspecified (IR),,True,True,False,True
2026,ATL,NortSt00,Storm Norton,OL,Offense,1,3,3,3,Unspecified (IR),,True,True,False,True
2026,ARI,ConnJa00,James Conner,RB,Offense,1,4,4,4,Unspecified (IR),,True,True,False,True
2026,NYJ,PatrTi00,Tim Patrick,WR,Offense,1,4,4,4,Hip / Groin,Groin,True,True,False,True
2026,WAS,WiseDe00,Deatrich Wise,DL,Defense,1,4,4,4,Unspecified (IR),,True,True,False,True
2026,WAS,McNiJe00,Jeremy McNichols,RB,Offense,1,4,4,4,Unspecified (IR),,True,True,False,True
2026,MIN,AdamJa00,Jamal Adams,LB,Defense,1,4,4,4,Unspecified (IR),,True,True,False,True
2026,TEN,KpasTa00,Tanoh Kpassagnon,DL,Defense,1,4,4,4,Unspecified (IR),,True,True,False,True
2026,TB,SillDa01,David Sills,WR,Offense,1,4,4,4,Unspecified (IR),,True,True,False,True
2026,NYG,OlszGu00,Gunner Olszewski,WR,Offense,1,4,4,4,Unspecified (IR),,True,True,False,True
2026,NO,LongDa02,David Long,DB,Defense,1,3,3,3,Unspecified (IR),,True,True,False,True
2026,HOU,SmitBr06,Braden Smith,OL,Offense,1,4,4,4,Unspecified (IR),,True,True,False,True
2026,NE,LandHa00,Harold Landry III,LB,Defense,1,4,4,4,Unspecified (IR),,True,True,False,True
2026,TEN,JameAn01,Andre James,OL,Offense,1,1,1,4,Unspecified (IR),,True,False,False,False
2026,HOU,SpeeEJ00,E.J. Speed,LB,Defense,1,4,4,4,Unspecified (IR),,True,True,False,True
2026,BUF,FlanDe00,Demetrius Flannigan-Fowles,LB,Defense,1,1,1,4,Unspecified (IR),,True,False,False,False
2026,IND,MontDJ01,D.J. Montgomery,WR,Offense,1,4,4,4,Unspecified (IR),,True,True,False,True
2026,JAX,MustSa01,Sam Mustipher,OL,Offense,1,4,4,4,Unspecified (IR),,True,True,False,True
2026,JAX,MekaPa00,Patrick Mekari,OL,Offense,1,4,4,4,Unspecified (IR),,True,True,False,True
2025,SF,RourKu01,Kurtis Rourke,QB,Offense,1,18,17,17,Knee,Knee,True,True,True,False
2025,CLE,McDoCa00,Cade McDonald,WR,Offense,1,8,8,17,Unspecified (IR),,True,False,False,False
2025,NYG,MoorTJ00,TJ Moore,DB,Defense,1,18,17,17,Unspecified (IR),,True,True,True,False
2025,PIT,WarrGa00,Gareth Warren,OL,Offense,1,8,7,17,Unspecified (IR),,True,False,False,False
2025,PHI,LampWi00,Willie Lampkin,OL,Offense,1,18,17,17,Knee,Knee,True,True,True,False
2025,ARI,SennVa00,Valentin Senn,OL,Offense,1,18,17,17,Unspecified (IR),,True,True,True,False
2026,NYG,RobeRo00,Roy Robertson-Harris,DL,Defense,1,4,4,4,Unspecified (IR),,True,True,False,True
2026,LAC,PerrDe00,Denzel Perryman,LB,Defense,1,4,4,4,Unspecified (IR),,True,True,False,True
2026,WAS,TunsLa00,Laremy Tunsil,OL,Offense,1,4,4,4,Unspecified (IR),,True,True,False,True
2025,NO,PlinMa00,Mason Pline,TE,Offense,1,18,17,17,Unspecified (IR),,True,True,True,False
2025,DAL,MattCh01,Christian Matthew,DB,Defense,1,2,2,17,Unspecified (IR),,True,False,False,False
2025,TEN,BurkTr00,Treylon Burks,WR,Offense,1,6,6,17,Unspecified (IR),,True,False,False,False
2025,NYG,NealEv00,Evan Neal,OL,Offense,1,18,17,17,Hamstring,Hamstring,True,True,True,False
2025,NYG,EzeuJo00,Joshua Ezeudu,OL,Offense,1,18,17,17,Lower Leg,Calf,True,True,True,False
2025,ATL,AndeTr00,Troy Andersen,LB,Defense,1,18,17,17,Unspecified (IR),,True,True,True,False
2025,HOU,HiniKu00,Kurt Hinish,DL,Defense,1,18,17,17,Unspecified (IR),,True,True,True,False
2025,MIA,EzexOb00,Obinna Eze,OL,Offense,1,18,17,17,Unspecified (IR),,True,True,True,False
2025,MIA,KohoKa00,Kader Kohou,DB,Defense,1,18,17,17,Unspecified (IR),,True,True,True,False
2025,ARI,RussJJ00,J.J. Russell,LB,Defense,1,18,17,17,Unspecified (IR),,True,True,True,False
2025,NYG,JohnAn08,Anthony Johnson Jr.,DB,Defense,1,18,17,17,Unspecified (IR),,True,True,True,False
2025,NYG,HawkTr00,Tre Hawkins III,DB,Defense,1,2,2,17,Unspecified (IR),,True,False,False,False
2025,CHI,SmitTe05,Terell Smith,DB,Defense,1,18,17,17,Unspecified (IR),,True,True,True,False
2025,NE,PrinDe00,Deneric Prince,RB,Offense,1,18,17,17,Unspecified (IR),,True,True,True,False
2025,NYG,FordBr00,Bryce Ford-Wheaton,WR,Offense,1,18,17,17,Unspecified (IR),,True,True,True,False
2025,CIN,VolsCo02,Cordell Volson,OL,Offense,1,18,17,17,Unspecified (IR),,True,True,True,False
2025,DET,PascJo00,Joshua Paschal,DL,Defense,1,18,17,17,Back,Back,True,True,True,False
2025,CAR,MathDa00,Damarri Mathis,DB,Defense,1,18,17,17,Knee,Knee,True,True,True,False
2025,NO,WeslBa00,Barry Wesley,OL,Offense,1,18,17,17,Hip / Groin,Hip,True,True,True,False
2025,ATL,WheaTy01,Tyrone Wheatley Jr.,OL,Offense,1,18,17,17,Unspecified (IR),,True,True,True,False
2025,DET,OnwuLe00,Levi Onwuzurike,DL,Defense,1,18,17,17,Unspecified (IR),,True,True,True,False
2025,MIN,MoorRo02,Rondale Moore,WR,Offense,1,18,17,17,Unspecified (IR),,True,True,True,False
2025,LAC,SlatRa00,Rashawn Slater,OL,Offense,1,18,17,17,Unspecified (IR),,True,True,True,False
2025,MIA,EichLi00,Liam Eichenberg,OL,Offense,1,18,17,17,Unspecified (IR),,True,True,True,False
2025,NYJ,VeraAl00,Alijah Vera-Tucker,OL,Offense,1,18,17,17,Arm / Elbow,Triceps,True,True,True,False
2025,KC,RobiJa04,Janarius Robinson,DL,Defense,1,18,17,17,Unspecified (IR),,True,True,True,False
2025,CLE,OwusJe00,Jeremiah Owusu-Koramoah,LB,Defense,1,18,17,17,Unspecified (IR),,True,True,True,False
2025,DAL,TurnPa02,Payton Turner,DL,Defense,1,18,17,17,Chest / Ribs,Ribs,True,True,True,False
2025,NO,YounLa00,Landon Young,OL,Offense,1,18,17,17,Unspecified (IR),,True,True,True,False
2025,SF,JackTa02,Tarron Jackson,LB,Defense,1,18,17,17,Unspecified (IR),,True,True,True,False
2025,SF,BrowTr03,Tre Brown,DB,Defense,1,1,1,17,Unspecified (IR),,True,False,False,False
2025,CLE,EmerMa00,Martin Emerson,DB,Defense,1,18,17,17,Unspecified (IR),,True,True,True,False
2025,CLE,BellDa02,David Bell,WR,Offense,1,18,17,17,Unspecified (IR),,True,True,True,False
2025,PIT,ThomSk00,Skylar Thompson,QB,Offense,1,18,17,17,Hamstring,Hamstring,True,True,True,False
2025,KC,IngrKe01,Keaontay Ingram,RB,Offense,1,18,17,17,Unspecified (IR),,True,True,True,False
2025,DEN,HennMa01,Matt Henningsen,DL,Defense,1,18,17,17,Unspecified (IR),,True,True,True,False
2025,LA,ThomKe04,Keir Thomas,LB,Defense,1,18,17,17,Unspecified (IR),,True,True,True,False
2025,PHI,CineLe00,Lewis Cine,DB,Defense,1,3,3,17,Unspecified (IR),,True,False,False,False
2025,NYJ,CharIr00,Irvin Charles,WR,Offense,1,18,17,17,Unspecified (IR),,True,True,True,False
2025,SF,CowiJa00,Jacob Cowing,WR,Offense,1,18,17,17,Unspecified (IR),,True,True,True,False
2025,CAR,BrooJo02,Jonathon Brooks,RB,Offense,1,18,17,17,Unspecified (IR),,True,True,True,False
2025,LAC,ColsJu00,Junior Colson,LB,Defense,1,18,17,17,Unspecified (IR),,True,True,True,False
2025,NE,DialMa00,Marcellas Dial Jr.,DB,Defense,1,18,17,17,Unspecified (IR),,True,True,True,False
2025,NO,MeanBu00,Bub Means,WR,Offense,1,18,17,17,Unspecified (IR),,True,True,True,False
2025,ATL,JoneEm01,Emory Jones,QB,Offense,1,18,17,17,Unspecified (IR),,True,True,True,False
2025,PHI,WilsJo03,Johnny Wilson,WR,Offense,1,18,17,17,Unspecified (IR),,True,True,True,False
2025,TEN,LeviWi00,Will Levis,QB,Offense,1,18,17,17,Unspecified (IR),,True,True,True,False
2025,IND,FreeBl00,Blake Freeland,OL,Offense,1,18,17,17,Unspecified (IR),,True,True,True,False
2025,BAL,WadeDa00,Dayton Wade,WR,Offense,1,18,17,17,Unspecified (IR),,True,True,True,False
2025,CLE,WatsNa00,Nathaniel Watson,LB,Defense,1,18,17,17,Unspecified (IR),,True,True,True,False
2025,CLE,ReidWi01,Winston Reid,LB,Defense,1,18,17,17,Back,Back,True,True,True,False
2025,JAX,CephJo00,Joshua Cephus,WR,Offense,1,18,17,17,Unspecified (IR),,True,True,True,False
2025,NE,ItonIs00,Isaiah Iton,DL,Defense,1,18,17,17,Unspecified (IR),,True,True,True,False
2025,DEN,GargNi00,Nick Gargiulo,OL,Offense,1,18,17,17,Unspecified (IR),,True,True,True,False
2025,CAR,AumaPo00,Popo Aumavae,DL,Defense,1,18,17,17,Unspecified (IR),,True,True,True,False
2025,ARI,ThomSt01,Starling Thomas V,DB,Defense,1,18,17,17,Unspecified (IR),,True,True,True,False
2025,JAX,HodgCo00,Cooper Hodges,OL,Offense,1,18,17,17,Unspecified (IR),,True,True,True,False
2025,PIT,TricCo00,Cory Trice Jr.,DB,Defense,1,18,17,17,Hamstring,Hamstring,True,True,True,False
2025,SEA,McInKe00,Kenny McIntosh,RB,Offense,1,18,17,17,Unspecified (IR),,True,True,True,False
2025,DAL,StepJo02,John Stephens Jr.,TE,Offense,1,12,11,17,Unspecified (IR),,True,False,False,False
2025,PIT,SladJa00,Jacob Slade,DL,Defense,1,18,17,17,Unspecified (IR),,True,True,True,False
2025,NE,RoyxJa00,Jaquelin Roy,DL,Defense,1,18,17,17,Unspecified (IR),,True,True,True,False
2025,NO,SaldNi00,Nick Saldiveri,OL,Offense,1,18,17,17,Unspecified (IR),,True,True,True,False
2025,DET,SorsCo00,Colby Sorsdal,OL,Offense,1,18,17,17,Unspecified (IR),,True,True,True,False
2025,KC,ScotEr00,Eric Scott Jr.,DB,Defense,1,18,17,17,Unspecified (IR),,True,True,True,False
2025,DEN,SandDr00,Drew Sanders,LB,Defense,1,18,17,17,Unspecified (IR),,True,True,True,False
2025,KC,AnudFe00,Felix Anudike-Uzomah,DL,Defense,1,18,17,17,Unspecified (IR),,True,True,True,False
2025,SF,HodgTr00,Tre Tomlinson,DB,Defense,1,18,17,17,Unspecified (IR),,True,True,True,False
2025,NO,PalmTr00,Trey Palmer,WR,Offense,1,18,17,17,Hamstring,Hamstring,True,True,True,False
2025,SEA,FinlAJ00,AJ Finley,DB,Defense,1,18,17,17,Unspecified (IR),,True,True,True,False
2025,CLE,KendAn00,Anthony Kendall,DB,Defense,1,18,17,17,Unspecified (IR),,True,True,True,False
2025,PIT,McCuCa00,Cameron McCutcheon,DB,Defense,1,2,2,17,Unspecified (IR),,True,False,False,False
2025,HOU,DellNa00,Tank Dell,WR,Offense,1,18,17,17,Unspecified (IR),,True,True,True,False
2025,TEN,OrjiAn00,Anfernee Orji,LB,Defense,1,18,17,17,Unspecified (IR),,True,True,True,False
2026,NO,MataMo00,Moliki Matavao,TE,Offense,1,3,3,3,Unspecified (IR),,True,True,False,True
2026,NYG,BlacKo00,Korie Black,DB,Defense,1,4,4,4,Unspecified (IR),,True,True,False,True
2026,DEN,LohnCa00,Caleb Lohner,TE,Offense,1,4,4,4,Unspecified (IR),,True,True,False,True
2026,PIT,KentDo00,Donte Kent,DB,Defense,1,4,4,4,Unspecified (IR),,True,True,False,True
2026,NE,BryaMa02,Marcus Bryant,OL,Offense,1,4,4,4,Unspecified (IR),,True,True,False,True
2026,CAR,MartBa00,Bam Martin-Scott,LB,Defense,1,4,4,4,Unspecified (IR),,True,True,False,True
2026,LAC,TaylBr04,Branson Taylor,OL,Offense,1,4,4,4,Unspecified (IR),,True,True,False,True
2026,HOU,MertGr00,Graham Mertz,QB,Offense,1,4,4,4,Unspecified (IR),,True,True,False,True
2026,LAC,KennKy00,Kyle Kennard,LB,Defense,1,1,1,4,Unspecified (IR),,True,False,False,False
2026,CHI,HyppRu00,Ruben Hyppolite II,LB,Defense,1,4,4,4,Unspecified (IR),,True,True,False,True
2026,KC,DownEt00,Ethan Downs,LB,Defense,1,4,4,4,Unspecified (IR),,True,True,False,True
2026,BUF,StroDo01,Dorian Strong,DB,Defense,1,4,4,4,Unspecified (IR),,True,True,False,True
2026,NO,NealDe00,Devin Neal,RB,Offense,1,1,1,3,Unspecified (IR),,True,False,False,False
2026,NYJ,BaroTy00,Tyler Baron,LB,Defense,1,4,4,4,Unspecified (IR),,True,True,False,True
2026,IND,GiddDJ00,DJ Giddens,RB,Offense,1,4,4,4,Knee,Knee,False,True,False,True
2026,CHI,MannDo00,Dontae Manning,DB,Defense,1,1,1,4,Unspecified (IR),,True,False,False,False
2026,MIN,BattTy00,Tyler Batty,LB,Defense,1,4,4,4,Unspecified (IR),,True,True,False,True
2026,MIN,FlemDo00,Dontae Fleming,WR,Offense,1,1,1,4,Unspecified (IR),,True,False,False,False
2026,TEN,MausDo00,Dorian Mausi,LB,Defense,1,4,4,4,Unspecified (IR),,True,True,False,True
2026,MIN,YuroBe00,Ben Yurosek,TE,Offense,1,4,4,4,Unspecified (IR),,True,True,False,True
2026,LV,RunyCa00,Carter Runyon,TE,Offense,1,4,4,4,Unspecified (IR),,True,True,False,True
2026,LV,ThorDo00,Dont'e Thornton Jr.,WR,Offense,1,4,4,4,Unspecified (IR),,True,True,False,True
2026,SEA,LampBr00,Brock Lampe,RB,Offense,1,1,1,4,Unspecified (IR),,True,False,False,False
2026,NE,WebbJe01,Jeremiah Webb,WR,Offense,1,4,4,4,Unspecified (IR),,True,True,False,True
2026,ATL,WalkJa02,Jalon Walker,LB,Defense,1,3,3,3,Unspecified (IR),,True,True,False,True
2026,JAX,BartJa01,Jared Bartlett,LB,Defense,1,4,4,4,Unspecified (IR),,True,True,False,True
2026,IND,OwenCo00,Coleman Owen,WR,Offense,1,1,1,4,Unspecified (IR),,True,False,False,False
2026,ATL,CollBe00,Beaux Collins,WR,Offense,1,3,3,3,Unspecified (IR),,True,True,False,True
2026,HOU,OssaKC00,K.C. Ossai,LB,Defense,1,4,4,4,Unspecified (IR),,True,True,False,True
2026,LA,DediJu00,Justin Dedich,OL,Offense,1,4,4,4,Unspecified (IR),,True,True,False,True
2026,NYG,JameDJ00,DJ James,DB,Defense,1,1,1,4,Unspecified (IR),,True,False,False,False
2026,KC,HansCJ00,C.J. Hanson,OL,Offense,1,1,1,4,Unspecified (IR),,True,False,False,False
2026,LV,JackBr02,Brennan Jackson,LB,Defense,1,4,4,4,Unspecified (IR),,True,True,False,True
2026,LV,AnusCh00,Chigozie Anusiem,DB,Defense,1,4,4,4,Unspecified (IR),,True,True,False,True
2026,NYG,PaytRi00,Rico Payton,DB,Defense,1,4,4,4,Unspecified (IR),,True,True,False,True
2026,NO,TiptMa00,Mason Tipton,WR,Offense,1,3,3,3,Unspecified (IR),,True,True,False,True
2026,PIT,BurgCo00,Cole Burgess,WR,Offense,1,4,4,4,Unspecified (IR),,True,True,False,True
2026,CLE,ChatEl00,Elijah Chatman,DL,Defense,1,4,4,4,Unspecified (IR),,True,True,False,True
2026,MIN,TaimTa00,Taki Taimani,DL,Defense,1,3,3,4,Unspecified (IR),,True,False,False,False
2026,ARI,ReimTi00,Tip Reiman,TE,Offense,1,4,4,4,Unspecified (IR),,True,True,False,True
2026,BAL,KoneBi00,Bilhal Kone,DB,Defense,1,4,4,4,Unspecified (IR),,True,True,False,True
2026,SEA,KighAm00,Amari Kight,OL,Offense,1,1,1,4,Unspecified (IR),,True,False,False,False
2026,GB,BaldJo01,Johnathan Baldwin,DB,Defense,1,4,4,4,Unspecified (IR),,True,True,False,True
2026,MIA,GranKe01,Kenneth Grant,DL,Defense,1,4,4,4,Unspecified (IR),,True,True,False,True
2026,HOU,HiggJa00,Jayden Higgins,WR,Offense,1,4,4,4,Unspecified (IR),,True,True,False,True
2026,SF,MartNi01,Nick Martin,LB,Defense,1,4,4,4,Unspecified (IR),,True,True,False,True
2026,KC,HoliJi00,Jimmy Holiday,WR,Offense,1,4,4,4,Unspecified (IR),,True,True,False,True
2026,KC,SimmJo01,Josh Simmons,OL,Offense,1,4,4,4,Back,Back,False,True,False,True
2026,WAS,NewtJe00,Jer'Zhan Newton,DL,Defense,1,4,4,4,Unspecified (IR),,True,True,False,True
2026,TB,KamaMo00,Mohamed Kamara,LB,Defense,1,4,4,4,Unspecified (IR),,True,True,False,True
2026,CLE,UlofEd00,Edefuan Ulofoshio,LB,Defense,1,4,4,4,Unspecified (IR),,True,True,False,True
2026,PIT,HardDa02,Daequan Hardy,DB,Defense,1,4,4,4,Unspecified (IR),,True,True,False,True
2026,SF,PearRi00,Ricky Pearsall,WR,Offense,1,4,4,4,Unspecified (IR),,True,True,False,True
2026,GB,WillSa01,Savion Williams,WR,Offense,1,4,4,4,Unspecified (IR),,True,True,False,True
2026,GB,OlivCo00,Collin Oliver,LB,Defense,1,4,4,4,Unspecified (IR),,True,True,False,True
2026,WAS,MaguTJ00,T.J. Maguranyanga,LB,Defense,1,1,1,4,Unspecified (IR),,True,False,False,False
2026,GB,BrinWa00,Warren Brinson,DL,Defense,1,4,4,4,Lower Leg,Calf,True,True,False,True
2026,ARI,BensTr01,Trey Benson,RB,Offense,1,4,4,4,Unspecified (IR),,True,True,False,True
2026,GB,YassTh00,Thomas Yassmin,TE,Offense,1,4,4,4,Unspecified (IR),,True,True,False,True
2026,NYJ,TrayCh00,Chip Trayanum,RB,Offense,1,4,4,4,Unspecified (IR),,True,True,False,True
2026,HOU,HageSa00,Sam Hagen,OL,Offense,1,4,4,4,Unspecified (IR),,True,True,False,True
2026,TB,McKnDe00,Deshawn McKnight,DL,Defense,1,3,3,4,Unspecified (IR),,True,False,False,False
2026,ARI,GeerJa00,Jameson Geers,TE,Offense,1,4,4,4,Unspecified (IR),,True,True,False,True
2026,SF,KamaMi00,Mikail Kamara,DL,Defense,1,4,4,4,Unspecified (IR),,True,True,False,True
2026,NE,JacoKh00,Khalil Jacobs,LB,Defense,1,4,4,4,Unspecified (IR),,True,True,False,True
2026,NE,MontMy00,Myles Montgomery,RB,Offense,1,4,4,4,Unspecified (IR),,True,True,False,True
2026,NO,HeldMi00,Michael Heldman,LB,Defense,1,1,1,3,Unspecified (IR),,True,False,False,False
2026,NYJ,PaynVJ00,VJ Payne,DB,Defense,1,4,4,4,Unspecified (IR),,True,True,False,True
2026,JAX,DurfZa00,Zach Durfee,DL,Defense,1,4,4,4,Unspecified (IR),,True,True,False,True
2026,BUF,ReedAr01,Ar'maj Reed-Adams,OL,Offense,1,4,4,4,Arm / Elbow,Elbow,False,True,False,True
2026,JAX,HughPa00,Parker Hughes,LB,Defense,1,4,4,4,Unspecified (IR),,True,True,False,True
2026,JAX,DiGiGa00,Garrett DiGiorgio,OL,Offense,1,4,4,4,Unspecified (IR),,True,True,False,True
2026,MIA,KongRe00,Rene Konga,DL,Defense,1,4,4,4,Unspecified (IR),,True,True,False,True
2026,NYG,DixoTh00,Thaddeus Dixon,DB,Defense,1,4,4,4,Unspecified (IR),,True,True,False,True
2026,CHI,LargHa00,Hayden Large,TE,Offense,1,4,4,4,Unspecified (IR),,True,True,False,True
2026,MIA,MoorTr02,Trey Moore,LB,Defense,1,4,4,4,Unspecified (IR),,True,True,False,True
2026,GB,JoneMa10,Marlon Jones,DB,Defense,1,4,4,4,Unspecified (IR),,True,True,False,True
2026,LV,CrawKe01,Keyron Crawford,LB,Defense,1,4,4,4,Unspecified (IR),,True,True,False,True
2026,ARI,ProcKa01,Kaleb Proctor,DL,Defense,1,4,4,4,Unspecified (IR),,True,True,False,True
2026,ATL,ThomAn03,Anterio Thompson,DL,Defense,1,3,3,3,Unspecified (IR),,True,True,False,True
2026,LA,CaldMa00,Matthew Caldwell,QB,Offense,1,4,4,4,Unspecified (IR),,True,True,False,True
2026,LAC,WorlIs00,Isaiah World,OL,Offense,1,4,4,4,Unspecified (IR),,True,True,False,True
2026,LA,TrosKe00,Keagen Trost,OL,Offense,1,4,4,4,Unspecified (IR),,True,True,False,True
2026,PIT,DunkGe00,Gennings Dunker,OL,Offense,1,4,4,4,Knee,Knee,True,True,False,True
2026,PHI,StowEl00,Eli Stowers,TE,Offense,1,4,4,4,Hamstring,Hamstring,True,True,False,True
2026,LA,WallEd00,Eddie Walls III,LB,Defense,1,4,4,4,Unspecified (IR),,True,True,False,True
2026,SEA,ClarBu00,Bud Clark,DB,Defense,1,4,4,4,Unspecified (IR),,True,True,False,True
2026,ARI,BisoCh00,Chase Bisontis,OL,Offense,1,4,4,4,Unspecified (IR),,True,True,False,True
2026,HOU,McDoKa00,Kayden McDonald,DL,Defense,1,4,4,4,Ankle,Ankle,True,True,False,True
2026,DET,LawxKe00,Kendrick Law,WR,Offense,1,4,4,4,Unspecified (IR),,True,True,False,True
2026,CIN,ParkBr02,Brian Parker II,OL,Offense,1,4,4,4,Unspecified (IR),,True,True,False,True
2026,CHI,TrapOz00,Ozzy Trapilo,OL,Offense,1,4,4,4,Knee,Knee,False,True,False,True
2026,CHI,TurnSh00,Shemar Turner,DL,Defense,1,4,4,4,Knee,Knee,True,True,False,True
2026,CAR,ScouNi00,Nic Scourton,LB,Defense,1,4,4,4,Unspecified (IR),,True,True,False,True
2026,KC,NormOm00,Omarr Norman-Lott,DL,Defense,1,4,4,4,Unspecified (IR),,True,True,False,True
2026,SF,CollAl01,Alfred Collins,DL,Defense,1,4,4,4,Knee,Knee,True,True,False,True
2026,BUF,SandTJ00,T.J. Sanders,DL,Defense,1,4,4,4,Knee,Knee,False,True,False,True
2026,WAS,AmosTr00,Trey Amos,DB,Defense,1,4,4,4,Unspecified (IR),,True,True,False,True
2026,DAL,MoorDe04,Devin Moore,DB,Defense,1,4,4,4,Unspecified (IR),,True,True,False,True
2026,BAL,RandAd00,Adam Randall,RB,Offense,1,4,4,4,Unspecified (IR),,True,True,False,True
2026,IND,TowtCa00,Carson Towt,TE,Offense,1,4,4,4,Unspecified (IR),,True,True,False,True
2026,CAR,EtieTr01,Trevor Etienne,RB,Offense,1,4,4,4,Unspecified (IR),,True,True,False,True
2026,SEA,RichMa01,Mason Richman,OL,Offense,1,4,4,4,Unspecified (IR),,True,True,False,True
2026,SEA,OuztRo00,Robbie Ouzts,RB,Offense,1,4,4,4,Unspecified (IR),,True,True,False,True
2026,SF,WillMy00,Mykel Williams,DL,Defense,1,4,4,4,Knee,Knee,True,True,False,True
2026,ATL,WillCa04,Cameron Williams,OL,Offense,1,3,3,3,Ankle,Ankle,True,True,False,True
2026,CLE,GabrDi00,Dillon Gabriel,QB,Offense,1,4,4,4,Unspecified (IR),,True,True,False,True
2026,CAR,BrazCh01,Chris Brazzell II,WR,Offense,1,4,4,4,Unspecified (IR),,True,True,False,True
2026,NO,TysoJo00,Jordyn Tyson,WR,Offense,1,3,3,3,Unspecified (IR),,True,True,False,True
2026,NO,StylLo00,Lorenzo Styles Jr.,DB,Defense,1,3,3,3,Unspecified (IR),,True,True,False,True
2026,NYJ,CoopAn01,Anez Cooper,OL,Offense,1,4,4,4,Unspecified (IR),,True,True,False,True
2026,BUF,DuraZa00,Zane Durant,DL,Defense,1,4,4,4,Unspecified (IR),,True,True,False,True
2026,CLE,BraiPa01,Parker Brailsford,OL,Offense,1,4,4,4,Hand / Wrist,Thumb,False,True,False,True
2026,PHI,LargTu00,Tucker Large,DB,Defense,1,4,4,4,Unspecified (IR),,True,True,False,True
2026,DAL,GillKe00,Kelvin Gilliam,DL,Defense,1,4,4,4,Unspecified (IR),,True,True,False,True
2026,DAL,RogeDJ00,DJ Rogers,TE,Offense,1,4,4,4,Unspecified (IR),,True,True,False,True
2026,TEN,KanaJa00,Jaren Kanak,TE,Offense,1,4,4,4,Unspecified (IR),,True,True,False,True
2026,BAL,RobiJa07,Jahquez Robinson,DB,Defense,1,4,4,4,Unspecified (IR),,True,True,False,True
2026,LV,PickJu00,Justin Pickett,OL,Offense,1,4,4,4,Unspecified (IR),,True,True,False,True
2026,LV,RuckCo00,Corey Rucker,WR,Offense,1,4,4,4,Unspecified (IR),,True,True,False,True
2026,KC,CaldJe01,Jeff Caldwell,WR,Offense,1,4,4,4,Unspecified (IR),,True,True,False,True
2026,KC,MichJo03,John Michael Gyllenborg,TE,Offense,1,4,4,4,Unspecified (IR),,True,True,False,True
2026,DEN,CrumFr00,Frank Crum,OL,Offense,1,4,4,4,Unspecified (IR),,True,True,False,True
2026,DEN,BailLe00,Levelle Bailey,LB,Defense,1,4,4,4,Unspecified (IR),,True,True,False,True
2026,CHI,JoneJa12,Jaylon Jones,DB,Defense,1,1,1,4,Unspecified (IR),,True,False,False,False
2026,ARI,BlouJo00,Joey Blount,DB,Defense,1,4,4,4,Unspecified (IR),,True,True,False,True
2026,SEA,CharIr00,Irvin Charles,WR,Offense,1,4,4,4,Unspecified (IR),,True,True,False,True
2026,MIA,TurnCo00,Cole Turner,TE,Offense,1,4,4,4,Unspecified (IR),,True,True,False,True
2026,PHI,CalcGr00,Grant Calcaterra,TE,Offense,1,4,4,4,Unspecified (IR),,True,True,False,True
2026,DAL,SmitTy02,Tyler Smith,OL,Offense,1,4,4,4,Unspecified (IR),,True,True,False,True
2026,CLE,WrigAl01,Alex Wright,DL,Defense,1,4,4,4,Unspecified (IR),,True,True,False,True
2026,DET,PachIs00,Isiah Pacheco,RB,Offense,1,4,4,4,Unspecified (IR),,True,True,False,True
2026,NE,SchoBr00,Brenden Schooler,DB,Defense,1,4,4,4,Back,Back,True,True,False,True
2026,CAR,EkwoIk00,Ikem Ekwonu,OL,Offense,1,4,4,4,Unspecified (IR),,True,True,False,True
2026,CLE,JenkTe00,Teven Jenkins,OL,Offense,1,4,4,4,Back,Back,False,True,False,True
2026,ATL,HallDa03,Darren Hall,DB,Defense,1,1,1,3,Unspecified (IR),,True,False,False,False
2026,CAR,ChriBr00,Brady Christensen,OL,Offense,1,4,4,4,Unspecified (IR),,True,True,False,True
2026,CLE,OwusJe00,Jeremiah Owusu-Koramoah,LB,Defense,1,4,4,4,Unspecified (IR),,True,True,False,True
2026,LA,McPhZe00,Zech McPhearson,DB,Defense,1,1,1,4,Unspecified (IR),,True,False,False,False
2026,DET,TurnPa02,Payton Turner,DL,Defense,1,4,4,4,Unspecified (IR),,True,True,False,True
2026,GB,ParsMi00,Micah Parsons,LB,Defense,1,4,4,4,Unspecified (IR),,True,True,False,True
2026,LA,ThomKe04,Keir Thomas,LB,Defense,1,4,4,4,Unspecified (IR),,True,True,False,True
2026,LAC,LancTr00,Trey Lance,QB,Offense,1,4,4,4,Hip / Groin,Groin,False,True,False,True
2026,CHI,KaliNi00,Nikola Kalinic,TE,Offense,1,4,4,4,Unspecified (IR),,True,True,False,True
2026,CLE,GreeKe02,Kendrick Green,OL,Offense,1,4,4,4,Unspecified (IR),,True,True,False,True
2026,ATL,SermTr00,Trey Sermon,RB,Offense,1,3,3,3,Unspecified (IR),,True,True,False,True
2026,SF,OkuaSa00,Sam Okuayinonu,DL,Defense,1,4,4,4,Unspecified (IR),,True,True,False,True
2026,HOU,IngrJa00,Ja'Marcus Ingram,DB,Defense,1,4,4,4,Unspecified (IR),,True,True,False,True
2026,CHI,SeweNe00,Nephi Sewell,LB,Defense,1,4,4,4,Unspecified (IR),,True,True,False,True
2026,MIA,BakeDa02,Darrell Baker Jr.,DB,Defense,1,4,4,4,Unspecified (IR),,True,True,False,True
2026,DAL,DaviMa02,Malik Davis,RB,Offense,1,4,4,4,Hip / Groin,Hip,True,True,False,True
2026,DET,JoseKe03,Kerby Joseph,DB,Defense,1,4,4,4,Unspecified (IR),,True,True,False,True
2026,ARI,CartZa00,Zachary Carter,DL,Defense,1,4,4,4,Unspecified (IR),,True,True,False,True
2026,ATL,MaloDe00,DeAngelo Malone,LB,Defense,1,3,3,3,Unspecified (IR),,True,True,False,True
2026,DEN,HennMa01,Matt Henningsen,DL,Defense,1,4,4,4,Unspecified (IR),,True,True,False,True
2026,CIN,TaylJa04,Ja'Sir Taylor,DB,Defense,1,4,4,4,Unspecified (IR),,True,True,False,True
2026,DET,MaysCa00,Cade Mays,OL,Offense,1,4,4,4,Unspecified (IR),,True,True,False,True
2026,DET,ClarDa02,Damone Clark,LB,Defense,1,4,4,4,Unspecified (IR),,True,True,False,True
2026,KC,WaleMa00,Matt Waletzko,OL,Offense,1,4,4,4,Unspecified (IR),,True,True,False,True
2026,NO,ChanTy01,Ty Chandler,RB,Offense,1,3,3,3,Unspecified (IR),,True,True,False,True
2026,CHI,FlowDa00,Dallis Flowers,DB,Defense,1,4,4,4,Unspecified (IR),,True,True,False,True
2026,NYJ,JonaKi00,Kingsley Jonathan,DL,Defense,1,4,4,4,Unspecified (IR),,True,True,False,True
2026,KC,OladCh00,Chris Oladokun,QB,Offense,1,1,1,4,Unspecified (IR),,True,False,False,False
2026,BAL,ThomSk00,Skylar Thompson,QB,Offense,1,4,4,4,Unspecified (IR),,True,True,False,True
2026,CHI,BrowBr06,Brittain Brown,RB,Offense,1,4,4,4,Unspecified (IR),,True,True,False,True
2026,CHI,GarvJo00,Jonathan Garvin,LB,Defense,1,4,4,4,Unspecified (IR),,True,True,False,True
2026,DAL,HennMa00,Matt Hennessy,OL,Offense,1,4,4,4,Unspecified (IR),,True,True,False,True
2026,NYJ,WalkMy00,Mykal Walker,LB,Defense,1,1,1,4,Unspecified (IR),,True,False,False,False
2026,BAL,PintDa00,Danny Pinter,OL,Offense,1,4,4,4,Unspecified (IR),,True,True,False,True
2026,SF,TothBr00,Brett Toth,OL,Offense,1,4,4,4,Unspecified (IR),,True,True,False,True
2026,SF,PleaAu00,Austen Pleasants,OL,Offense,1,4,4,4,Unspecified (IR),,True,True,False,True
2026,CAR,WharTe00,Tershawn Wharton,DL,Defense,1,4,4,4,Unspecified (IR),,True,True,False,True
2026,DEN,DeitMi00,Michael Deiter,OL,Offense,1,4,4,4,Unspecified (IR),,True,True,False,True
2026,ATL,TagoTu00,Tua Tagovailoa,QB,Offense,1,3,3,3,Core / Abdomen,Oblique,False,True,False,True
2026,CHI,FielTo00,Tony Fields II,LB,Defense,1,4,4,4,Unspecified (IR),,True,True,False,True
2026,SF,ForrDa00,Darrick Forrest,DB,Defense,1,4,4,4,Unspecified (IR),,True,True,False,True
2026,NYJ,BrowTr03,Tre Brown,DB,Defense,1,4,4,4,Unspecified (IR),,True,True,False,True
2026,SF,DimuVi00,Victor Dimukeje,DL,Defense,1,1,1,4,Unspecified (IR),,True,False,False,False
2026,SF,HobbNa00,Nate Hobbs,DB,Defense,1,4,4,4,Unspecified (IR),,True,True,False,True
2026,LAC,BiadTy00,Tyler Biadasz,OL,Offense,1,4,4,4,Unspecified (IR),,True,True,False,True
2026,PIT,DrisJa00,Jack Driscoll,OL,Offense,1,4,4,4,Unspecified (IR),,True,True,False,True
2026,NO,RaduDi00,Dillon Radunz,OL,Offense,1,3,3,3,Unspecified (IR),,True,True,False,True
2026,TEN,EiflMi00,Milo Eifler,LB,Defense,1,4,4,4,Unspecified (IR),,True,True,False,True
2026,GB,MusgLu00,Luke Musgrave,TE,Offense,1,4,4,4,Unspecified (IR),,True,True,False,True
2026,DET,BranBr00,Brian Branch,DB,Defense,1,4,4,4,Unspecified (IR),,True,True,False,True
2026,PHI,BennJa00,Jakorian Bennett,DB,Defense,1,4,4,4,Unspecified (IR),,True,True,False,True
2026,SEA,CharZa00,Zach Charbonnet,RB,Offense,1,4,4,4,Knee,Knee,True,True,False,True
2026,PHI,SamxAn00,Andre' Sam,DB,Defense,1,4,4,4,Unspecified (IR),,True,True,False,True
2026,LV,CollCh01,Chris Collier,RB,Offense,1,4,4,4,Unspecified (IR),,True,True,False,True
2026,PIT,PortJo02,Joey Porter Jr.,DB,Defense,1,3,3,4,Back,Back,False,False,False,False
2026,PHI,WilsJo03,Johnny Wilson,WR,Offense,1,4,4,4,Unspecified (IR),,True,True,False,True
2026,MIN,SamaNi00,Nick Samac,OL,Offense,1,4,4,4,Knee,Knee,True,True,False,True
2026,HOU,DellNa00,Tank Dell,WR,Offense,1,4,4,4,Unspecified (IR),,True,True,False,True
2026,NO,BresBr00,Bryan Bresee,DL,Defense,1,3,3,3,Unspecified (IR),,True,True,False,True
2026,MIA,WarrCa00,Carter Warren,OL,Offense,1,1,1,4,Unspecified (IR),,True,False,False,False
2026,TB,HayeJo01,Josh Hayes,DB,Defense,1,4,4,4,Unspecified (IR),,True,True,False,True
2026,CAR,HayeRy00,Ryan Hayes,OL,Offense,1,1,1,4,Unspecified (IR),,True,False,False,False
2026,HOU,HortDy00,Dylan Horton,DL,Defense,1,4,4,4,Unspecified (IR),,True,True,False,True
2026,HOU,ByrdSo00,Solomon Byrd,DL,Defense,1,4,4,4,Unspecified (IR),,True,True,False,True
2026,DEN,GargNi00,Nick Gargiulo,OL,Offense,1,4,4,4,Unspecified (IR),,True,True,False,True
2026,TEN,HarrJa05,Jaylen Harrell,LB,Defense,1,4,4,4,Unspecified (IR),,True,True,False,True
2026,MIN,JurgMi02,Michael Jurgens,OL,Offense,1,4,4,4,Unspecified (IR),,True,True,False,True
2026,ARI,WeavXa00,Xavier Weaver,WR,Offense,1,1,1,4,Unspecified (IR),,True,False,False,False
2026,JAX,BradCa02,Carter Bradley,QB,Offense,1,1,1,4,Unspecified (IR),,True,False,False,False
2026,MIA,DuckSt00,Storm Duck,DB,Defense,1,4,4,4,Knee,Knee,True,True,False,True
2026,DAL,LiufMa00,Marist Liufau,LB,Defense,1,4,4,4,Unspecified (IR),,True,True,False,True
2026,DET,ManuGi00,Giovanni Manu,OL,Offense,1,4,4,4,Unspecified (IR),,True,True,False,True
2026,NO,FordJa02,Jaylan Ford,LB,Defense,1,3,3,3,Unspecified (IR),,True,True,False,True
2026,TEN,HampDo00,Dominique Hampton,LB,Defense,1,1,1,4,Unspecified (IR),,True,False,False,False
2026,PIT,LeexLo00,Logan Lee,DL,Defense,1,4,4,4,Unspecified (IR),,True,True,False,True
2026,SF,GuerIs00,Isaac Guerendo,RB,Offense,1,4,4,4,Unspecified (IR),,True,True,False,True
2026,ATL,BertJD00,JD Bertrand,LB,Defense,1,3,3,3,Unspecified (IR),,True,True,False,True
2026,NO,EstiAu00,Audric Estimé,RB,Offense,1,3,3,3,Quad / Thigh,Thigh,True,True,False,True
2026,WAS,JackDr01,Drake Jackson,LB,Defense,1,1,1,4,Unspecified (IR),,True,False,False,False
2026,CHI,SeweNo00,Noah Sewell,LB,Defense,1,4,4,4,Achilles,Achilles,True,True,False,True
2026,IND,MallWi00,Will Mallory,TE,Offense,1,4,4,4,Unspecified (IR),,True,True,False,True
2026,NYG,BernJa01,Jarrick Bernard-Converse,DB,Defense,1,4,4,4,Unspecified (IR),,True,True,False,True
2026,GB,DeanTr00,Trey Dean III,DB,Defense,1,2,2,4,Unspecified (IR),,True,False,False,False
2026,GB,RileJo00,Jordon Riley,DL,Defense,1,4,4,4,Unspecified (IR),,True,True,False,True
2026,TEN,WillJo03,Joshua Williams,DB,Defense,1,4,4,4,Unspecified (IR),,True,True,False,True
2026,SF,ZakeNi00,Nick Zakelj,OL,Offense,1,4,4,4,Unspecified (IR),,True,True,False,True
2026,CLE,DaviKa01,Kalia Davis,DL,Defense,1,4,4,4,Unspecified (IR),,True,True,False,True
2026,NYG,AustCa00,Calvin Austin III,WR,Offense,1,4,4,4,Unspecified (IR),,True,True,False,True
2026,CLE,MathDa00,Damarri Mathis,DB,Defense,1,4,4,4,Unspecified (IR),,True,True,False,True
2026,CHI,BryaCo01,Coby Bryant,DB,Defense,1,4,4,4,Unspecified (IR),,True,True,False,True
2026,CHI,GordKy00,Kyler Gordon,DB,Defense,1,4,4,4,Lower Leg,Calf,True,True,False,True
2026,NE,HillJu02,Julian Hill,TE,Offense,1,4,4,4,Unspecified (IR),,True,True,False,True
2026,HOU,GayeAl01,Ali Gaye,DL,Defense,1,4,4,4,Unspecified (IR),,True,True,False,True
2026,DAL,FantPr00,Princeton Fant,TE,Offense,1,4,4,4,Unspecified (IR),,True,True,False,True
2026,SEA,BoboJa00,Jake Bobo,WR,Offense,1,4,4,4,Unspecified (IR),,True,True,False,True
2026,SEA,OkadTy00,Ty Okada,DB,Defense,1,4,4,4,Hamstring,Hamstring,False,True,False,True
2026,BUF,ShavTy00,Tyrell Shavers,WR,Offense,1,4,4,4,Unspecified (IR),,True,True,False,True
2026,TEN,BrooKe02,Kendell Brooks,DB,Defense,1,4,4,4,Unspecified (IR),,True,True,False,True
2026,NO,WrigRe00,Rejzohn Wright,DB,Defense,1,3,3,3,Unspecified (IR),,True,True,False,True
2026,SF,FarmAn00,Andrew Farmer,LB,Defense,1,4,4,4,Unspecified (IR),,True,True,False,True
2026,IND,MitcCa01,Cameron Mitchell,DB,Defense,1,4,4,4,Unspecified (IR),,True,True,False,True
2026,LV,ShorJu00,Justin Shorter,WR,Offense,1,4,4,4,Unspecified (IR),,True,True,False,True
2026,NO,SaldNi00,Nick Saldiveri,OL,Offense,1,3,3,3,Unspecified (IR),,True,True,False,True
2026,LAC,MatlSc00,Scott Matlock,RB,Offense,1,4,4,4,Unspecified (IR),,True,True,False,True
2024,NYG,OlszGu00,Gunner Olszewski,WR,Offense,1,18,17,17,Hip / Groin,Groin,True,True,True,False
2024,CHI,WebsNs00,Nsimba Webster,WR,Offense,1,18,17,17,Unspecified (IR),,True,True,True,False
2024,NO,BrewCh01,Chandler Brewer,OL,Offense,1,1,1,17,Unspecified (IR),,True,False,False,False
2024,IND,WinfJu00,Juwann Winfree,WR,Offense,1,18,17,17,Unspecified (IR),,True,True,True,False
2024,BAL,MullTr00,Trayvon Mullen,DB,Defense,1,18,17,17,Unspecified (IR),,True,True,True,False
2024,SEA,SimmMa01,Marcus Simms,WR,Offense,1,8,8,17,Unspecified (IR),,True,False,False,False
2024,PIT,HolcCo00,Cole Holcomb,LB,Defense,1,18,17,17,Knee,Knee,True,True,True,False
2024,PHI,WhitDe02,Devin White,LB,Defense,1,6,5,17,Ankle,Ankle,False,False,False,False
2024,NYJ,TaylMa01,Malik Taylor,WR,Offense,1,18,17,17,Unspecified (IR),,True,True,True,False
2024,MIN,KunaJo00,Jordan Kunaszyk,LB,Defense,1,16,15,17,Unspecified (IR),,True,False,False,False
2024,PIT,HerbNa01,Nate Herbig,OL,Offense,1,18,17,17,Unspecified (IR),,True,True,True,False
2024,TB,OpetIo00,Sua Opeta,OL,Offense,1,18,17,17,Unspecified (IR),,True,True,True,False
2024,NO,HerrJu00,Justin Herron,OL,Offense,1,18,17,17,Unspecified (IR),,True,True,True,False
2024,LA,MurcLa00,Larrell Murchison,DL,Defense,1,18,17,17,Arm / Elbow,Forearm,True,True,True,False
2024,GB,DaviTy02,Tyler Davis,TE,Offense,1,18,17,17,Unspecified (IR),,True,True,True,False
2024,HOU,KeenDa00,Dalton Keene,TE,Offense,1,18,17,17,Unspecified (IR),,True,True,True,False
2024,ARI,ODonCa00,Carter O'Donnell,OL,Offense,1,18,17,17,Unspecified (IR),,True,True,True,False
2024,CHI,ColeDo00,Douglas Coleman III,DB,Defense,1,18,17,17,Unspecified (IR),,True,True,True,False
2024,NYG,RileEl01,Elijah Riley,DB,Defense,1,18,17,17,Unspecified (IR),,True,True,True,False
2024,CAR,WillRa03,Raequan Williams,DL,Defense,1,18,17,17,Unspecified (IR),,True,True,True,False
2024,TB,BankEr00,Eric Banks,DL,Defense,1,18,17,17,Unspecified (IR),,True,True,True,False
2024,DET,ComiJo00,John Cominsky,DL,Defense,1,18,17,17,Unspecified (IR),,True,True,True,False
2024,LV,FacyBr00,Brandon Facyson,DB,Defense,1,1,1,17,Unspecified (IR),,True,False,False,False
2024,CAR,DaviTa00,Tae Davis,LB,Defense,1,1,1,17,Unspecified (IR),,True,False,False,False
2024,BUF,DelaDe00,Dee Delaney,DB,Defense,1,1,1,17,Unspecified (IR),,True,False,False,False
2024,TB,EdmoCh00,Chase Edmonds,RB,Offense,1,18,17,17,Unspecified (IR),,True,True,True,False
2024,DET,SmitTr03,Tre'Quan Smith,WR,Offense,1,8,7,17,Unspecified (IR),,True,False,False,False
2024,CLE,HineNy00,Nyheim Hines,RB,Offense,1,18,17,17,Knee,Knee,True,True,True,False
2024,WAS,StalTa00,Taylor Stallworth,DL,Defense,1,1,1,17,Unspecified (IR),,True,False,False,False
2024,MIA,RayxWy01,Wyatt Ray,DL,Defense,1,1,1,17,Unspecified (IR),,True,False,False,False
2024,CHI,CarlSt00,Stephen Carlson,TE,Offense,1,18,17,17,Shoulder,Collarbone,True,True,True,False
2024,NYG,CajuYo00,Yodny Cajuste,OL,Offense,1,1,1,17,Unspecified (IR),,True,False,False,False
2024,MIA,ChubBr00,Bradley Chubb,LB,Defense,1,18,17,17,Knee,Knee,True,True,True,False
2024,CHI,PettDa00,Dante Pettis,WR,Offense,1,1,1,17,Unspecified (IR),,True,False,False,False
2024,NE,WattAr01,Armon Watts,DL,Defense,1,5,5,17,Unspecified (IR),,True,False,False,False
2024,DEN,BailQu00,Quinn Bailey,OL,Offense,1,18,17,17,Unspecified (IR),,True,True,True,False
2024,NE,AndeCa00,Calvin Anderson,OL,Offense,1,1,1,17,Unspecified (IR),,True,False,False,False
2024,NE,WheaTy01,Tyrone Wheatley Jr.,OL,Offense,1,3,3,17,Unspecified (IR),,True,False,False,False
2024,ATL,MoorRo02,Rondale Moore,WR,Offense,1,18,17,17,Unspecified (IR),,True,True,True,False
2024,MIA,SchwAn00,Anthony Schwartz,WR,Offense,1,18,17,17,Unspecified (IR),,True,True,True,False
2024,LV,KoonMa00,Malcolm Koonce,DL,Defense,1,18,17,17,Knee,Knee,True,True,True,False
2024,DEN,PerkRo00,Ronnie Perkins,LB,Defense,1,3,3,17,Unspecified (IR),,True,False,False,False
2024,LAC,RumpCh00,Chris Rumph II,DL,Defense,1,18,17,17,Unspecified (IR),,True,True,True,False
2024,TEN,WallGa00,Garret Wallow,LB,Defense,1,18,17,17,Unspecified (IR),,True,True,True,False
2024,CIN,SampCa00,Cameron Sample,DL,Defense,1,18,17,17,Unspecified (IR),,True,True,True,False
2024,CIN,EvanCh02,Chris Evans,RB,Offense,1,18,17,17,Unspecified (IR),,True,True,True,False
2024,CIN,SmitDA03,D'Ante Smith,OL,Offense,1,18,17,17,Unspecified (IR),,True,True,True,False
2024,PHI,HarrJa03,Jacob Harris,WR,Offense,1,7,6,17,Unspecified (IR),,True,False,False,False
2024,MIA,SmitKi00,Kion Smith,OL,Offense,1,18,17,17,Unspecified (IR),,True,True,True,False
2024,DEN,TurnDe02,Delarrin Turner-Yell,DB,Defense,1,18,17,17,Knee,Knee,True,True,True,False
2024,SF,ThomAm00,Ambry Thomas,DB,Defense,1,15,14,17,Unspecified (IR),,True,False,False,False
2024,JAX,DixoDe01,De'Shaan Dixon,DL,Defense,1,18,17,17,Unspecified (IR),,True,True,True,False
2024,SEA,OnujJo00,Joshua Onujiogu,DL,Defense,1,18,17,17,Unspecified (IR),,True,True,True,False
2024,GB,FordJo00,Jonathan Ford,DL,Defense,1,14,13,17,Lower Leg,Calf,True,False,False,False
2024,BUF,BurgTe00,Terrell Burgess,DB,Defense,1,1,1,17,Unspecified (IR),,True,False,False,False
2024,PHI,OkwuAl00,Albert Okwuegbunam,TE,Offense,1,10,9,17,Core / Abdomen,Abdomen,True,False,False,False
2024,DET,MutiNe00,Netane Muti,OL,Offense,1,18,17,17,Unspecified (IR),,True,True,True,False
2024,MIA,BrowCa01,Cameron Brown,LB,Defense,1,18,17,17,Unspecified (IR),,True,True,True,False
2024,ATL,HandHa00,Harrison Hand,DB,Defense,1,18,17,17,Unspecified (IR),,True,True,True,False
2024,TEN,DaviMa01,Marlon Davidson,DL,Defense,1,18,17,17,Unspecified (IR),,True,True,True,False
2024,GB,DillAJ00,AJ Dillon,RB,Offense,1,18,17,17,Unspecified (IR),,True,True,True,False
2024,BUF,EvanDa02,Darrynton Evans,RB,Offense,1,8,8,17,Hamstring,Hamstring,True,False,False,False
2024,CAR,LutoJa00,Jake Luton,QB,Offense,1,1,1,17,Unspecified (IR),,True,False,False,False
2024,TEN,SimmLa00,Lachavious Simmons,OL,Offense,1,1,1,17,Unspecified (IR),,True,False,False,False
2024,CLE,AdenHa00,Hakeem Adeniji,OL,Offense,1,18,17,17,Unspecified (IR),,True,True,True,False
2024,DET,BadaDa00,David Bada,DL,Defense,1,16,15,17,Unspecified (IR),,True,False,False,False
2024,BUF,BuecSh00,Shane Buechele,QB,Offense,1,18,17,17,Unspecified (IR),,True,True,True,False
2024,ATL,EiflMi00,Milo Eifler,LB,Defense,1,8,8,17,Unspecified (IR),,True,False,False,False
2024,BUF,DoylTo00,Tommy Doyle,OL,Offense,1,18,17,17,Unspecified (IR),,True,True,True,False
2024,SF,MitcEl00,Elijah Mitchell,RB,Offense,1,18,17,17,Unspecified (IR),,True,True,True,False
2023,NE,BoldIs00,Isaiah Bolden,DB,Defense,1,18,17,17,Unspecified (IR),,True,True,True,False
2023,PIT,TricCo00,Cory Trice,DB,Defense,1,18,17,17,Unspecified (IR),,True,True,True,False
2023,JAX,HodgCo00,Cooper Hodges,OL,Offense,1,18,17,17,Unspecified (IR),,True,True,True,False
2023,JAX,JenkJa04,Jaray Jenkins,WR,Offense,1,1,1,17,Unspecified (IR),,True,False,False,False
2023,HOU,MattJe00,Jesse Matthews,WR,Offense,1,18,17,17,Unspecified (IR),,True,True,True,False
2023,JAX,TaylLe02,Leonard Taylor,TE,Offense,1,14,13,17,Unspecified (IR),,True,False,False,False
2023,HOU,ScaiDJ00,DJ Scaife,OL,Offense,1,18,17,17,Unspecified (IR),,True,True,True,False
2023,HOU,ZierKi00,Kilian Zierer,OL,Offense,1,18,17,17,Unspecified (IR),,True,True,True,False
2023,BUF,ShorJu00,Justin Shorter,WR,Offense,1,18,17,17,Hamstring,Hamstring,True,True,True,False
2023,DAL,FehoVi00,Viliami Fehoko,DL,Defense,1,18,17,17,Knee,Knee,True,True,True,False
2023,SF,LatuCa01,Cameron Latu,TE,Offense,1,18,17,17,Unspecified (IR),,True,True,True,False
2023,JAX,MillVe00,Ventrell Miller,LB,Defense,1,18,17,17,Unspecified (IR),,True,True,True,False
2023,ARI,GainJo00,Jon Gaines,OL,Offense,1,18,17,17,Unspecified (IR),,True,True,True,False
2023,DAL,DurdDa00,David Durden,WR,Offense,1,18,17,17,Unspecified (IR),,True,True,True,False
2023,CIN,MaxwDe00,Devonnsha Maxwell,DL,Defense,1,18,17,17,Unspecified (IR),,True,True,True,False
2023,CIN,PeseTa00,Tautala Pesefea,DL,Defense,1,2,2,17,Unspecified (IR),,True,False,False,False
2023,LAC,UzodAm00,Amechi Uzodinma,DB,Defense,1,18,17,17,Unspecified (IR),,True,True,True,False
2023,LV,WagnDa00,Dalton Wagner,OL,Offense,1,18,17,17,Unspecified (IR),,True,True,True,False
2023,ATL,EnecIk00,Ikenna Enechukwu,LB,Defense,1,18,17,17,Unspecified (IR),,True,True,True,False
2023,DAL,StepJo02,John Stephens,WR,Offense,1,18,17,17,Unspecified (IR),,True,True,True,False
2023,DEN,PalcAl00,Alex Palczewski,OL,Offense,1,18,17,17,Knee,Knee,True,True,True,False
2023,TEN,BrowSh01,Shakel Brown,DL,Defense,1,18,17,17,Unspecified (IR),,True,True,True,False
2023,MIN,KnowMa00,Malik Knowles,WR,Offense,1,18,17,17,Unspecified (IR),,True,True,True,False
2023,SF,GrayDa02,Danny Gray,WR,Offense,1,18,17,17,Shoulder,Shoulder,True,True,True,False
2023,TEN,HaskHa00,Hassan Haskins,RB,Offense,1,18,17,17,Unspecified (IR),,True,True,True,False
2023,MIN,KwenWi00,William Kwenkeu,LB,Defense,1,18,17,17,Unspecified (IR),,True,True,True,False
2023,HOU,GreeKe03,Kenyon Green,OL,Offense,1,18,17,17,Unspecified (IR),,True,True,True,False
2023,IND,WoodJe01,Jelani Woods,TE,Offense,1,18,17,17,Unspecified (IR),,True,True,True,False
2023,ARI,SandMy00,Myjai Sanders,LB,Defense,1,7,7,17,Hand / Wrist,Thumb,True,False,False,False
2023,DAL,OverDe00,DeMarvion Overshown,LB,Defense,1,18,17,17,Unspecified (IR),,True,True,True,False
2023,NYG,FordBr00,Bryce Ford-Wheaton,WR,Offense,1,18,17,17,Unspecified (IR),,True,True,True,False
2023,NYJ,HallMa03,Maalik Hall,LB,Defense,1,18,17,17,Unspecified (IR),,True,True,True,False
2023,BAL,HammMa01,Malik Hamm,DL,Defense,1,18,17,17,Ankle,Ankle,True,True,True,False
2023,DET,HookHe00,Hendon Hooker,QB,Offense,1,18,17,17,Knee,Knee,True,True,True,False
2023,KC,RemiNi00,Nikko Remigio,WR,Offense,1,18,17,17,Foot / Toe,Foot,True,True,True,False
2023,ATL,AlixJo00,Josh Ali,WR,Offense,1,18,17,17,Ankle,Ankle,True,True,True,False
2023,BAL,VorhAn00,Andrew Vorhees,OL,Offense,1,18,17,17,Unspecified (IR),,True,True,True,False
2023,IND,WittJa01,Jake Witt,OL,Offense,1,18,17,17,Unspecified (IR),,True,True,True,False
2023,IND,LeoxTi00,Titus Leo,DL,Defense,1,18,17,17,Unspecified (IR),,True,True,True,False
2023,IND,ScotDa03,Daniel Scott,DB,Defense,1,18,17,17,Unspecified (IR),,True,True,True,False
2024,CAR,BrowAn02,Anthony Brown,DB,Defense,1,16,15,17,Unspecified (IR),,True,False,False,False
2024,PHI,ClarLe01,Le'Raven Clark,OL,Offense,1,18,17,17,Unspecified (IR),,True,True,True,False
2024,NYG,McKeIs00,Isaiah McKenzie,WR,Offense,1,1,1,17,Unspecified (IR),,True,False,False,False
2024,LA,McDeCo00,Conor McDermott,OL,Offense,1,18,17,17,Unspecified (IR),,True,True,True,False
2024,PHI,BradJa00,James Bradberry,DB,Defense,1,18,17,17,Unspecified (IR),,True,True,True,False
2024,IND,EbukSa00,Samson Ebukam,DL,Defense,1,18,17,17,Unspecified (IR),,True,True,True,False
2024,NO,RadeKe00,Kevin Rader,TE,Offense,1,1,1,17,Unspecified (IR),,True,False,False,False
2024,NO,RamcRy00,Ryan Ramczyk,OL,Offense,1,18,17,17,Unspecified (IR),,True,True,True,False
2023,SEA,WhitAn01,Andrew Whitaker,DB,Defense,1,18,17,17,Unspecified (IR),,True,True,True,False
2024,HOU,KeenCa00,Case Keenum,QB,Offense,1,18,17,17,Unspecified (IR),,True,True,True,False
2023,WAS,DaniBr00,Braeden Daniels,OL,Offense,1,18,17,17,Unspecified (IR),,True,True,True,False
2023,LA,BennSt00,Stetson Bennett,QB,Offense,1,18,17,17,Shoulder,right Shoulder,False,True,False,False
2024,SF,FeliJo00,Jon Feliciano,OL,Offense,1,18,17,17,Knee,Knee,True,True,True,False
2025,CIN,PeriSa00,Samaje Perine,RB,Offense,11,12,2,8,Ankle,Ankle,False,False,False,False
2025,SF,TaylTr02,Trent Taylor,WR,Offense,1,18,17,17,Unspecified (IR),,True,True,True,False
2025,CLE,WatsDe00,Deshaun Watson,QB,Offense,1,18,17,17,Achilles,Achilles,True,True,True,False
2025,ATL,NortSt00,Storm Norton,OL,Offense,1,18,17,17,Foot / Toe,Foot,True,True,True,False
2025,KC,BushDe00,Deon Bush,DB,Defense,1,18,17,17,Unspecified (IR),,True,True,True,False
2025,PIT,LowrDe00,Dean Lowry,DL,Defense,1,18,17,17,Unspecified (IR),,True,True,True,False
2025,MIA,BurnAr00,Artie Burns,DB,Defense,1,18,17,17,Unspecified (IR),,True,True,True,False
2025,DET,TurnZe00,Ezekiel Turner,LB,Defense,1,18,17,17,Unspecified (IR),,True,True,True,False
2025,ARI,JoneJu03,Justin Jones,DL,Defense,1,16,15,17,Unspecified (IR),,True,False,False,False
2025,NO,ClapWi00,Will Clapp,OL,Offense,1,18,17,17,Unspecified (IR),,True,True,True,False
2025,HOU,MixoJo00,Joe Mixon,RB,Offense,1,18,17,17,Unspecified (IR),,True,True,True,False
2025,MIA,IfedGe00,Germain Ifedi,OL,Offense,1,18,17,17,Unspecified (IR),,True,True,True,False
2024,MIA,WashTa00,Tahj Washington,WR,Offense,1,18,17,17,Unspecified (IR),,True,True,True,False
2024,MIN,McCaJJ00,J.J. McCarthy,QB,Offense,1,18,17,17,Unspecified (IR),,True,True,True,False
2024,NYJ,TravJo00,Jordan Travis,QB,Offense,1,18,17,17,Unspecified (IR),,True,True,True,False
2024,LAC,CollCh00,Chris Collins,LB,Defense,1,18,17,17,Unspecified (IR),,True,True,True,False
2024,ATL,TricBr00,Bralen Trice,LB,Defense,1,18,17,17,Unspecified (IR),,True,True,True,False
2024,ARI,JoneEl00,Elijah Jones,DB,Defense,1,18,17,17,Ankle,Ankle,True,True,True,False
2024,BUF,ClayTr00,Travis Clayton,OL,Offense,1,18,17,17,Unspecified (IR),,True,True,True,False
2025,HOU,WardJi01,Jimmie Ward,DB,Defense,1,18,17,17,Unspecified (IR),,True,True,True,False
2025,DEN,BurtMi00,Michael Burton,RB,Offense,1,18,17,17,Unspecified (IR),,True,True,True,False
2024,CLE,WillCh04,Chase Williams,DB,Defense,1,3,3,17,Unspecified (IR),,True,False,False,False
2024,NO,PeteCa01,Camron Peterson,DL,Defense,1,18,17,17,Unspecified (IR),,True,True,True,False
2025,SEA,HankJo00,Johnathan Hankins,DL,Defense,1,14,13,17,Unspecified (IR),,True,False,False,False
2025,BUF,EvanDa02,Darrynton Evans,RB,Offense,1,1,1,17,Unspecified (IR),,True,False,False,False
2025,IND,PhilJa01,Jacob Phillips,LB,Defense,1,18,17,17,Unspecified (IR),,True,True,True,False
2025,SF,AiyuBr00,Brandon Aiyuk,WR,Offense,1,18,17,17,Unspecified (IR),,True,True,True,False
2025,PIT,DaviDo03,Domenique Davis,DL,Defense,1,9,8,17,Unspecified (IR),,True,False,False,False
2025,DET,HerrJu00,Justin Herron,OL,Offense,1,10,9,17,Unspecified (IR),,True,False,False,False
2025,ATL,ArnoGr01,Grayland Arnold,DB,Defense,1,1,1,17,Unspecified (IR),,True,False,False,False
2025,IND,AhmeSa01,Salvon Ahmed,RB,Offense,1,18,17,17,Unspecified (IR),,True,True,True,False
2025,DAL,JoneRo02,Robert Jones,OL,Offense,1,18,17,17,Unspecified (IR),,True,True,True,False
2025,HOU,JordBr00,Brevin Jordan,TE,Offense,1,18,17,17,Unspecified (IR),,True,True,True,False
2025,CHI,WadeSh00,Shaun Wade,DB,Defense,1,1,1,17,Unspecified (IR),,True,False,False,False
2025,WAS,NianLu00,Lucas Niang,OL,Offense,1,18,17,17,Unspecified (IR),,True,True,True,False
2025,DET,YeboKe00,Kenny Yeboah,TE,Offense,1,10,9,17,Unspecified (IR),,True,False,False,False
2025,SF,TaylPa01,Patrick Taylor,RB,Offense,1,18,17,17,Unspecified (IR),,True,True,True,False
2025,NYJ,BoydKr00,Kris Boyd,DB,Defense,1,18,17,17,Unspecified (IR),,True,True,True,False
2025,IND,MontDJ01,D.J. Montgomery,WR,Offense,1,18,17,17,Unspecified (IR),,True,True,True,False
2025,PIT,SchaMa01,Max Scharping,OL,Offense,1,18,17,17,Knee,Knee,True,True,True,False
2025,MIA,CajuYo00,Yodny Cajuste,OL,Offense,1,18,17,17,Unspecified (IR),,True,True,True,False
2025,ATL,McGaKa00,Kaleb McGary,OL,Offense,1,18,17,17,Unspecified (IR),,True,True,True,False
2025,ARI,BuntSe00,Sean Murphy-Bunting,DB,Defense,1,18,17,17,Unspecified (IR),,True,True,True,False
2025,MIA,MattAl01,Alexander Mattison,RB,Offense,1,18,17,17,Unspecified (IR),,True,True,True,False
2025,DET,JoneJa08,Jamarco Jones,OL,Offense,1,18,17,17,Ankle,Ankle,True,True,True,False
2025,SEA,SimsSt00,Steven Sims,WR,Offense,1,1,1,17,Unspecified (IR),,True,False,False,False
2025,HOU,SmitIr01,Irv Smith,TE,Offense,1,4,4,17,Unspecified (IR),,True,False,False,False
2025,ARI,JackTr02,Trishton Jackson,WR,Offense,1,4,4,17,Unspecified (IR),,True,False,False,False
2025,NE,DuraYa01,Yasir Durant,OL,Offense,1,18,17,17,Unspecified (IR),,True,True,True,False
2025,WAS,JackTy01,Tyree Jackson,TE,Offense,1,18,17,17,Unspecified (IR),,True,True,True,False
2025,PIT,ParhDo00,Donald Parham,TE,Offense,1,18,17,17,Unspecified (IR),,True,True,True,False
2025,NYJ,CowaBy00,Byron Cowart,DL,Defense,1,14,13,17,Unspecified (IR),,True,False,False,False
2025,MIN,NelsMa00,Matt Nelson,OL,Offense,1,18,17,17,Unspecified (IR),,True,True,True,False
2025,SF,PrinIs00,Isaiah Prince,OL,Offense,1,1,1,17,Unspecified (IR),,True,False,False,False
2025,HOU,WinfJu00,Juwann Winfree,WR,Offense,1,1,1,17,Unspecified (IR),,True,False,False,False
2024,LA,LeveKT00,KT Leveston,OL,Offense,1,18,17,17,Ankle,Ankle,True,True,True,False
2024,MIN,BlacMe00,Mekhi Blackmon,DB,Defense,1,18,17,17,Unspecified (IR),,True,True,True,False
2024,BAL,WrigOw00,Owen Wright,RB,Offense,1,18,17,17,Unspecified (IR),,True,True,True,False
2024,BAL,HammMa01,Malik Hamm,LB,Defense,1,18,17,17,Unspecified (IR),,True,True,True,False
2024,IND,ScotDa03,Daniel Scott,DB,Defense,1,18,17,17,Unspecified (IR),,True,True,True,False
2024,NYJ,BarnZa00,Zaire Barnes,LB,Defense,1,18,17,17,Ankle,Ankle,True,True,True,False
2024,NYG,CotaCh00,Chase Cota,WR,Offense,1,2,2,17,Unspecified (IR),,True,False,False,False
2024,DET,GalvCo00,Connor Galvin,OL,Offense,1,18,17,17,Unspecified (IR),,True,True,True,False
2024,HOU,HillBr03,Brandon Hill,DB,Defense,1,18,17,17,Unspecified (IR),,True,True,True,False
2024,DAL,StepJo02,John Stephens Jr.,WR,Offense,1,18,17,17,Hamstring,Hamstring,True,True,True,False
2024,PIT,PeraDa00,David Perales,DL,Defense,1,16,15,17,Unspecified (IR),,True,False,False,False
2024,NYG,SuthJo00,Jonathan Sutherland,DB,Defense,1,18,17,17,Unspecified (IR),,True,True,True,False
2024,DAL,JohnDu01,Durrell Johnson,DL,Defense,1,6,6,17,Unspecified (IR),,True,False,False,False
2024,DAL,BostEa00,Earl Bostick Jr.,OL,Offense,1,18,17,17,Unspecified (IR),,True,True,True,False
2024,DET,GreeAn00,Antoine Green,WR,Offense,1,18,17,17,Unspecified (IR),,True,True,True,False
2024,ATL,HellDe00,DeMarcco Hellams,DB,Defense,1,18,17,17,Unspecified (IR),,True,True,True,False
2024,TEN,DoweCo00,Colton Dowell,WR,Offense,1,18,17,17,Knee,Knee,True,True,True,False
2024,CLE,WyplLu00,Luke Wypler,OL,Offense,1,18,17,17,Unspecified (IR),,True,True,True,False
2024,NO,PerrAT00,A.T. Perry,WR,Offense,1,5,5,17,Hand / Wrist,Hand,False,False,False,False
2024,PIT,CookDy00,Dylan Cook,OL,Offense,1,18,17,17,Foot / Toe,Foot,True,True,True,False
2024,SF,HawkTa01,Tayler Hawkins,DB,Defense,1,1,1,17,Unspecified (IR),,True,False,False,False
2024,NYG,HornTi00,Timmy Horne,DL,Defense,1,18,17,17,Unspecified (IR),,True,True,True,False
2024,TEN,CampCh02,Chance Campbell,LB,Defense,1,18,17,17,Unspecified (IR),,True,True,True,False
2024,IND,FrenWe00,Wesley French,OL,Offense,1,18,17,17,Unspecified (IR),,True,True,True,False
2024,LA,KendDe00,Derion Kendrick,DB,Defense,1,18,17,17,Unspecified (IR),,True,True,True,False
2024,SF,JackDr01,Drake Jackson,DL,Defense,1,18,17,17,Unspecified (IR),,True,True,True,False
2024,DAL,WillSa00,Sam Williams,DL,Defense,1,18,17,17,Unspecified (IR),,True,True,True,False
2024,BAL,MattCh01,Christian Matthew,DB,Defense,1,18,17,17,Unspecified (IR),,True,True,True,False
2024,IND,WoodJe01,Jelani Woods,TE,Offense,1,18,17,17,Unspecified (IR),,True,True,True,False
2024,NO,WrigRe00,Rejzohn Wright,DB,Defense,1,18,17,17,Unspecified (IR),,True,True,True,False
2024,DET,LynnNa00,Nate Lynn,DL,Defense,1,18,17,17,Unspecified (IR),,True,True,True,False
2024,DAL,ThomNa01,Nathan Thomas,OL,Offense,1,18,17,17,Unspecified (IR),,True,True,True,False
2024,HOU,HendLa00,LaDarius Henderson,OL,Offense,1,18,17,17,Unspecified (IR),,True,True,True,False
2024,CAR,AumaPo00,Popo Aumavae,DL,Defense,1,18,17,17,Unspecified (IR),,True,True,True,False
2024,MIA,MurpGr00,Grayson Murphy,DL,Defense,1,18,17,17,Unspecified (IR),,True,True,True,False
2024,CHI,WheeIa00,Ian Wheeler,RB,Offense,1,18,17,17,Unspecified (IR),,True,True,True,False
2024,PIT,LeexLo00,Logan Lee,DL,Defense,1,18,17,17,Lower Leg,Calf,True,True,True,False
2024,MIN,FlaxJe00,Jeremy Flax,OL,Offense,1,18,17,17,Unspecified (IR),,True,True,True,False
2024,WAS,PollNo00,Norell Pollard,DL,Defense,1,18,17,17,Unspecified (IR),,True,True,True,False
2024,LAC,McLeTy00,Tyler McLellan,OL,Offense,1,18,17,17,Unspecified (IR),,True,True,True,False
2024,LAC,WillBu00,Bucky Williams,OL,Offense,1,18,17,17,Unspecified (IR),,True,True,True,False
2024,PIT,WattRy00,Ryan Watts,DB,Defense,1,18,17,17,Unspecified (IR),,True,True,True,False
2024,IND,CollRy01,Ryan Coll,OL,Offense,1,18,17,17,Unspecified (IR),,True,True,True,False
2024,NE,JackJa03,JaQuae Jackson,WR,Offense,1,18,17,17,Unspecified (IR),,True,True,True,False
2024,JAX,WhitDa06,David White Jr.,WR,Offense,1,18,17,17,Unspecified (IR),,True,True,True,False
2024,LV,JohaJa00,Jake Johanning,OL,Offense,1,18,17,17,Unspecified (IR),,True,True,True,False
2024,LV,ForeJe00,Jeff Foreman,WR,Offense,1,18,17,17,Unspecified (IR),,True,True,True,False
2024,LV,FoxxTo01,Tomari Fox,DL,Defense,1,18,17,17,Unspecified (IR),,True,True,True,False
2024,CIN,RobiLa03,Lance Robinson,DB,Defense,1,18,17,17,Unspecified (IR),,True,True,True,False
2024,GB,DaviLJ00,LJ Davis,DB,Defense,1,5,5,17,Unspecified (IR),,True,False,False,False
2024,PHI,YounBy00,Byron Young,DL,Defense,1,18,17,17,Hamstring,Hamstring,True,True,True,False
2024,TB,DzanSi00,Silas Dzansi,OL,Offense,1,18,17,17,Unspecified (IR),,True,True,True,False
2024,NE,AndrJa00,Jake Andrews,OL,Offense,1,18,17,17,Unspecified (IR),,True,True,True,False
2024,HOU,ThomJa05,Jaylon Thomas,OL,Offense,1,18,17,17,Unspecified (IR),,True,True,True,False
2024,MIN,ThomNa00,NaJee Thompson,DB,Defense,1,18,17,17,Unspecified (IR),,True,True,True,False
2024,CLE,BouyBr00,Brandon Bouyer-Randle,LB,Defense,1,18,17,17,Unspecified (IR),,True,True,True,False
2024,TEN,McLeTK00,TK McLendon Jr.,DL,Defense,1,18,17,17,Unspecified (IR),,True,True,True,False
2024,PHI,CastMc00,McCallan Castles,TE,Offense,1,4,4,17,Unspecified (IR),,True,False,False,False
2024,BAL,JennDe00,Deion Jennings,LB,Defense,1,12,12,17,Unspecified (IR),,True,False,False,False
2024,GB,GofoRa01,Ralen Goforth,LB,Defense,1,9,9,17,Unspecified (IR),,True,False,False,False
2024,NYJ,CiarJi00,Jimmy Ciarlo,LB,Defense,1,18,17,17,Unspecified (IR),,True,True,True,False
2024,JAX,MurtPa00,Patrick Murtagh,TE,Offense,1,18,17,17,Unspecified (IR),,True,True,True,False
2024,KC,MettMc00,McKade Mettauer,OL,Offense,1,18,17,17,Unspecified (IR),,True,True,True,False
2024,ARI,OjulBJ00,BJ Ojulari,LB,Defense,1,18,17,17,Unspecified (IR),,True,True,True,False
2024,LA,HodgTr00,Tre Tomlinson,DB,Defense,1,18,17,17,Unspecified (IR),,True,True,True,False
2026,LA,RickDa00,Daniel Rickert,LB,Defense,1,4,4,4,Unspecified (IR),,True,True,False,True
2020,ARI,AlfoRo00,Robert Alford,DB,Defense,1,17,16,16,Unspecified (IR),,True,True,True,False
2020,SF,AustTa00,Tavon Austin,WR,Offense,1,8,8,16,Unspecified (IR),,True,False,False,False
2020,WAS,LiedMi00,Michael Liedtke,OL,Offense,1,11,10,16,Unspecified (IR),,True,False,False,False
2020,NE,AlleBe00,Beau Allen,DL,Defense,1,17,16,16,Unspecified (IR),,True,True,True,False
2020,LAC,PounMi00,Mike Pouncey,OL,Offense,1,17,16,16,Hip / Groin,Hip,True,True,True,False
2020,DEN,BarrMa00,Mark Barron,LB,Defense,1,16,15,16,Hamstring,Hamstring,True,False,False,False
2020,PHI,BrooBr00,Brandon Brooks,OL,Offense,1,17,16,16,Unspecified (IR),,True,True,True,False
2020,CIN,WaynTr00,Trae Waynes,DB,Defense,1,17,16,16,Unspecified (IR),,True,True,True,False
2020,DAL,CollLa01,La'el Collins,OL,Offense,1,17,16,16,Unspecified (IR),,True,True,True,False
2020,BAL,WhitDe01,DeAndrew White,WR,Offense,1,17,16,16,Unspecified (IR),,True,True,True,False
2020,NE,KingBr02,Brandon King,LB,Defense,1,17,16,16,Unspecified (IR),,True,True,True,False
2020,DEN,MillVo00,Von Miller,LB,Defense,1,17,16,16,Ankle,Ankle,True,True,True,False
2020,DET,AgneJa00,Jamal Agnew,WR,Offense,9,10,2,9,Chest / Ribs,Ribs,False,False,False,False
2020,LV,WillTy00,Tyrell Williams,WR,Offense,1,17,16,16,Unspecified (IR),,True,True,True,False
2020,CHI,BurnAr00,Artie Burns,DB,Defense,1,17,16,16,Unspecified (IR),,True,True,True,False
2020,NO,AlonKi00,Kiko Alonso,LB,Defense,1,8,7,16,Unspecified (IR),,True,False,False,False
2020,MIN,HuntDa01,Danielle Hunter,DL,Defense,1,17,16,16,Unspecified (IR),,True,True,True,False
2020,SEA,DorsPh00,Phillip Dorsett,WR,Offense,1,17,16,16,Foot / Toe,Foot,True,True,True,False
2020,PHI,PerkJo02,Josh Perkins,TE,Offense,1,17,16,16,Unspecified (IR),,True,True,True,False
2020,SEA,JackBr04,Branden Jackson,DL,Defense,1,17,16,16,Unspecified (IR),,True,True,True,False
2020,SF,RichWe00,Weston Richburg,OL,Offense,1,17,16,16,Unspecified (IR),,True,True,True,False
2020,NO,SpenNo00,Noah Spence,DL,Defense,1,17,16,16,Unspecified (IR),,True,True,True,False
2020,CHI,RobeTr03,Tre Roberson,DB,Defense,1,17,16,16,Unspecified (IR),,True,True,True,False
2020,NE,AdebQu00,Quincy Adeboyejo,WR,Offense,1,17,16,16,Unspecified (IR),,True,True,True,False
2020,GB,TurnBi00,Billy Turner,OL,Offense,1,2,2,16,Knee,Knee,False,False,False,False
2020,NYG,CoreCo00,Cody Core,WR,Offense,1,17,16,16,Unspecified (IR),,True,True,True,False
2020,SF,BlaiRo00,Ronald Blair,DL,Defense,1,17,16,16,Unspecified (IR),,True,True,True,False
2020,NO,BadeJo00,Johnson Bademosi,DB,Defense,1,17,16,16,Unspecified (IR),,True,True,True,False
2025,NO,PolkJa00,Ja'Lynn Polk,WR,Offense,2,18,16,16,Unspecified (IR),,True,True,True,False
2022,PHI,RobiJa04,Janarius Robinson,DL,Defense,2,18,16,16,Ankle,Ankle,True,True,True,False
2024,PIT,HendCJ00,C.J. Henderson,DB,Defense,4,18,14,14,Neck,Neck,True,True,True,False
2020,WAS,MossTh01,Thaddeus Moss,TE,Offense,5,17,12,12,Unspecified (IR),,True,True,True,False
2021,JAX,CowaRa00,Rashaad Coward,OL,Offense,6,6,1,12,Ankle,Ankle,False,False,False,False
2020,DET,CornJa01,Jashon Cornell,DL,Defense,8,17,10,10,Unspecified (IR),,True,True,True,False
2020,CLE,ObinGe00,George Obinna,DL,Defense,8,17,9,9,Unspecified (IR),,True,True,True,False
2020,BAL,BreeJa01,Jacob Breeland,TE,Offense,8,17,10,10,Unspecified (IR),,True,True,True,False
2020,DAL,KamaAz01,Azur Kamara,LB,Defense,8,17,9,9,Unspecified (IR),,True,True,True,False
2020,SF,AlonKi00,Kiko Alonso,LB,Defense,9,12,3,8,Unspecified (IR),,True,False,False,False
2025,PHI,AlexJa00,Jaire Alexander,DB,Defense,10,18,9,9,Knee,Knee,False,True,False,False
2022,PIT,JackWi02,William Jackson,DB,Defense,10,18,9,9,Back,Back,True,True,True,False
2020,LV,McKiTa00,Takkarist McKinley,DL,Defense,12,17,6,6,Unspecified (IR),,True,True,True,False
2022,MIA,FishEr00,Eric Fisher,OL,Offense,14,18,5,5,Lower Leg,Calf,True,True,True,False
2025,CLE,EguaKi00,Kingsley Eguakun,OL,Offense,18,18,1,1,Knee,Knee,False,True,False,False
