player,pos,team,ppg,rank,startable,status,p_next_week,p_next_4,expected_missed_4wk,source,tier,drivers,injury,games_missed_so_far,return_status,report_note,plays,out_1,out_2_3,out_4plus,expected_games_out,backup,backup_ppg_when_out,hedge_value_4wk,advice
Josh Oliver,TE,MIN,3.0,60,0,Out now,0.974534787674619,,3.716450882323567,time-out model,High,,Unspecified (IR),1,On IR,time-out model (1 games missed); on IR,0.02546521232538106,0.0267531585928788,0.07445854603860899,0.8733230830431312,10.109378855042781,Gavin Bartholomew,5.987662337662338,0.0,Starter out: backup ~waiver level
David Njoku,TE,LAC,7.1,27,0,Out now,0.9739285631321588,,3.6796178288979906,time-out model,High,,Unspecified (IR),2,On IR,time-out model (2 games missed); on IR,0.026071436867841215,0.026321675621316636,0.09066130920572285,0.8569455783051194,10.130847644774178,Oronde Gadsden II,5.987662337662338,0.0,Starter out: backup ~waiver level
De'Von Achane,RB,MIA,11.2,26,1,Out now,0.9729706926674951,,3.6997243809904026,time-out model,High,,Unspecified (IR),1,On IR,time-out model (1 games missed); on IR,0.02702930733250488,0.028347235137306654,0.07859066897666356,0.8660327885535248,10.073179843351905,Ollie Gordon,11.933093525179856,26.15823568937522,Starter out: add backup
Jack Bech,WR,LV,5.5,94,0,Out now,0.9723270908728188,,3.6928640969039828,time-out model,High,,Unspecified (IR),1,On IR,time-out model (1 games missed); on IR,0.02767290912718123,0.029001526484557616,0.08027682065749567,0.8630487437307655,10.014333774456006,Jalen Nailor,7.368164705882353,3.8027116721416285,Starter out: backup ~waiver level
A.J. Brown,WR,NE,12.4,26,1,Out now,0.9719177340272962,,3.6007342206690405,time-out model,High,,Unspecified (IR),3,On IR,time-out model (3 games missed); on IR,0.02808226597270382,0.049480805844954054,0.09153258401775284,0.8309043441645894,9.949216401611958,Mack Hollins,8.95755294117647,9.430805918346527,Starter out: add backup
Ja'Kobi Lane,WR,BAL,2.1,168,0,Out now,0.971497001797001,,3.595126471168993,time-out model,High,,Unspecified (IR),3,On IR,time-out model (3 games missed); on IR,0.02850299820299898,0.050182734059994114,0.09272279182190979,0.828591475915097,10.034902993134622,Rashod Bateman,8.95755294117647,9.41611847019496,Starter out: add backup
Ronnie Rivers,RB,LA,1.4,103,0,Out now,0.9711847900404496,,3.6476529381729703,time-out model,High,,Unspecified (IR),2,On IR,time-out model (2 games missed); on IR,0.02881520995955046,0.029006833061736518,0.09912577259410363,0.8430521843846096,9.977146064167009,Blake Corum,11.933093525179856,25.790073920108618,Starter out: add backup
Arian Smith,WR,NYJ,0.5,202,0,Out now,0.9711847900404496,,3.6476529381729703,time-out model,High,,Unspecified (IR),2,On IR,time-out model (2 games missed); on IR,0.02881520995955046,0.029006833061736518,0.09912577259410363,0.8430521843846096,9.977146064167009,Isaiah Williams,8.95755294117647,9.553692333060878,Starter out: add backup
KeAndre Lambert-Smith,WR,LAC,1.6,179,0,Out now,0.9698017076925257,,3.5726367091616473,time-out model,High,,Unspecified (IR),3,On IR,time-out model (3 games missed); on IR,0.030198292307474273,0.05299958759924184,0.097468194535358,0.8193339255579258,9.949156037116843,Quentin Johnston,8.420973755656108,7.440212271209374,Starter out: add backup
Jake Tonges,TE,SF,9.3,22,0,Out now,0.9697355835827102,,3.5717629370518185,time-out model,High,,Unspecified (IR),3,On IR,time-out model (3 games missed); on IR,0.030264416417289837,0.053109085243104745,0.09765165838650164,0.818974839953104,9.87930191214078,Luke Farrell,5.987662337662338,0.0,Starter out: backup ~waiver level
Dylan Sampson,RB,CLE,4.4,71,0,Out now,0.969085045951198,,3.563180324396485,time-out model,High,,Unspecified (IR),3,On IR,time-out model (3 games missed); on IR,0.030914954048801995,0.054184849972256754,0.09945011927802075,0.8154500767009204,9.88755277659032,Raheim Sanders,9.974820143884893,18.215144318229342,Starter out: add backup
Jonathon Brooks,RB,CAR,4.7,68,0,Out now,0.9690315478087623,,3.622790718720612,time-out model,High,,Unspecified (IR),2,On IR,time-out model (2 games missed); on IR,0.03096845219123767,0.031102758630707456,0.10563329779654076,0.8322954913815139,9.788579807874456,AJ Dillon,10.424910071942445,20.150457053439034,Starter out: add backup
Jordan Mason,RB,MIN,9.0,35,0,Out now,0.9682094762836455,,3.5516679146579357,time-out model,High,,Unspecified (IR),3,On IR,time-out model (3 games missed); on IR,0.031790523716354505,0.05562848267850724,0.10185219464965836,0.8107287989554801,9.81289551633767,DeeJay Dallas,12.942754367934224,28.697409098066416,Starter out: add backup
Demarcus Robinson,WR,SF,6.9,76,0,Out now,0.9513672464292137,,3.4259917351574507,time-out model,High,,Ankle,2,On IR,time-out model (2 games missed); on IR,0.04863275357078635,0.04792147887075713,0.15472167357429345,0.7487240939841631,8.188660938290067,Jacob Cowing,8.95755294117647,8.973131909226499,Starter out: add backup
Jalen McMillan,WR,TB,0.0,232,0,Out now,0.9449385462786667,,3.4126332287797587,time-out model,High,,Knee,1,On IR,time-out model (1 games missed); on IR,0.05506145372133334,0.055956909543116336,0.14474685004387228,0.7442347866916783,7.8388881817459275,Emeka Egbuka,8.95755294117647,8.938144189143232,Starter out: add backup
Jonah Coleman,RB,DEN,7.4,45,0,Out now,0.9446874707795575,,3.3547703674327636,time-out model,High,,Ankle,2,On IR,time-out model (2 games missed); on IR,0.055312529220442504,0.054107297692388874,0.17138852696779344,0.7191916461193748,7.933042016218457,J.K. Dobbins,11.933093525179856,23.71930039057301,Starter out: add backup
Andrei Iosivas,WR,CIN,4.2,118,0,Out now,0.9411279116822563,,3.3175053556947027,time-out model,High,,Hand / Wrist,2,On IR,time-out model (2 games missed); on IR,0.05887208831774372,0.05736463056807232,0.17986772725326927,0.7038955538609148,7.700705008988037,Dohnte Meyers,8.95755294117647,8.688991529293883,Starter out: add backup
Alec Pierce,WR,IND,9.2,50,0,Out now,0.9389410048288303,,3.294843519955756,time-out model,High,,Foot / Toe,2,On IR,time-out model (2 games missed); on IR,0.061058995171169764,0.05935241493952857,0.1849417508401197,0.6946468390491819,7.628646651220438,Laquon Treadwell,8.118164705882352,5.863984253899829,Starter out: backup ~waiver level
Jayden Reed,WR,GB,3.2,141,0,Out now,0.9389410048288303,,3.294843519955756,time-out model,High,,Neck,2,On IR,time-out model (2 games missed); on IR,0.061058995171169764,0.05935241493952857,0.1849417508401197,0.6946468390491819,7.628646651220438,Skyy Moore,8.95755294117647,8.62963714168575,Starter out: add backup
Omar Cooper,WR,NYJ,4.0,125,0,Out now,0.938690097287239,,3.1884053568342567,time-out model,High,,Ankle,3,On IR,time-out model (3 games missed); on IR,0.061309902712761,0.10151331439597532,0.17127978869881283,0.6658969941924509,7.55882608598087,Isaiah Williams,8.95755294117647,8.350861315094013,Starter out: add backup
Jaxson Dart,QB,NYG,15.5,21,0,Out now,0.937539130767565,,3.280408853204298,time-out model,High,,Knee,2,On IR,time-out model (2 games missed); on IR,0.06246086923243495,0.060621265530328254,0.1881409054637636,0.6887769597734734,7.548910928099309,,,,n/a (QB)
Jadarian Price,RB,SEA,4.7,67,0,Out now,0.8558726354346606,,2.6402656306968115,time-out model,High,,Chest / Ribs,1,On IR,time-out model (1 games missed); on IR,0.14412736456533934,0.13172834558500116,0.27305681882792365,0.4510874710217358,4.0763232158958385,Emanuel Wilson,13.619856115107913,23.12102447564983,Starter out: add backup
Terrance Ferguson,TE,LA,6.0,33,0,Out now,0.8406228438710238,,2.5264202943510585,time-out model,High,,Ankle,1,On IR,time-out model (1 games missed); on IR,0.15937715612897618,0.1428979302743266,0.2850885834882516,0.4126363301084457,3.7417122918278194,Tyler Higbee,5.987662337662338,0.0,Starter out: backup ~waiver level
British Brooks,RB,HOU,0.7,117,0,Out now,0.8403182831153472,,2.5199839199557426,time-out model,High,,Hamstring,1,On IR,time-out model (1 games missed); on IR,0.15968171688465282,0.14311567584815288,0.2880476710329498,0.4091549362342446,3.681463898136772,Woody Marks,11.933093525179856,17.817092984097343,Starter out: add backup
Xavier Legette,WR,CAR,5.1,100,0,Out now,0.8007851979049154,,2.1584265518039594,time-out model,High,,Knee,2,On IR,time-out model (2 games missed); on IR,0.19921480209508458,0.16430113428332685,0.3456053581079198,0.29087870551366873,2.9730839049653213,Brycen Tremayne,8.95755294117647,5.653208665672315,Starter out: add backup
Baker Mayfield,QB,TB,12.8,30,0,Out now,0.7447705895244041,,1.9719687723011081,time-out model,High,,Hand / Wrist,1,Unlikely to play,time-out model (1 games missed),0.2552294104755959,0.20121791974541686,0.25660583014394067,0.2869468396350467,2.7644390601798015,,,,n/a (QB)
Marquise Brown,WR,PHI,6.8,79,0,Out now,0.7203743536439335,,1.8740715417352698,time-out model,High,,Ankle,2,Unlikely to play,time-out model (2 games missed),0.2796256463560665,0.20143514425601852,0.25457294356851123,0.2643662658194037,2.620771630472487,Dontayvion Wicks,8.95755294117647,4.908444751558985,Starter out: add backup
Tylan Wallace,WR,CLE,1.0,195,0,Out now,0.7133970439856617,,1.7973587590897087,time-out model,High,,Knee,1,Unlikely to play,time-out model (1 games missed),0.2866029560143383,0.21590140223425863,0.25796388169346746,0.23953176005793564,2.4145453707336273,KC Concepcion,8.95755294117647,4.707523683729612,Starter out: add backup
Rachaad White,RB,WAS,9.6,31,0,Out now,0.7133970439856617,,1.7973587590897087,time-out model,High,,Shoulder,1,Unlikely to play,time-out model (1 games missed),0.2866029560143383,0.21590140223425863,0.25796388169346746,0.23953176005793564,2.412534608570407,Jacory Croskey-Merritt,11.933093525179856,12.707901777819904,Starter out: add backup
Justin Jefferson,WR,MIN,14.2,21,1,Out now,0.7079235196042746,,1.7682460070025547,time-out model,High,,Ankle,1,Unlikely to play,time-out model (1 games missed),0.2920764803957255,0.21824285133353724,0.25775786360977876,0.23192280466095855,2.349329299709917,Jordan Addison,8.95755294117647,4.631273480894071,Starter out: add backup
DeVonta Smith,WR,PHI,15.1,14,1,Out now,0.7000102348582802,,1.7232891850587966,time-out model,High,,Hamstring,1,Unlikely to play,time-out model (1 games missed),0.2999897651417199,0.221512680711325,0.2592943404815342,0.21920321366542098,2.21250777957571,Dontayvion Wicks,8.95755294117647,4.513525533816082,Starter out: add backup
Rico Dowdle,RB,PIT,9.0,36,0,Out now,0.6973615127025983,,1.7512550553912434,time-out model,High,,Foot / Toe,2,Unlikely to play,time-out model (2 games missed),0.3026384872974017,0.21104843330374215,0.2544948148416285,0.23181826455722765,2.348071406267316,Travis Homer,9.616546762589929,8.325069605416699,Starter out: add backup
Caleb Williams,QB,CHI,20.6,8,1,Out now,0.6957669656285603,,1.73940927718442,time-out model,High,,Hamstring,2,Unlikely to play,time-out model (2 games missed),0.3042330343714396,0.21167529516858602,0.2564812487619462,0.22761042169802803,2.3624883755170973,,,,n/a (QB)
Colbie Young,WR,CIN,1.5,184,0,Out now,0.6932561164198925,,1.6921362564922702,time-out model,High,,Knee,1,Unlikely to play,time-out model (1 games missed),0.30674388358010757,0.22419588526976694,0.25660860104353245,0.21245163010659313,2.191907715113053,Dohnte Meyers,8.95755294117647,4.431931835116366,Starter out: add backup
Barion Brown,WR,NO,0.2,212,0,Out now,0.6859839516316106,,1.654410458566287,time-out model,High,,Hamstring,1,Unlikely to play,time-out model (1 games missed),0.3140160483683894,0.2269742451556879,0.2567282407986714,0.2022814656772513,2.120674502438697,Bryce Lance,8.95755294117647,4.333122909894277,Starter out: add backup
Brenen Thompson,WR,LAC,2.3,162,0,Out now,0.6849457623685891,,1.6841828549532047,time-out model,High,,Quad / Thigh,2,Unlikely to play,time-out model (2 games missed),0.31505423763141094,0.21579506498190137,0.2555932958815988,0.213557401505089,2.255398875363456,Quentin Johnston,8.420973755656108,3.5074033450559576,Starter out: add backup
Ko Kieft,TE,TB,0.0,116,0,Out now,0.675687933186425,,1.604522634119568,time-out model,High,,Arm / Elbow,1,Unlikely to play,time-out model (1 games missed),0.32431206681357505,0.23071203704481494,0.2541570265362494,0.1908188696053607,2.0010718613207086,Cade Otton,5.987662337662338,0.0,Starter out: backup ~waiver level
Caleb Douglas,WR,MIA,9.2,51,0,Out now,0.6691065892232237,,1.609222209670311,time-out model,High,,Ankle,2,Unlikely to play,time-out model (2 games missed),0.3308934107767763,0.2214029614812879,0.251597749156013,0.19610587858592285,2.106188045257984,Malik Washington,7.997514438502673,2.6698535439440314,Starter out: backup ~waiver level
Adonai Mitchell,WR,NYJ,8.1,60,0,Out now,0.6691065892232237,,1.609222209670311,time-out model,High,,Hand / Wrist,2,Unlikely to play,time-out model (2 games missed),0.3308934107767763,0.2214029614812879,0.251597749156013,0.19610587858592285,2.106188045257984,Isaiah Williams,8.95755294117647,4.214768824585335,Starter out: add backup
KhaDarel Hodge,WR,SF,0.9,197,0,Out now,0.6667552107487114,,1.561412607262615,time-out model,High,,Knee,1,Unlikely to play,time-out model (1 games missed),0.3332447892512887,0.23376932091851424,0.2524922093857881,0.18049368044440897,1.921247197228216,Jacob Cowing,8.95755294117647,4.089549062806718,Starter out: add backup
Dallas Goedert,TE,PHI,12.4,10,1,Out now,0.6560978347039661,,1.5469398631542164,time-out model,High,,Knee,2,Unlikely to play,time-out model (2 games missed),0.3439021652960339,0.2256334660007333,0.24932502104381027,0.18113934765942263,1.9517221981120616,Johnny Mundt,8.532597402597403,2.1375561276524953,Starter out: backup ~waiver level
Mason Taylor,TE,NYJ,5.6,37,0,Out now,0.6436095090426788,,1.4889286042560483,time-out model,High,,Hand / Wrist,2,Game-time decision,time-out model (2 games missed),0.35639049095732117,0.22937630891252073,0.24663390925677475,0.16759929087338327,1.8846603960296686,Kenyon Sadiq,5.987662337662338,0.0,Starter out: backup ~waiver level
Breece Hall,RB,NYJ,13.9,17,1,Out now,0.6146450327295947,,1.3253369854174808,time-out model,High,,Quad / Thigh,1,Game-time decision,time-out model (1 games missed),0.3853549672704053,0.2481865312345367,0.23943269064641914,0.12702581084863881,1.5355948240336776,Braelon Allen,11.974820143884893,9.42585857049604,Starter out: add backup
Charlie Kolar,TE,LAC,2.7,70,0,Out now,0.4564682207590467,,0.8001463368950527,time-out model,High,,Arm / Elbow,2,Game-time decision,time-out model (2 games missed),0.5435317792409533,0.2481049841961169,0.16647356007524855,0.041889676487681236,0.8423012128168269,Oronde Gadsden II,5.987662337662338,0.0,Starter out: backup ~waiver level
Colby Parkinson,TE,LA,3.6,57,0,Out now,0.403435678838294,,0.6497166472578894,time-out model,High,,Knee,1,Game-time decision,time-out model (1 games missed),0.596564321161706,0.24517142201925454,0.13233321661623465,0.025931040202804824,0.6699451894331218,Tyler Higbee,5.987662337662338,0.0,Starter out: backup ~waiver level
Jayden Daniels,QB,WAS,16.3,18,0,Out now,0.3910213787435409,,0.6249807507216496,time-out model,Elevated,,Arm / Elbow,2,Game-time decision,time-out model (2 games missed),0.6089786212564591,0.2381236601090412,0.13043745571753113,0.022460262916968565,0.6418862068754076,,,,n/a (QB)
Jalen Coker,WR,CAR,15.1,13,1,Out now,0.2523506716957903,,0.3325279421964902,time-out model,Elevated,,Quad / Thigh,1,Likely to play,time-out model (1 games missed),0.7476493283042097,0.19085912519813122,0.05762629218878745,0.0038652543088716156,0.3339288508328431,Brycen Tremayne,8.95755294117647,0.8709352851651352,Starter out: add backup
Chris Moore,WR,BAL,4.8,107,0,Out now,0.23152650771645256,,0.2975855572467091,time-out model,Elevated,,Ankle,1,Likely to play,time-out model (1 games missed),0.7684734922835474,0.17981439746621855,0.04891521926881641,0.0027968909814175776,0.29849111819761875,Rashod Bateman,8.95755294117647,0.7794164918884938,Starter out: add backup
Terry McLaurin,WR,WAS,10.4,40,0,Out now,0.22656710173450179,,0.2892806534423719,time-out model,Elevated,,Hamstring,1,Likely to play,time-out model (1 games missed),0.7734328982654982,0.1770579390039518,0.047001535962507446,0.0025076267680425217,0.2900598048218806,Antonio Williams,8.95755294117647,0.7576648348237608,Starter out: add backup
Jahdae Walker,WR,CHI,5.1,99,0,Left last game early,0.7598066588631313,0.7880172302776292,1.7371645340539343,next-week model,High,left last game early (10% of usual snaps); low recent snap share; low workload last game,,0,,,0.24019334113686874,0.31853601775542156,0.23932912567617917,0.20194151543153055,2.3672960117550517,Rome Odunze,11.114531764705882,8.296894046983223,Hedge
Jackson Meeks,WR,DET,1.8,174,0,Left last game early,0.7259082061455405,0.7581001315672073,1.668869490504326,next-week model,High,left last game early (0% of usual snaps); low recent snap share; low workload last game,,0,,,0.2740917938544595,0.3043246680511583,0.2286515579607089,0.1929319801336733,2.261680101461384,Jameson Williams,8.95755294117647,4.370993054042122,Hedge
Jaleel McLaughlin,RB,CLE,4.2,75,0,Left last game early,0.6597185531113983,0.7150923169107188,1.6862039107750357,next-week model,High,left last game early (20% of usual snaps); low recent snap share; low workload last game,,0,,,0.34028144688860174,0.24259634707854646,0.1989640363954326,0.21815816963741924,2.5325844732343454,Raheim Sanders,9.974820143884893,8.61995318464054,Hedge
Saquon Barkley,RB,PHI,5.8,57,0,Left last game early,0.6151588334422673,0.6777837695123174,1.6475171581570718,next-week model,High,left last game early (13% of usual snaps); low recent snap share; low workload last game,,0,,,0.3848411665577327,0.21029973516936923,0.18315459761574227,0.2217045006571558,2.4894954689624127,Will Shipley,11.933093525179856,11.648473693552729,Hedge
Case Keenum,QB,CHI,24.5,3,1,Left last game early,0.6137668932696844,0.6419601372248165,1.495651765056619,next-week model,High,left last game early (1% of usual snaps); low workload last game; low recent snap share,,0,,,0.38623310673031563,0.23127768815121028,0.1924578758242303,0.19003132929424377,2.2064230722484366,,,,n/a (QB)
Jaylin Lane,WR,WAS,1.1,192,0,Left last game early,0.5987096025020848,0.6458409316346287,1.4126030984170173,next-week model,High,left last game early (12% of usual snaps); low recent snap share; low workload last game,,0,,,0.4012903974979152,0.25099881706524946,0.18858566719480174,0.15912511824203365,1.8653730362449337,Antonio Williams,8.95755294117647,3.6997969981662613,Consider
J. Michael Sturdivant,WR,GB,1.7,176,0,Left last game early,0.5866248121538356,0.6351754930449874,1.3882559316009553,next-week model,High,left last game early (13% of usual snaps); low recent snap share; low workload last game,,0,,,0.41337518784616445,0.24593247426864875,0.18477911683848613,0.1559132210467007,1.8277209892924735,Skyy Moore,8.95755294117647,3.6360285024006327,Consider
Simi Fehoko,WR,ARI,0.0,225,0,Left last game early,0.5796785687923094,0.6290450820187181,1.3829770983557619,next-week model,High,left last game early (0% of usual snaps); low recent snap share; low workload last game,,0,,,0.4203214312076906,0.24024784411103894,0.1826727650079072,0.1567579596733632,1.8135294702241094,Marvin Harrison Jr.,8.95755294117647,3.6222025300406164,Consider
Malik McClain,WR,NYJ,0.0,231,0,Left last game early,0.5654921949978485,0.6165248897642914,1.3456801532605946,next-week model,High,left last game early (11% of usual snaps); low recent snap share; low workload last game,,0,,,0.43450780500215147,0.23707298398240925,0.17812261978335453,0.15029659123208478,1.76187902840973,Isaiah Williams,8.95755294117647,3.524516827907791,Consider
Ameer Abdullah,RB,JAX,1.7,98,0,Left last game early,0.5394189423213912,0.6143689783328633,1.3898564522914745,next-week model,High,left last game early (20% of usual snaps); low recent snap share; low workload last game,,0,,,0.4605810576786088,0.211306008907673,0.16328359685884014,0.16482933655487805,1.9458003571227347,Chris Rodriguez,12.799820143884892,11.031355606903194,Hedge
LaJohntay Wester,WR,BAL,1.5,183,0,Left last game early,0.5283498039870417,0.5837448514696596,1.2708495634176749,next-week model,High,left last game early (9% of usual snaps); low recent snap share; low workload last game,,0,,,0.4716501960129583,0.22150166832666107,0.1664232540796638,0.14042488158071684,1.6461561230083852,Rashod Bateman,8.95755294117647,3.3285254755016576,Consider
Quintin Morris,TE,JAX,0.8,107,0,Left last game early,0.5036082183361751,0.5677398544807095,1.419119209989919,next-week model,High,left last game early (6% of usual snaps); low recent snap share; low workload last game,,0,,,0.4963917816638249,0.15880590661268645,0.14812766139718292,0.19667465032630574,2.07374874998148,Brenton Strange,7.708998144712431,0.7921484650589197,Not needed
Corey Kiner,RB,NE,1.2,107,0,Left last game early,0.48401337327585114,0.5679795191033223,1.308896009895443,next-week model,High,left last game early (29% of usual snaps); low recent snap share; low workload last game,,0,,,0.5159866267241489,0.1801522313317703,0.1461600578480956,0.1577010840959852,1.839084243840211,TreVeyon Henderson,11.933093525179856,9.254313779601686,Hedge
Ja'Marr Chase,WR,CIN,15.1,15,1,Left last game early,0.4789486907400767,0.5401458708988667,1.178626109296372,next-week model,High,left last game early (21% of usual snaps); low workload last game; low games missed in the last 3 seasons,,0,,,0.5210513092599234,0.19850033550461446,0.15092999179991004,0.12951836343555215,1.5102354289670097,Dohnte Meyers,8.95755294117647,3.086979878510625,Consider
Marcus Mariota,QB,WAS,11.8,34,0,Left last game early,0.4578865180144727,0.49745831386173023,1.2289345773468787,next-week model,High,left last game early (22% of usual snaps); low recent snap share; low workload last game,,0,,,0.5421134819855273,0.14912769208698154,0.14060445320869827,0.16815437271879288,1.8582577559414317,,,,n/a (QB)
Rashee Rice,WR,KC,14.2,20,1,Left last game early,0.45532840997556806,0.5192997786867293,1.1307846642310628,next-week model,High,left last game early (13% of usual snaps); low workload last game; low recent snap share,Knee,0,,,0.5446715900244319,0.18871090764497625,0.14372128875571266,0.1228962135748791,1.463413535614074,Xavier Worthy,14.074739869281046,8.748113218844734,Hedge
Derius Davis,WR,LAC,0.4,205,0,Left last game early,0.39145809511631924,0.46293099601015897,1.0011336900179622,next-week model,Elevated,left last game early (39% of usual snaps); low recent snap share; low workload last game,,0,,,0.6085419048836808,0.16223984890013315,0.12335928300507333,0.10585896321111271,1.2343574492020923,Quentin Johnston,8.420973755656108,2.0849159239985133,Consider
Braxton Berrios,WR,NYG,0.0,217,0,Left last game early,0.38825945295669806,0.4601080325543949,1.0335607263924576,next-week model,Elevated,left last game early (26% of usual snaps); low recent snap share; low PPR points per game,,0,,,0.6117405470433019,0.14912894385112366,0.12233627172373254,0.11679423738184187,1.3069459899892324,Malachi Fields,8.95755294117647,2.7070341819400956,Consider
Ladd McConkey,WR,LAC,9.1,52,0,Left last game early,0.3549811506363257,0.43073824792947,0.9215646025563211,next-week model,Elevated,left last game early (56% of usual snaps); low workload last game; low recent snap share,Foot / Toe,0,,,0.6450188493636744,0.1488198093329706,0.11181440360161382,0.09434693770174127,1.1059990753528912,Quentin Johnston,8.420973755656108,1.9192089268602694,Not needed
Luke Schoonmaker,TE,DAL,2.0,86,0,Left last game early,0.3430967203616499,0.4279657364656453,1.0443732436778088,next-week model,Elevated,left last game early (33% of usual snaps); low recent snap share; low workload last game,,0,,,0.65690327963835,0.10819081926995106,0.10091597589118173,0.1339899252005171,1.4127974267841865,Jake Ferguson,5.987662337662338,0.0,Not needed
Chris Brooks,RB,GB,3.1,84,0,Left last game early,0.3074074704524282,0.4201125723350364,0.9446067904067696,next-week model,Elevated,left last game early (36% of usual snaps); low recent snap share; low PPR points per game,,0,,,0.6925925295475718,0.11304203746384954,0.09271079439992189,0.10165463858865681,1.1801023071919037,Chris Brooks,11.933093525179856,6.6786723854899614,Hedge
Jalen Nailor,WR,LV,4.0,124,0,Left last game early,0.2861320947425903,0.369975474523492,0.7874585345801652,next-week model,Elevated,left last game early (39% of usual snaps); low recent snap share; low workload last game,,0,,,0.7138679052574097,0.11858747691173033,0.09016814441325416,0.07737647341760581,0.8951667598713005,Jalen Nailor,7.368164705882353,0.8108821993438756,Not needed
Blake Corum,RB,LA,5.6,60,0,Left last game early,0.2845992857327828,0.40101594769280646,0.8965967080066953,next-week model,Elevated,left last game early (46% of usual snaps); low recent snap share; low PPR points per game,,0,,,0.7154007142672172,0.10465485133670059,0.08583209063561074,0.09411234376047149,1.0925442808013968,Blake Corum,11.933093525179856,6.33922573445287,Hedge
Keleki Latu,TE,BUF,0.0,118,0,Left last game early,0.266697585728025,0.36143703419022377,0.8659314443247115,next-week model,Elevated,left last game early (30% of usual snaps); low recent snap share; low workload last game,,0,,,0.7333024142719751,0.0841101348245634,0.07846616255204893,0.10412128835141263,1.106753742903949,Dawson Knox,5.808998144712431,0.0,Not needed
Payne Durham,TE,TB,0.2,112,0,Left last game early,0.2607290810096128,0.35623963404498804,0.8519981700203573,next-week model,Elevated,left last game early (33% of usual snaps); low recent snap share; low workload last game,,0,,,0.7392709189903872,0.08222780906148493,0.07671014492575817,0.10179112702236966,1.0819853711970562,Cade Otton,5.987662337662338,0.0,Not needed
David Moore,WR,CAR,0.0,233,0,Left last game early,0.2535233264367484,0.3411965875235877,0.748042009493265,next-week model,Elevated,left last game early (17% of usual snaps); low recent snap share; high games missed last season,,0,,,0.7464766735632515,0.09737732236838177,0.08006342110613607,0.07608258296223055,0.8694581827487242,Brycen Tremayne,8.95755294117647,1.9592223635406543,Not needed
Cameron Latu,TE,NE,0.0,117,0,Left last game early,0.24100431098983116,0.33906321760532265,0.8059513552414233,next-week model,Elevated,left last game early (23% of usual snaps); low recent snap share; low workload last game,,0,,,0.7589956890101688,0.07600708133641575,0.07090684150833496,0.09409038814508042,1.000130625539271,Hunter Henry,5.987662337662338,0.0,Not needed
Pat Bryant,WR,DEN,8.0,62,0,Left last game early,0.2366569103523504,0.3263111224231072,0.6831773460496244,next-week model,Elevated,left last game early (55% of usual snaps); low workload last game; low recent snap share,,0,,,0.7633430896476496,0.09921438423655464,0.07454382082489311,0.06289870529090266,0.7373414716707699,Courtland Sutton,8.95755294117647,1.7893331091812534,Not needed
David Martin-Robinson,TE,TEN,1.2,101,0,Left last game early,0.23132832230213143,0.3306373241222176,0.7833630838213388,next-week model,Elevated,left last game early (38% of usual snaps); low recent snap share; low workload last game,,0,,,0.7686716776978686,0.07295550248217998,0.06806003020650678,0.09031278961344467,0.9599767686261123,Gunnar Helm,5.987662337662338,0.0,Not needed
Ted Hurst,WR,TB,6.7,80,0,Left last game early,0.222156837651028,0.3135140750201547,0.6539641219281759,next-week model,Elevated,left last game early (54% of usual snaps); low workload last game; low PPR points per game,,0,,,0.777843162348972,0.09313547539630539,0.06997648822604358,0.05904487402867904,0.6921642362838633,Emeka Egbuka,8.95755294117647,1.7128197566108019,Not needed
Xavier Hutchinson,WR,HOU,7.2,72,0,Left last game early,0.2213006081359899,0.31275840917506204,0.6559347139777065,next-week model,Elevated,left last game early (49% of usual snaps); low recent snap share; low workload last game,,0,,,0.7786993918640102,0.09171806043459646,0.06973794817075005,0.05984459953064336,0.697811739170813,Kayshon Boutte,8.95755294117647,1.7179810015193213,Not needed
D'Andre Swift,RB,CHI,15.9,12,1,Left last game early,0.20942782191113127,0.33807708403249137,0.7552196418693642,next-week model,Elevated,left last game early (54% of usual snaps); low recent snap share; played through an injury last game,Knee,0,,,0.7905721780888687,0.07279235017298796,0.06292550574045735,0.07370996599768594,0.7679899710301412,Roschon Johnson,11.933093525179856,5.339644620763879,Hedge
Konata Mumpfield,WR,LA,5.8,91,0,Left last game early,0.20893380674042966,0.30184408157534937,0.6273237475305412,next-week model,Elevated,left last game early (48% of usual snaps); low workload last game; low recent snap share,,0,,,0.7910661932595704,0.08759194460490498,0.0658114070311015,0.055530455104423185,0.650965823539218,Konata Mumpfield,6.145443137254901,0.0,Not needed
Drew Sample,TE,CIN,2.8,66,0,Left last game early,0.1880625621909373,0.2929613100291132,0.7036615164133637,next-week model,Elevated,left last game early (44% of usual snaps); low recent snap share; low workload last game,,0,,,0.8119374378090627,0.05429356234405509,0.05389293281136051,0.0798760670355217,0.8292449406217364,Drew Sample,5.987662337662338,0.0,Not needed
Lamar Jackson,QB,BAL,19.8,10,1,Left last game early,0.17733310315296558,0.23738401052589242,0.5588721070536837,next-week model,Elevated,left last game early (52% of usual snaps); high workload last season; played through an injury last game,Back,0,,,0.8226668968470344,0.057755088571942864,0.054454156267244175,0.06512385831377852,0.719677477616287,,,,n/a (QB)
Roman Wilson,WR,PIT,11.2,33,1,Left last game early,0.1743350504441026,0.2713089295435308,0.5606555539941482,next-week model,Elevated,left last game early (54% of usual snaps); low recent snap share; low workload last game,,0,,,0.8256649495558974,0.0722531800846879,0.05493780073457791,0.04714406962483679,0.5497185288983685,D.K. Metcalf,8.95755294117647,1.4684321009895098,Not needed
Zach Ertz,TE,PHI,6.2,32,0,Left last game early,0.1740456977235852,0.28075536283540004,0.6347294078178185,next-week model,Elevated,left last game early (55% of usual snaps); low recent snap share; low workload last game,,0,,,0.8259543022764149,0.05837394307236756,0.05212811777136729,0.06354363687985035,0.6780662654771948,Johnny Mundt,8.532597402597403,0.8770668901865124,Not needed
Rashod Bateman,WR,BAL,8.5,56,0,Left last game early,0.17161202771560038,0.26890572428699566,0.5551313500681583,next-week model,Elevated,left last game early (54% of usual snaps); low workload last game; low PPR points per game,,0,,,0.8283879722843996,0.07112462302702237,0.05407970088791427,0.04640770380066374,0.5411322116623574,Rashod Bateman,8.95755294117647,1.4539634699030146,Not needed
Erick All,TE,CIN,2.5,77,0,Left last game early,0.1712867925970576,0.2783528961235834,0.6431981442757467,next-week model,Elevated,left last game early (51% of usual snaps); low recent snap share; low workload last game,,0,,,0.8287132074029424,0.054019818663441466,0.05039497179643007,0.06687200213718604,0.7108137042160159,Drew Sample,5.987662337662338,0.0,Not needed
Jackson Hawes,TE,BUF,3.0,61,0,Left last game early,0.16420851995699204,0.2721891051938373,0.626674153938469,next-week model,Elevated,left last game early (55% of usual snaps); low recent snap share; low workload last game,,0,,,0.835791480043008,0.05178749824533289,0.048312444914730066,0.06410857679692906,0.6814399672310997,Dawson Knox,5.808998144712431,0.0,Not needed
Mack Hollins,WR,NE,9.0,55,0,Left last game early,0.14033619310314766,0.24130321867569904,0.5082012985314744,next-week model,Normal,left last game early (57% of usual snaps); low workload last game; low recent snap share,,0,,,0.8596638068968523,0.05390258524856532,0.04421838675504345,0.04221522109953889,0.47239500140893936,Mack Hollins,8.95755294117647,1.3310473698365592,Not needed
Colson Yankoff,TE,WAS,0.9,105,0,Left last game early,0.12238384990330864,0.23576799865757858,0.5290358629358087,next-week model,Normal,left last game early (42% of usual snaps); low recent snap share; low workload last game,,0,,,0.8776161500966914,0.03859698274964452,0.03600704158623914,0.04777982556742497,0.5078740536092102,Ben Sinnott,5.987662337662338,0.0,Not needed
Durham Smythe,TE,BAL,0.6,109,0,Left last game early,0.1020163008258544,0.21803184738895398,0.49499843704374635,next-week model,Normal,left last game early (49% of usual snaps); low recent snap share; low workload last game,Foot / Toe,0,,,0.8979836991741456,0.029452052149406053,0.029234726901621773,0.043329521774826574,0.44983169608683293,Mark Andrews,5.987662337662338,0.0,Not needed
Ray Davis,RB,BUF,1.4,102,0,Active,0.31963927481890414,0.43035390366214477,0.9703541237765436,next-week model,Elevated,played 68% of his usual snaps last game; low recent snap share; low workload last game,Hamstring,0,,,0.6803607251810959,0.11754000260897318,0.09639977534137857,0.10569949686855241,1.2270588126169468,Ty Johnson,8.59989722507708,3.626333499210835,Consider
Tory Horton,WR,SEA,7.9,64,0,Active,0.27002382576672596,0.35575911258450355,0.7504015040466163,next-week model,Elevated,played 64% of his usual snaps last game; low recent snap share; low workload last game,,0,,,0.729976174233274,0.11320289596765777,0.08505396126586026,0.07176696853320794,0.841301294691021,Cooper Kupp,8.95755294117647,1.9654021962731898,Not needed
Tyjae Spears,RB,TEN,3.9,77,0,Active,0.2119967038781773,0.34022793361907055,0.7214078769096356,next-week model,Elevated,played 81% of his usual snaps last game; low recent snap share; low workload last game,Ankle,0,,,0.7880032961218227,0.08189248368860874,0.06804342120366055,0.062060798985908015,0.6685141985737931,Tony Pollard,20.416546762589928,11.220614607904094,Hedge
Omarion Hampton,RB,LAC,11.2,27,1,Active,0.20938809593929844,0.33804382264049704,0.7345813253610707,next-week model,Elevated,played 64% of his usual snaps last game; low recent snap share; high games missed last season,,0,,,0.7906119040607016,0.07793531084166318,0.0632300219476547,0.06822276314998058,0.7956027030480382,Keaton Mitchell,11.933093525179856,5.193725116535473,Hedge
Nate Adkins,TE,DEN,5.9,36,0,Active,0.17835807979514973,0.28451060409975226,0.659758173560935,next-week model,Elevated,played 66% of his usual snaps last game; low recent snap share; low workload last game,,0,,,0.8216419202048503,0.0562427608055022,0.052460949383696526,0.069654369605951,0.7344396528044516,Evan Engram,5.987662337662338,0.0,Not needed
KaVontae Turpin,WR,DAL,2.7,151,0,Active,0.1604789918044743,0.2590802571167201,0.5508847047092525,next-week model,Elevated,played 77% of his usual snaps last game; low recent snap share; low workload last game,,0,,,0.8395210081955257,0.06163935578604827,0.05056516048182962,0.04827447553659642,0.5401990169696248,George Pickens,8.95755294117647,1.4428409360725545,Not needed
D.J. Moore,WR,BUF,9.1,53,0,Active,0.15603784996494782,0.2551607248623423,0.5414737452968871,next-week model,Elevated,played 68% of his usual snaps last game; low recent snap share; low workload last game,Shoulder,0,,,0.8439621500350521,0.05993353050097662,0.0491658056671394,0.04693851379683181,0.5252493937886796,Keon Coleman,9.693164705882353,1.816506828326323,Not needed
J.K. Dobbins,RB,DEN,5.2,62,0,Active,0.14663789464358834,0.28550491807189293,0.6062519846071666,next-week model,Normal,played 76% of his usual snaps last game; low recent snap share; played through a soft-tissue injury,Hip / Groin,0,,,0.8533621053564117,0.053915658634060615,0.04421006765092743,0.04851216835860031,0.5597014239775365,J.K. Dobbins,11.933093525179856,4.28639559800411,Hedge
Myles Price,WR,MIN,2.2,164,0,Active,0.14635899838672464,0.24661864890148388,0.5012545933650756,next-week model,Normal,played 63% of his usual snaps last game; low recent snap share; low PPR points per game,,0,,,0.8536410016132754,0.06135852057224139,0.046101163644902896,0.038899314169580354,0.45600425993077537,Jordan Addison,8.95755294117647,1.3128530171903066,Not needed
Jared Wayne,WR,HOU,3.5,137,0,Active,0.14390869411703452,0.2444561314757595,0.49892951868925417,next-week model,Normal,played 61% of his usual snaps last game; low recent snap share; low workload last game,,0,,,0.8560913058829654,0.05964297348870902,0.04534961352427458,0.03891610710405091,0.4537772262329226,Kayshon Boutte,8.95755294117647,1.3067633347340268,Not needed
Dylan Laube,RB,LV,0.0,131,0,Active,0.13973691991975273,0.2797269341776686,0.5916687093587871,next-week model,Normal,played 71% of his usual snaps last game; low recent snap share; low workload last game,,0,,,0.8602630800802473,0.051385043159177586,0.0421431555768368,0.04620872118373835,0.5364341385539282,Mike Washington Jr.,11.933093525179856,4.183287173757647,Hedge
Jonnu Smith,TE,GB,4.6,48,0,Active,0.12496084943926063,0.23801206118149876,0.5506392062353994,next-week model,Normal,played 65% of his usual snaps last game; low recent snap share; low workload last game,,0,,,0.8750391505607393,0.036076131211635304,0.03580992720945256,0.05307479101817277,0.5510036179773743,Tucker Kraft,5.987662337662338,0.0,Not needed
Jerry Jeudy,WR,CLE,4.6,109,0,Active,0.1244470785697516,0.22728027161445652,0.45944768407690006,next-week model,Normal,played 66% of his usual snaps last game; low recent snap share; low workload last game,,0,,,0.8755529214302484,0.05157710486794273,0.039216719684590826,0.033653254017218026,0.38933377326633695,KC Concepcion,8.95755294117647,1.203355113879508,Not needed
Malik Benson,WR,LV,0.2,210,0,Active,0.11006113100389468,0.2145839454146664,0.4281254610615859,next-week model,Normal,low recent snap share; played 83% of his usual snaps last game; low workload last game,Knee,0,,,0.8899388689961053,0.04614125708255167,0.034667811800315466,0.029252062121027548,0.3429125994560468,Jalen Nailor,7.368164705882353,0.44086043926848556,Not needed
Kene Nwangwu,RB,NYJ,0.8,115,0,Active,0.104909279501502,0.25056677152478435,0.518403877325009,next-week model,Normal,low recent snap share; low workload last game; low PPR points per game,Back,0,,,0.895090720498498,0.03857292765213301,0.03162924805518035,0.034707103794188655,0.4004276880008756,Braelon Allen,11.974820143884893,3.6869125994571856,Consider
Chris Rodriguez,RB,JAX,5.7,58,0,Active,0.09884474458500687,0.24548911416828934,0.5055927356909469,next-week model,Normal,low recent snap share; low workload last game; low PPR points per game,,0,,,0.9011552554149931,0.036347884792904274,0.029810514296371025,0.03268634549573158,0.37945372949748246,Chris Rodriguez,12.799820143884892,4.012913168463091,Hedge
Greg Dulcich,TE,MIA,6.2,31,0,Active,0.0977793863448183,0.2143423236341756,0.47159756707346845,next-week model,Normal,played 74% of his usual snaps last game; low workload last game; low PPR points per game,,0,,,0.9022206136551817,0.03083731465388187,0.028768064031131878,0.03817400765980454,0.40576933428388073,Greg Dulcich,4.9925974025974025,0.0,Not needed
Bucky Irving,RB,TB,11.8,23,1,Active,0.09694974892595343,0.24390248983827734,0.49944275974608177,next-week model,Normal,played through a soft-tissue injury; high games missed last season; low recent snap share,Hip / Groin,0,,,0.9030502510740466,0.03608518805556075,0.029276424358836393,0.031588136511556286,0.3683756803809809,Kenneth Gainwell,11.933093525179856,3.531220187621836,Consider
Zonovan Knight,RB,ARI,6.4,52,0,Active,0.09625607810136307,0.24332169958577377,0.5001437228600835,next-week model,Normal,low recent snap share; low workload last game; low PPR points per game,,0,,,0.903743921898637,0.03539596214380665,0.029029800263033277,0.031830315694523145,0.36951613336358774,Tyler Allgeier,10.557040082219938,2.8479517294061534,Consider
Nico Collins,WR,HOU,20.5,6,1,Active,0.09320497410900232,0.1997075345677145,0.39023804099755144,next-week model,Normal,played through a soft-tissue injury; low workload last game; played through an injury last game,Hamstring,0,,,0.9067950258909977,0.038564197286584535,0.032145007245316805,0.022495769577100973,0.2647763933737165,Kayshon Boutte,8.95755294117647,1.0220857750283625,Not needed
TreVeyon Henderson,RB,NE,8.5,38,0,Active,0.09201298408461459,0.23976908131494123,0.4891186680602342,next-week model,Normal,played 76% of his usual snaps last game; low recent snap share; low PPR points per game,,0,,,0.9079870159153854,0.034247699153739534,0.027785643577493607,0.02997964135338144,0.3496176729858502,TreVeyon Henderson,11.933093525179856,3.4582255545662717,Consider
Dalton Kincaid,TE,BUF,11.5,13,0,Active,0.09078212924416451,0.2082490813922786,0.45526270479871167,next-week model,Normal,low workload last game; high injuries in the last 3 seasons; low recent snap share,,0,,,0.9092178707558355,0.028630544628080776,0.026709373055060232,0.03544221156102349,0.3767317992605705,Dawson Knox,5.808998144712431,0.0,Not needed
Sean Tucker,RB,TB,5.8,56,0,Active,0.08917342717021355,0.23739160352742328,0.48318039737616636,next-week model,Normal,low recent snap share; low workload last game; low PPR points per game,,0,,,0.9108265728297864,0.03319080167452183,0.026928167677472806,0.029054457818218908,0.3388283339528846,Kenneth Gainwell,11.933093525179856,3.416240079934896,Consider
Tyrone Tracy Jr.,RB,NYG,-0.1,138,0,Active,0.08830592827497825,0.2366652721256266,0.4927146467483775,next-week model,Normal,low recent snap share; low PPR points per game; low workload last game,Knee,0,,,0.9116940717250217,0.030693133293773336,0.026532745964103526,0.031080049017101388,0.3268801466903041,Najee Harris,11.933093525179856,3.4836502749972684,Consider
Isaiah Davis,RB,NYJ,1.1,110,0,Active,0.08388263494581483,0.23296177825148423,0.472115940029916,next-week model,Normal,low recent snap share; low workload last game; low PPR points per game,,0,,,0.9161173650541852,0.031221541985916108,0.025330479389757563,0.02733061357014116,0.3187251443416784,Braelon Allen,11.974820143884893,3.3577106264766305,Consider
Kaelon Black,RB,SF,3.4,81,0,Active,0.08114417114618393,0.2306689427662979,0.4663890820056038,next-week model,Normal,low recent snap share; low PPR points per game; low workload last game,,0,,,0.9188558288538161,0.03020227187652676,0.024503531108018964,0.0264383681616382,0.30831992435335026,Kaelon Black,11.933093525179856,3.2975201052106646,Consider
Ryan Miller,WR,MIA,4.9,106,0,Active,0.07984340489896631,0.18791527406800912,0.3689600849002105,next-week model,Normal,low recent snap share; low workload last game; low PPR points per game,,0,,,0.9201565951010336,0.033091107600243426,0.025160867290516885,0.021591430008205993,0.2517646277755805,Malik Washington,7.997514438502673,0.6121400663781129,Not needed
Nate Boerkircher,TE,JAX,1.5,96,0,Active,0.07532970893127419,0.19479304585783308,0.41918954727543944,next-week model,Normal,played 68% of his usual snaps last game; low recent snap share; low workload last game,,0,,,0.9246702910687258,0.023757215338896843,0.022163054719316767,0.029409438873060578,0.3126066442782648,Brenton Strange,7.708998144712431,0.23399045979043695,Not needed
Dareke Young,WR,LV,1.4,186,0,Active,0.07136353828226855,0.1804313629663289,0.3517569554641229,next-week model,Normal,low recent snap share; played 82% of his usual snaps last game; low workload last game,,0,,,0.9286364617177314,0.029576625984586644,0.022488626560628132,0.019298285737053764,0.2232614534016518,Jalen Nailor,7.368164705882353,0.36222028355223346,Not needed
Demond Claiborne,RB,MIN,0.8,114,0,Active,0.06942075716957784,0.22085327181358572,0.4418722972983126,next-week model,Normal,low recent snap share; low PPR points per game; low workload last game,,0,,,0.9305792428304221,0.025838757760341443,0.0209633502791282,0.0226186491301082,0.2637749858892129,DeeJay Dallas,12.942754367934224,3.570319745362056,Consider
Ian Thomas,TE,LV,4.7,44,0,Active,0.06900548617951807,0.18928588488549059,0.4149468679537339,next-week model,Normal,played 81% of his usual snaps last game; low recent snap share; low workload last game,,0,,,0.9309945138204819,0.019921847401853817,0.019774845067314768,0.029308793710349484,0.3042734801805548,Michael Mayer,8.712597402597401,0.6480625765268828,Not needed
Marvin Harrison Jr.,WR,ARI,4.9,105,0,Active,0.06829253368287282,0.17772104611187833,0.3439744764485043,next-week model,Normal,played 85% of his usual snaps last game; low workload last game; low PPR points per game,,0,,,0.9317074663171272,0.028630483120955275,0.021511251824231754,0.018150798737685787,0.2127760276041944,Marvin Harrison Jr.,8.95755294117647,0.9009152937835978,Not needed
Jalen Tolbert,WR,MIA,2.9,148,0,Active,0.06795827657696274,0.17742604731309886,0.3448486913925187,next-week model,Normal,low recent snap share; low workload last game; low PPR points per game,,0,,,0.9320417234230373,0.02816531491086862,0.0214155343250816,0.018377427341012508,0.2126080623865869,Malik Washington,7.997514438502673,0.572136958653712,Not needed
Ben Skowronek,WR,PIT,3.3,140,0,Active,0.0661182624339754,0.1758021417855241,0.3509304978150968,next-week model,Normal,low recent snap share; played 85% of his usual snaps last game; low workload last game,,0,,,0.9338817375660247,0.025395767111302918,0.0208331353104904,0.019889360012182077,0.22256508449461332,D.K. Metcalf,8.95755294117647,0.9191340468078119,Not needed
Tyler Badie,RB,DEN,4.4,72,0,Active,0.06569779635510657,0.21773614582983958,0.43585489825134516,next-week model,Normal,played 82% of his usual snaps last game; low recent snap share; low workload last game,,0,,,0.9343022036448935,0.024155692973506802,0.019807322168909174,0.021734781212690603,0.25076158015984684,J.K. Dobbins,11.933093525179856,3.0816336517952414,Consider
James Cook,RB,BUF,16.6,11,1,Active,0.06566935712184571,0.21771233449327898,0.4357602126147518,next-week model,Normal,played 83% of his usual snaps last game; low recent snap share; high workload last season,,0,,,0.9343306428781543,0.02414839794579221,0.0198051734316608,0.021715785744392705,0.25209719118811036,Ty Johnson,8.59989722507708,1.6284898656152944,Not needed
Woody Marks,RB,HOU,7.7,40,0,Active,0.06540759869390006,0.2174931718327313,0.43520922428099984,next-week model,Normal,low recent snap share; low workload last game; low PPR points per game,,0,,,0.9345924013061,0.024052142295352873,0.019726229898636052,0.02162922649991114,0.25109233036188855,Woody Marks,11.933093525179856,3.0770685301387286,Consider
Dean Connors,RB,LA,0.0,129,0,Active,0.06522837763897799,0.21734311529575134,0.43310491378971405,next-week model,Normal,low recent snap share; low workload last game; low PPR points per game,,0,,,0.9347716223610221,0.024278332844981185,0.019697355435707994,0.021252689358288807,0.24784538649252388,Blake Corum,11.933093525179856,3.062190381356212,Consider
Calvin Ridley,WR,TEN,3.6,133,0,Active,0.06450410367959855,0.1743775650595215,0.34751003004544434,next-week model,Normal,low recent snap share; high games missed last season; low workload last game,,0,,,0.9354958963204014,0.024775775019893077,0.02032453168866767,0.019403796971037803,0.21713155726128125,Elic Ayomanor,8.95755294117647,0.9101753829052153,Not needed
Kalif Raymond,WR,CHI,12.2,27,1,Active,0.06427547174279506,0.1741757858137638,0.34702554971237365,next-week model,Normal,played 78% of his usual snaps last game; low workload last game; low recent snap share,,0,,,0.935724528257205,0.02468795838334632,0.02025249228683852,0.019335021072610228,0.21636194407939144,Rome Odunze,11.114531764705882,1.657433225879041,Not needed
Dare Ogunbowale,RB,HOU,1.7,97,0,Active,0.06425662399823483,0.2165294944508619,0.44299466505341606,next-week model,Normal,low recent snap share; low workload last game; low PPR points per game,,0,,,0.9357433760017652,0.021966929961958728,0.01913147543811912,0.02315821859815698,0.26004109117525975,Woody Marks,11.933093525179856,3.132114088590847,Consider
Foster Moreau,TE,HOU,4.7,45,0,Active,0.06400279144200972,0.18492951631714782,0.4028152811478222,next-week model,Normal,played 83% of his usual snaps last game; low recent snap share; low workload last game,,0,,,0.9359972085579903,0.018477572074245444,0.01834122697648735,0.02718399239127693,0.28221454802402113,Dalton Schultz,5.987662337662338,0.0,Not needed
DeMario Douglas,WR,NE,4.3,116,0,Active,0.06376389064772127,0.17372428962757458,0.33633952877154516,next-week model,Normal,played 82% of his usual snaps last game; low recent snap share; low workload last game,,0,,,0.9362361093522787,0.02642695121912589,0.020093767200240184,0.017243172228355187,0.20106221941261676,Mack Hollins,8.95755294117647,0.8809183416828805,Not needed
Cade Stover,TE,HOU,2.6,72,0,Active,0.06279945557368143,0.18388164615336577,0.38993809060894613,next-week model,Normal,low recent snap share; low workload last game; low PPR points per game,,0,,,0.9372005444263186,0.019805468657665755,0.018476478801910872,0.024517508114104795,0.260608030323083,Dalton Schultz,5.987662337662338,0.0,Not needed
Justice Hill,RB,BAL,3.9,78,0,Active,0.06055943579783113,0.2134339471215746,0.425037495182661,next-week model,Normal,low recent snap share; low workload last game; low PPR points per game,,0,,,0.9394405642021688,0.02226642625689074,0.01825815052808504,0.020034859012855358,0.23114899824296087,Justice Hill,11.933093525179856,3.005151149349515,Consider
Luther Burden,WR,CHI,11.7,28,1,Active,0.05973843980863908,0.1701716257018765,0.3267405862017947,next-week model,Normal,low recent snap share; low workload last game; low PPR points per game,,0,,,0.9402615601913609,0.025044324765510675,0.018816824519612536,0.015877290523515865,0.18612441554415893,Rome Odunze,11.114531764705882,1.5605499487369294,Not needed
Christian Watson,WR,GB,19.3,8,1,Active,0.05905518207746745,0.16956861620293506,0.3267869583512292,next-week model,Normal,played 83% of his usual snaps last game; low workload last game; high injuries in the last 3 seasons,,0,,,0.9409448179225326,0.024475426454448994,0.01860992277256586,0.015969832850452587,0.18475465341087957,Skyy Moore,8.95755294117647,0.8558988783916968,Not needed
Quentin Johnston,WR,LAC,4.5,110,0,Active,0.05812076043027438,0.16874394184717245,0.3234814556298147,next-week model,Normal,low workload last game; low PPR points per game; last injury was soft-tissue,,0,,,0.9418792395697256,0.024366140202137194,0.018307276746199103,0.015447343481938082,0.1810842834315619,Quentin Johnston,8.420973755656108,0.6736679073788023,Not needed
Jonathan Mingo,WR,DAL,1.0,194,0,Active,0.05780915329152455,0.16846893278978226,0.32425913622211006,next-week model,Normal,low recent snap share; low PPR points per game; low workload last game,,0,,,0.9421908467084754,0.02395900969240318,0.018217264606710522,0.01563287899241084,0.1822855623314053,George Pickens,8.95755294117647,0.8492781731591417,Not needed
Rasheen Ali,RB,BAL,0.4,122,0,Active,0.056600307551983815,0.21011908506873112,0.4166703191185631,next-week model,Normal,low recent snap share; low workload last game; low PPR points per game,,0,,,0.9433996924480161,0.020813463242582108,0.01707004539838068,0.01871679891102103,0.217282141619925,Justice Hill,11.933093525179856,2.945992536166395,Consider
Jacob Saylors,RB,DET,0.0,133,0,Active,0.056131255906068184,0.20972636187177474,0.4156829889804087,next-week model,Normal,low recent snap share; low workload last game; low PPR points per game,,0,,,0.9438687440939318,0.020640980271846104,0.016928584455211577,0.018561691179010506,0.21548150571240288,Sione Vaki,11.933093525179856,2.9390117960361923,Consider
Blake Whiteheart,TE,CLE,2.8,64,0,Active,0.05556796529271875,0.17758443262841017,0.37305641882219254,next-week model,Normal,played 82% of his usual snaps last game; low recent snap share; low workload last game,,0,,,0.9444320347072812,0.017524827005609075,0.016348873145749312,0.021694265141360355,0.2305984638195796,Blake Whiteheart,4.4907467532467535,0.0,Not needed
Mark Andrews,TE,BAL,9.7,18,0,Active,0.055407575745543135,0.17744476470568682,0.3819717936259044,next-week model,Normal,low workload last game; low recent snap share; played through an injury last game,Hand / Wrist,0,,,0.9445924242544569,0.015996137843848693,0.01587810312752839,0.023533334774166047,0.24431471805886854,Mark Andrews,5.987662337662338,0.0,Not needed
George Holani,RB,SEA,4.8,65,0,Active,0.05502545052343295,0.20880050343195977,0.4133553242323661,next-week model,Normal,low recent snap share; low PPR points per game; low workload last game,Chest / Ribs,0,,,0.944974549476567,0.020234345737859,0.016595085417842912,0.018196019367731048,0.21123644464920727,Emanuel Wilson,13.619856115107913,3.6197867584233934,Consider
Marquez Valdes-Scantling,WR,LAC,1.8,175,0,Active,0.05487613198813433,0.16588039317163739,0.32710796812403675,next-week model,Normal,low recent snap share; low workload last game; low PPR points per game,,0,,,0.9451238680118657,0.02107770858817452,0.017290863990365075,0.016507559409594738,0.18472220084236005,Quentin Johnston,8.420973755656108,0.681220318932995,Not needed
Malachi Fields,WR,NYG,6.7,81,0,Active,0.05487377183155693,0.1658783102141087,0.3169397639012297,next-week model,Normal,low workload last game; low PPR points per game; low years in league,,0,,,0.945126228168443,0.023004895461955173,0.017284517951778544,0.014584358417823214,0.17096778462190543,Malachi Fields,8.95755294117647,0.8301077552465653,Not needed
Julius Chestnut,RB,TEN,0.1,127,0,Active,0.05389627220281175,0.20785507551614357,0.41097846062468457,next-week model,Normal,low recent snap share; low workload last game; low PPR points per game,,0,,,0.9461037277971882,0.019819116342700945,0.01625453735318499,0.01782261850692582,0.20690165753608025,Tony Pollard,20.416546762589928,6.3922658268907515,Hedge
Jalen Brooks,WR,ARI,0.0,219,0,Active,0.05360904428198364,0.16476212419648728,0.3157383631719146,next-week model,Normal,low recent snap share; low workload last game; low PPR points per game,,0,,,0.9463909557180163,0.02221827406942539,0.016893693980827414,0.01449707623173083,0.16904165217073502,Marvin Harrison Jr.,8.95755294117647,0.8269611255832893,Not needed
Jeremiyah Love,RB,ARI,12.2,21,1,Active,0.05345448775496393,0.20748518234502855,0.4084825705004863,next-week model,Normal,low recent snap share; low years in league; low games missed in the last 3 seasons,,0,,,0.946545512245036,0.01989603134016134,0.016141932132220396,0.01741652428258219,0.20310865695166627,Tyler Allgeier,10.557040082219938,2.326008684936706,Consider
Ben Sinnott,TE,WAS,2.0,87,0,Active,0.05341373682467424,0.17570852100884715,0.36802744463592474,next-week model,Normal,played 80% of his usual snaps last game; low workload last game; low recent snap share,Chest / Ribs,0,,,0.9465862631753258,0.016845434102986726,0.01571506897880717,0.020853233742880346,0.22165874877277797,Ben Sinnott,5.987662337662338,0.0,Not needed
Chig Okonkwo,TE,WAS,5.2,40,0,Active,0.05262982293441992,0.17502588534727337,0.3661974239223258,next-week model,Normal,played through a soft-tissue injury; low workload last game; low recent snap share,Hamstring,0,,,0.94737017706558,0.016598206131949227,0.015484430540249151,0.020547186262221538,0.2184056273401823,Ben Sinnott,5.987662337662338,0.0,Not needed
Ashton Jeanty,RB,LV,18.5,10,1,Active,0.052541632916791495,0.2067208757414255,0.39715680461841635,next-week model,Normal,played 84% of his usual snaps last game; played through an injury last game; low games missed in the last 3 seasons,Ankle,0,,,0.9474583670832085,0.020546676895222108,0.01689194339626162,0.015103012625307765,0.163479354773745,Mike Washington Jr.,11.933093525179856,2.8080257421950456,Consider
Anthony Gould,WR,IND,0.1,213,0,Active,0.051827847636744376,0.16319012808497624,0.31212484449004774,next-week model,Normal,low recent snap share; low workload last game; low PPR points per game,,0,,,0.9481721523632556,0.021480056931524143,0.016332389606773107,0.014015401098447119,0.16342512929134087,Laquon Treadwell,8.118164705882352,0.5555029130382344,Not needed
Devin Duvernay,WR,ARI,0.0,224,0,Active,0.051267576214047025,0.16269566022247206,0.3109882202670884,next-week model,Normal,low recent snap share; low workload last game; low PPR points per game,,0,,,0.948732423785953,0.0212478523811636,0.016155832570772508,0.013863891262110913,0.1603910603851331,Marvin Harrison Jr.,8.95755294117647,0.8145198641420315,Not needed
Kameron Johnson,WR,TB,0.3,207,0,Active,0.05081128008249895,0.1622929558122609,0.3087550820447076,next-week model,Normal,low recent snap share; low PPR points per game; low workload last game,,0,,,0.9491887199175011,0.02130176489733835,0.016004886367839137,0.013504628817321467,0.15831045870464847,Emeka Egbuka,8.95755294117647,0.8086709755894624,Not needed
Austin Ekeler,RB,WAS,5.0,64,0,Active,0.05060492109860236,0.20509932369391548,0.41314584083401296,next-week model,Normal,low recent snap share; high games missed last season; low PPR points per game,,0,,,0.9493950789013976,0.01729992471334913,0.015066879409544808,0.018238116975708422,0.2047938108556711,Jacory Croskey-Merritt,11.933093525179856,2.9210733464767378,Consider
Cooper Kupp,WR,SEA,6.6,82,0,Active,0.05023330711284472,0.1617828654394301,0.3026295960153509,next-week model,Normal,low workload last game; low recent snap share; low PPR points per game,,0,,,0.9497666928871553,0.02197794936617328,0.01579371870894501,0.01246163903772643,0.14781907413975617,Cooper Kupp,8.95755294117647,0.7926275060196167,Not needed
Darnell Mooney,WR,NYG,4.1,122,0,Active,0.050084730024380804,0.16165173864556992,0.3085885768500867,next-week model,Normal,low workload last game; low PPR points per game; low recent snap share,,0,,,0.9499152699756191,0.020757621652823386,0.015783084990168384,0.013544023381389032,0.1566905157398979,Malachi Fields,8.95755294117647,0.808234876150117,Not needed
Zavion Thomas,WR,CHI,0.4,206,0,Active,0.04941704255868056,0.16106247069326896,0.3059461186621912,next-week model,Normal,low recent snap share; low workload last game; low PPR points per game,,0,,,0.9505829574413195,0.020717254530836955,0.015565719846108923,0.013134068181734685,0.15396649449865815,Rome Odunze,11.114531764705882,1.4612332227979656,Not needed
Kenneth Gainwell,RB,TB,5.2,61,0,Active,0.04851066531661137,0.203345864702545,0.3996721271193257,next-week model,Normal,low recent snap share; low workload last game; low PPR points per game,,0,,,0.9514893346833886,0.01783634767587645,0.014625549559693312,0.016048768081041616,0.18516010831851,Kenneth Gainwell,11.933093525179856,2.825809877454322,Consider
Hunter Henry,TE,NE,6.3,30,0,Active,0.04756191350962512,0.17061272754256984,0.36294598104708037,next-week model,Normal,played 81% of his usual snaps last game; low workload last game; low PPR points per game,,0,,,0.9524380864903749,0.013731099301495256,0.013629778193447843,0.020201036014682018,0.20971997661130384,Hunter Henry,5.987662337662338,0.0,Not needed
Charlie Jones,WR,NYG,0.3,208,0,Active,0.04679083365558331,0.1587447085333643,0.3019062399522512,next-week model,Normal,low recent snap share; low workload last game; low PPR points per game,,0,,,0.9532091663444167,0.01939246595459313,0.014745087055224326,0.012653280645765845,0.14638553215369482,Malachi Fields,8.95755294117647,0.7907329394609983,Not needed
Mike Evans,WR,SF,12.6,25,1,Active,0.046536888203337456,0.1585205888301674,0.29538013536787133,next-week model,Normal,low recent snap share; high games missed last season; was listed Questionable/Doubtful last week,Chest / Ribs,0,,,0.9534631117966625,0.020360701522092097,0.014631537601576608,0.011544649079668753,0.13694180461002747,Jacob Cowing,8.95755294117647,0.7736401961574723,Not needed
Kaden Wetjen,WR,PIT,0.0,238,0,Active,0.04647712242579575,0.15846784250923296,0.3000230762395632,next-week model,Normal,low recent snap share; low workload last game; low PPR points per game,,0,,,0.9535228775742043,0.019484743021857393,0.014639683588393177,0.01235269581554518,0.14480671533079714,D.K. Metcalf,8.95755294117647,0.7858006810941107,Not needed
Jacory Croskey-Merritt,RB,WAS,7.7,42,0,Active,0.04640025829654534,0.20157888275286728,0.3951997281330114,next-week model,Normal,low recent snap share; low PPR points per game; low games missed in the last 3 seasons,,0,,,0.9535997417034546,0.01706262937908034,0.013993819996316569,0.01534380892114843,0.17812531292575456,Jacory Croskey-Merritt,11.933093525179856,2.794188584965065,Consider
Jake Ferguson,TE,DAL,9.1,24,0,Active,0.04604114572694809,0.16928843627240087,0.3508380155501135,next-week model,Normal,low workload last game; short week next (Thursday game); low PPR points per game,,0,,,0.9539588542730519,0.01451844037178533,0.013542208002704136,0.017980497352458626,0.18958739139407613,Jake Ferguson,5.987662337662338,0.0,Not needed
Bo Melton,WR,GB,0.5,203,0,Active,0.045685961271691326,0.15776960278306074,0.29966478221599097,next-week model,Normal,low recent snap share; low workload last game; low PPR points per game,,0,,,0.9543140387283087,0.018934551478298294,0.014396911179468015,0.012354498613925012,0.1429289292414992,Skyy Moore,8.95755294117647,0.7848622609856182,Not needed
Alex Bachman,WR,LA,0.2,209,0,Active,0.045285363948432446,0.15741605538775882,0.3067847422473622,next-week model,Normal,low recent snap share; low workload last game; low PPR points per game,,0,,,0.9547146360515676,0.017393931934212747,0.014268918752433891,0.013622513261785808,0.1524380781121834,Konata Mumpfield,6.145443137254901,0.0,Not needed
Najee Harris,RB,NYG,2.9,85,0,Active,0.045283243451327795,0.2006436389585401,0.3928776792014925,next-week model,Normal,low recent snap share; high games missed last season; low PPR points per game,,0,,,0.9547167565486722,0.0166496927802939,0.013652509546066057,0.014981041124967844,0.1728413784419935,Najee Harris,11.933093525179856,2.777770955710025,Consider
Josh Downs,WR,IND,9.3,49,0,Active,0.04516174657906718,0.15730695680817375,0.2986013063835109,next-week model,Normal,low workload last game; low recurrence rate of his last injury type; low PPR points per game,,0,,,0.9548382534209329,0.01871729064352797,0.014231716617317949,0.012212739318221255,0.1424053787731333,Laquon Treadwell,8.118164705882352,0.5314344515063159,Not needed
Malachi Corley,WR,CLE,0.0,220,0,Active,0.0449735809850066,0.157140891156201,0.2969938988009112,next-week model,Normal,low recent snap share; low workload last game; low PPR points per game,,0,,,0.9550264190149934,0.018854408847376967,0.014166087767345247,0.011953084370284391,0.14012219774363327,KC Concepcion,8.95755294117647,0.7778668590552119,Not needed
Jaylen Waddle,WR,DEN,11.0,36,1,Active,0.044971033240952564,0.15713864264323818,0.2982144056940221,next-week model,Normal,low workload last game; played through an injury last game; low recent snap share,Foot / Toe,0,,,0.9550289667590475,0.01863824948038697,0.014171617564717357,0.012161166195848234,0.1406922706471765,Courtland Sutton,8.95755294117647,0.7810635303243272,Not needed
Tay Martin,WR,DET,0.0,230,0,Active,0.04436493155201147,0.15660372725321525,0.29698480548005723,next-week model,Normal,low recent snap share; low workload last game; low PPR points per game,,0,,,0.9556350684479885,0.018387050571337202,0.013980618143045617,0.011997262837628642,0.13879607621456652,Jameson Williams,8.95755294117647,0.7778430424281377,Not needed
Rashid Shaheed,WR,SEA,6.0,88,0,Active,0.0439706953083413,0.15625579383231947,0.29618501729531144,next-week model,Normal,low recent snap share; played through a soft-tissue injury; low workload last game,Hip / Groin,0,,,0.9560293046916587,0.018223659318475263,0.013856383388520195,0.011890652601345838,0.13756270467969015,Cooper Kupp,8.95755294117647,0.7757482898904948,Not needed
Roschon Johnson,RB,CHI,1.0,112,0,Active,0.043699101791423715,0.19931728357203482,0.3895139294611563,next-week model,Normal,low recent snap share; low PPR points per game; high games missed last season,,0,,,0.9563008982085763,0.016069341107984365,0.01317918017959456,0.014450580503844792,0.16775588039671085,Roschon Johnson,11.933093525179856,2.753988168278645,Consider
Nick Westbrook-Ikhine,WR,IND,1.1,190,0,Active,0.043319416973316836,0.15568100776762173,0.30261882099147897,next-week model,Normal,low recent snap share; low workload last game; low PPR points per game,,0,,,0.9566805830266831,0.01663881935721388,0.013649470541937865,0.01303112707416509,0.14582037313142313,Laquon Treadwell,8.118164705882352,0.5385846066679345,Not needed
Raheim Sanders,RB,CLE,5.1,63,0,Active,0.042914786028319656,0.1986605989689817,0.38644124374815675,next-week model,Normal,low recent snap share; high games missed last season; low workload last game,,0,,,0.9570852139716803,0.01597310092446778,0.012959203102148658,0.013982482001703218,0.16306141765937532,Raheim Sanders,9.974820143884893,1.9755056956262704,Not needed
Elic Ayomanor,WR,TEN,5.6,92,0,Active,0.042731343553229224,0.15516200323652096,0.29247647423503026,next-week model,Normal,low workload last game; low PPR points per game; last injury was soft-tissue,,0,,,0.9572686564467707,0.017914388943564608,0.013459812403940792,0.011357142205723826,0.13313615771919243,Elic Ayomanor,8.95755294117647,0.766035118159968,Not needed
Lew Nichols,RB,PIT,0.0,132,0,Active,0.042521084924616856,0.19833096457277444,0.38703426316858375,next-week model,Normal,low recent snap share; low workload last game; low PPR points per game,,0,,,0.9574789150753832,0.015636152459072742,0.012823902933477432,0.014061029532066685,0.16323360766084094,Travis Homer,9.616546762589929,1.8398731644716289,Not needed
Craig Reynolds,RB,WAS,0.4,123,0,Active,0.04171470680117046,0.1976558078019729,0.3937077937429052,next-week model,Normal,low recent snap share; low PPR points per game; low workload last game,,0,,,0.9582852931988295,0.014260693850179983,0.012419947375337624,0.015034065575652856,0.16881586986160965,Jacory Croskey-Merritt,11.933093525179856,2.783640131245106,Consider
Jeshaun Jones,WR,MIN,0.0,227,0,Active,0.04155501698780409,0.15412383555769782,0.29128432384073255,next-week model,Normal,low recent snap share; low workload last game; low PPR points per game,,0,,,0.9584449830121959,0.01722248118317874,0.013095136273413731,0.011237399531211612,0.1310325304560987,Jordan Addison,8.95755294117647,0.7629127163649216,Not needed
Elijah Sarratt,WR,BAL,2.3,161,0,Active,0.04093847232092213,0.1535797037115585,0.28886438550905386,next-week model,Normal,low recent snap share; low workload last game; low PPR points per game,,0,,,0.9590615276790778,0.017162758175361205,0.012895081495791008,0.010880632649769923,0.12755018809347018,Rashod Bateman,8.95755294117647,0.7565745732691537,Not needed
Michael Pittman Jr.,WR,PIT,7.0,75,0,Active,0.04069931671608735,0.1533686367965993,0.2895483622745622,next-week model,Normal,low workload last game; low recovery time vs. typical for that injury; low PPR points per game,,0,,,0.9593006832839126,0.016867836115113728,0.012825481428353349,0.011005999172620264,0.12732816815426198,D.K. Metcalf,8.95755294117647,0.7583660001651297,Not needed
RJ Harvey,RB,DEN,12.6,20,1,Active,0.040659997505433754,0.19677273061828082,0.38311676769724257,next-week model,Normal,low recent snap share; low recovery time vs. typical for that injury; last injury was soft-tissue,,0,,,0.9593400024945662,0.014951780301645448,0.012262618938569225,0.013445598265219086,0.15608910478317362,J.K. Dobbins,11.933093525179856,2.7087581868175072,Consider
Kayshon Boutte,WR,HOU,5.1,98,0,Active,0.04046251910652251,0.15315965093170558,0.2879054849428304,next-week model,Normal,low workload last game; low PPR points per game; low recurrence rate of his last injury type,,0,,,0.9595374808934775,0.01696322288597641,0.012745162479767291,0.010754133740778809,0.1260672817078956,Kayshon Boutte,8.95755294117647,0.7540630840614427,Not needed
Greg Dortch,WR,BUF,0.0,223,0,Active,0.0404037923516933,0.15310782160085656,0.28894883115903996,next-week model,Normal,low recent snap share; low workload last game; low PPR points per game,,0,,,0.9595962076483067,0.01674535601105214,0.012732353519754736,0.010926082820886421,0.12640361759667554,Keon Coleman,9.693164705882353,0.9693499073524211,Not needed
Romeo Doubs,WR,NE,11.1,34,1,Active,0.04029241229566414,0.15300952306911064,0.28872287412373765,next-week model,Normal,low workload last game; low recurrence rate of his last injury type; low recent snap share,,0,,,0.9597075877043358,0.016699194535057398,0.012697254580623742,0.010895963179982995,0.12705124733388518,Mack Hollins,8.95755294117647,0.7562039359689906,Not needed
Brock Wright,TE,DET,1.5,94,0,Active,0.03980985775414508,0.16386220331409485,0.3362898363716493,next-week model,Normal,played 78% of his usual snaps last game; low recent snap share; low workload last game,,0,,,0.960190142245855,0.012553489642515969,0.011709382243916471,0.015546985867712637,0.1639283072610429,Brock Wright,5.395373376623377,0.0,Not needed
George Pickens,WR,DAL,10.1,41,0,Active,0.0397006479261677,0.15248726108851152,0.28752236007036014,next-week model,Normal,low workload last game; short week next (Thursday game); last injury was soft-tissue,,0,,,0.9602993520738323,0.016453937729567,0.012510773245227322,0.010735936951373372,0.1251852781106832,George Pickens,8.95755294117647,0.7530596286289317,Not needed
Tom Kennedy,WR,DET,0.0,229,0,Active,0.03867788364856036,0.15158461989407157,0.29278322390658995,next-week model,Normal,low recent snap share; low workload last game; low PPR points per game,,0,,,0.9613221163514396,0.01485602448306583,0.012186974580260669,0.011634884585233863,0.13019619883252093,Jameson Williams,8.95755294117647,0.766838536696496,Not needed
Brandin Cooks,WR,SF,3.0,146,0,Active,0.0386191002443847,0.1515327405673097,0.2926586594925705,next-week model,Normal,low recent snap share; low workload last game; low PPR points per game,,0,,,0.9613808997556152,0.014833446006446826,0.012168452577895202,0.011617201660042677,0.1299983241026715,Jacob Cowing,8.95755294117647,0.766512285787388,Not needed
Tony Pollard,RB,TEN,9.6,32,0,Active,0.038349128932934094,0.19483790808553703,0.3863491116118719,next-week model,Normal,low recent snap share; played through an injury last game; low PPR points per game,Foot / Toe,0,,,0.9616508710670659,0.013110128994561399,0.01141789550403156,0.013821104434341135,0.1551956625299028,Tony Pollard,20.416546762589928,6.009186514671167,Hedge
Jonathan Taylor,RB,IND,21.6,6,1,Active,0.03736414460056024,0.19401320957028778,0.37620619746045103,next-week model,Normal,played 79% of his usual snaps last game; high workload last season,,0,,,0.9626358553994397,0.013738007288865345,0.01126496915769808,0.012361168153996821,0.14261501087059253,Seth McGowan,11.933093525179856,2.6598982431063534,Consider
Tee Higgins,WR,CIN,17.8,11,1,Active,0.037273611584380195,0.15034527878578063,0.28259862456588375,next-week model,Normal,low recurrence rate of his last injury type; frequently injured (3+ injuries in 3 seasons); high injuries in the last 3 seasons,,0,,,0.9627263884156199,0.015448052261162692,0.011745946903186297,0.010079612420031202,0.11661081970097673,Dohnte Meyers,8.95755294117647,0.7401637048838682,Not needed
Tyler Warren,TE,IND,12.1,11,1,Active,0.03707072412329514,0.16147695370762616,0.3298752290189386,next-week model,Normal,low workload last game; low games missed in the last 3 seasons; low PPR points per game,,0,,,0.9629292758767048,0.011691232957895136,0.010906725897200265,0.014472765268199735,0.15383777308526758,Mo Alie-Cox,5.987662337662338,0.0,Not needed
LeQuint Allen,RB,JAX,1.1,109,0,Active,0.03682358630690748,0.19356061595277652,0.37370292089467966,next-week model,Normal,low recent snap share; low workload last game; low PPR points per game,Hip / Groin,0,,,0.9631764136930925,0.013705925507654537,0.011119811562984493,0.011997849236268449,0.13991695502208246,Chris Rodriguez,12.799820143884892,2.966097545491758,Consider
Dalton Schultz,TE,HOU,10.6,15,0,Active,0.036662248907221875,0.16112125169388813,0.336514180943835,next-week model,Normal,low workload last game; low recent snap share; low PPR points per game,,0,,,0.9633377510927781,0.010584371889480932,0.010506270328616733,0.01557160668912421,0.16165888661700678,Dalton Schultz,5.987662337662338,0.0,Not needed
John Bates,TE,WAS,2.7,71,0,Active,0.03653321022784565,0.1610088842446571,0.3286398520465254,next-week model,Normal,low recent snap share; low workload last game; low PPR points per game,,0,,,0.9634667897721544,0.011520244031903543,0.010745612953381178,0.014267353242560928,0.15043578775005767,Ben Sinnott,5.987662337662338,0.0,Not needed
Brashard Smith,RB,KC,2.2,92,0,Active,0.035724362989424385,0.19264026848321747,0.371354436501037,next-week model,Normal,low recent snap share; low workload last game; low PPR points per game,,0,,,0.9642756370105756,0.013296789016164188,0.010817127838323469,0.011610446134936728,0.13977762056214404,Emmett Johnson,11.933093525179856,2.6255947400300275,Consider
Jakobi Meyers,WR,JAX,10.4,39,0,Active,0.03554764846048063,0.14882202904991715,0.28615012877686596,next-week model,Normal,low workload last game; played through an injury last game; low PPR points per game,Hand / Wrist,0,,,0.9644523515395194,0.01365371333764726,0.011200671994162862,0.010693263128670505,0.11965930579455472,Jakobi Meyers,8.95755294117647,0.7494655708032418,Not needed
Cam Skattebo,RB,NYG,11.1,29,1,Active,0.03553999720095422,0.19248590441161073,0.3710185938013878,next-week model,Normal,high games missed last season; low recent snap share; low PPR points per game,,0,,,0.9644600027990458,0.013228167135017918,0.010732199425928127,0.011579630640008179,0.13503975817037855,Najee Harris,11.933093525179856,2.623220224637173,Consider
Britain Covey,WR,PHI,0.0,221,0,Active,0.035414311816857266,0.14870435271931204,0.2858675830292493,next-week model,Normal,low recent snap share; low workload last game; low PPR points per game,,0,,,0.9645856881831427,0.01360249925209498,0.011158659088254665,0.01065315347650762,0.11921047244259095,Dontayvion Wicks,8.95755294117647,0.7487255455901808,Not needed
Gunnar Helm,TE,TEN,4.2,52,0,Active,0.035373810640757966,0.15999927398771507,0.3259138413450696,next-week model,Normal,low workload last game; low PPR points per game; low years in league,,0,,,0.964626189359242,0.01115606642681385,0.010407470199800324,0.013810274014143788,0.14679584451641498,Gunnar Helm,5.987662337662338,0.0,Not needed
Wan'Dale Robinson,WR,TEN,10.1,42,0,Active,0.03531185816473956,0.1486139321904112,0.27861880984411536,next-week model,Normal,low workload last game; low recent snap share; low PPR points per game,,0,,,0.9646881418352604,0.014635003349025,0.01112774409093455,0.009549110724780003,0.11134641412348943,Elic Ayomanor,8.95755294117647,0.7297400362841341,Not needed
Gavin Bartholomew,TE,MIN,1.4,97,0,Active,0.035157448491266896,0.15981086487685026,0.32540875115579004,next-week model,Normal,low recent snap share; low workload last game; low PPR points per game,,0,,,0.9648425515087331,0.01108783090261535,0.010343813427108764,0.013725804161542777,0.14589797505082416,Gavin Bartholomew,5.987662337662338,0.0,Not needed
Sam LaPorta,TE,DET,14.2,5,1,Active,0.03488972199981589,0.15957772747121857,0.3247837526310471,next-week model,Normal,high games missed last season; high workload last game; high injuries in the last 3 seasons,,0,,,0.9651102780001841,0.011003396275168007,0.010265044546091942,0.013621281178555936,0.14478695150826343,Brock Wright,5.395373376623377,0.0,Not needed
Isaiah Likely,TE,NYG,13.2,6,1,Active,0.03440930365730716,0.1591593770667319,0.32366223210575235,next-week model,Normal,last injury was soft-tissue; low workload last game; played on artificial turf,,0,,,0.9655906963426928,0.010851883649171423,0.010123698745553956,0.01343372126258178,0.14279328967109378,Chris Manhertz,5.987662337662338,0.0,Not needed
Ryan Flournoy,WR,DAL,5.9,90,0,Active,0.03359987122121898,0.1471030171404838,0.27514569708025616,next-week model,Normal,low workload last game; low PPR points per game; short week next (Thursday game),,0,,,0.966400128778781,0.013925470179316893,0.010588249609912278,0.009086151431989802,0.10594812535890678,George Pickens,8.95755294117647,0.7206434880800285,Not needed
Theo Johnson,TE,NYG,4.6,47,0,Active,0.033383251774952834,0.1582658865772435,0.32126694836186265,next-week model,Normal,low recent snap share; low workload last game; low PPR points per game,,0,,,0.9666167482250472,0.010528291060486241,0.009821819920637432,0.013033140793829157,0.13853533301164594,Chris Manhertz,5.987662337662338,0.0,Not needed
Dawson Knox,TE,BUF,3.8,55,0,Active,0.03333155636823709,0.15822086998983187,0.32843721687134364,next-week model,Normal,low workload last game; low PPR points per game; low games missed in the last 3 seasons,,0,,,0.966668443631763,0.009622802713205167,0.00955179652411458,0.014156957130917342,0.14697249765929646,Dawson Knox,5.808998144712431,0.0,Not needed
Tyler Allgeier,RB,ARI,7.7,41,0,Active,0.03320431085276125,0.19053030268259608,0.36742292204736815,next-week model,Normal,low recent snap share; low PPR points per game; low workload last game,,0,,,0.9667956891472388,0.012210122759394686,0.010014063848646223,0.010980124244720344,0.127467571911609,Tyler Allgeier,10.557040082219938,2.092204097423009,Consider
Mitchell Tinsley,WR,CIN,4.9,104,0,Active,0.03311340873559007,0.14667368939733505,0.274158809257092,next-week model,Normal,low recent snap share; low PPR points per game; low workload last game,,0,,,0.9668865912644099,0.013723855750726356,0.010434951813328928,0.008954601171534784,0.10441419720571589,Dohnte Meyers,8.95755294117647,0.718058696492242,Not needed
Brock Bowers,TE,LV,19.4,1,1,Active,0.032760268524078026,0.1577233900238626,0.3198126148342909,next-week model,Normal,played through an injury last game; high games missed last season; low workload last game,Knee,0,,,0.967239731475922,0.010331816821390725,0.009638529528649417,0.01278992217403788,0.1359500488487241,Michael Mayer,8.712597402597401,0.49948223057420266,Not needed
Hunter Long,TE,ARI,0.9,106,0,Active,0.03231291124470705,0.1573338293384865,0.3187867260055903,next-week model,Normal,low recent snap share; low workload last game; low PPR points per game,,0,,,0.967687088755293,0.010189430947859436,0.009504284881264759,0.012619195415582858,0.13305751745545014,Elijah Higgins,5.290746753246753,0.0,Not needed
Isaiah Bond,WR,CLE,2.6,153,0,Active,0.032015345279232284,0.14570459286989634,0.2708870059812071,next-week model,Normal,low recent snap share; low workload last game; low PPR points per game,,0,,,0.9679846547207677,0.01342188894155049,0.01008441358669363,0.008509042750988165,0.09974879571059403,KC Concepcion,8.95755294117647,0.7094894048403444,Not needed
Jeremy Ruckert,TE,NYJ,5.5,39,0,Active,0.0318457748220712,0.15692704488820985,0.31767775992492675,next-week model,Normal,low recent snap share; low workload last game; low PPR points per game,Knee,0,,,0.9681542251779288,0.01004340705434301,0.009369472681814407,0.012432895085913786,0.13215504138813808,Kenyon Sadiq,5.987662337662338,0.0,Not needed
David Montgomery,RB,HOU,11.1,28,1,Active,0.031728450312618374,0.18929460790434793,0.37187330051314926,next-week model,Normal,low recent snap share; low workload last game; low PPR points per game,,0,,,0.9682715496873816,0.010846767266171994,0.009446684716304367,0.011434998330142016,0.12840233935757261,Woody Marks,11.933093525179856,2.6292632746887996,Consider
Harold Fannin,TE,CLE,12.6,9,1,Active,0.03108401095576011,0.15626369756485314,0.3158994477001386,next-week model,Normal,low workload last game; last injury was soft-tissue; low years in league,,0,,,0.9689159890442399,0.009803164678976153,0.009145351090323139,0.012135495186460813,0.1289938391299798,Blake Whiteheart,4.4907467532467535,0.0,Not needed
Josiah Deguara,TE,PHI,1.6,92,0,Active,0.03092014470352993,0.15612100211208535,0.32258951848674194,next-week model,Normal,low recent snap share; low workload last game; low PPR points per game,,0,,,0.9690798552964701,0.008926629439642965,0.008860760278981169,0.013132754984905796,0.1363395949729849,Johnny Mundt,8.532597402597403,0.4457530757218975,Not needed
Kyle Williams,WR,NE,1.6,180,0,Active,0.03077890793618303,0.14461337439012,0.26839596183552283,next-week model,Normal,low recent snap share; low workload last game; low PPR points per game,,0,,,0.969221092063817,0.012903533616725745,0.009694952050902246,0.008180422268555042,0.09589648255060532,Mack Hollins,8.95755294117647,0.7029650260797214,Not needed
Patrick Herbert,TE,LAC,0.0,114,0,Active,0.030693675865334884,0.15592379205227014,0.3149882235088044,next-week model,Normal,low recent snap share; low workload last game; low PPR points per game,,0,,,0.9693063241346651,0.009680062188217558,0.009030509043397719,0.011983104633719606,0.12737400885991723,Oronde Gadsden II,5.987662337662338,0.0,Not needed
Parker Washington,WR,JAX,12.8,24,1,Active,0.03051823408869134,0.14438331653787517,0.2678707835356457,next-week model,Normal,low workload last game; last injury was soft-tissue; low PPR points per game,,0,,,0.9694817659113086,0.012794250540110928,0.0096128432100819,0.008111140338498513,0.09508431256981142,Jakobi Meyers,8.95755294117647,0.7015895136661037,Not needed
Kendrick Bourne,WR,ARI,7.3,70,0,Active,0.030122761381527054,0.14403429187541994,0.27465457336309396,next-week model,Normal,low workload last game; low recent snap share; low PPR points per game,,0,,,0.969877238618473,0.011570035337188684,0.009491349903721842,0.009061376140616528,0.10139823227788876,Marvin Harrison Jr.,8.95755294117647,0.7193571691865466,Not needed
Sione Vaki,RB,DET,3.3,83,0,Active,0.029863485772794685,0.18773312775036577,0.36039065317788294,next-week model,Normal,played 66% of his usual snaps last game; low recent snap share; low workload last game,,0,,,0.9701365142272054,0.010981611060268001,0.009006506853824217,0.009875367858702468,0.11464252449493204,Sione Vaki,11.933093525179856,2.548077282327535,Consider
Luke Farrell,TE,SF,1.0,102,0,Active,0.029251163531735718,0.15466764597115457,0.31163846796937517,next-week model,Normal,played 84% of his usual snaps last game; low recent snap share; low workload last game,,0,,,0.9707488364682643,0.009223951029791138,0.008603724660049562,0.011423487841895022,0.12044990848212994,Luke Farrell,5.987662337662338,0.0,Not needed
Javonte Williams,RB,DAL,20.4,7,1,Active,0.028684328043670302,0.18674585354052142,0.3579085854274765,next-week model,Normal,short week next (Thursday game); played on artificial turf; low games missed in the last 3 seasons,,0,,,0.9713156719563297,0.010548002885439688,0.008650885535874344,0.009485439622356272,0.1101158721184141,Tyler Goodson,7.283213429256595,0.8662962612601919,Not needed
Germie Bernard,WR,PIT,4.3,114,0,Active,0.028599899817738462,0.14269028953685514,0.26400592505172293,next-week model,Normal,low recent snap share; low workload last game; low PPR points per game,,0,,,0.9714001001822615,0.011990021527025701,0.009008593091362545,0.007601285199350218,0.08910744330199705,D.K. Metcalf,8.95755294117647,0.6914669308732593,Not needed
Cade Otton,TE,TB,7.7,26,0,Active,0.028548919936332462,0.15405612916134448,0.30999894084473484,next-week model,Normal,low workload last game; low PPR points per game; short week next (Thursday game),,0,,,0.9714510800636675,0.009002508196313541,0.008397171832413227,0.011149239907605695,0.11755822259391854,Cade Otton,5.987662337662338,0.0,Not needed
Anthony Tyus,RB,CAR,0.0,134,0,Active,0.028505789921278963,0.18659636880293518,0.35626218601054027,next-week model,Normal,low recent snap share; low workload last game; low PPR points per game,,0,,,0.971494210078721,0.010609999524261726,0.008631386200004447,0.009264404197012788,0.11153373087772786,AJ Dillon,10.424910071942445,1.9815789639388577,Not needed
Courtland Sutton,WR,DEN,4.4,112,0,Active,0.028442317276154375,0.14255121497522594,0.27109364425030136,next-week model,Normal,low PPR points per game; low workload last game; low games missed in the last 3 seasons,,0,,,0.9715576827238456,0.010924583300601635,0.00896186049882551,0.00855587347672723,0.09574157751213137,Courtland Sutton,8.95755294117647,0.7100306181850964,Not needed
C.J. Stroud,QB,HOU,17.1,14,0,Active,0.027858651354732165,0.09882050761104866,0.19598755391622164,next-week model,Normal,high workload last season; low recurrence rate of his last injury type; position (QB),,0,,,0.9721413486452678,0.010011921269676406,0.008698274340886283,0.009148455744169476,0.10506624178728452,,,,n/a (QB)
Emmett Johnson,RB,KC,4.5,70,0,Active,0.027718262812623597,0.1859369954343646,0.3546156616518228,next-week model,Normal,low recent snap share; low workload last game; low PPR points per game,,0,,,0.9722817371873764,0.010316877941900688,0.008392927604871703,0.009008457265851207,0.1084523976875848,Emmett Johnson,11.933093525179856,2.5072462436104326,Consider
Carnell Tate,WR,TEN,11.7,29,1,Active,0.027511378896186697,0.14172961477893253,0.2618128873823824,next-week model,Normal,low years in league; low games missed in the last 3 seasons; low PPR points per game,,0,,,0.9724886211038133,0.01153367764592131,0.008665723287055997,0.00731197796320939,0.085715986796263,Elic Ayomanor,8.95755294117647,0.6857230710481009,Not needed
Tyler Huntley,QB,BAL,4.1,52,0,Active,0.027372098086145356,0.09836947049775613,0.195670911859312,next-week model,Normal,low recent snap share; low PPR points per game; position (QB),,0,,,0.9726279019138546,0.009710173321222093,0.008530460293815968,0.009131464471107293,0.10368381114879194,,,,n/a (QB)
Mike Washington Jr.,RB,LV,4.7,66,0,Active,0.027059687787164666,0.1853855898659459,0.3532840055181476,next-week model,Normal,low recent snap share; low PPR points per game; low workload last game,,0,,,0.9729403122128353,0.010071752978652645,0.008171355897782841,0.00881657891072918,0.10281750092109046,Mike Washington Jr.,11.933093525179856,2.497831008469983,Consider
Malik Washington,WR,MIA,9.5,46,0,Active,0.02690832689535772,0.14119739089288608,0.26157054214345155,next-week model,Normal,low workload last game; low PPR points per game; low games missed in the last 3 seasons,,0,,,0.9730916731046423,0.011152158926132348,0.008479558742273866,0.007276609226951502,0.08484814636156736,Malik Washington,7.997514438502673,0.4339705447367216,Not needed
Brevin Jordan,TE,HOU,2.3,80,0,Active,0.026798741596181105,0.1525320661692806,0.30589562994812003,next-week model,Normal,low recent snap share; low workload last game; low PPR points per game,,0,,,0.9732012584038189,0.008451691689035676,0.007884564865992849,0.010462485041152578,0.1112106338935355,Dalton Schultz,5.987662337662338,0.0,Not needed
Tre Tucker,WR,LV,11.1,35,1,Active,0.02656875435529762,0.14089770095467669,0.260881650369129,next-week model,Normal,low recent snap share; low workload last game; low PPR points per game,,0,,,0.9734312456447024,0.011011423051009842,0.00837255003408103,0.007184781270206745,0.08377739600642882,Jalen Nailor,7.368164705882353,0.2686418104955387,Not needed
Keaton Mitchell,RB,LAC,7.7,39,0,Active,0.025656217222848797,0.1842105050929752,0.3431622055790883,next-week model,Normal,low recent snap share; low PPR points per game; played through an injury last game,Ankle,0,,,0.9743437827771512,0.010032996242548027,0.008248380284961637,0.007374840695339131,0.07982739790688811,Keaton Mitchell,11.933093525179856,2.426266642819659,Consider
DeeJay Dallas,RB,MIN,1.6,100,0,Active,0.025517979973557436,0.184094763095366,0.3512673602262995,next-week model,Normal,low recent snap share; low workload last game; low PPR points per game,,0,,,0.9744820200264426,0.009382422603850953,0.007693452116780739,0.008442105252925746,0.09739944618643533,DeeJay Dallas,12.942754367934224,2.8382335796681146,Consider
Carsen Ryan,TE,CLE,0.0,122,0,Active,0.025280682219962734,0.15121013339136147,0.3023517711933641,next-week model,Normal,low recent snap share; low workload last game; low PPR points per game,,0,,,0.9747193177800373,0.007972931529070708,0.0074379305500021295,0.009869820140889895,0.10491092221075529,Blake Whiteheart,4.4907467532467535,0.0,Not needed
AJ Barner,TE,SEA,6.3,29,0,Active,0.02462868534628618,0.15064237164770622,0.3008297063353952,next-week model,Normal,low workload last game; low PPR points per game; low games missed in the last 3 seasons,,0,,,0.9753713146537139,0.007767307076939171,0.007246103944096877,0.00961527432525013,0.10220523599941074,AJ Barner,5.987662337662338,0.0,Not needed
Michael Wilson,WR,ARI,14.2,19,1,Active,0.024452838611921525,0.13903029831288383,0.25658908610432346,next-week model,Normal,last injury was soft-tissue; played on artificial turf; low games missed in the last 3 seasons,,0,,,0.9755471613880785,0.010134481547504222,0.007705766405747934,0.006612590658669365,0.07710542679106698,Marvin Harrison Jr.,8.95755294117647,0.6720412347918746,Not needed
Jacob Cowing,WR,SF,0.1,214,0,Active,0.024426428554157727,0.1390069901013956,0.2565355079452955,next-week model,Normal,low recent snap share; low PPR points per game; low workload last game,,0,,,0.9755735714458422,0.010123535896272334,0.007697443865403234,0.006605448792482156,0.07702214980192996,Jacob Cowing,8.95755294117647,0.6719009064065263,Not needed
Josh Cameron,WR,JAX,6.1,87,0,Active,0.024380109469017443,0.13896611116648194,0.2555043344913205,next-week model,Normal,low recent snap share; low workload last game; low PPR points per game,,0,,,0.9756198905309825,0.01022094620007929,0.007679414512949871,0.006479748755988285,0.07596002909281309,Jakobi Meyers,8.95755294117647,0.6692001248112709,Not needed
Robert Tonyan,TE,PIT,1.2,100,0,Active,0.024377105800598625,0.15042329507342433,0.30672258104796,next-week model,Normal,low recent snap share; low workload last game; low PPR points per game,,0,,,0.9756228941994014,0.0070376575652982805,0.006985727035417354,0.01035372119988299,0.10748865386415188,Pat Freiermuth,5.987662337662338,0.0,Not needed
Cyrus Allen,WR,KC,0.0,215,0,Active,0.024191789703495763,0.13879990945039855,0.2551370179684635,next-week model,Normal,low recent snap share; low PPR points per game; low workload last game,,0,,,0.9758082102965042,0.010141996341619683,0.007631854438382042,0.006417938923494041,0.07680058472477638,Xavier Worthy,14.074739869281046,1.9738218867906976,Not needed
Denzel Boston,WR,CLE,13.8,22,1,Active,0.023903759818937657,0.13854570851209413,0.2545446352281102,next-week model,Normal,low workload last game; low years in league; low games missed in the last 3 seasons,,0,,,0.9760962401810623,0.010021244711778782,0.007529370624889809,0.006353144482269068,0.07447588755011844,KC Concepcion,8.95755294117647,0.6666865437090159,Not needed
Matthew Golden,WR,GB,14.5,17,1,Active,0.023719388207710614,0.13838299124182718,0.25417318266291605,next-week model,Normal,low workload last game; has already re-injured the same body part; low years in league,,0,,,0.9762806117922894,0.009943950049850854,0.007471295987085897,0.006304142170773863,0.07390144907310944,Skyy Moore,8.95755294117647,0.6657136596149583,Not needed
Malik Nabers,WR,NYG,11.2,32,1,Active,0.02366912261571145,0.13833862931504237,0.2540719128255217,next-week model,Normal,high games missed last season; low workload last game; low PPR points per game,,0,,,0.9763308773842886,0.009922877055400544,0.00745546298530258,0.006290782575008327,0.07374483879063815,Malachi Fields,8.95755294117647,0.6654484203267136,Not needed
Deebo Samuel,WR,SF,14.5,18,1,Active,0.023401622355513636,0.1381025468083843,0.2604122075787527,next-week model,Normal,low workload last game; frequently injured (3+ injuries in 3 seasons); low recent snap share,,0,,,0.9765983776444863,0.008988472011961061,0.007373593120421929,0.007039557223130646,0.07877375879420503,Jacob Cowing,8.95755294117647,0.6820545027583468,Not needed
Adam Trautman,TE,DEN,2.5,78,0,Active,0.02339170396272272,0.14956520282135788,0.3043329713351654,next-week model,Normal,low workload last game; low recent snap share; low PPR points per game,,0,,,0.9766082960372773,0.0067531725753280656,0.006703341246230247,0.00993519014116441,0.10314361315526094,Evan Engram,5.987662337662338,0.0,Not needed
Travis Homer,RB,PIT,0.4,124,0,Active,0.02302041341578085,0.18200362381097723,0.3460094216590884,next-week model,Normal,low recent snap share; low PPR points per game; low workload last game,,0,,,0.9769795865842191,0.008464120099084215,0.006940457219040472,0.007615836097656165,0.08786649726989584,Travis Homer,9.616546762589929,1.644850366355317,Not needed
Quinshon Judkins,RB,CLE,12.1,22,1,Active,0.02260221446734633,0.18165347808731724,0.3439622402082684,next-week model,Normal,low recent snap share; low PPR points per game; low years in league,,0,,,0.9773977855326537,0.00841265881100153,0.006825309291938994,0.007364246364405807,0.08588063635816862,Raheim Sanders,9.974820143884893,1.7583510445759625,Not needed
Trevor Lawrence,QB,JAX,16.3,17,0,Active,0.02241998439787249,0.09377883837818912,0.18430377095554992,next-week model,Normal,high workload last season; position (QB); has already re-injured the same body part,,0,,,0.9775800156021275,0.007954311547600014,0.006988874840324423,0.007476798009948049,0.08547998850603661,,,,n/a (QB)
Nikko Remigio,WR,KC,0.0,237,0,Active,0.022274709736258634,0.1371079894358357,0.2521803432913152,next-week model,Normal,low recent snap share; low workload last game; low PPR points per game,,0,,,0.9777252902637413,0.009231755804746087,0.007030859309056269,0.006012094622456278,0.07159033132078137,Xavier Worthy,14.074739869281046,1.9509481022009738,Not needed
Tutu Atwell,WR,LA,3.1,143,0,Active,0.02195143780030886,0.1368226856050475,0.2515144871891739,next-week model,Normal,low recent snap share; low workload last game; low PPR points per game,,0,,,0.9780485621996912,0.009097775716720163,0.006917505760538498,0.005936156323050198,0.0692179344546605,Konata Mumpfield,6.145443137254901,0.0,Not needed
Geno Smith,QB,NYJ,14.9,24,0,Active,0.021783052126085816,0.0931883992386805,0.17953999637854384,next-week model,Normal,high workload last season; position (QB); high injuries in the last 3 seasons,,0,,,0.9782169478739142,0.008208220403938935,0.0068304758486099825,0.0067443558735369,0.07830762675866221,,,,n/a (QB)
Elijah Higgins,TE,ARI,4.6,49,0,Active,0.021646018911735423,0.1480450526052497,0.2938667714711932,next-week model,Normal,low recent snap share; low workload last game; low PPR points per game,,0,,,0.9783539810882645,0.006826644358669945,0.006368561732182482,0.008450812820882996,0.08982763148806197,Elijah Higgins,5.290746753246753,0.0,Not needed
Jaxon Smith-Njigba,WR,SEA,29.2,1,1,Active,0.02111783302074322,0.13608698723310375,0.24893184240851415,next-week model,Normal,low workload last game; low games missed in the last 3 seasons; played on artificial turf,,0,,,0.9788821669792568,0.008853292289010103,0.006651840246559947,0.00561270048517317,0.06579589860625314,Cooper Kupp,8.95755294117647,0.6519858864270508,Not needed
Rhamondre Stevenson,RB,NE,10.8,30,1,Active,0.020889837054896384,0.18021975466332096,0.3415240798837502,next-week model,Normal,low recent snap share; has already re-injured the same body part; low PPR points per game,,0,,,0.9791101629451037,0.007680752143301384,0.006298106718311379,0.006910978193283624,0.07973431134361586,TreVeyon Henderson,11.933093525179856,2.41468456977453,Consider
Emeka Egbuka,WR,TB,9.0,54,0,Active,0.020873942986011546,0.13587174194434837,0.24844047837245975,next-week model,Normal,low workload last game; short week next (Thursday game); low PPR points per game,,0,,,0.9791260570139885,0.008751045540409744,0.006575018086484644,0.00554787935911716,0.06503602120877025,Emeka Egbuka,8.95755294117647,0.6506989381061543,Not needed
Jalen Hurts,QB,PHI,16.8,15,0,Active,0.020687287634417822,0.09217262052527087,0.18034140013028788,next-week model,Normal,high workload last season; low recurrence rate of his last injury type; position (QB),,0,,,0.9793127123655821,0.0073387559785870965,0.00644715232265934,0.0069013793331713855,0.0783621634526217,,,,n/a (QB)
Jordan Addison,WR,MIN,8.3,59,0,Active,0.020544439863015906,0.13558093877589172,0.24777663007465697,next-week model,Normal,low workload last game; low PPR points per game; played on artificial turf,,0,,,0.9794555601369841,0.008612906960795225,0.006471228927210741,0.0054603039750099405,0.06400940289761259,Jordan Addison,8.95755294117647,0.6489602303670867,Not needed
Trey McBride,TE,ARI,17.3,2,1,Active,0.020496623223350014,0.14704415378727287,0.2911835457444694,next-week model,Normal,low recurrence rate of his last injury type; low workload last game; played on artificial turf,,0,,,0.97950337677665,0.006464152039690134,0.006030393433150908,0.00800207775050897,0.08505781710550703,Elijah Higgins,5.290746753246753,0.0,Not needed
Darnell Washington,TE,PIT,6.7,28,0,Active,0.020163509605252077,0.1467540769843273,0.2904059031632118,next-week model,Normal,low workload last game; low PPR points per game; low recent snap share,,0,,,0.979836490394748,0.006359095853097249,0.005932386744284106,0.007872027007870722,0.08367544709778546,Pat Freiermuth,5.987662337662338,0.0,Not needed
Michael Mayer,TE,LV,10.7,14,0,Active,0.019951294740064376,0.1465692793468646,0.28991049467019336,next-week model,Normal,low workload last game; low PPR points per game; high games missed last season,,0,,,0.9800487052599356,0.006292168284653053,0.005869950160682031,0.00778917629472929,0.08279478822078362,Michael Mayer,8.712597402597401,0.45278120320478493,Not needed
Dontayvion Wicks,WR,PHI,9.4,47,0,Active,0.01972681457282705,0.1348593431113787,0.24700138774330072,next-week model,Normal,low workload last game; low recurrence rate of his last injury type; low PPR points per game,,0,,,0.9802731854271729,0.008175780384935978,0.006216465394475703,0.005334568793415365,0.06220318552810111,Dontayvion Wicks,8.95755294117647,0.6469297667119968,Not needed
D.K. Metcalf,WR,PIT,10.8,37,0,Active,0.019715561869902767,0.13484941203201783,0.2469785593529896,next-week model,Normal,low workload last game; low PPR points per game,,0,,,0.9802844381300972,0.00817111670101954,0.006212919356261329,0.005331525812621895,0.06168030767048391,D.K. Metcalf,8.95755294117647,0.6468699760956228,Not needed
Puka Nacua,WR,LA,21.7,5,1,Active,0.019458513041731424,0.13462255344263419,0.24645708366683688,next-week model,Normal,played through a soft-tissue injury; played through an injury last game; low recovery time vs. typical for that injury,Hip / Groin,0,,,0.9805414869582686,0.008064582787012517,0.006131916154293851,0.0052620141004250534,0.06135716906383104,Konata Mumpfield,6.145443137254901,0.0,Not needed
Brock Purdy,QB,SF,25.1,2,1,Active,0.019205437131483514,0.09079893830725627,0.17693295533606299,next-week model,Normal,high workload last season; high games missed last season; high injuries in the last 3 seasons,,0,,,0.9807945628685165,0.006813833035769727,0.0059868193475814645,0.00640478474813232,0.07322398250234306,,,,n/a (QB)
Xavier Worthy,WR,KC,8.3,58,0,Active,0.019171489386918237,0.13436924055296318,0.245021734205361,next-week model,Normal,low workload last game; low PPR points per game; low body mass index,,0,,,0.9808285106130817,0.008037320826967538,0.006048085658863158,0.005086082901087541,0.06086286351717926,Xavier Worthy,14.074739869281046,1.8955668039270335,Not needed
Ja'seem Reed,WR,CAR,0.0,236,0,Active,0.019164312307897412,0.13436290641779458,0.2450072732794586,next-week model,Normal,low recent snap share; low PPR points per game; low workload last game,,0,,,0.9808356876921026,0.008034311958666975,0.006045821484816879,0.005084178864413558,0.060840078767800614,Brycen Tremayne,8.95755294117647,0.6417069134451515,Not needed
Chris Godwin,WR,TB,7.9,63,0,Active,0.01907030254957816,0.1342799380521642,0.2690123760532823,next-week model,Normal,low workload last game; low PPR points per game; played through an injury last game,Ankle,0,,,0.9809296974504218,0.0054107066346859726,0.006171158313745508,0.007488437601146681,0.07490646265030533,Emeka Egbuka,8.95755294117647,0.7045794976004545,Not needed
Kevin Coleman,WR,MIA,0.9,199,0,Active,0.018909566549766086,0.13413808040418362,0.24448285896785513,next-week model,Normal,low PPR points per game; low recent snap share; low workload last game,,0,,,0.981090433450234,0.00792751413268233,0.005956265289965387,0.005025787127118367,0.058915700402333154,Malik Washington,7.997514438502673,0.40562044416639353,Not needed
Sterling Shepard,WR,NYJ,4.0,127,0,Active,0.018332419562271017,0.13362871900237683,0.24006519663877102,next-week model,Normal,low recent snap share; low workload last game; low PPR points per game,,0,,,0.981667580437729,0.00802075379974361,0.005763846628103732,0.004547819134423676,0.053945906455032826,Isaiah Williams,8.95755294117647,0.628762951804112,Not needed
Garrett Wilson,WR,NYJ,15.8,12,1,Active,0.018237415889126064,0.1335448734566521,0.24397984041292248,next-week model,Normal,high games missed last season; low workload last game; has already re-injured the same body part,,0,,,0.9817625841108739,0.00755849894303885,0.0057471146363173905,0.0049318023097698225,0.05750676876473896,Isaiah Williams,8.95755294117647,0.6390159289501526,Not needed
Brenton Strange,TE,JAX,9.2,23,0,Active,0.01801381221467873,0.14488211104694404,0.2853875066254972,next-week model,Normal,low workload last game; last injury was soft-tissue; low PPR points per game,,0,,,0.9819861877853213,0.0056811319455516976,0.005299915683753171,0.007032764585373861,0.07475453532187547,Brenton Strange,7.708998144712431,0.1593025263339123,Not needed
Aaron Jones,RB,MIN,12.9,19,1,Active,0.017690207153620772,0.17754079831630032,0.3411793236896836,next-week model,Normal,last injury was soft-tissue; high games missed last season; low PPR points per game,,0,,,0.9823097928463792,0.006047618399105496,0.005267001946196739,0.006375586808318536,0.07159076349031815,DeeJay Dallas,12.942754367934224,2.7567224366097443,Consider
Pat Freiermuth,TE,PIT,9.7,19,0,Active,0.017374379483129296,0.14432529021348284,0.28390975712224537,next-week model,Normal,low workload last game; low PPR points per game; low recent snap share,,0,,,0.9826256205168707,0.005478770967572614,0.0051103737138482475,0.006785234801708435,0.07154390342135357,Pat Freiermuth,5.987662337662338,0.0,Not needed
Bo Nix,QB,DEN,14.3,26,0,Active,0.01723933634035763,0.08897635384934655,0.17242477262173772,next-week model,Normal,high workload last season; position (QB); low games missed in the last 3 seasons,,0,,,0.9827606636596423,0.006116286688320788,0.005373936122116528,0.005749113529920311,0.06572789017486141,,,,n/a (QB)
Cam Ward,QB,TEN,14.2,27,0,Active,0.017234146386635774,0.08897154273842411,0.17178244639027807,next-week model,Normal,high workload last season; position (QB); low games missed in the last 3 seasons,,0,,,0.9827658536133642,0.006193656490258137,0.005380997500314682,0.005659492396062955,0.0649969364345469,,,,n/a (QB)
Jake Briningstool,TE,KC,0.6,108,0,Active,0.017136199634498292,0.14411788215430044,0.28336796600879466,next-week model,Normal,low recent snap share; low workload last game; low PPR points per game,,0,,,0.9828638003655017,0.005404353615364688,0.0050419596171940835,0.006689886401939521,0.07314331499153054,Noah Gray,5.987662337662338,0.0,Not needed
Colston Loveland,TE,CHI,5.0,41,0,Active,0.01674840654208491,0.14378019022476007,0.2824334594772818,next-week model,Normal,low PPR points per game; low workload last game; last injury was soft-tissue,,0,,,0.9832515934579151,0.005282052810886515,0.004927615623634562,0.00653873810756383,0.06950329744279206,Colston Loveland,5.987662337662338,0.0,Not needed
Bauer Sharp,TE,TB,0.0,123,0,Active,0.016711394547032524,0.1437479600167707,0.2823470562148323,next-week model,Normal,low recent snap share; low workload last game; low PPR points per game,,0,,,0.9832886054529675,0.005270380099693857,0.004916726176652025,0.006524288270686639,0.06934970338627014,Cade Otton,5.987662337662338,0.0,Not needed
Makai Lemon,WR,PHI,4.0,126,0,Active,0.016617860266497107,0.13211553372150653,0.239865769753705,next-week model,Normal,low PPR points per game; low workload last game; low years in league,,0,,,0.9833821397335029,0.006966755254325257,0.005234407887580908,0.004416697124590943,0.05177553246459214,Dontayvion Wicks,8.95755294117647,0.6282406260414488,Not needed
Jordan Love,QB,GB,16.2,19,0,Active,0.016493446736420708,0.08828491076281308,0.17072414415874512,next-week model,Normal,high workload last season; position (QB); high injuries in the last 3 seasons,,0,,,0.9835065532635793,0.005851002943616278,0.0051401500919076555,0.005502293700896773,0.0624761540467111,,,,n/a (QB)
Sam Roush,TE,CHI,2.1,83,0,Active,0.01620032058250643,0.14330291456187472,0.28115397116698293,next-week model,Normal,low recent snap share; low workload last game; low PPR points per game,,0,,,0.9837996794174936,0.00510919941279611,0.004766361063045335,0.006324760106664985,0.0672288254578256,Colston Loveland,5.987662337662338,0.0,Not needed
Dak Prescott,QB,DAL,20.3,9,1,Active,0.016162417274819894,0.08797804493246142,0.16704407476537464,next-week model,Normal,high workload last season; short week next (Thursday game); last injury was soft-tissue,,0,,,0.9838375827251801,0.0060902706601561165,0.005068022617391185,0.005004123997272594,0.05810207551028675,,,,n/a (QB)
CeeDee Lamb,WR,DAL,28.0,2,1,Active,0.01603296779171389,0.13159933653549183,0.23950767031059522,next-week model,Normal,short week next (Thursday game); played on artificial turf; high games missed last season,,0,,,0.9839670322082861,0.006644865196044643,0.005052432012273407,0.004335670583395839,0.05015927990231548,George Pickens,8.95755294117647,0.627302715565288,Not needed
Justin Herbert,QB,LAC,10.9,40,0,Active,0.015923962200166803,0.08775699598373299,0.16941821036435517,next-week model,Normal,high workload last season; position (QB); low PPR points per game,,0,,,0.9840760377998332,0.005648979937072247,0.004962671361224784,0.005312310901869771,0.06031898191751308,,,,n/a (QB)
Malik Willis,QB,MIA,10.4,41,0,Active,0.015132876933221882,0.08702365631013997,0.16760410494343686,next-week model,Normal,position (QB); low PPR points per game; played on artificial turf,,0,,,0.9848671230667781,0.005368344706637042,0.004716131200603622,0.005048401025981216,0.05732239995429026,,,,n/a (QB)
Josh Allen,QB,BUF,28.1,1,1,Active,0.015103871052344162,0.08699676772542742,0.17141034663001853,next-week model,Normal,high workload last season; position (QB); low games missed in the last 3 seasons,,0,,,0.9848961289476559,0.004919134639260684,0.0046379865907788375,0.0055467498223046394,0.06129659735225201,,,,n/a (QB)
Derrick Henry,RB,BAL,22.7,4,1,Active,0.01501072893767533,0.17529734973168454,0.33532076707916525,next-week model,Normal,low recent snap share; low games missed in the last 3 seasons; high workload last season,,0,,,0.9849892710623247,0.005131605284163688,0.0044692262697661874,0.005409897383745456,0.06074714308670138,Justice Hill,11.933093525179856,2.37082516250868,Consider
Feleipe Franks,TE,CAR,0.0,113,0,Active,0.014999796723659621,0.14225749310831015,0.27839406837115,next-week model,Normal,low recent snap share; low workload last game; low PPR points per game,,0,,,0.9850002032763404,0.004729979041201168,0.004412149888365185,0.00585766779409327,0.06340068535213264,Tommy Tremble,5.987662337662338,0.0,Not needed
Tommy Tremble,TE,CAR,4.8,43,0,Active,0.01495054700181946,0.14221460623403903,0.27826464048982424,next-week model,Normal,low recent snap share; low workload last game; low PPR points per game,,0,,,0.9850494529981806,0.004715050271607568,0.004398878155363107,0.005836618574848783,0.06381418237263548,Tommy Tremble,5.987662337662338,0.0,Not needed
Jordan Watkins,WR,SF,8.0,61,0,Active,0.014791796248040815,0.13050393988426456,0.23618680768709333,next-week model,Normal,low recent snap share; low workload last game; low PPR points per game,,0,,,0.9852082037519592,0.006201208975123313,0.004659221687423376,0.0039313655854941254,0.04608614554270195,Jacob Cowing,8.95755294117647,0.6186049309012708,Not needed
Jacoby Brissett,QB,ARI,14.8,25,0,Active,0.014780581263450408,0.08669707660720083,0.16397194591565256,next-week model,Normal,high workload last season; position (QB); low games missed in the last 3 seasons,,0,,,0.9852194187365496,0.005569571610373384,0.004634722570741807,0.004576287082335218,0.05313453019140016,,,,n/a (QB)
E.J. Jenkins,TE,PHI,0.0,115,0,Active,0.014774202332653153,0.14206104452095059,0.2778391272226198,next-week model,Normal,low recent snap share; low workload last game; low PPR points per game,,0,,,0.9852257976673469,0.0046588409610703865,0.004345576503447451,0.005769784868135316,0.060836941304363464,Johnny Mundt,8.532597402597403,0.3839171405702704,Not needed
T.J. Hockenson,TE,MIN,11.9,12,1,Active,0.014640066658205114,0.14194423858600558,0.2831101597857063,next-week model,Normal,low PPR points per game; played on artificial turf; high workload last game,,0,,,0.9853599333417948,0.004226579509330357,0.004195391786502571,0.006218095362372185,0.0645540561887899,Gavin Bartholomew,5.987662337662338,0.0,Not needed
Jameson Williams,WR,DET,9.7,45,0,Active,0.014493801034426771,0.13024094403913855,0.2363851583482968,next-week model,Normal,low workload last game; low PPR points per game; low games missed in the last 3 seasons,,0,,,0.9855061989655732,0.006006957370788994,0.004567397956335021,0.003919445707302754,0.04570228971451369,Jameson Williams,8.95755294117647,0.6191244378892755,Not needed
Elijah Moore,WR,PHI,3.2,142,0,Active,0.014472705111029934,0.13022232581995585,0.23634236098871866,next-week model,Normal,low recent snap share; low workload last game; low PPR points per game,,0,,,0.9855272948889701,0.005998214163107226,0.004560750046847313,0.003913740901075394,0.04563576941382877,Dontayvion Wicks,8.95755294117647,0.6190123458637986,Not needed
Tyquan Thornton,WR,KC,11.2,31,1,Active,0.014409007323567324,0.13016610930143124,0.23622195262706783,next-week model,Normal,low recent snap share; low workload last game; low recurrence rate of his last injury type,,0,,,0.9855909926764327,0.005971814608360156,0.0045481043063944045,0.0038890884088127625,0.046310170615539215,Xavier Worthy,14.074739869281046,1.8274888683278974,Not needed
Bhayshul Tuten,RB,JAX,13.0,18,1,Active,0.014215124913823539,0.17463121379872448,0.32642259951019104,next-week model,Normal,low recent snap share; low years in league; low PPR points per game,,0,,,0.9857848750861765,0.005290941559223483,0.00429261585410416,0.004631567500495895,0.05401258249600858,Chris Rodriguez,12.799820143884892,2.5908314253531994,Consider
Drake Maye,QB,NE,11.9,33,0,Active,0.014194461937660207,0.0861537413018657,0.16485733419414958,next-week model,Normal,high workload last season; played through an injury last game; position (QB),Shoulder,0,,,0.9858055380623398,0.005101246057308961,0.00443192035690788,0.004661295523443365,0.05353305696649552,,,,n/a (QB)
Stefon Diggs,WR,WAS,13.2,23,1,Active,0.014164646227737434,0.12995044827743596,0.24083868109107834,next-week model,Normal,low recent snap share; low workload last game; high games missed two seasons ago,,0,,,0.9858353537722626,0.005440585453570075,0.0044631238121594224,0.004260936962007938,0.04768055856974128,Antonio Williams,8.95755294117647,0.6307888113381749,Not needed
Daniel Jones,QB,IND,9.1,43,0,Active,0.01405022976417306,0.08602003741500774,0.16889387223706437,next-week model,Normal,high workload last season; last injury was soft-tissue; low PPR points per game,,0,,,0.985949770235827,0.004575977355936731,0.00431444210677915,0.005159810301457179,0.057020566024196646,,,,n/a (QB)
Amon-Ra St. Brown,WR,DET,22.8,3,1,Active,0.0139393578634314,0.12975161990348616,0.23526035791608169,next-week model,Normal,low workload last game; low games missed in the last 3 seasons,,0,,,0.9860606421365686,0.005777168339962411,0.004392677563796645,0.003769511959672344,0.043954002817868966,Jameson Williams,8.95755294117647,0.6161784346790964,Not needed
Evan Engram,TE,DEN,4.7,46,0,Active,0.013933578221467794,0.14132902534970226,0.2813969179735703,next-week model,Normal,low workload last game; low PPR points per game; low recent snap share,,0,,,0.9860664217785322,0.004022616670908494,0.003992933979858255,0.005918027570701045,0.06143885901744979,Evan Engram,5.987662337662338,0.0,Not needed
John Metchie,WR,CAR,5.5,93,0,Active,0.01375574261019254,0.1295895701573916,0.2348965715032687,next-week model,Normal,low recent snap share; low workload last game; low PPR points per game,,0,,,0.9862442573898075,0.005701068978848469,0.0043419057814442635,0.0037127678498998064,0.04421059500605111,Brycen Tremayne,8.95755294117647,0.6152256292664455,Not needed
Dyami Brown,WR,WAS,3.4,138,0,Active,0.013595282812755839,0.12944795627197436,0.23456233188571407,next-week model,Normal,low recent snap share; low workload last game; low PPR points per game,,0,,,0.9864047171872442,0.005634566398839386,0.004284249989860131,0.00367646642405632,0.04286905501072305,Antonio Williams,8.95755294117647,0.6143502108739171,Not needed
Patrick Mahomes,QB,KC,20.9,7,1,Active,0.01276744290802589,0.08483088811128059,0.1658113522731738,next-week model,Normal,high workload last season; played through an injury last game; position (QB),Knee,0,,,0.9872325570919741,0.004158190337165639,0.003932799721031865,0.004676452849828384,0.05324990206681607,,,,n/a (QB)
Athan Kaliakmanis,QB,WAS,11.0,38,0,Active,0.012670450930118428,0.0847409761025606,0.16138528063315627,next-week model,Normal,position (QB); low PPR points per game; low years in league,,0,,,0.9873295490698816,0.004553542651737008,0.003956080170915633,0.004160828107465786,0.04778539506549439,,,,n/a (QB)
Christian McCaffrey,RB,SF,18.5,9,1,Active,0.012373887527927594,0.17308959969537108,0.3295554338959972,next-week model,Normal,high workload last season; low recent snap share; high games missed two seasons ago,,0,,,0.9876261124720724,0.004230168094274717,0.003684145082398017,0.004459574351254859,0.05007607021076335,Kaelon Black,11.933093525179856,2.330062411367549,Consider
Rome Odunze,WR,CHI,9.3,48,0,Active,0.011821665006521317,0.12788264886913392,0.23020289909464112,next-week model,Normal,low workload last game; low PPR points per game; high games missed last season,,0,,,0.9881783349934787,0.004956031972726164,0.0037236693269847793,0.003141963706810374,0.03683223895946844,Rome Odunze,11.114531764705882,1.0994750500917767,Not needed
Tucker Kraft,TE,GB,9.0,25,0,Active,0.011790982045989605,0.1394632431816395,0.27086051807805034,next-week model,Normal,high games missed last season; low workload last game; low PPR points per game,,0,,,0.9882090179540104,0.003718597927667624,0.003469071950326583,0.004603312167995397,0.04893075232117099,Tucker Kraft,5.987662337662338,0.0,Not needed
Joe Burrow,QB,CIN,19.2,12,1,Active,0.011756817850263073,0.08389403404389684,0.16341637964196273,next-week model,Normal,high workload last season; high games missed last season; position (QB),,0,,,0.9882431821497369,0.003829042881409631,0.003610197898987394,0.004317577069866047,0.04771312780768856,,,,n/a (QB)
Jelani Woods,TE,NYJ,2.5,75,0,Active,0.011448135865860819,0.13916469122089492,0.2700737645673275,next-week model,Normal,low recent snap share; low workload last game; low PPR points per game,,0,,,0.9885518641341392,0.0036100117690884134,0.0033672714849049263,0.004470852611867479,0.047140925380211765,Kenyon Sadiq,5.987662337662338,0.0,Not needed
KC Concepcion,WR,CLE,7.6,69,0,Active,0.011200273638735759,0.12733423956435774,0.2289509850064726,next-week model,Normal,low PPR points per game; low workload last game; low years in league,,0,,,0.9887997263612642,0.004695524211372547,0.00352793920140604,0.002976810225957173,0.03489619735001638,KC Concepcion,8.95755294117647,0.5996533407036958,Not needed
Brevyn Spann-Ford,TE,DAL,1.6,93,0,Active,0.011029212584852156,0.13879989098628331,0.26908219279232753,next-week model,Normal,low recent snap share; low workload last game; low PPR points per game,,0,,,0.9889707874151479,0.0034783537878243552,0.003244948712759095,0.004305910084268705,0.04576952684534845,Jake Ferguson,5.987662337662338,0.0,Not needed
Eli Raridon,TE,NE,4.5,51,0,Active,0.010911247029805364,0.1386971660623939,0.26880680615623054,next-week model,Normal,low recent snap share; low workload last game; played through a soft-tissue injury,Quad / Thigh,0,,,0.9890887529701946,0.0034411502311721453,0.003210241595360275,0.004259855203272943,0.04527998803221904,Hunter Henry,5.987662337662338,0.0,Not needed
Jared Goff,QB,DET,21.5,5,1,Active,0.010894541301932452,0.0830946997256864,0.16135695308201328,next-week model,Normal,high workload last season; position (QB); low games missed in the last 3 seasons,,0,,,0.9891054586980675,0.0035482106084899693,0.0033454163039353235,0.004000914389507159,0.04421371906630445,,,,n/a (QB)
Elijah Arroyo,TE,SEA,2.8,67,0,Active,0.010875381077954105,0.13866593383386172,0.2687230782932386,next-week model,Normal,low recent snap share; low workload last game; low PPR points per game,,0,,,0.989124618922046,0.003429838955002975,0.0031996893303280942,0.0042458527926230345,0.045131149877775924,AJ Barner,5.987662337662338,0.0,Not needed
Keon Coleman,WR,BUF,10.4,38,0,Active,0.010779131908013367,0.12696256069057366,0.24280540692210872,next-week model,Normal,low workload last game; played through an injury last game; low recent snap share,Ankle,0,,,0.9892208680919866,0.0034151410835224012,0.0036166797091604502,0.003747311115330515,0.03877515929124485,Keon Coleman,9.693164705882353,0.8145504439679387,Not needed
Isaiah Williams,WR,NYJ,7.7,65,0,Active,0.010748421862446582,0.1269354575224061,0.2287868970082035,next-week model,Normal,low workload last game; low PPR points per game; low games missed in the last 3 seasons,,0,,,0.9892515781375534,0.004454684577055574,0.003387125291133595,0.002906611994257412,0.033892247365928774,Isaiah Williams,8.95755294117647,0.5992235722258329,Not needed
Ty Johnson,RB,BUF,6.0,53,0,Active,0.010630972870271238,0.1716303083308972,0.3199268665946112,next-week model,Normal,low recent snap share; low workload last game; low PPR points per game,,0,,,0.9893690271297287,0.003908784326279642,0.0032051471478925513,0.0035170413960990453,0.04057730553360436,Ty Johnson,8.59989722507708,1.195606310317243,Not needed
Cole Kmet,TE,CHI,3.7,56,0,Active,0.01055943549104184,0.13839080702794015,0.26799891706464996,next-week model,Normal,low workload last game; low PPR points per game; low recent snap share,,0,,,0.9894405645089581,0.0033297723615655747,0.0031058756152353402,0.0041237875142409244,0.04348145116138814,Colston Loveland,5.987662337662338,0.0,Not needed
Tyler Goodson,RB,DAL,1.2,106,0,Active,0.010550475647685624,0.17156291036550209,0.3197377376172109,next-week model,Normal,low recent snap share; low PPR points per game; low workload last game,,0,,,0.9894495243523144,0.0038796951215005512,0.0031819102416554114,0.0034888702845296627,0.04050207574813168,Tyler Goodson,7.283213429256595,0.773906013879928,Not needed
Tre Harris,WR,LAC,8.5,57,0,Active,0.010468297070470981,0.126688233228053,0.22747627546667715,next-week model,Normal,low workload last game; low PPR points per game; low games missed in the last 3 seasons,,0,,,0.989531702929529,0.0043886554857230356,0.003297376189020259,0.0027822653957276866,0.03261561032101602,Quentin Johnston,8.420973755656108,0.47373184398962565,Not needed
Khalil Shakir,WR,BUF,7.7,66,0,Active,0.010312480975730764,0.12655071764508963,0.22790250249592572,next-week model,Normal,low PPR points per game; low workload last game; low recent snap share,,0,,,0.9896875190242692,0.004274008830474964,0.003249748249021643,0.002788723896234156,0.03251762543923305,Keon Coleman,9.693164705882353,0.7645549864093955,Not needed
Kenneth Walker III,RB,KC,27.5,2,1,Active,0.010274612550112309,0.17133193827843096,0.31911842765534837,next-week model,Normal,frequently injured (3+ injuries in 3 seasons); high injuries in the last 3 seasons; has already re-injured the same body part,,0,,,0.9897253874498877,0.003778252802727748,0.003107451107481345,0.0033889086399032176,0.040623376623035626,Emmett Johnson,11.933093525179856,2.2562694362645535,Consider
Eric Saubert,TE,SEA,2.1,84,0,Active,0.010170416853836442,0.1380520478886078,0.27227121249052677,next-week model,Normal,low recent snap share; low workload last game; low PPR points per game,,0,,,0.9898295831461635,0.002936193972291883,0.0029145279410308354,0.004319694940513725,0.04484553768599208,AJ Barner,5.987662337662338,0.0,Not needed
Jahmyr Gibbs,RB,DET,29.0,1,1,Active,0.010114087040586438,0.17119753497371393,0.3178462357636548,next-week model,Normal,low games missed in the last 3 seasons; high workload last season,,0,,,0.9898859129594135,0.003764514471807667,0.003054203930208933,0.0032953686385698375,0.03843004996180139,Sione Vaki,11.933093525179856,2.2472746323499644,Consider
Kenyon Sadiq,TE,NYJ,9.7,20,0,Active,0.009920525535673254,0.13783444143027523,0.2664940000199837,next-week model,Normal,low recent snap share; low workload last game; was listed Questionable/Doubtful last week,Back,0,,,0.9900794744643268,0.0031287000145060547,0.002918757465160254,0.0038730680560069442,0.04116864702096486,Kenyon Sadiq,5.987662337662338,0.0,Not needed
Jameis Winston,QB,NYG,8.9,44,0,Active,0.009666450649776214,0.0819562540541181,0.15842383085809023,next-week model,Normal,low PPR points per game; high workload last season; position (QB),,0,,,0.9903335493502238,0.0031482374329882892,0.0029683031812648636,0.00354991003552306,0.039229713445731944,,,,n/a (QB)
Kaleb Johnson,RB,GB,2.0,93,0,Active,0.009594069752082404,0.17076213973783272,0.3167587409492804,next-week model,Normal,low recent snap share; low PPR points per game; low workload last game,,0,,,0.9904059302479176,0.003570961400699223,0.002897171581174143,0.0031259367702090373,0.036454163230946066,Chris Brooks,11.933093525179856,2.239585695895254,Consider
Davis Allen,TE,LA,2.0,88,0,Active,0.009300614824434011,0.1372946204579153,0.2650468392332529,next-week model,Normal,low recent snap share; low workload last game; low PPR points per game,,0,,,0.990699385175566,0.0029331947820188877,0.002736371057337803,0.00363104898507732,0.038596113422441986,Tyler Higbee,5.987662337662338,0.0,Not needed
Brayden Willis,TE,SF,0.0,125,0,Active,0.009047577588251945,0.13707427452034304,0.2644561322828061,next-week model,Normal,low recent snap share; low workload last game; low PPR points per game,,0,,,0.9909524224117481,0.002853392799586948,0.0026619239608191604,0.003532260827845836,0.03754604801793485,Luke Farrell,5.987662337662338,0.0,Not needed
Tetairoa McMillan,WR,CAR,18.6,9,1,Active,0.008836758646372369,0.1252483180646604,0.2241985309179635,next-week model,Normal,low games missed in the last 3 seasons; low years in league,,0,,,0.9911632413536277,0.003704660753161807,0.0027877580171954994,0.0023443398760150634,0.028053659503126896,Brycen Tremayne,8.95755294117647,0.5872060259623556,Not needed
Travis Kelce,TE,KC,13.2,7,1,Active,0.008765442036049743,0.13682858964126976,0.2600553897896594,next-week model,Normal,low workload last game; low games missed in the last 3 seasons; low PPR points per game,,0,,,0.9912345579639502,0.0029398797046344205,0.0026249741272192976,0.0032005882041960245,0.03499466514948715,Noah Gray,5.987662337662338,0.0,Not needed
Marvin Mims,WR,DEN,3.7,132,0,Active,0.008715639329749305,0.1251414241429425,0.22394520466154771,next-week model,Normal,low recent snap share; low workload last game; low PPR points per game,Foot / Toe,0,,,0.9912843606702507,0.003653883539853232,0.0027453120029493827,0.0023164437869466906,0.027154932092965062,Courtland Sutton,8.95755294117647,0.5865425305161868,Not needed
Oronde Gadsden II,TE,LAC,6.0,35,0,Active,0.008653701734244098,0.1367312856952677,0.2635366422975133,next-week model,Normal,low recent snap share; low PPR points per game; low workload last game,,0,,,0.9913462982657559,0.0027291736354190183,0.0025460401716894594,0.0033784879271356195,0.035911524126491665,Oronde Gadsden II,5.987662337662338,0.0,Not needed
Aaron Rodgers,QB,PIT,15.3,23,0,Active,0.008474812684836918,0.0808516001909203,0.14995281961510795,next-week model,Normal,high workload last season; position (QB); low games missed in the last 3 seasons,,0,,,0.991525187315163,0.003193451955060746,0.0026574330828484215,0.002623927646927751,0.030466000114789005,,,,n/a (QB)
Isaac TeSlaa,WR,DET,6.9,77,0,Active,0.008374531590149394,0.12484037931350689,0.223257976600575,next-week model,Normal,low PPR points per game; low workload last game; low recent snap share,,0,,,0.9916254684098506,0.0035108799221167343,0.002637867541746615,0.002225784126286045,0.026092157790957915,Jameson Williams,8.95755294117647,0.5847425880412681,Not needed
Brian Thomas,WR,JAX,6.4,83,0,Active,0.008351324664768192,0.12481989802832316,0.22321122172380334,next-week model,Normal,low recent snap share; low workload last game; low PPR points per game,,0,,,0.9916486753352318,0.0035011508133901328,0.0026305576648242074,0.002219616186553853,0.02601985299965453,Jakobi Meyers,8.95755294117647,0.5846201307474088,Not needed
Kirk Cousins,QB,LV,19.7,11,1,Active,0.00821742934201377,0.08061300465071619,0.14938059918777863,next-week model,Normal,high workload last season; position (QB); low games missed in the last 3 seasons,,0,,,0.9917825706579863,0.0030964655826292626,0.0025767258111212103,0.0025442379482632973,0.02954073589437447,,,,n/a (QB)
Bryce Young,QB,CAR,22.7,4,1,Active,0.007772003177279827,0.08020009255147142,0.15070690506144038,next-week model,Normal,high workload last season; played through an injury last game; position (QB),Knee,0,,,0.9922279968227202,0.002757403106261186,0.002428666522158847,0.002585933548859793,0.03047067063005559,,,,n/a (QB)
Darren Waller,TE,CAR,10.0,17,0,Active,0.0076854964564498605,0.13588816828331318,0.257606513003834,next-week model,Normal,low recent snap share; low workload last game; last injury was soft-tissue,,0,,,0.9923145035435501,0.0025776720625648184,0.002301564401435281,0.002806259992449761,0.030683150250142916,Tommy Tremble,5.987662337662338,0.0,Not needed
Deshaun Watson,QB,CLE,16.7,16,0,Active,0.00693729165713067,0.07942631114091059,0.1519056174999043,next-week model,Normal,position (QB); high games missed two seasons ago; high season workload,,0,,,0.9930627083428694,0.0022593857942099726,0.0021302529378453804,0.0025476529250753168,0.028153866776840526,,,,n/a (QB)
Matthew Hibner,TE,BAL,6.0,34,0,Active,0.006695254225365955,0.13502586099556368,0.2589647122012365,next-week model,Normal,low recent snap share; low workload last game; low PPR points per game,,0,,,0.993304745774634,0.002111525434484212,0.0019698375031808654,0.0026138912877008776,0.02778426978778082,Mark Andrews,5.987662337662338,0.0,Not needed
Jauan Jennings,WR,MIN,3.6,134,0,Active,0.006525238096795431,0.12320828428999264,0.2246504658859419,next-week model,Normal,low workload last game; low PPR points per game; frequently injured (3+ injuries in 3 seasons),,0,,,0.9934747619032046,0.0025063185412275003,0.002056030560988421,0.00196288899457951,0.021965038325243012,Jordan Addison,8.95755294117647,0.5883897042650343,Not needed
Skyy Moore,WR,GB,2.4,158,0,Active,0.006444347093632025,0.12313689388918048,0.22005520832754474,next-week model,Normal,low recent snap share; low workload last game; low PPR points per game,,0,,,0.9935556529063679,0.0026708603341570945,0.002030792176286595,0.001742694583188335,0.020320509243536983,Skyy Moore,8.95755294117647,0.5763541083220474,Not needed
Andrew Ogletree,TE,IND,0.3,111,0,Active,0.006417864205244762,0.134784308546687,0.25832959646686426,next-week model,Normal,low recent snap share; low workload last game; low PPR points per game,,0,,,0.9935821357947552,0.002023784971179038,0.0018877039358658706,0.002506375298199853,0.02642736434514059,Mo Alie-Cox,5.987662337662338,0.0,Not needed
Matthew Stafford,QB,LA,15.4,22,0,Active,0.006350489210283758,0.07888234257922055,0.14522997596461662,next-week model,Normal,high workload last season; position (QB); low games missed in the last 3 seasons,,0,,,0.9936495107897162,0.0023929711414693165,0.0019913124628553078,0.001966205605959135,0.02282929572657503,,,,n/a (QB)
Chris Bell,WR,MIA,3.5,135,0,Active,0.006135123858362212,0.12286398874716131,0.21874625301714518,next-week model,Normal,low workload last game; low PPR points per game; played through an injury last game,Knee,0,,,0.9938648761416378,0.002572046321893329,0.0019324834967014834,0.0016305940397673998,0.019114934137659835,Malik Washington,7.997514438502673,0.3629209535716971,Not needed
Chuba Hubbard,RB,CAR,19.8,8,1,Active,0.005791693150369815,0.16757852124281247,0.309702894005903,next-week model,Normal,last injury was soft-tissue; high injuries in the last 3 seasons,,0,,,0.9942083068496301,0.0021294833205805276,0.0017510714567607628,0.0019111383730285258,0.022733026379649312,AJ Dillon,10.424910071942445,1.7226098192046864,Not needed
Kyren Williams,RB,LA,22.4,5,1,Active,0.00573264594309078,0.16752908274661282,0.30959644825331456,next-week model,Normal,low games missed in the last 3 seasons; low recent snap share; high workload last season,,0,,,0.9942673540569092,0.0021080488919547474,0.0017289045012967006,0.0018956925498393325,0.02200697560732392,Blake Corum,11.933093525179856,2.188945993819065,Consider
Hayden Rucci,TE,LAC,0.0,121,0,Active,0.005674874977956485,0.1341373102615212,0.25658267103357724,next-week model,Normal,low recent snap share; low workload last game; low PPR points per game,,0,,,0.9943251250220435,0.001789721861206576,0.0016696276468621115,0.002215525469887797,0.02354985368622825,Oronde Gadsden II,5.987662337662338,0.0,Not needed
Noah Gray,TE,KC,3.0,62,0,Active,0.005313028157342807,0.13382221245951909,0.25577398405207974,next-week model,Normal,low workload last game; low PPR points per game; low recent snap share,,0,,,0.9946869718426572,0.0016753901597815685,0.0015628129516132435,0.0020748250459479956,0.022456946095768725,Noah Gray,5.987662337662338,0.0,Not needed
Mo Alie-Cox,TE,IND,2.7,68,0,Active,0.005250935762476164,0.13376814212912247,0.2603414196426019,next-week model,Normal,low recent snap share; low workload last game; low PPR points per game,,0,,,0.9947490642375239,0.0015159423803615846,0.0015047563159146149,0.0022302370661999643,0.023153528612155277,Mo Alie-Cox,5.987662337662338,0.0,Not needed
Will Shipley,RB,PHI,2.9,87,0,Active,0.00525035635803525,0.16712527581116976,0.30767487797860155,next-week model,Normal,low recent snap share; low PPR points per game; low workload last game,Foot / Toe,0,,,0.9947496436419647,0.0019542092541478735,0.0015854776569906737,0.0017106694468967032,0.019949547235145915,Will Shipley,11.933093525179856,2.175359876864541,Consider
Mike Gesicki,TE,CIN,12.6,8,1,Active,0.005153468299863075,0.13368326703423017,0.2601050600313353,next-week model,Normal,low recent snap share; low workload last game; high games missed last season,,0,,,0.9948465317001369,0.001487803575400883,0.001476825145815125,0.002188839578647067,0.022723754608730384,Drew Sample,5.987662337662338,0.0,Not needed
George Kittle,TE,SF,16.1,3,1,Active,0.0049599761600927685,0.13351477322836258,0.2596358395785491,next-week model,Normal,low workload last game; high games missed last season; high injuries in the last 3 seasons,,0,,,0.9950400238399072,0.0014319424968783124,0.001421376263450222,0.0021066573997642344,0.02187056843448431,Luke Farrell,5.987662337662338,0.0,Not needed
Jordan Whittington,WR,LA,2.0,171,0,Active,0.004836478060329441,0.12171786816008623,0.21679331986320083,next-week model,Normal,low recent snap share; low workload last game; low PPR points per game,,0,,,0.9951635219396706,0.002004478843344645,0.0015241081312029696,0.001307891085781826,0.015250528207613648,Konata Mumpfield,6.145443137254901,0.0,Not needed
Ollie Gordon,RB,MIA,9.1,34,0,Active,0.004742202968875547,0.16669981387052246,0.3066121937412993,next-week model,Normal,low recent snap share; low PPR points per game; low workload last game,,0,,,0.9952577970311245,0.0017650719865216994,0.0014320279118883645,0.0015451030704654826,0.01801873923880363,Ollie Gordon,11.933093525179856,2.1678463591318238,Consider
Davante Adams,WR,LA,18.2,10,1,Active,0.004576534722315001,0.12148845501939565,0.21308699198722764,next-week model,Normal,low workload last game; high games missed last season; high injuries in the last 3 seasons,,0,,,0.995423465277685,0.0020023138865538446,0.0014388959481324032,0.0011353248876287538,0.013467142903837766,Konata Mumpfield,6.145443137254901,0.0,Not needed
Chimere Dike,WR,TEN,1.4,187,0,Active,0.004557576553872738,0.12147172347706303,0.21556797633415756,next-week model,Normal,low recent snap share; low workload last game; low PPR points per game,,0,,,0.9954424234461272,0.001910686447863328,0.0014355767998567933,0.001211313306152617,0.014199839753174338,Elic Ayomanor,8.95755294117647,0.5646014458241286,Not needed
Jaylin Noel,WR,HOU,7.3,71,0,Active,0.004310225315428948,0.12125342350100454,0.21506963902825443,next-week model,Normal,low recent snap share; low workload last game; low PPR points per game,,0,,,0.9956897746845711,0.001806988648480196,0.0013576644060377542,0.0011455722609109978,0.013429178436324605,Kayshon Boutte,8.95755294117647,0.5632962335741195,Not needed
Daniel Bellinger,TE,TEN,1.6,91,0,Active,0.004152873283990567,0.13281194449597777,0.25302960907011773,next-week model,Normal,low recent snap share; low workload last game; low PPR points per game,,0,,,0.9958471267160094,0.0013097183871097532,0.0012218334458114414,0.0016213214510693717,0.01723378199437295,Gunnar Helm,5.987662337662338,0.0,Not needed
Kyle Monangai,RB,CHI,14.8,14,1,Active,0.0039321973332540035,0.16602161989008568,0.3049182559668716,next-week model,Normal,low recent snap share; low games missed in the last 3 seasons; low years in league,,0,,,0.996067802666746,0.0014635837824646515,0.0011874262601644678,0.001281187290624884,0.014940996589233582,Roschon Johnson,11.933093525179856,2.155869676821572,Consider
Laquon Treadwell,WR,IND,5.3,95,0,Active,0.0039245558427546704,0.1209130506887196,0.21913951486892905,next-week model,Normal,low PPR points per game; low workload last game; low games missed in the last 3 seasons,,0,,,0.9960754441572454,0.0015074066154933622,0.0012365842642542023,0.001180564963007106,0.013210708669465618,Laquon Treadwell,8.118164705882352,0.39001265365582616,Not needed
AJ Dillon,RB,CAR,1.7,99,0,Active,0.003796991753703021,0.16590841622070307,0.3055046808578867,next-week model,Normal,low recent snap share; low PPR points per game; low workload last game,,0,,,0.9962030082462969,0.0013960737210976207,0.0011479896653435115,0.0012529283672618892,0.014903606157852148,AJ Dillon,10.424910071942445,1.6992587839646047,Not needed
Antonio Williams,WR,WAS,7.6,68,0,Active,0.003507123766323922,0.12054464577243873,0.21345163434444708,next-week model,Normal,low recent snap share; low PPR points per game; low workload last game,,0,,,0.9964928762336761,0.001470301984417665,0.0011046979581468123,0.0009321238237594446,0.010926990449350008,Antonio Williams,8.95755294117647,0.559058462271708,Not needed
Jaylen Warren,RB,PIT,14.1,16,1,Active,0.0031908480098809784,0.16540090982783195,0.3042637326827214,next-week model,Normal,low PPR points per game,,0,,,0.996809151990119,0.0011732074609503863,0.0009620133098851289,0.0010556272390454637,0.012179131316410787,Travis Homer,9.616546762589929,1.4464008227640266,Not needed
Josh Palmer,WR,BUF,6.8,78,0,Active,0.003018263812089447,0.12011320214200971,0.21310470346522353,next-week model,Normal,low recent snap share; low workload last game; low PPR points per game,,0,,,0.9969817361879105,0.0012509197559667931,0.0009511384856375953,0.0008162055704850583,0.00951728030813278,Keon Coleman,9.693164705882353,0.7149121307456683,Not needed
Tyler Higbee,TE,LA,10.1,16,0,Active,0.0026003509793788636,0.13146000124852109,0.24604975034743154,next-week model,Normal,low recent snap share; low workload last game; high games missed last season,,0,,,0.9973996490206212,0.0008721430177464671,0.0007788265028833454,0.0009493814587490512,0.010130731759412266,Tyler Higbee,5.987662337662338,0.0,Not needed
Chris Manhertz,TE,NYG,0.0,119,0,Active,0.0025003302681567176,0.13137290277351632,0.2458229957780248,next-week model,Normal,low recent snap share; low workload last game; low PPR points per game,,0,,,0.9974996697318432,0.0008385966366563009,0.0007488694773299502,0.0009128641541704668,0.009741060132846212,Chris Manhertz,5.987662337662338,0.0,Not needed
Ashton Dulin,WR,IND,2.3,160,0,Active,0.0023974136682017744,0.11956527049469212,0.22886957092626517,next-week model,Normal,low recent snap share; low PPR points per game; low workload last game,Ankle,0,,,0.9976025863317982,0.0006802043128001193,0.0007758041201259159,0.0009414052352757394,0.009416828963652708,Laquon Treadwell,8.118164705882352,0.4073296810546107,Not needed
Mitchell Evans,TE,CAR,3.1,59,0,Active,0.0022567486143829155,0.13116079079867027,0.24862562819907752,next-week model,Normal,low recent snap share; low workload last game; low PPR points per game,,0,,,0.997743251385617,0.0007117253412802364,0.0006639999312899284,0.0008810233418127506,0.009632595224101006,Tommy Tremble,5.987662337662338,0.0,Not needed
Mark Redman,TE,GB,4.9,42,0,Active,0.001886439897382235,0.13083832434009746,0.24773869626062572,next-week model,Normal,low recent snap share; low workload last game; low PPR points per game,,0,,,0.9981135601026178,0.0005949386968544357,0.0005550170213524757,0.0007364841791753235,0.007828433885113112,Tucker Kraft,5.987662337662338,0.0,Not needed
Will Kacmarek,TE,MIA,1.0,103,0,Active,0.0015328985357343774,0.13053045896827198,0.24691336579643455,next-week model,Normal,low recent snap share; low PPR points per game; low workload last game,,0,,,0.9984671014642656,0.0004834400812479718,0.00045100020441651926,0.0005984582500698862,0.006361291900280333,Greg Dulcich,4.9925974025974025,0.0,Not needed
MarShawn Lloyd,RB,GB,6.5,50,0,Active,0.0015092319300638371,0.16399294196614822,0.30070637404234923,next-week model,Normal,low recent snap share; low PPR points per game; high games missed two seasons ago,,0,,,0.9984907680699362,0.000554985381873847,0.00045516815503544785,0.0004990783931545424,0.005793769683393702,Chris Brooks,11.933093525179856,2.1260903233530897,Consider
Treylon Burks,WR,WAS,6.2,86,0,Active,0.0014825113151989765,0.11875782290310988,0.20998911802266737,next-week model,Normal,low recent snap share; low workload last game; low PPR points per game,,0,,,0.9985174886848011,0.0006144269712934406,0.0004671803576715202,0.00040090398623401544,0.004674699305677892,Antonio Williams,8.95755294117647,0.5499896675707916,Not needed
Sam Darnold,QB,SEA,13.8,28,0,Active,0.0014059045760643674,0.07429868992731992,0.13869467549972664,next-week model,Normal,high workload last season; low recovery time vs. typical for that injury; last injury was soft-tissue,,0,,,0.9985940954239356,0.0004578848611488894,0.0004317149258692282,0.0005163047890462497,0.005705634430805812,,,,n/a (QB)
Kyler Murray,QB,MIN,7.2,48,0,Active,0.0013858879295563992,0.07428013440412928,0.13864686854783928,next-week model,Normal,high games missed last season; high workload last season; low recovery time vs. typical for that injury,,0,,,0.9986141120704436,0.00045136569934871627,0.0004255683600137214,0.0005089538701939614,0.005624400135499057,,,,n/a (QB)
Troy Franklin,WR,DEN,4.4,111,0,Active,0.0013185877088186973,0.11861315203114109,0.20904240166936255,next-week model,Normal,low recent snap share; low workload last game; low PPR points per game,,0,,,0.9986814122911813,0.0005527954683324427,0.00041533782284972304,0.0003504544176365316,0.004108265422293471,Courtland Sutton,8.95755294117647,0.5475100904510775,Not needed
Johnny Mundt,TE,PHI,1.5,95,0,Active,0.0012138409984114855,0.13025262226225331,0.25055142282214116,next-week model,Normal,low workload last game; low PPR points per game; low recent snap share,,0,,,0.9987861590015885,0.0003504352549239061,0.00034784941037146734,0.0005155563331161121,0.005352322625648392,Johnny Mundt,8.532597402597403,0.3462110854480758,Not needed
Josh Cuevas,TE,BAL,1.2,99,0,Active,0.0006800537441842067,0.1297877979748423,0.244922428203129,next-week model,Normal,low recent snap share; low workload last game; low PPR points per game,,0,,,0.9993199462558158,0.00021447292803622922,0.00020008132990639285,0.0002654994862415845,0.002822117885683678,Mark Andrews,5.987662337662338,0.0,Not needed
Zay Flowers,WR,BAL,20.4,7,1,Active,0.0005974950709851676,0.11797675131382368,0.206341836820124,next-week model,Normal,low recent snap share; played through a soft-tissue injury; was listed Questionable/Doubtful last week,Hamstring,0,,,0.9994025049290148,0.000247217683557173,0.00020606715005786594,0.00014421023737012866,0.0017087510780806174,Rashod Bateman,8.95755294117647,0.5404369488632084,Not needed
Nicholas Singleton,RB,TEN,0.6,120,0,Active,0.000595135875927101,0.16322759612879367,0.29793957062252213,next-week model,Normal,low recent snap share; low PPR points per game; low workload last game,,0,,,0.9994048641240729,0.0002215125901753759,0.0001797163030109236,0.00019390698274080153,0.002261311510782965,Tony Pollard,20.416546762589928,4.6340845524459136,Hedge
Efton Chism,WR,NE,4.2,119,0,Active,0.0004513183432919311,0.11784774295972578,0.2072951184059835,next-week model,Normal,low recent snap share; low workload last game; low PPR points per game,,0,,,0.9995486816567081,0.0001892075387010824,0.00014215935493813134,0.0001199514496527174,0.001406152606908574,Mack Hollins,8.95755294117647,0.5429337212076287,Not needed
Tez Johnson,WR,TB,3.0,144,0,Active,0.00042294930279430226,0.11782270584691246,0.2072379634416438,next-week model,Normal,low recent snap share; low workload last game; low PPR points per game,,0,,,0.9995770506972057,0.00017731430101719842,0.00013322347950275605,0.00011241152227434781,0.001317764441782672,Emeka Egbuka,8.95755294117647,0.5427840246893844,Not needed
Emanuel Wilson,RB,SEA,9.5,33,0,Active,0.0003157292335723922,0.16299365713552527,0.2982109618958145,next-week model,Normal,low recent snap share; low PPR points per game; low games missed in the last 3 seasons,,0,,,0.9996842707664276,0.00011608697478545666,9.518965619042494e-05,0.00010445260259651066,0.0012051052836738944,Emanuel Wilson,13.619856115107913,2.6114580551050506,Consider
Kimani Vidal,RB,LAC,5.9,54,0,Active,0.00021582485504798878,0.16291001012721462,0.2979838171614913,next-week model,Normal,low recent snap share; low PPR points per game; low workload last game,,0,,,0.999784175144952,7.936463389799163e-05,6.509046033688859e-05,7.136976081310857e-05,0.0008285270654504287,Keaton Mitchell,11.933093525179856,2.1068409746899475,Consider
Braelon Allen,RB,NYJ,6.5,51,0,Active,0.00018516106012882083,0.16288433623037124,0.29708220396171886,next-week model,Normal,high games missed last season; low recent snap share; low PPR points per game,,0,,,0.9998148389398712,6.891788528940518e-05,5.591405682962236e-05,6.032911800979328e-05,0.0007035483047729545,Braelon Allen,11.974820143884893,2.1128625166016484,Consider
Devontez Walker,WR,BAL,3.3,139,0,Active,0.0001532613721570791,0.11758469261046478,0.207292464896304,next-week model,Normal,low recent snap share; low workload last game; low PPR points per game,,0,,,0.9998467386278429,6.351919189103264e-05,4.829690129681219e-05,4.1445278969234256e-05,0.00048326837216333804,Rashod Bateman,8.95755294117647,0.5429267713098423,Not needed
Tanner Hudson,TE,CIN,2.7,69,0,Active,0.0001156155800269298,0.12929628274032834,0.2478882147523586,next-week model,Normal,low recent snap share; low workload last game; low PPR points per game,,0,,,0.9998843844199731,3.337815686974991e-05,3.313186108786338e-05,4.910556206931653e-05,0.000509796493663847,Drew Sample,5.987662337662338,0.0,Not needed
Brycen Tremayne,WR,CAR,4.4,113,0,Active,7.32686126358777e-05,0.11751409495508935,0.2071367791986288,next-week model,Normal,low workload last game; low PPR points per game; low recent snap share,,0,,,0.9999267313873641,3.0366184251816312e-05,2.3126734907528545e-05,1.977569347653284e-05,0.00023548339422255934,Brycen Tremayne,8.95755294117647,0.5425190095843005,Not needed
Seth McGowan,RB,IND,1.8,94,0,Active,6.81491200409597e-05,0.16278636556212278,0.29683750079342325,next-week model,Normal,low recent snap share; low PPR points per game; low workload last game,,0,,,0.9999318508799591,2.5365447974261793e-05,2.057934734337732e-05,2.220432472332059e-05,0.0002589432024380747,Seth McGowan,11.933093525179856,2.0987361510213027,Consider
Jaylen Wright,RB,MIA,1.8,95,0,Active,3.677077584035052e-05,0.1627600933941068,0.2967718803085736,next-week model,Normal,low recent snap share; low PPR points per game; low workload last game,Foot / Toe,0,,,0.9999632292241597,1.3686269184269261e-05,1.110386410931248e-05,1.1980642546768773e-05,0.00013971629342404143,Ollie Gordon,11.933093525179856,2.0982721931876958,Consider
Kaytron Allen,RB,WAS,1.4,105,0,Active,2.6922732333062364e-05,0.16275184791588793,0.2967512854235906,next-week model,Normal,low recent snap share; low PPR points per game; low workload last game,,0,,,0.9999730772676669,1.0020777464313862e-05,8.129998740730083e-06,8.771956128018418e-06,0.00010229711732911895,Jacory Croskey-Merritt,11.933093525179856,2.0981265807582536,Consider
Tank Bigsby,RB,PHI,4.3,74,0,Active,2.4705361202551116e-05,0.1627499913760233,0.29674664830928826,next-week model,Normal,low recent snap share; low PPR points per game; played through an injury last game,Core / Abdomen,0,,,0.9999752946387974,9.195460688149938e-06,7.460407546353076e-06,8.0494929680481e-06,9.38718701478902e-05,Will Shipley,11.933093525179856,2.0980937948757536,Consider
Deion Burks,WR,IND,1.5,182,0,Active,2.2145577172158187e-05,0.11746897629108755,0.20643046617549257,next-week model,Normal,low recent snap share; low workload last game; low PPR points per game,,0,,,0.9999778544228278,9.28415654302044e-06,6.9755661659207805e-06,5.885854463216968e-06,6.899799561654994e-05,Laquon Treadwell,8.118164705882352,0.36739377631947284,Not needed
Dohnte Meyers,WR,CIN,6.2,84,0,Active,2.1647011193427785e-05,0.11746853628139975,0.2070254584692398,next-week model,Normal,low recent snap share; low PPR points per game; low workload last game,,0,,,0.9999783529888066,8.971606077318811e-06,6.821572508880084e-06,5.853832607228887e-06,6.825800731398578e-05,Dohnte Meyers,8.95755294117647,0.5422274456617178,Not needed
Josh Whyle,TE,GB,2.4,79,0,Active,2.154780176192497e-05,0.12921436810551057,0.2433851681422443,next-week model,Normal,low recent snap share; low workload last game; low PPR points per game,,0,,,0.9999784521982381,6.795668983733233e-06,6.339664872012607e-06,8.412467906179128e-06,8.942004550308448e-05,Tucker Kraft,5.987662337662338,0.0,Not needed
Darius Cooper,WR,PHI,7.2,73,0,Active,2.0605764665350045e-05,0.1174676173286846,0.20642736392291824,next-week model,Normal,low recent snap share; low workload last game; low PPR points per game,Knee,0,,,0.9999793942353347,8.63861634106623e-06,6.4905454351061245e-06,5.476602889177691e-06,6.420046987273557e-05,Dontayvion Wicks,8.95755294117647,0.5406609558178403,Not needed
Tai Felton,WR,MIN,0.8,200,0,Active,1.3373023014183179e-05,0.11746123406843001,0.20641279215440228,next-week model,Normal,low recent snap share; low workload last game; low PPR points per game,,0,,,0.9999866269769858,5.606412429529467e-06,4.212326739042725e-06,3.554283845610987e-06,4.166573650980215e-05,Jordan Addison,8.95755294117647,0.5406227904014727,Not needed
Jalon Daniels,QB,TB,5.2,51,0,Active,9.03874004892415e-06,0.07300378888562453,0.13253962199671102,next-week model,Normal,low recent snap share; low PPR points per game; short week next (Thursday game),,0,,,0.9999909612599511,3.248368077643064e-06,2.8221553025086858e-06,2.9682166687724e-06,3.408874447439335e-05,,,,n/a (QB)
Jalen Royals,WR,KC,2.7,152,0,Active,8.389927759530798e-06,0.11745683623488112,0.20641046065866359,next-week model,Normal,low recent snap share; low workload last game; low PPR points per game,,0,,,0.9999916100722405,3.517334504247902e-06,2.6467949744134575e-06,2.2257982808694387e-06,2.6635125620221817e-05,Xavier Worthy,14.074739869281046,1.5968575950079487,Not needed
Tyson Bagent,QB,CHI,5.5,50,0,Active,4.390070904372859e-06,0.07299947954798991,0.13290579821057347,next-week model,Normal,low recent snap share; low PPR points per game; low recovery time vs. typical for that injury,,0,,,0.9999956099290956,1.5575386257962583e-06,1.3684958716440164e-06,1.4640364069325837e-06,1.673788900950742e-05,,,,n/a (QB)
Keenan Allen,WR,IND,9.9,43,0,Didn't play (no injury listed),,,,,,,,0,,,,,,,,Laquon Treadwell,8.118164705882352,,
Kevin Austin Jr.,WR,NO,1.7,177,0,Didn't play (no injury listed),,,,,,,,0,,,,,,,,Bryce Lance,8.95755294117647,,
Odell Beckham Jr.,WR,NYG,0.0,216,0,Didn't play (no injury listed),,,,,,,,0,,,,,,,,Malachi Fields,8.95755294117647,,
Stetson Bennett,QB,LA,1.4,54,0,Didn't play (no injury listed),,,,,,,,0,,,,,,,,,,,n/a (QB)
Chris Blair,WR,ATL,1.2,189,0,Didn't play (no injury listed),,,,,,,,0,,,,,,,,Jahan Dotson,5.5747398692810455,,
Lewis Bond,WR,HOU,0.0,218,0,Didn't play (no injury listed),,,,,,,,0,,,,,,,,Kayshon Boutte,8.95755294117647,,
Zachariah Branch,WR,ATL,1.7,178,0,Didn't play (no injury listed),,,,,,,,0,,,,,,,,Jahan Dotson,5.5747398692810455,,
Max Bredeson,RB,MIN,0.0,128,0,Didn't play (no injury listed),,,,,,,,0,,,,,,,,DeeJay Dallas,12.942754367934224,,
Tahj Brooks,RB,CIN,0.3,126,0,Didn't play (no injury listed),,,,,,,,0,,,,,,,,,,,No clear backup
Chase Brown,RB,CIN,14.5,15,1,Didn't play (no injury listed),,,,,,,,0,,,,,,,,,,,No clear backup
Andy Dalton,QB,PHI,-2.0,61,0,Didn't play (no injury listed),,,,,,,,0,,,,,,,,,,,n/a (QB)
Kaden Davis,WR,CHI,0.0,222,0,Didn't play (no injury listed),,,,,,,,0,,,,,,,,Rome Odunze,11.114531764705882,,
Tommy DeVito,QB,NE,1.4,55,0,Didn't play (no injury listed),,,,,,,,0,,,,,,,,,,,n/a (QB)
Oscar Delp,TE,NO,1.8,90,0,Didn't play (no injury listed),,,,,,,,0,,,,,,,,Noah Fant,5.987662337662338,,
Emari Demercado,RB,DAL,2.8,89,0,Didn't play (no injury listed),,,,,,,,0,,,,,,,,Tyler Goodson,7.283213429256595,,
CJ Donaldson,RB,NO,0.6,119,0,Didn't play (no injury listed),,,,,,,,0,,,,,,,,Alvin Kamara,11.933093525179856,,
Jahan Dotson,WR,ATL,2.9,149,0,Didn't play (no injury listed),,,,,,,,0,,,,,,,,Jahan Dotson,5.5747398692810455,,
Travis Etienne,RB,NO,11.5,24,1,Didn't play (no injury listed),,,,,,,,0,,,,,,,,Alvin Kamara,11.933093525179856,,
Noah Fant,TE,NO,9.6,21,0,Didn't play (no injury listed),,,,,,,,0,,,,,,,,Noah Fant,5.987662337662338,,
Montorie Foster Jr,WR,SEA,0.0,226,0,Didn't play (no injury listed),,,,,,,,0,,,,,,,,Cooper Kupp,8.95755294117647,,
Reggie Gilliam,RB,NE,0.7,118,0,Didn't play (no injury listed),,,,,,,,0,,,,,,,,TreVeyon Henderson,11.933093525179856,,
Frank Gore Jr.,RB,BUF,0.3,125,0,Didn't play (no injury listed),,,,,,,,0,,,,,,,,Ty Johnson,8.59989722507708,,
Eli Heidenreich,RB,PIT,0.0,130,0,Didn't play (no injury listed),,,,,,,,0,,,,,,,,Travis Homer,9.616546762589929,,
DJ Herman,RB,MIA,1.4,104,0,Didn't play (no injury listed),,,,,,,,0,,,,,,,,Ollie Gordon,11.933093525179856,,
Austin Hooper,TE,ATL,5.6,38,0,Didn't play (no injury listed),,,,,,,,0,,,,,,,,Charlie Woerner,4.932597402597403,,
Jimmy Horn Jr.,WR,CAR,2.2,165,0,Didn't play (no injury listed),,,,,,,,0,,,,,,,,Brycen Tremayne,8.95755294117647,,
Lil'Jordan Humphrey,WR,DEN,3.7,131,0,Didn't play (no injury listed),,,,,,,,0,,,,,,,,Courtland Sutton,8.95755294117647,,
Jordan James,RB,SF,1.5,101,0,Didn't play (no injury listed),,,,,,,,0,,,,,,,,Kaelon Black,11.933093525179856,,
Juwan Johnson,TE,NO,14.7,4,1,Didn't play (no injury listed),,,,,,,,0,,,,,,,,Noah Fant,5.987662337662338,,
Mac Jones,QB,SF,8.8,45,0,Didn't play (no injury listed),,,,,,,,0,,,,,,,,,,,n/a (QB)
Alvin Kamara,RB,NO,7.7,43,0,Didn't play (no injury listed),,,,,,,,0,,,,,,,,Alvin Kamara,11.933093525179856,,
Kolbe Katsis,WR,DEN,0.0,228,0,Didn't play (no injury listed),,,,,,,,0,,,,,,,,Courtland Sutton,8.95755294117647,,
Marlin Klein,TE,HOU,2.6,73,0,Didn't play (no injury listed),,,,,,,,0,,,,,,,,Dalton Schultz,5.987662337662338,,
Bryce Lance,WR,NO,3.0,145,0,Didn't play (no injury listed),,,,,,,,0,,,,,,,,Bryce Lance,8.95755294117647,,
Lan Larison,RB,NE,2.9,86,0,Didn't play (no injury listed),,,,,,,,0,,,,,,,,TreVeyon Henderson,11.933093525179856,,
Drew Lock,QB,SEA,17.1,13,0,Didn't play (no injury listed),,,,,,,,0,,,,,,,,,,,n/a (QB)
Drake London,WR,ATL,14.9,16,1,Didn't play (no injury listed),,,,,,,,0,,,,,,,,Jahan Dotson,5.5747398692810455,,
Hunter Luepke,RB,DAL,1.2,108,0,Didn't play (no injury listed),,,,,,,,0,,,,,,,,Tyler Goodson,7.283213429256595,,
Luke McCaffrey,WR,WAS,4.3,117,0,Didn't play (no injury listed),,,,,,,,0,,,,,,,,Antonio Williams,8.95755294117647,,
Kendre Miller,RB,NO,5.6,59,0,Didn't play (no injury listed),,,,,,,,0,,,,,,,,Alvin Kamara,11.933093525179856,,
Jalen Cropper,WR,NO,0.0,234,0,Didn't play (no injury listed),,,,,,,,0,,,,,,,,Bryce Lance,8.95755294117647,,
Nick Mullens,QB,JAX,-0.3,60,0,Didn't play (no injury listed),,,,,,,,0,,,,,,,,,,,n/a (QB)
Nick Muse,TE,ATL,0.0,120,0,Didn't play (no injury listed),,,,,,,,0,,,,,,,,Charlie Woerner,4.932597402597403,,
Chris Olave,WR,NO,21.8,4,1,Didn't play (no injury listed),,,,,,,,0,,,,,,,,Bryce Lance,8.95755294117647,,
Michael Penix Jr.,QB,ATL,13.5,29,0,Didn't play (no injury listed),,,,,,,,0,,,,,,,,,,,n/a (QB)
Samaje Perine,RB,CIN,3.6,79,0,Didn't play (no injury listed),,,,,,,,0,,,,,,,,,,,No clear backup
Kenny Pickett,QB,CAR,1.1,56,0,Didn't play (no injury listed),,,,,,,,0,,,,,,,,,,,n/a (QB)
Kyle Pitts,TE,ATL,4.1,53,0,Didn't play (no injury listed),,,,,,,,0,,,,,,,,Charlie Woerner,4.932597402597403,,
Jamaal Pritchett,WR,NYJ,0.0,235,0,Didn't play (no injury listed),,,,,,,,0,,,,,,,,Isaiah Williams,8.95755294117647,,
Patrick Ricard,RB,NYG,0.6,121,0,Didn't play (no injury listed),,,,,,,,0,,,,,,,,Najee Harris,11.933093525179856,,
Bijan Robinson,RB,ATL,24.9,3,1,Didn't play (no injury listed),,,,,,,,0,,,,,,,,Brian Robinson Jr.,11.124820143884893,,
Brian Robinson,RB,ATL,6.6,49,0,Didn't play (no injury listed),,,,,,,,0,,,,,,,,Brian Robinson Jr.,11.124820143884893,,
Mason Rudolph,QB,PIT,0.3,58,0,Didn't play (no injury listed),,,,,,,,0,,,,,,,,,,,n/a (QB)
Cooper Rush,QB,ATL,2.6,53,0,Didn't play (no injury listed),,,,,,,,0,,,,,,,,,,,n/a (QB)
Brady Russell,RB,SEA,1.8,96,0,Didn't play (no injury listed),,,,,,,,0,,,,,,,,Emanuel Wilson,13.619856115107913,,
Shedeur Sanders,QB,CLE,8.0,47,0,Didn't play (no injury listed),,,,,,,,0,,,,,,,,,,,n/a (QB)
Tyler Shough,QB,NO,20.9,6,1,Didn't play (no injury listed),,,,,,,,0,,,,,,,,,,,n/a (QB)
Devin Singletary,RB,NYG,6.9,46,0,Didn't play (no injury listed),,,,,,,,0,,,,,,,,Najee Harris,11.933093525179856,,
Xavier Smith,WR,LA,0.8,201,0,Didn't play (no injury listed),,,,,,,,0,,,,,,,,Konata Mumpfield,6.145443137254901,,
Jack Strand,QB,ATL,-0.0,59,0,Didn't play (no injury listed),,,,,,,,0,,,,,,,,,,,n/a (QB)
Ben VanSumeren,RB,KC,0.0,135,0,Didn't play (no injury listed),,,,,,,,0,,,,,,,,Emmett Johnson,11.933093525179856,,
Devaughn Vele,WR,NO,11.4,30,1,Didn't play (no injury listed),,,,,,,,0,,,,,,,,Bryce Lance,8.95755294117647,,
Treyton Welch,TE,NO,0.0,124,0,Didn't play (no injury listed),,,,,,,,0,,,,,,,,Noah Fant,5.987662337662338,,
Carson Wentz,QB,MIN,12.8,31,0,Didn't play (no injury listed),,,,,,,,0,,,,,,,,,,,n/a (QB)
Josh Williams,RB,TB,0.0,136,0,Didn't play (no injury listed),,,,,,,,0,,,,,,,,Kenneth Gainwell,11.933093525179856,,
Ke'Shawn Williams,WR,CIN,0.2,211,0,Didn't play (no injury listed),,,,,,,,0,,,,,,,,Dohnte Meyers,8.95755294117647,,
Charlie Woerner,TE,ATL,1.4,98,0,Didn't play (no injury listed),,,,,,,,0,,,,,,,,Charlie Woerner,4.932597402597403,,
Olamide Zaccheaus,WR,ATL,2.9,147,0,Didn't play (no injury listed),,,,,,,,0,,,,,,,,Jahan Dotson,5.5747398692810455,,
Calvin Austin III,WR,NYG,6.2,85,0,Didn't play (no injury listed),,,,,,,,0,,,,,,,,Malachi Fields,8.95755294117647,,
Max Brosmer,QB,MIN,0.6,57,0,Didn't play (no injury listed),,,,,,,,0,,,,,,,,,,,n/a (QB)
Grant Calcaterra,TE,PHI,2.5,76,0,Didn't play (no injury listed),,,,,,,,0,,,,,,,,Johnny Mundt,8.532597402597403,,
Michael Carter,RB,TEN,7.6,44,0,Didn't play (no injury listed),,,,,,,,0,,,,,,,,Tony Pollard,20.416546762589928,,
Zach Charbonnet,RB,SEA,11.3,25,1,Didn't play (no injury listed),,,,,,,,0,,,,,,,,Emanuel Wilson,13.619856115107913,,
Tyler Conklin,TE,DET,2.9,63,0,Didn't play (no injury listed),,,,,,,,0,,,,,,,,Brock Wright,5.395373376623377,,
Tanner Conner,TE,NE,2.3,82,0,Didn't play (no injury listed),,,,,,,,0,,,,,,,,Hunter Henry,5.987662337662338,,
Malik Davis,RB,DAL,4.1,76,0,Didn't play (no injury listed),,,,,,,,0,,,,,,,,Tyler Goodson,7.283213429256595,,
Dylan Drummond,WR,ATL,1.9,173,0,Didn't play (no injury listed),,,,,,,,0,,,,,,,,Jahan Dotson,5.5747398692810455,,
Trevor Etienne,RB,CAR,0.8,116,0,Didn't play (no injury listed),,,,,,,,0,,,,,,,,AJ Dillon,10.424910071942445,,
Justin Fields,QB,KC,15.9,20,0,Didn't play (no injury listed),,,,,,,,0,,,,,,,,,,,n/a (QB)
John FitzPatrick,TE,CLE,2.3,81,0,Didn't play (no injury listed),,,,,,,,0,,,,,,,,Blake Whiteheart,4.4907467532467535,,
Joe Flacco,QB,CIN,11.3,37,0,Didn't play (no injury listed),,,,,,,,0,,,,,,,,,,,n/a (QB)
Jerome Ford,RB,MIN,3.4,82,0,Didn't play (no injury listed),,,,,,,,0,,,,,,,,DeeJay Dallas,12.942754367934224,,
Dillon Gabriel,QB,CLE,7.0,49,0,Didn't play (no injury listed),,,,,,,,0,,,,,,,,,,,n/a (QB)
Xavier Gipson,WR,PHI,0.4,204,0,Didn't play (no injury listed),,,,,,,,0,,,,,,,,Dontayvion Wicks,8.95755294117647,,
Kylen Granson,TE,TEN,0.9,104,0,Didn't play (no injury listed),,,,,,,,0,,,,,,,,Gunnar Helm,5.987662337662338,,
Isaac Guerendo,RB,SF,0.0,137,0,Didn't play (no injury listed),,,,,,,,0,,,,,,,,Kaelon Black,11.933093525179856,,
Jayden Higgins,WR,HOU,7.6,67,0,Didn't play (no injury listed),,,,,,,,0,,,,,,,,Kayshon Boutte,8.95755294117647,,
Julian Hill,TE,NE,2.8,65,0,Didn't play (no injury listed),,,,,,,,0,,,,,,,,Hunter Henry,5.987662337662338,,
Isaiah Hodgins,WR,PIT,4.6,108,0,Didn't play (no injury listed),,,,,,,,0,,,,,,,,D.K. Metcalf,8.95755294117647,,
Evan Hull,RB,ARI,1.1,111,0,Didn't play (no injury listed),,,,,,,,0,,,,,,,,Tyler Allgeier,10.557040082219938,,
Jalin Hyatt,WR,NYG,1.4,185,0,Didn't play (no injury listed),,,,,,,,0,,,,,,,,Malachi Fields,8.95755294117647,,
Josh Jacobs,RB,GB,15.8,13,1,Didn't play (no injury listed),,,,,,,,0,,,,,,,,Chris Brooks,11.933093525179856,,
Van Jefferson,WR,WAS,5.0,102,0,Didn't play (no injury listed),,,,,,,,0,,,,,,,,Antonio Williams,8.95755294117647,,
Tyler Johnson,WR,NYJ,4.2,120,0,Didn't play (no injury listed),,,,,,,,0,,,,,,,,Isaiah Williams,8.95755294117647,,
Christian Kirk,WR,SF,5.3,96,0,Didn't play (no injury listed),,,,,,,,0,,,,,,,,Jacob Cowing,8.95755294117647,,
Gage Larvadain,WR,BAL,1.1,193,0,Didn't play (no injury listed),,,,,,,,0,,,,,,,,Rashod Bateman,8.95755294117647,,
J.J. McCarthy,QB,NYG,12.5,32,0,Didn't play (no injury listed),,,,,,,,0,,,,,,,,,,,n/a (QB)
Jeremy McNichols,RB,WAS,4.5,69,0,Didn't play (no injury listed),,,,,,,,0,,,,,,,,Jacory Croskey-Merritt,11.933093525179856,,
Davis Mills,QB,HOU,11.4,36,0,Didn't play (no injury listed),,,,,,,,0,,,,,,,,,,,n/a (QB)
Luke Musgrave,TE,GB,3.8,54,0,Didn't play (no injury listed),,,,,,,,0,,,,,,,,Tucker Kraft,5.987662337662338,,
Devin Neal,RB,MIN,6.7,48,0,Didn't play (no injury listed),,,,,,,,0,,,,,,,,DeeJay Dallas,12.942754367934224,,
Gunner Olszewski,WR,NYG,2.2,163,0,Didn't play (no injury listed),,,,,,,,0,,,,,,,,Malachi Fields,8.95755294117647,,
Isiah Pacheco,RB,DET,6.7,47,0,Didn't play (no injury listed),,,,,,,,0,,,,,,,,Sione Vaki,11.933093525179856,,
Tim Patrick,WR,NYJ,4.0,128,0,Didn't play (no injury listed),,,,,,,,0,,,,,,,,Isaiah Williams,8.95755294117647,,
Jaret Patterson,RB,MIN,4.3,73,0,Didn't play (no injury listed),,,,,,,,0,,,,,,,,DeeJay Dallas,12.942754367934224,,
Ricky Pearsall,WR,SF,9.8,44,0,Didn't play (no injury listed),,,,,,,,0,,,,,,,,Jacob Cowing,8.95755294117647,,
Dante Pettis,WR,SF,2.5,157,0,Didn't play (no injury listed),,,,,,,,0,,,,,,,,Jacob Cowing,8.95755294117647,,
Spencer Rattler,QB,NO,11.0,39,0,Didn't play (no injury listed),,,,,,,,0,,,,,,,,,,,n/a (QB)
Ja'Tavion Sanders,TE,CAR,4.5,50,0,Didn't play (no injury listed),,,,,,,,0,,,,,,,,Tommy Tremble,5.987662337662338,,
Zavier Scott,RB,CHI,3.6,80,0,Didn't play (no injury listed),,,,,,,,0,,,,,,,,Roschon Johnson,11.933093525179856,,
Tyrell Shavers,WR,BUF,4.1,121,0,Didn't play (no injury listed),,,,,,,,0,,,,,,,,Keon Coleman,9.693164705882353,,
David Sills,WR,TB,4.1,123,0,Didn't play (no injury listed),,,,,,,,0,,,,,,,,Emeka Egbuka,8.95755294117647,,
Darius Slayton,WR,IND,7.1,74,0,Didn't play (no injury listed),,,,,,,,0,,,,,,,,Laquon Treadwell,8.118164705882352,,
Stone Smartt,TE,NO,2.0,85,0,Didn't play (no injury listed),,,,,,,,0,,,,,,,,Noah Fant,5.987662337662338,,
Jack Stoll,TE,SF,1.8,89,0,Didn't play (no injury listed),,,,,,,,0,,,,,,,,Luke Farrell,5.987662337662338,,
Tua Tagovailoa,QB,ATL,11.5,35,0,Didn't play (no injury listed),,,,,,,,0,,,,,,,,,,,n/a (QB)
Tyrod Taylor,QB,GB,9.9,42,0,Didn't play (no injury listed),,,,,,,,0,,,,,,,,,,,n/a (QB)
Adam Thielen,WR,MIN,2.8,150,0,Didn't play (no injury listed),,,,,,,,0,,,,,,,,Jordan Addison,8.95755294117647,,
Deven Thompkins,WR,LV,0.9,198,0,Didn't play (no injury listed),,,,,,,,0,,,,,,,,Jalen Nailor,7.368164705882353,,
Dont'e Thornton Jr.,WR,LV,2.1,166,0,Didn't play (no injury listed),,,,,,,,0,,,,,,,,Jalen Nailor,7.368164705882353,,
Cedric Tillman,WR,NO,5.0,103,0,Didn't play (no injury listed),,,,,,,,0,,,,,,,,Bryce Lance,8.95755294117647,,
Mason Tipton,WR,NO,2.6,156,0,Didn't play (no injury listed),,,,,,,,0,,,,,,,,Bryce Lance,8.95755294117647,,
Austin Trammell,WR,JAX,1.3,188,0,Didn't play (no injury listed),,,,,,,,0,,,,,,,,Jakobi Meyers,8.95755294117647,,
Savion Williams,WR,GB,2.1,167,0,Didn't play (no injury listed),,,,,,,,0,,,,,,,,Skyy Moore,8.95755294117647,,
Ben Yurosek,TE,MIN,0.6,110,0,Didn't play (no injury listed),,,,,,,,0,,,,,,,,Gavin Bartholomew,5.987662337662338,,
