season,team,pfr_player_id,player,pos,age,era,week,ppg,report_status,practice,region,region_group,missed_prev,weeks_on_report,opp_avg3,snap_drop_prev,rest,y
2013,ARI,FitzLa00,Larry Fitzgerald,WR,30.0041067761807,pre2020,2,15.193750000000001,Questionable,Limited,Hamstring,soft_tissue,0,1,14.0,,7,0
2013,ARI,FitzLa00,Larry Fitzgerald,WR,30.0041067761807,pre2020,3,13.7875,Questionable,Limited,Hamstring,soft_tissue,0,2,9.5,0.65,7,0
2013,ARI,FitzLa00,Larry Fitzgerald,WR,30.0041067761807,pre2020,4,13.90625,Probable,Full,Hamstring,soft_tissue,0,3,8.333333333333334,1.187878787878788,7,0
2013,ARI,FitzLa00,Larry Fitzgerald,WR,30.0041067761807,pre2020,6,14.16,Questionable,Full,Hamstring,soft_tissue,0,1,7.0,1.0846153846153848,7,0
2013,ARI,FitzLa00,Larry Fitzgerald,WR,30.0041067761807,pre2020,7,15.483333333333334,Probable,Full,Hamstring,soft_tissue,0,2,9.333333333333334,0.9550173010380624,4,0
2013,ARI,FitzLa00,Larry Fitzgerald,WR,30.0041067761807,pre2020,8,13.8,Probable,Full,Hamstring,soft_tissue,0,3,8.0,1.017667844522968,10,0
2013,ARI,FitzLa00,Larry Fitzgerald,WR,30.0041067761807,pre2020,16,15.292857142857143,Questionable,Limited,Head / Concussion,concussion,0,1,9.666666666666666,0.9125874125874126,7,0
2013,ARI,FloyMi00,Michael Floyd,WR,23.761806981519506,pre2020,12,12.57,Probable,Full,Shoulder,other,0,2,5.666666666666667,1.2796208530805688,7,0
2013,ARI,FloyMi00,Michael Floyd,WR,23.761806981519506,pre2020,13,13.009090909090908,Probable,Full,Shoulder,other,0,3,6.666666666666667,1.296116504854369,7,0
2013,ARI,FloyMi00,Michael Floyd,WR,23.761806981519506,pre2020,14,13.666666666666666,Probable,Full,Ankle,ankle_foot,0,4,9.0,1.2487309644670048,7,0
2013,ARI,FloyMi00,Michael Floyd,WR,23.761806981519506,pre2020,15,12.96923076923077,Questionable,Limited,Ankle,ankle_foot,0,5,7.333333333333333,1.0344827586206897,7,0
2013,ARI,RobeAn00,Andre Roberts,WR,25.645448323066393,pre2020,2,13.065000000000001,Probable,Full,Quad / Thigh,soft_tissue,0,2,9.0,,7,0
2013,ATL,GonzTo00,Tony Gonzalez,TE,37.51129363449692,pre2020,11,13.5,Questionable,Limited,Foot / Toe,ankle_foot,0,1,6.666666666666667,1.053763440860215,7,0
2013,ATL,GonzTo00,Tony Gonzalez,TE,37.51129363449692,pre2020,12,13.680000000000001,Questionable,Limited,Foot / Toe,ankle_foot,0,2,7.0,0.7183098591549296,4,0
2013,ATL,GonzTo00,Tony Gonzalez,TE,37.51129363449692,pre2020,13,13.19090909090909,Questionable,Limited,Foot / Toe,ankle_foot,0,3,6.666666666666667,1.0568181818181819,10,0
2013,ATL,GonzTo00,Tony Gonzalez,TE,37.51129363449692,pre2020,14,13.275,Questionable,Limited,Foot / Toe,ankle_foot,0,4,7.333333333333333,1.1003861003861002,7,0
2013,ATL,GonzTo00,Tony Gonzalez,TE,37.51129363449692,pre2020,15,13.13846153846154,Questionable,Limited,Foot / Toe,ankle_foot,0,5,6.333333333333333,1.171875,7,0
2013,ATL,GonzTo00,Tony Gonzalez,TE,37.51129363449692,pre2020,16,13.5,Questionable,Limited,Foot / Toe,ankle_foot,0,6,6.666666666666667,1.0416666666666667,8,0
2013,ATL,GonzTo00,Tony Gonzalez,TE,37.51129363449692,pre2020,17,13.953333333333335,Probable,Limited,Foot / Toe,ankle_foot,0,7,8.0,0.9762711864406779,6,0
2013,ATL,JackSt00,Steven Jackson,RB,30.11362080766598,pre2020,3,12.51875,Out,Unknown,Hamstring,soft_tissue,0,1,12.0,0.21875000000000003,7,1
2013,ATL,JackSt00,Steven Jackson,RB,30.11362080766598,pre2020,4,12.51875,Out,DNP,Hamstring,soft_tissue,1,2,12.0,0.21875000000000003,7,1
2013,ATL,JackSt00,Steven Jackson,RB,30.11362080766598,pre2020,5,12.51875,Out,DNP,Hamstring,soft_tissue,1,3,12.0,0.21875000000000003,8,1
2013,ATL,JackSt00,Steven Jackson,RB,30.11362080766598,pre2020,7,12.51875,Out,DNP,Hamstring,soft_tissue,1,4,12.0,0.21875000000000003,13,1
2013,ATL,JackSt00,Steven Jackson,RB,30.11362080766598,pre2020,8,12.51875,Probable,Limited,Hamstring,soft_tissue,1,5,12.0,0.21875000000000003,7,0
2013,ATL,JoneJu02,Julio Jones,WR,24.56125941136208,pre2020,2,16.921875,Questionable,Limited,Knee,knee,0,1,9.0,,7,0
2013,ATL,JoneJu02,Julio Jones,WR,24.56125941136208,pre2020,3,21.63125,Questionable,Limited,Knee,knee,0,2,11.5,0.826530612244898,7,0
2013,ATL,JoneJu02,Julio Jones,WR,24.56125941136208,pre2020,4,22.840625,Questionable,Limited,Knee,knee,0,3,12.333333333333334,0.8156424581005586,7,0
2013,ATL,JoneJu02,Julio Jones,WR,24.56125941136208,pre2020,5,22.950000000000003,Questionable,Limited,Knee,knee,0,4,13.666666666666666,1.0357142857142858,8,0
2013,ATL,RodgJa00,Jacquizz Rodgers,RB,23.567419575633128,pre2020,12,11.1,Probable,Full,Ankle,ankle_foot,0,1,9.666666666666666,0.9827586206896552,4,0
2013,ATL,WhitRo00,Roddy White,WR,31.83025325119781,pre2020,1,16.81875,Questionable,Limited,Ankle,ankle_foot,0,1,,,7,0
2013,ATL,WhitRo00,Roddy White,WR,31.83025325119781,pre2020,2,13.5890625,Questionable,Limited,Ankle,ankle_foot,0,2,2.0,,7,0
2013,BAL,PittDe00,Dennis Pitta,TE,28.175222450376456,pre2020,1,10.61875,None,Unknown,Hip / Groin,soft_tissue,0,1,,,7,1
2013,BAL,RiceRa00,Ray Rice,RB,26.60917180013689,pre2020,3,15.496875000000001,Doubtful,DNP,Hip / Groin,soft_tissue,0,1,19.5,0.8500000000000001,7,1
2013,BAL,RiceRa00,Ray Rice,RB,26.60917180013689,pre2020,4,15.496875000000001,Questionable,Limited,Hip / Groin,soft_tissue,1,2,19.5,0.8500000000000001,7,0
2013,BAL,RiceRa00,Ray Rice,RB,26.60917180013689,pre2020,16,11.984615384615385,Questionable,Limited,Quad / Thigh,soft_tissue,0,1,19.0,1.0979381443298968,6,0
2013,BAL,RiceRa00,Ray Rice,RB,26.60917180013689,pre2020,17,11.721428571428572,Questionable,Limited,Quad / Thigh,soft_tissue,0,2,17.333333333333332,0.5999999999999999,7,0
2013,BAL,SmitTo02,Torrey Smith,WR,24.5968514715948,pre2020,17,13.206666666666669,Questionable,Limited,Quad / Thigh,soft_tissue,0,1,8.333333333333334,0.9479166666666667,7,0
2013,BUF,JackFr02,Fred Jackson,RB,32.5284052019165,pre2020,5,15.475000000000001,Probable,Limited,Knee,knee,0,1,15.666666666666666,0.9607843137254901,4,0
2013,BUF,JackFr02,Fred Jackson,RB,32.5284052019165,pre2020,8,16.357142857142858,Probable,Limited,Knee,knee,0,1,18.0,1.0175438596491229,7,0
2013,BUF,JackFr02,Fred Jackson,RB,32.5284052019165,pre2020,9,15.975000000000001,Probable,Full,Knee,knee,0,2,16.666666666666668,1.2,7,0
2013,BUF,JackFr02,Fred Jackson,RB,32.5284052019165,pre2020,16,13.942857142857145,Probable,Full,Chest / Ribs,other,0,1,15.333333333333334,1.2215568862275448,7,0
2013,BUF,JackFr02,Fred Jackson,RB,32.5284052019165,pre2020,17,14.293333333333333,Probable,Full,Chest / Ribs,other,0,2,17.0,0.8784530386740331,7,0
2013,BUF,JohnSt00,Stevie Johnson,WR,27.1129363449692,pre2020,4,17.049999999999997,Probable,Limited,Hamstring,soft_tissue,0,1,9.666666666666666,0.9090909090909092,7,0
2013,BUF,JohnSt00,Stevie Johnson,WR,27.1129363449692,pre2020,5,13.875,Probable,Limited,Hamstring,soft_tissue,0,2,9.666666666666666,0.8541666666666666,4,0
2013,BUF,JohnSt00,Stevie Johnson,WR,27.1129363449692,pre2020,9,13.1,Probable,Full,Hip / Groin,soft_tissue,0,1,9.0,1.0476190476190477,7,0
2013,BUF,LewiTh01,Thaddeus Lewis,QB,25.78507871321013,pre2020,7,22.34,Probable,Full,Foot / Toe,ankle_foot,0,1,39.0,,7,0
2013,BUF,SpilC.00,C.J. Spiller,RB,26.075290896646134,pre2020,4,10.2890625,Probable,Full,Quad / Thigh,soft_tissue,0,1,18.0,0.3728813559322034,7,0
2013,CAR,NewtCa00,Cam Newton,QB,24.309377138945926,pre2020,17,18.566666666666666,Probable,Full,Ankle,ankle_foot,0,1,32.333333333333336,1.0204081632653061,7,0
2013,CAR,OlseGr00,Greg Olsen,TE,28.476386036960985,pre2020,6,13.575,Probable,Full,Foot / Toe,ankle_foot,0,1,7.333333333333333,1.0416666666666667,7,0
2013,CAR,WillDe02,DeAngelo Williams,RB,30.354551676933607,pre2020,9,10.971428571428573,Probable,Limited,Quad / Thigh,soft_tissue,0,1,16.333333333333332,0.8727272727272728,10,0
2013,CHI,BennMa00,Martellus Bennett,TE,26.480492813141684,pre2020,3,14.7375,Probable,Full,Shoulder,other,0,1,7.5,0.97,7,0
2013,CHI,BennMa00,Martellus Bennett,TE,26.480492813141684,pre2020,5,15.125,Probable,Full,Shoulder,other,0,1,8.666666666666666,0.8989898989898991,7,0
2013,CHI,BennMa00,Martellus Bennett,TE,26.480492813141684,pre2020,6,14.219999999999999,Questionable,Limited,Knee,knee,0,2,7.333333333333333,0.6923076923076924,4,0
2013,CHI,BennMa00,Martellus Bennett,TE,26.480492813141684,pre2020,7,13.983333333333334,Questionable,Limited,Knee,knee,0,3,8.0,1.0235294117647058,10,0
2013,CHI,FortMa00,Matt Forte,RB,27.72621492128679,pre2020,13,20.772727272727273,Probable,Full,Knee,knee,0,1,24.333333333333332,0.8804347826086958,7,0
2013,CHI,JeffAl00,Alshon Jeffery,WR,23.54551676933607,pre2020,6,18.119999999999997,Probable,Limited,Ankle,ankle_foot,0,1,11.0,1.1132812499999998,4,0
2013,CHI,MarsBr00,Brandon Marshall,WR,29.44284736481862,pre2020,3,22.63125,Probable,Full,Back,other,0,1,10.0,0.9489795918367347,7,0
2013,CHI,MarsBr00,Brandon Marshall,WR,29.44284736481862,pre2020,5,18.95,Probable,Limited,Foot / Toe,ankle_foot,0,1,10.666666666666666,1.014388489208633,7,0
2013,CHI,MarsBr00,Brandon Marshall,WR,29.44284736481862,pre2020,13,20.40909090909091,Probable,Full,Quad / Thigh,soft_tissue,0,1,11.333333333333334,0.9540636042402827,7,0
2013,CHI,MarsBr00,Brandon Marshall,WR,29.44284736481862,pre2020,14,19.416666666666668,Probable,Full,Quad / Thigh,soft_tissue,0,2,10.333333333333334,1.0249110320284698,8,0
2013,CHI,MarsBr00,Brandon Marshall,WR,29.44284736481862,pre2020,16,19.464285714285715,Probable,Full,Hamstring,soft_tissue,0,1,9.666666666666666,0.9642857142857144,7,0
2013,CIN,BernGi00,Giovani Bernard,RB,21.776865160848732,pre2020,3,11.75,Probable,Full,Hamstring,soft_tissue,0,1,8.0,0.9444444444444445,6,0
2013,CIN,BernGi00,Giovani Bernard,RB,21.776865160848732,pre2020,10,14.088888888888889,Questionable,Limited,Chest / Ribs,other,0,1,11.0,0.9411764705882355,10,0
2013,CIN,GreeA.00,A.J. Green,WR,25.086926762491444,pre2020,14,18.691666666666666,Probable,Full,Hip / Groin,soft_tissue,0,1,9.0,0.9501779359430605,7,0
2013,CLE,CameJo00,Jordan Cameron,TE,25.06776180698152,pre2020,15,15.115384615384615,Probable,Full,Chest / Ribs,other,0,1,8.666666666666666,0.99,7,0
2013,CLE,CameJo00,Jordan Cameron,TE,25.06776180698152,pre2020,16,14.414285714285715,Out,DNP,Head / Concussion,concussion,0,2,7.333333333333333,0.903010033444816,7,1
2013,CLE,CameJo00,Jordan Cameron,TE,25.06776180698152,pre2020,17,14.414285714285715,Questionable,Limited,Head / Concussion,concussion,1,3,7.333333333333333,0.903010033444816,7,0
2013,CLE,GordJo02,Josh Gordon,WR,22.38740588637919,pre2020,4,15.6296875,Probable,Full,Ankle,ankle_foot,0,1,20.0,,7,0
2013,CLE,GordJo02,Josh Gordon,WR,22.38740588637919,pre2020,5,15.928125,None,Full,Arm / Elbow,other,0,2,14.5,0.9687500000000001,4,0
2013,DAL,BryaDe01,Dez Bryant,WR,24.824093086926762,pre2020,2,15.546875000000002,Probable,Full,Foot / Toe,ankle_foot,0,1,8.0,,7,0
2013,DAL,BryaDe01,Dez Bryant,WR,24.824093086926762,pre2020,3,18.15625,Probable,Full,Back,other,0,2,10.5,0.9361702127659575,7,0
2013,DAL,BryaDe01,Dez Bryant,WR,24.824093086926762,pre2020,8,18.985714285714288,Probable,Full,Hamstring,soft_tissue,0,1,11.666666666666666,0.9965034965034966,7,0
2013,DAL,BryaDe01,Dez Bryant,WR,24.824093086926762,pre2020,10,18.62222222222222,Probable,Limited,Back,other,0,1,11.666666666666666,1.0392857142857144,7,0
2013,DAL,BryaDe01,Dez Bryant,WR,24.824093086926762,pre2020,12,17.3,Probable,Full,Back,other,0,2,6.666666666666667,0.9687500000000001,14,0
2013,DAL,BryaDe01,Dez Bryant,WR,24.824093086926762,pre2020,13,17.327272727272728,Probable,Full,Back,other,0,3,9.666666666666666,1.048951048951049,4,0
2013,DAL,BryaDe01,Dez Bryant,WR,24.824093086926762,pre2020,14,17.475,Probable,Full,Back,other,0,4,9.0,0.9620689655172414,11,0
2013,DAL,BryaDe01,Dez Bryant,WR,24.824093086926762,pre2020,17,17.9,Probable,Limited,Back,other,0,1,10.666666666666666,1.0459770114942528,7,0
2013,DAL,MurrDe00,DeMarco Murray,RB,25.5523613963039,pre2020,7,16.866666666666667,Doubtful,DNP,Knee,knee,0,1,13.666666666666666,0.34426229508196726,7,1
2013,DAL,MurrDe00,DeMarco Murray,RB,25.5523613963039,pre2020,8,16.866666666666667,Questionable,Limited,Knee,knee,1,2,13.666666666666666,0.34426229508196726,7,1
2013,DAL,MurrDe00,DeMarco Murray,RB,25.5523613963039,pre2020,9,16.866666666666667,Probable,Full,Knee,knee,1,3,13.666666666666666,0.34426229508196726,7,0
2013,DAL,MurrDe00,DeMarco Murray,RB,25.5523613963039,pre2020,10,16.02857142857143,Probable,Full,Knee,knee,0,4,11.0,0.923076923076923,7,0
2013,DAL,RomoTo00,Tony Romo,QB,33.36344969199179,pre2020,17,17.39466666666667,Out,DNP,Back,other,0,1,32.333333333333336,1.0714285714285716,7,1
2013,DEN,DeckEr00,Eric Decker,WR,26.466803559206024,pre2020,2,13.928125,Probable,Full,Shoulder,other,0,1,7.0,,10,0
2013,DEN,DeckEr00,Eric Decker,WR,26.466803559206024,pre2020,3,14.14375,Probable,Full,Shoulder,other,0,2,10.0,0.9888888888888889,8,0
2013,DEN,DeckEr00,Eric Decker,WR,26.466803559206024,pre2020,4,16.759375,Probable,Full,Shoulder,other,0,3,9.333333333333334,0.7597765363128492,6,0
2013,DEN,DeckEr00,Eric Decker,WR,26.466803559206024,pre2020,5,16.0,Probable,Full,Ankle,ankle_foot,0,4,9.333333333333334,0.9109311740890688,7,0
2013,DEN,DeckEr00,Eric Decker,WR,26.466803559206024,pre2020,6,16.34,Probable,Full,Ankle,ankle_foot,0,5,7.666666666666667,1.189655172413793,7,0
2013,DEN,DeckEr00,Eric Decker,WR,26.466803559206024,pre2020,7,15.283333333333333,Probable,Full,Shoulder,other,0,6,7.333333333333333,1.021276595744681,7,0
2013,DEN,DeckEr00,Eric Decker,WR,26.466803559206024,pre2020,8,17.242857142857144,Probable,Full,Foot / Toe,ankle_foot,0,7,9.333333333333334,1.1659919028340082,7,0
2013,DEN,DeckEr00,Eric Decker,WR,26.466803559206024,pre2020,10,16.1125,Probable,Full,Foot / Toe,ankle_foot,0,8,9.0,0.9067164179104478,14,0
2013,DEN,DeckEr00,Eric Decker,WR,26.466803559206024,pre2020,15,17.36923076923077,Probable,Full,Chest / Ribs,other,0,1,9.333333333333334,0.9462365591397849,4,0
2013,DEN,DeckEr00,Eric Decker,WR,26.466803559206024,pre2020,17,17.80666666666667,Probable,Full,Quad / Thigh,soft_tissue,0,1,11.333333333333334,0.9612676056338029,7,0
2013,DEN,MannPe00,Peyton Manning,QB,37.440109514031484,pre2020,8,27.75714285714286,Probable,Full,Ankle,ankle_foot,0,1,47.666666666666664,1.079136690647482,7,0
2013,DEN,MannPe00,Peyton Manning,QB,37.440109514031484,pre2020,10,27.02,Probable,Full,Ankle,ankle_foot,0,2,48.333333333333336,1.0,14,0
2013,DEN,MannPe00,Peyton Manning,QB,37.440109514031484,pre2020,11,27.028888888888886,Probable,Full,Ankle,ankle_foot,0,3,45.333333333333336,1.0,7,0
2013,DEN,MannPe00,Peyton Manning,QB,37.440109514031484,pre2020,12,25.818,Probable,Full,Ankle,ankle_foot,0,4,42.333333333333336,1.0,7,0
2013,DEN,MannPe00,Peyton Manning,QB,37.440109514031484,pre2020,13,24.561818181818182,Probable,Full,Ankle,ankle_foot,0,5,38.666666666666664,1.0,7,0
2013,DEN,MannPe00,Peyton Manning,QB,37.440109514031484,pre2020,14,25.166666666666668,Probable,Full,Ankle,ankle_foot,0,6,38.666666666666664,1.0,7,0
2013,DEN,MannPe00,Peyton Manning,QB,37.440109514031484,pre2020,15,25.67538461538462,Probable,Full,Ankle,ankle_foot,0,7,45.666666666666664,1.0,4,0
2013,DEN,MannPe00,Peyton Manning,QB,37.440109514031484,pre2020,16,25.095714285714287,Probable,Full,Ankle,ankle_foot,0,8,47.0,1.0,10,0
2013,DEN,MannPe00,Peyton Manning,QB,37.440109514031484,pre2020,17,25.556,Probable,Full,Ankle,ankle_foot,0,9,51.333333333333336,0.96,7,0
2013,DEN,MoreKn00,Knowshon Moreno,RB,26.130047912388775,pre2020,10,19.6625,Probable,Full,Ankle,ankle_foot,0,1,21.666666666666668,0.6540284360189574,14,0
2013,DEN,MoreKn00,Knowshon Moreno,RB,26.130047912388775,pre2020,13,19.509090909090908,Probable,Full,Ankle,ankle_foot,0,1,29.666666666666668,1.129032258064516,7,0
2013,DEN,MoreKn00,Knowshon Moreno,RB,26.130047912388775,pre2020,14,19.466666666666665,Probable,Full,Ankle,ankle_foot,0,2,28.666666666666668,0.9000000000000002,7,0
2013,DEN,MoreKn00,Knowshon Moreno,RB,26.130047912388775,pre2020,15,19.73076923076923,Probable,Full,Shoulder,other,0,3,26.333333333333332,0.8195121951219514,4,0
2013,DEN,ThomDe03,Demaryius Thomas,WR,25.686516084873375,pre2020,4,20.259375000000002,Probable,Full,Ankle,ankle_foot,0,1,9.333333333333334,0.9947643979057592,6,0
2013,DEN,ThomDe03,Demaryius Thomas,WR,25.686516084873375,pre2020,14,19.425,Probable,Full,Shoulder,other,0,1,9.333333333333334,0.8494623655913979,7,0
2013,DEN,ThomDe03,Demaryius Thomas,WR,25.686516084873375,pre2020,15,19.607692307692307,Probable,Full,Shoulder,other,0,2,8.333333333333334,1.052238805970149,4,0
2013,DEN,ThomDe03,Demaryius Thomas,WR,25.686516084873375,pre2020,16,18.814285714285713,Probable,Full,Shoulder,other,0,3,7.0,1.1029411764705883,10,0
2013,DEN,ThomDe03,Demaryius Thomas,WR,25.686516084873375,pre2020,17,19.313333333333333,Probable,Full,Neck,other,0,4,9.666666666666666,1.0,7,0
2013,DEN,ThomJu00,Julius Thomas,TE,25.180013689253936,pre2020,10,16.5125,Probable,Full,Ankle,ankle_foot,0,1,5.333333333333333,0.40816326530612246,14,0
2013,DEN,ThomJu00,Julius Thomas,TE,25.180013689253936,pre2020,11,16.744444444444447,Probable,Full,Ankle,ankle_foot,0,2,4.666666666666667,1.25,7,0
2013,DEN,ThomJu00,Julius Thomas,TE,25.180013689253936,pre2020,12,16.4,Questionable,Limited,Knee,knee,0,3,4.333333333333333,0.9375000000000001,7,1
2013,DEN,ThomJu00,Julius Thomas,TE,25.180013689253936,pre2020,13,16.4,Questionable,Limited,Knee,knee,1,4,4.333333333333333,0.9375000000000001,7,1
2013,DEN,ThomJu00,Julius Thomas,TE,25.180013689253936,pre2020,14,16.4,Probable,Full,Knee,knee,1,5,4.333333333333333,0.9375000000000001,7,0
2013,DEN,ThomJu00,Julius Thomas,TE,25.180013689253936,pre2020,15,16.227272727272727,Probable,Full,Knee,knee,0,6,5.666666666666667,1.0604651162790697,4,0
2013,DEN,ThomJu00,Julius Thomas,TE,25.180013689253936,pre2020,16,15.616666666666667,Probable,Full,Knee,knee,0,7,6.666666666666667,1.0876494023904384,10,0
2013,DEN,WelkWe00,Wes Welker,WR,32.336755646817245,pre2020,1,18.0875,Probable,Full,Ankle,ankle_foot,0,1,,,7,0
2013,DEN,WelkWe00,Wes Welker,WR,32.336755646817245,pre2020,2,20.490624999999998,Probable,Full,Ankle,ankle_foot,0,2,11.0,,10,0
2013,DEN,WelkWe00,Wes Welker,WR,32.336755646817245,pre2020,3,19.19375,Probable,Full,Ankle,ankle_foot,0,3,9.5,0.8227848101265822,8,0
2013,DEN,WelkWe00,Wes Welker,WR,32.336755646817245,pre2020,4,20.021875,Probable,Full,Ankle,ankle_foot,0,4,9.0,0.9305555555555557,6,0
2013,DEN,WelkWe00,Wes Welker,WR,32.336755646817245,pre2020,7,20.46666666666667,Probable,Full,Ankle,ankle_foot,0,1,7.666666666666667,0.7668161434977578,7,0
2013,DEN,WelkWe00,Wes Welker,WR,32.336755646817245,pre2020,8,19.914285714285715,Probable,Full,Ankle,ankle_foot,0,2,8.666666666666666,1.2816901408450705,7,0
2013,DEN,WelkWe00,Wes Welker,WR,32.336755646817245,pre2020,10,19.9375,Probable,Full,Ankle,ankle_foot,0,3,10.0,1.1250000000000002,14,0
2013,DEN,WelkWe00,Wes Welker,WR,32.336755646817245,pre2020,11,18.288888888888888,Probable,Full,Ankle,ankle_foot,0,4,9.333333333333334,0.9201680672268907,7,0
2013,DEN,WelkWe00,Wes Welker,WR,32.336755646817245,pre2020,12,17.98,Probable,Full,Neck,other,0,5,8.666666666666666,0.9448818897637795,7,0
2013,DEN,WelkWe00,Wes Welker,WR,32.336755646817245,pre2020,13,16.990909090909092,Probable,Full,Ankle,ankle_foot,0,6,8.0,1.234567901234568,7,0
2013,DEN,WelkWe00,Wes Welker,WR,32.336755646817245,pre2020,15,16.215384615384615,Out,DNP,Head / Concussion,concussion,0,1,7.666666666666667,0.5666666666666667,4,1
2013,DEN,WelkWe00,Wes Welker,WR,32.336755646817245,pre2020,16,16.215384615384615,Out,DNP,Head / Concussion,concussion,1,2,7.666666666666667,0.5666666666666667,10,1
2013,DEN,WelkWe00,Wes Welker,WR,32.336755646817245,pre2020,17,16.215384615384615,Out,Limited,Head / Concussion,concussion,1,3,7.666666666666667,0.5666666666666667,7,1
2013,DET,BellJo01,Joique Bell,RB,27.077344284736483,pre2020,7,13.533333333333333,Questionable,Limited,Chest / Ribs,other,0,1,9.666666666666666,0.6379310344827587,7,0
2013,DET,BellJo01,Joique Bell,RB,27.077344284736483,pre2020,12,12.500000000000002,Questionable,Full,Achilles,achilles,0,1,9.666666666666666,1.2,7,0
2013,DET,BellJo01,Joique Bell,RB,27.077344284736483,pre2020,17,13.806666666666668,Probable,Limited,Knee,knee,0,1,23.666666666666668,1.0491803278688525,7,0
2013,DET,BurlNa00,Nate Burleson,WR,32.035592060232716,pre2020,4,13.433333333333334,Out,DNP,Arm / Elbow,other,0,1,8.0,1.1847133757961783,7,1
2013,DET,BurlNa00,Nate Burleson,WR,32.035592060232716,pre2020,5,13.433333333333334,Out,Unknown,Arm / Elbow,other,1,2,8.0,1.1847133757961783,7,1
2013,DET,BurlNa00,Nate Burleson,WR,32.035592060232716,pre2020,6,13.433333333333334,Out,Unknown,Arm / Elbow,other,1,3,8.0,1.1847133757961783,7,1
2013,DET,BurlNa00,Nate Burleson,WR,32.035592060232716,pre2020,7,13.433333333333334,Out,Unknown,Arm / Elbow,other,1,4,8.0,1.1847133757961783,7,1
2013,DET,BurlNa00,Nate Burleson,WR,32.035592060232716,pre2020,8,13.433333333333334,Out,Unknown,Arm / Elbow,other,1,5,8.0,1.1847133757961783,7,1
2013,DET,BurlNa00,Nate Burleson,WR,32.035592060232716,pre2020,10,13.433333333333334,Out,Limited,Arm / Elbow,other,1,6,8.0,1.1847133757961783,14,1
2013,DET,BurlNa00,Nate Burleson,WR,32.035592060232716,pre2020,11,13.433333333333334,Doubtful,Limited,Knee,knee,1,7,8.0,1.1847133757961783,7,1
2013,DET,BurlNa00,Nate Burleson,WR,32.035592060232716,pre2020,12,13.433333333333334,Probable,Full,Arm / Elbow,other,1,8,8.0,1.1847133757961783,7,0
2013,DET,BushRe00,Reggie Bush,RB,28.501026694045173,pre2020,2,16.96875,Probable,Full,Hip / Groin,soft_tissue,0,1,29.0,,7,0
2013,DET,BushRe00,Reggie Bush,RB,28.501026694045173,pre2020,3,16.2125,Questionable,Limited,Knee,knee,0,2,20.5,0.6086956521739131,7,1
2013,DET,BushRe00,Reggie Bush,RB,28.501026694045173,pre2020,4,16.2125,Probable,Full,Knee,knee,1,3,20.5,0.6086956521739131,7,0
2013,DET,BushRe00,Reggie Bush,RB,28.501026694045173,pre2020,8,19.01666666666667,Probable,DNP,Knee,knee,0,1,22.333333333333332,1.140625,7,0
2013,DET,BushRe00,Reggie Bush,RB,28.501026694045173,pre2020,10,19.75714285714286,Probable,DNP,Knee,knee,0,2,26.0,1.2118226600985222,14,0
2013,DET,BushRe00,Reggie Bush,RB,28.501026694045173,pre2020,11,19.075,Probable,DNP,Knee,knee,0,3,25.0,0.8437500000000001,7,0
2013,DET,BushRe00,Reggie Bush,RB,28.501026694045173,pre2020,14,18.10909090909091,Questionable,Limited,Lower Leg,soft_tissue,0,1,21.333333333333332,0.8089887640449439,10,1
2013,DET,BushRe00,Reggie Bush,RB,28.501026694045173,pre2020,15,18.10909090909091,Questionable,Limited,Lower Leg,soft_tissue,1,2,21.333333333333332,0.8089887640449439,8,0
2013,DET,JohnCa00,Calvin Johnson,WR,27.923340177960302,pre2020,4,20.8,Probable,Full,Knee,knee,0,1,10.0,1.0,7,0
2013,DET,JohnCa00,Calvin Johnson,WR,27.923340177960302,pre2020,5,19.05,Questionable,Limited,Knee,knee,0,2,10.333333333333334,0.9595959595959597,7,1
2013,DET,JohnCa00,Calvin Johnson,WR,27.923340177960302,pre2020,6,19.05,Questionable,Limited,Knee,knee,1,3,10.333333333333334,0.9595959595959597,7,0
2013,DET,JohnCa00,Calvin Johnson,WR,27.923340177960302,pre2020,7,16.34,Probable,Limited,Knee,knee,0,4,10.333333333333334,0.5342465753424658,7,0
2013,DET,JohnCa00,Calvin Johnson,WR,27.923340177960302,pre2020,8,19.7,Probable,Limited,Knee,knee,0,5,11.0,1.1097560975609757,7,0
2013,DET,JohnCa00,Calvin Johnson,WR,27.923340177960302,pre2020,10,24.157142857142855,Probable,Limited,Knee,knee,0,6,13.333333333333334,1.184873949579832,14,0
2013,DET,JohnCa00,Calvin Johnson,WR,27.923340177960302,pre2020,11,24.425,Probable,Limited,Knee,knee,0,7,16.333333333333332,1.2278481012658227,7,0
2013,DET,JohnCa00,Calvin Johnson,WR,27.923340177960302,pre2020,12,25.700000000000003,Probable,Limited,Knee,knee,0,8,15.666666666666666,1.0638297872340425,7,0
2013,DET,JohnCa00,Calvin Johnson,WR,27.923340177960302,pre2020,13,24.98,Probable,Limited,Knee,knee,0,9,14.666666666666666,0.9793814432989689,4,0
2013,DET,JohnCa00,Calvin Johnson,WR,27.923340177960302,pre2020,14,24.718181818181822,Probable,Limited,Knee,knee,0,10,12.333333333333334,0.8732876712328768,10,0
2013,DET,JohnCa00,Calvin Johnson,WR,27.923340177960302,pre2020,15,23.34166666666667,Probable,Limited,Knee,knee,0,11,9.666666666666666,1.0392857142857144,8,0
2013,DET,JohnCa00,Calvin Johnson,WR,27.923340177960302,pre2020,16,22.761538461538464,Questionable,Limited,Knee,knee,0,12,9.666666666666666,0.9855595667870037,6,0
2013,DET,JohnCa00,Calvin Johnson,WR,27.923340177960302,pre2020,17,21.657142857142855,Questionable,DNP,Knee,knee,0,13,7.666666666666667,0.6153846153846154,7,1
2013,GB,FinlJe00,Jermichael Finley,TE,26.43668720054757,pre2020,3,13.078125,Probable,Limited,Foot / Toe,ankle_foot,0,2,7.5,0.631578947368421,7,0
2013,GB,FranJo01,Johnathan Franklin,RB,23.857631759069132,pre2020,5,19.6,Probable,Full,Foot / Toe,ankle_foot,0,1,5.333333333333333,,14,0
2013,GB,JoneJa04,James Jones,WR,29.420944558521562,pre2020,7,12.98,Questionable,DNP,Knee,knee,0,1,5.0,0.1254355400696864,7,1
2013,GB,JoneJa04,James Jones,WR,29.420944558521562,pre2020,8,12.98,Doubtful,DNP,Knee,knee,1,2,5.0,0.1254355400696864,7,1
2013,GB,JoneJa04,James Jones,WR,29.420944558521562,pre2020,9,12.98,Questionable,Limited,Knee,knee,1,3,5.0,0.1254355400696864,8,0
2013,GB,LacyEd00,Eddie Lacy,RB,23.249828884325805,pre2020,15,14.691666666666668,Probable,Limited,Ankle,ankle_foot,0,1,23.333333333333332,1.0569948186528497,7,0
2013,GB,LacyEd00,Eddie Lacy,RB,23.249828884325805,pre2020,16,15.646153846153847,Probable,Limited,Ankle,ankle_foot,0,2,21.666666666666668,1.155,7,0
2013,GB,LacyEd00,Eddie Lacy,RB,23.249828884325805,pre2020,17,16.17142857142857,Probable,Limited,Ankle,ankle_foot,0,3,23.0,0.7241379310344827,7,0
2013,GB,RodgAa00,Aaron Rodgers,QB,29.749486652977414,pre2020,10,19.0275,Out,DNP,Shoulder,other,0,1,26.0,0.13,6,1
2013,GB,RodgAa00,Aaron Rodgers,QB,29.749486652977414,pre2020,11,19.0275,Out,DNP,Shoulder,other,1,2,26.0,0.13,7,1
2013,GB,RodgAa00,Aaron Rodgers,QB,29.749486652977414,pre2020,12,19.0275,Out,DNP,Shoulder,other,1,3,26.0,0.13,7,1
2013,GB,RodgAa00,Aaron Rodgers,QB,29.749486652977414,pre2020,13,19.0275,Out,Limited,Shoulder,other,1,4,26.0,0.13,4,1
2013,GB,RodgAa00,Aaron Rodgers,QB,29.749486652977414,pre2020,14,19.0275,Out,Limited,Shoulder,other,1,5,26.0,0.13,10,1
2013,GB,RodgAa00,Aaron Rodgers,QB,29.749486652977414,pre2020,15,19.0275,Out,Limited,Shoulder,other,1,6,26.0,0.13,7,1
2013,GB,RodgAa00,Aaron Rodgers,QB,29.749486652977414,pre2020,16,19.0275,Out,Limited,Shoulder,other,1,7,26.0,0.13,7,1
2013,GB,RodgAa00,Aaron Rodgers,QB,29.749486652977414,pre2020,17,19.0275,Probable,Full,Shoulder,other,1,8,26.0,0.13,7,0
2013,GB,StarJa00,James Starks,RB,27.515400410677618,pre2020,7,10.133333333333333,Out,Unknown,Knee,knee,1,3,13.333333333333334,0.8080808080808082,7,1
2013,HOU,DaniOw00,Owen Daniels,TE,30.811772758384667,pre2020,2,14.405000000000001,Probable,Full,Back,other,0,1,7.0,,6,0
2013,HOU,DaniOw00,Owen Daniels,TE,30.811772758384667,pre2020,4,13.326666666666666,Probable,Full,Knee,knee,0,3,7.0,0.9319371727748691,7,0
2013,HOU,DaniOw00,Owen Daniels,TE,30.811772758384667,pre2020,5,13.8,Probable,Limited,Knee,knee,0,4,8.333333333333334,0.9964285714285713,7,0
2013,HOU,FostAr00,Arian Foster,RB,27.02258726899384,pre2020,1,18.88125,Probable,Full,Lower Leg,soft_tissue,0,1,,,7,0
2013,HOU,FostAr00,Arian Foster,RB,27.02258726899384,pre2020,2,17.910937500000003,Probable,Full,Lower Leg,soft_tissue,0,2,26.0,,6,0
2013,HOU,FostAr00,Arian Foster,RB,27.02258726899384,pre2020,3,17.565625,Probable,Full,Lower Leg,soft_tissue,0,3,24.5,1.0735294117647058,7,0
2013,HOU,FostAr00,Arian Foster,RB,27.02258726899384,pre2020,4,14.395312500000001,Probable,Full,Hand / Wrist,other,0,4,21.0,0.8226950354609928,7,0
2013,HOU,FostAr00,Arian Foster,RB,27.02258726899384,pre2020,5,16.95,Probable,Full,Hand / Wrist,other,0,5,24.0,1.0703517587939697,7,0
2013,HOU,FostAr00,Arian Foster,RB,27.02258726899384,pre2020,6,16.72,Probable,Limited,Hand / Wrist,other,0,6,25.0,0.9356435643564357,7,0
2013,HOU,FostAr00,Arian Foster,RB,27.02258726899384,pre2020,7,17.900000000000002,Probable,Full,Hand / Wrist,other,0,7,29.333333333333332,1.15625,7,0
2013,HOU,FostAr00,Arian Foster,RB,27.02258726899384,pre2020,9,15.5,Questionable,Full,Hamstring,soft_tissue,0,8,19.0,0.17307692307692307,14,0
2013,HOU,FostAr00,Arian Foster,RB,27.02258726899384,pre2020,10,13.5625,Out,DNP,Back,other,0,9,10.666666666666666,0.06040268456375838,7,1
2013,HOU,JohnAn02,Andre Johnson,WR,32.14236824093087,pre2020,3,19.793750000000003,Probable,Full,Head / Concussion,concussion,0,1,14.5,0.7849462365591398,7,0
2013,HOU,JohnAn02,Andre Johnson,WR,32.14236824093087,pre2020,4,17.321875,Questionable,Limited,Lower Leg,soft_tissue,0,2,11.666666666666666,0.7590361445783131,7,0
2013,HOU,JohnAn02,Andre Johnson,WR,32.14236824093087,pre2020,5,17.700000000000003,Questionable,Limited,Lower Leg,soft_tissue,0,3,10.333333333333334,1.1921397379912664,7,0
2013,HOU,JohnAn02,Andre Johnson,WR,32.14236824093087,pre2020,6,15.540000000000001,Questionable,Limited,Lower Leg,soft_tissue,0,4,9.333333333333334,0.9647577092511013,7,0
2013,HOU,JohnAn02,Andre Johnson,WR,32.14236824093087,pre2020,7,15.583333333333334,Probable,Full,Lower Leg,soft_tissue,0,5,10.0,1.0044052863436124,7,0
2013,HOU,JohnAn02,Andre Johnson,WR,32.14236824093087,pre2020,16,18.464285714285715,Probable,Limited,Hand / Wrist,other,0,1,13.333333333333334,0.7986348122866895,7,0
2013,HOU,JohnAn02,Andre Johnson,WR,32.14236824093087,pre2020,17,17.92,Probable,Full,Hand / Wrist,other,0,2,14.666666666666666,1.040590405904059,7,0
2013,IND,BradAh00,Ahmad Bradshaw,RB,27.45516769336071,pre2020,1,12.785714285714286,Probable,Full,Foot / Toe,ankle_foot,0,1,,,7,0
2013,IND,BradAh00,Ahmad Bradshaw,RB,27.45516769336071,pre2020,4,13.64642857142857,Out,DNP,Neck,other,0,1,16.333333333333332,1.1157894736842104,7,1
2013,IND,BradAh00,Ahmad Bradshaw,RB,27.45516769336071,pre2020,5,13.64642857142857,Out,DNP,Neck,other,1,2,16.333333333333332,1.1157894736842104,7,1
2013,IND,HiltT.00,T.Y. Hilton,WR,23.797399041752225,pre2020,13,14.19090909090909,Probable,Full,Shoulder,other,0,1,8.666666666666666,1.0,7,0
2013,IND,HiltT.00,T.Y. Hilton,WR,23.797399041752225,pre2020,14,13.808333333333335,Probable,Full,Shoulder,other,0,2,8.333333333333334,1.0336134453781511,7,0
2013,IND,HiltT.00,T.Y. Hilton,WR,23.797399041752225,pre2020,16,13.157142857142858,Questionable,Limited,Shoulder,other,0,1,8.0,1.0543933054393306,7,0
2013,IND,WaynRe00,Reggie Wayne,WR,34.789869952087614,pre2020,3,16.70625,Probable,Full,Shoulder,other,0,1,8.0,0.95,7,0
2013,JAX,BlacJu00,Justin Blackmon,WR,23.644079397672826,pre2020,7,20.175,Questionable,DNP,Hamstring,soft_tissue,0,1,14.5,0.9690721649484536,7,0
2013,JAX,BlacJu00,Justin Blackmon,WR,23.644079397672826,pre2020,8,20.2375,Probable,DNP,Hamstring,soft_tissue,0,2,12.666666666666666,1.0157068062827226,7,0
2013,JAX,DrewMa00,Maurice Jones-Drew,RB,28.4435318275154,pre2020,15,12.624615384615385,Doubtful,DNP,Hamstring,soft_tissue,0,6,22.666666666666668,0.9909502262443438,10,1
2013,JAX,DrewMa00,Maurice Jones-Drew,RB,28.4435318275154,pre2020,16,12.624615384615385,Questionable,Full,Hamstring,soft_tissue,1,7,22.666666666666668,0.9909502262443438,7,0
2013,JAX,DrewMa00,Maurice Jones-Drew,RB,28.4435318275154,pre2020,17,12.501428571428573,Probable,Limited,Hamstring,soft_tissue,0,8,22.0,0.7009345794392523,7,0
2013,JAX,NoblDa00,Danny Noble,TE,24.424366872005475,pre2020,12,13.2,Probable,Full,Hamstring,soft_tissue,0,3,0.5,0.46666666666666673,7,0
2013,JAX,ShorCe00,Cecil Shorts,WR,25.694729637234772,pre2020,5,14.925,Questionable,DNP,Hip / Groin,soft_tissue,0,1,13.666666666666666,1.0204081632653061,7,0
2013,JAX,ShorCe00,Cecil Shorts,WR,25.694729637234772,pre2020,6,15.62,Probable,Limited,Hip / Groin,soft_tissue,0,2,12.666666666666666,1.0,7,0
2013,JAX,ShorCe00,Cecil Shorts,WR,25.694729637234772,pre2020,7,13.016666666666666,Questionable,Limited,Shoulder,other,0,3,8.0,0.04109589041095891,7,0
2013,JAX,ShorCe00,Cecil Shorts,WR,25.694729637234772,pre2020,8,13.442857142857141,Probable,Limited,Shoulder,other,0,4,8.333333333333334,1.4108910891089108,7,0
2013,JAX,ShorCe00,Cecil Shorts,WR,25.694729637234772,pre2020,10,13.5625,Probable,Limited,Hip / Groin,soft_tissue,0,5,8.0,1.4467005076142132,14,0
2013,JAX,ShorCe00,Cecil Shorts,WR,25.694729637234772,pre2020,11,12.744444444444445,Probable,Limited,Hip / Groin,soft_tissue,0,6,9.0,1.5154639175257734,7,0
2013,JAX,ShorCe00,Cecil Shorts,WR,25.694729637234772,pre2020,14,12.700000000000001,Probable,Limited,Hip / Groin,soft_tissue,0,9,9.0,1.03125,4,0
2013,KC,CharJa00,Jamaal Charles,RB,26.680355920602327,pre2020,2,15.9765625,Probable,Full,Quad / Thigh,soft_tissue,0,1,22.0,,7,0
2013,KC,CharJa00,Jamaal Charles,RB,26.680355920602327,pre2020,5,24.3,Probable,Limited,Foot / Toe,ankle_foot,0,1,27.666666666666668,1.132780082987552,7,0
2013,KC,CharJa00,Jamaal Charles,RB,26.680355920602327,pre2020,6,24.14,Probable,Full,Foot / Toe,ankle_foot,0,2,29.333333333333332,0.9854014598540145,7,0
2013,KC,CharJa00,Jamaal Charles,RB,26.680355920602327,pre2020,9,23.35,Probable,Full,Knee,knee,0,1,27.0,0.9444444444444444,7,0
2013,MIA,HartBr00,Brian Hartline,WR,26.77618069815195,pre2020,17,13.053333333333335,Probable,Full,Knee,knee,0,1,8.666666666666666,1.0180505415162455,7,0
2013,MIA,WallMi00,Mike Wallace,WR,27.085557837097877,pre2020,3,13.726666666666667,Questionable,Limited,Hip / Groin,soft_tissue,0,1,8.0,0.9770114942528736,7,0
2013,MIN,PeteAd01,Adrian Peterson,RB,28.449007529089666,pre2020,7,20.32,Probable,Limited,Hamstring,soft_tissue,0,3,23.0,0.7031249999999999,8,0
2013,MIN,PeteAd01,Adrian Peterson,RB,28.449007529089666,pre2020,8,18.2,Probable,Full,Hamstring,soft_tissue,0,4,18.333333333333332,1.0603448275862069,6,0
2013,MIN,PeteAd01,Adrian Peterson,RB,28.449007529089666,pre2020,11,19.433333333333334,Probable,DNP,Hip / Groin,soft_tissue,0,1,22.0,1.0340425531914894,10,0
2013,MIN,PeteAd01,Adrian Peterson,RB,28.449007529089666,pre2020,12,18.14,Questionable,Limited,Hip / Groin,soft_tissue,0,2,24.666666666666668,0.7564102564102565,7,0
2013,MIN,PeteAd01,Adrian Peterson,RB,28.449007529089666,pre2020,13,18.290909090909093,Probable,Full,Hip / Groin,soft_tissue,0,3,26.333333333333332,1.0995475113122173,7,0
2013,MIN,PeteAd01,Adrian Peterson,RB,28.449007529089666,pre2020,14,18.691666666666666,Questionable,Limited,Hip / Groin,soft_tissue,0,4,32.0,1.2352941176470589,7,0
2013,MIN,PeteAd01,Adrian Peterson,RB,28.449007529089666,pre2020,15,17.46153846153846,Questionable,Limited,Hip / Groin,soft_tissue,0,5,27.0,0.3116883116883117,7,1
2013,MIN,PeteAd01,Adrian Peterson,RB,28.449007529089666,pre2020,16,17.46153846153846,Questionable,Limited,Hip / Groin,soft_tissue,1,6,27.0,0.3116883116883117,7,0
2013,MIN,PeteAd01,Adrian Peterson,RB,28.449007529089666,pre2020,17,16.621428571428574,Doubtful,DNP,Hip / Groin,soft_tissue,0,7,20.0,0.8112244897959183,7,1
2013,NE,AmenDa00,Danny Amendola,WR,27.83025325119781,pre2020,1,13.30909090909091,Probable,Full,Hip / Groin,soft_tissue,0,1,,,7,0
2013,NE,AmenDa00,Danny Amendola,WR,27.83025325119781,pre2020,2,15.081818181818182,Doubtful,Limited,Hip / Groin,soft_tissue,0,2,14.0,,4,1
2013,NE,AmenDa00,Danny Amendola,WR,27.83025325119781,pre2020,3,15.081818181818182,Doubtful,Limited,Hip / Groin,soft_tissue,1,3,14.0,,10,1
2013,NE,AmenDa00,Danny Amendola,WR,27.83025325119781,pre2020,4,15.081818181818182,Questionable,Limited,Hip / Groin,soft_tissue,1,4,14.0,,7,1
2013,NE,AmenDa00,Danny Amendola,WR,27.83025325119781,pre2020,5,15.081818181818182,Questionable,Limited,Hip / Groin,soft_tissue,1,5,14.0,,7,0
2013,NE,AmenDa00,Danny Amendola,WR,27.83025325119781,pre2020,6,14.129545454545454,Questionable,Limited,Hip / Groin,soft_tissue,0,6,11.5,1.0,7,0
2013,NE,EdelJu00,Julian Edelman,WR,27.279945242984258,pre2020,7,15.866666666666667,Questionable,Limited,Quad / Thigh,soft_tissue,0,1,9.333333333333334,0.5124555160142349,7,0
2013,NE,EdelJu00,Julian Edelman,WR,27.279945242984258,pre2020,8,14.942857142857145,Questionable,Limited,Quad / Thigh,soft_tissue,0,2,8.666666666666666,1.1625,7,0
2013,NE,EdelJu00,Julian Edelman,WR,27.279945242984258,pre2020,9,13.4125,Probable,Limited,Quad / Thigh,soft_tissue,0,3,6.666666666666667,0.6101694915254238,7,0
2013,NE,GronRo00,Rob Gronkowski,TE,24.301163586584533,pre2020,1,18.0,Doubtful,Limited,Back,other,0,1,,,7,1
2013,NE,GronRo00,Rob Gronkowski,TE,24.301163586584533,pre2020,2,18.0,Doubtful,Limited,Back,other,1,2,,,4,1
2013,NE,GronRo00,Rob Gronkowski,TE,24.301163586584533,pre2020,3,18.0,Questionable,Limited,Back,other,1,3,,,10,1
2013,NE,GronRo00,Rob Gronkowski,TE,24.301163586584533,pre2020,4,18.0,Questionable,Limited,Back,other,1,4,,,7,1
2013,NE,GronRo00,Rob Gronkowski,TE,24.301163586584533,pre2020,5,18.0,Questionable,Limited,Back,other,1,5,,,7,1
2013,NE,GronRo00,Rob Gronkowski,TE,24.301163586584533,pre2020,6,18.0,Questionable,Limited,Back,other,1,6,,,7,1
2013,NE,GronRo00,Rob Gronkowski,TE,24.301163586584533,pre2020,7,18.0,Questionable,Limited,Back,other,1,7,,,7,0
2013,NE,GronRo00,Rob Gronkowski,TE,24.301163586584533,pre2020,8,18.35,Probable,Limited,Back,other,0,8,17.0,,7,0
2013,NE,GronRo00,Rob Gronkowski,TE,24.301163586584533,pre2020,9,15.024999999999999,Probable,Limited,Back,other,0,9,11.0,0.78125,7,0
2013,NE,GronRo00,Rob Gronkowski,TE,24.301163586584533,pre2020,11,17.85,Probable,Limited,Back,other,0,10,10.666666666666666,1.1228070175438596,15,0
2013,NE,GronRo00,Rob Gronkowski,TE,24.301163586584533,pre2020,12,17.575,Probable,Limited,Back,other,0,11,7.333333333333333,1.4831460674157302,6,0
2013,NE,GronRo00,Rob Gronkowski,TE,24.301163586584533,pre2020,13,18.46,Questionable,Limited,Back,other,0,12,9.0,1.4851485148514851,7,0
2013,NE,GronRo00,Rob Gronkowski,TE,24.301163586584533,pre2020,14,19.5,Questionable,Limited,Back,other,0,13,9.666666666666666,1.0714285714285714,7,0
2013,NE,ThomKe02,Kenbrell Thompkins,WR,25.09240246406571,pre2020,5,14.675,Questionable,Limited,Shoulder,other,0,1,8.333333333333334,0.9555555555555555,7,0
2013,NE,VereSh00,Shane Vereen,RB,24.501026694045173,pre2020,12,12.441666666666665,Probable,Full,Hand / Wrist,other,0,1,18.0,0.7833333333333333,6,0
2013,NE,VereSh00,Shane Vereen,RB,24.501026694045173,pre2020,13,15.258333333333335,Probable,Full,Hand / Wrist,other,0,2,19.0,0.9906542056074769,7,0
2013,NE,VereSh00,Shane Vereen,RB,24.501026694045173,pre2020,14,18.425,Probable,Full,Hand / Wrist,other,0,3,16.333333333333332,1.10625,7,0
2013,NE,VereSh00,Shane Vereen,RB,24.501026694045173,pre2020,15,21.580000000000002,Probable,Full,Hand / Wrist,other,0,4,19.0,1.018867924528302,7,0
2013,NE,VereSh00,Shane Vereen,RB,24.501026694045173,pre2020,17,17.285714285714285,Questionable,Limited,Hip / Groin,soft_tissue,0,1,11.0,0.17441860465116282,7,0
2013,NO,BreeDr00,Drew Brees,QB,34.62833675564682,pre2020,17,21.30933333333333,Probable,Full,Knee,knee,0,1,49.333333333333336,1.0169491525423728,7,0
2013,NO,ColsMa00,Marques Colston,WR,30.24229979466119,pre2020,1,15.9,Probable,Full,Foot / Toe,ankle_foot,0,1,,,7,0
2013,NO,ColsMa00,Marques Colston,WR,30.24229979466119,pre2020,2,16.375,Probable,Full,Foot / Toe,ankle_foot,0,2,6.0,,7,0
2013,NO,ColsMa00,Marques Colston,WR,30.24229979466119,pre2020,3,14.975000000000001,Probable,Full,Foot / Toe,ankle_foot,0,3,6.5,1.2837837837837838,7,0
2013,NO,ColsMa00,Marques Colston,WR,30.24229979466119,pre2020,4,14.025,Probable,Full,Foot / Toe,ankle_foot,0,4,7.0,0.911242603550296,8,0
2013,NO,ColsMa00,Marques Colston,WR,30.24229979466119,pre2020,17,13.328571428571431,Probable,Full,Back,other,0,1,12.0,0.9039301310043668,7,0
2013,NO,GrahJi00,Jimmy Graham,TE,26.770704996577688,pre2020,8,22.05,Questionable,Limited,Foot / Toe,ankle_foot,0,1,7.0,0.9718309859154929,14,0
2013,NO,GrahJi00,Jimmy Graham,TE,26.770704996577688,pre2020,9,21.571428571428573,Questionable,Limited,Foot / Toe,ankle_foot,0,2,6.666666666666667,0.38613861386138615,7,0
2013,NO,GrahJi00,Jimmy Graham,TE,26.770704996577688,pre2020,10,22.950000000000003,Questionable,Limited,Arm / Elbow,other,0,3,7.0,1.52,7,0
2013,NO,GrahJi00,Jimmy Graham,TE,26.770704996577688,pre2020,11,21.61111111111111,Probable,Limited,Arm / Elbow,other,0,4,6.666666666666667,0.6842105263157896,7,0
2013,NO,GrahJi00,Jimmy Graham,TE,26.770704996577688,pre2020,12,20.46,Probable,Limited,Arm / Elbow,other,0,5,9.666666666666666,1.5744680851063828,4,0
2013,NO,SproDa00,Darren Sproles,RB,30.20123203285421,pre2020,10,11.950000000000001,Probable,Full,Head / Concussion,concussion,0,1,7.333333333333333,0.10112359550561796,7,0
2013,NO,SproDa00,Darren Sproles,RB,30.20123203285421,pre2020,12,13.09,Questionable,DNP,Knee,knee,0,1,6.666666666666667,1.4754098360655736,4,1
2013,NO,SproDa00,Darren Sproles,RB,30.20123203285421,pre2020,13,13.09,Probable,Full,Ankle,ankle_foot,1,2,6.666666666666667,1.4754098360655736,11,0
2013,NO,ThomPi00,Pierre Thomas,RB,28.70362765229295,pre2020,17,13.593333333333334,Probable,Full,Head / Concussion,concussion,0,1,12.0,0.9787234042553191,7,0
2013,NYG,BrowAn03,Andre Brown,RB,26.713210130047912,pre2020,1,10.91,None,Unknown,Lower Leg,soft_tissue,0,1,,,7,1
2013,NYG,BrowAn03,Andre Brown,RB,26.713210130047912,pre2020,17,13.485714285714286,Probable,Full,Head / Concussion,concussion,0,1,18.333333333333332,1.0087336244541485,7,0
2013,NYG,CruzVi00,Victor Cruz,WR,26.806297056810404,pre2020,1,15.950000000000001,Probable,Limited,Foot / Toe,ankle_foot,0,1,,,7,0
2013,NYG,CruzVi00,Victor Cruz,WR,26.806297056810404,pre2020,10,17.3375,Probable,Full,Neck,other,0,1,7.333333333333333,0.850909090909091,14,0
2013,NYG,CruzVi00,Victor Cruz,WR,26.806297056810404,pre2020,16,13.914285714285715,Out,Unknown,Knee,knee,0,1,6.666666666666667,0.6066176470588236,7,1
2013,NYG,CruzVi00,Victor Cruz,WR,26.806297056810404,pre2020,17,13.914285714285715,Out,Unknown,Knee,knee,1,2,6.666666666666667,0.6066176470588236,7,1
2013,NYG,ScotDa01,Da'Rel Scott,RB,25.267624914442163,pre2020,2,12.4,Probable,Full,Knee,knee,0,1,13.0,,7,0
2013,NYJ,PoweBi00,Bilal Powell,RB,24.84599589322382,pre2020,7,11.783333333333333,Probable,Full,Neck,other,0,1,15.0,0.7434782608695653,7,0
2013,NYJ,WinsKe01,Kellen Winslow,TE,30.116358658453116,pre2020,2,20.9,Probable,DNP,Knee,knee,0,2,8.0,,4,0
2013,OAK,JennRa00,Rashad Jennings,RB,28.435318275154003,pre2020,14,11.275,Questionable,Limited,Head / Concussion,concussion,0,1,21.666666666666668,0.8633093525179857,10,1
2013,OAK,JennRa00,Rashad Jennings,RB,28.435318275154003,pre2020,15,11.275,Probable,Full,Head / Concussion,concussion,1,2,21.666666666666668,0.8633093525179857,7,0
2013,OAK,McFaDa00,Darren McFadden,RB,26.015058179329227,pre2020,5,11.935,Doubtful,DNP,Hamstring,soft_tissue,0,1,13.666666666666666,0.13306451612903225,7,1
2013,OAK,McFaDa00,Darren McFadden,RB,26.015058179329227,pre2020,6,11.935,Questionable,Limited,Hamstring,soft_tissue,1,2,13.666666666666666,0.13306451612903225,7,0
2013,OAK,McFaDa00,Darren McFadden,RB,26.015058179329227,pre2020,10,11.905714285714286,Out,DNP,Hamstring,soft_tissue,0,1,17.333333333333332,0.3417721518987341,7,1
2013,OAK,McFaDa00,Darren McFadden,RB,26.015058179329227,pre2020,11,11.905714285714286,Out,DNP,Hamstring,soft_tissue,1,2,17.333333333333332,0.3417721518987341,7,1
2013,OAK,McFaDa00,Darren McFadden,RB,26.015058179329227,pre2020,12,11.905714285714286,Out,DNP,Hamstring,soft_tissue,1,3,17.333333333333332,0.3417721518987341,7,1
2013,OAK,McFaDa00,Darren McFadden,RB,26.015058179329227,pre2020,13,11.905714285714286,Questionable,Full,Hamstring,soft_tissue,1,4,17.333333333333332,0.3417721518987341,4,0
2013,OAK,MoorDe02,Denarius Moore,WR,24.72826830937714,pre2020,12,12.39,Out,DNP,Shoulder,other,0,1,8.666666666666666,0.7974683544303797,7,1
2013,OAK,PryoTe00,Terrelle Pryor,QB,24.199863107460644,pre2020,4,16.253333333333334,Questionable,Limited,Head / Concussion,concussion,0,1,8.666666666666666,0.93,6,1
2013,OAK,PryoTe00,Terrelle Pryor,QB,24.199863107460644,pre2020,5,16.253333333333334,Probable,Full,Head / Concussion,concussion,1,2,8.666666666666666,0.93,7,0
2013,OAK,PryoTe00,Terrelle Pryor,QB,24.199863107460644,pre2020,10,16.282857142857143,Probable,Full,Knee,knee,0,1,8.666666666666666,0.79,7,0
2013,OAK,PryoTe00,Terrelle Pryor,QB,24.199863107460644,pre2020,11,15.345,Questionable,Limited,Knee,knee,0,2,8.0,1.075268817204301,7,1
2013,OAK,PryoTe00,Terrelle Pryor,QB,24.199863107460644,pre2020,12,15.345,Questionable,Limited,Knee,knee,1,3,8.0,1.075268817204301,7,1
2013,PHI,CoopRi00,Riley Cooper,WR,25.97946611909651,pre2020,11,12.73,Probable,Full,Knee,knee,0,2,5.333333333333333,1.1896551724137931,7,0
2013,PHI,JackDe00,DeSean Jackson,WR,26.751540041067763,pre2020,9,17.7875,Probable,Full,Ankle,ankle_foot,0,1,8.333333333333334,1.0288808664259927,7,0
2013,PHI,VickMi00,Michael Vick,QB,33.18275154004107,pre2020,6,20.380000000000003,Questionable,Full,Hamstring,soft_tissue,0,1,30.0,0.4895833333333333,7,1
2013,PHI,VickMi00,Michael Vick,QB,33.18275154004107,pre2020,7,20.380000000000003,Questionable,Full,Hamstring,soft_tissue,1,2,30.0,0.4895833333333333,7,1
2013,PHI,VickMi00,Michael Vick,QB,33.18275154004107,pre2020,8,20.380000000000003,Probable,Full,Hamstring,soft_tissue,1,3,30.0,0.4895833333333333,7,0
2013,PIT,BellLe00,Le'Veon Bell,RB,21.53593429158111,pre2020,14,16.41111111111111,Probable,Full,Head / Concussion,concussion,0,1,25.333333333333332,1.2638888888888888,10,0
2013,PIT,MillHe00,Heath Miller,TE,30.861054072553046,pre2020,1,13.506666666666668,Doubtful,Limited,Knee,knee,0,1,,,7,1
2013,PIT,MillHe00,Heath Miller,TE,30.861054072553046,pre2020,2,13.506666666666668,Out,Limited,Knee,knee,1,2,,,8,1
2013,PIT,MillHe00,Heath Miller,TE,30.861054072553046,pre2020,3,13.506666666666668,Probable,Full,Knee,knee,1,3,,,6,0
2013,SD,AlleKe00,Keenan Allen,WR,21.347022587268995,pre2020,12,13.366666666666667,Probable,Full,Knee,knee,0,1,7.333333333333333,0.812274368231047,7,0
2013,SD,AlleKe00,Keenan Allen,WR,21.347022587268995,pre2020,15,14.933333333333332,Probable,Full,Shoulder,other,0,1,8.333333333333334,0.7116788321167883,4,0
2013,SD,AlleKe00,Keenan Allen,WR,21.347022587268995,pre2020,16,15.084615384615384,Probable,Full,Shoulder,other,0,2,6.0,1.1363636363636365,10,0
2013,SD,FloyMa00,Malcom Floyd,WR,31.980835044490075,pre2020,1,11.957142857142857,Probable,Full,Knee,knee,0,1,,,7,0
2013,SD,GateAn00,Antonio Gates,TE,33.204654346338124,pre2020,13,13.045454545454545,Probable,Full,Hamstring,soft_tissue,0,1,7.333333333333333,0.9858657243816255,7,0
2013,SD,MathRy00,Ryan Mathews,RB,25.894592744695416,pre2020,16,12.285714285714286,Probable,Full,Foot / Toe,ankle_foot,0,1,27.666666666666668,1.020408163265306,10,0
2013,SD,MathRy00,Ryan Mathews,RB,25.894592744695416,pre2020,17,12.860000000000001,Probable,Limited,Ankle,ankle_foot,0,2,31.0,1.049079754601227,7,0
2013,SD,RoyaEd00,Eddie Royal,WR,27.28268309377139,pre2020,3,15.58,Probable,Full,Hand / Wrist,other,0,1,7.0,1.3272727272727272,7,0
2013,SD,RoyaEd00,Eddie Royal,WR,27.28268309377139,pre2020,10,12.8125,Questionable,DNP,Foot / Toe,ankle_foot,0,3,3.6666666666666665,1.5357142857142856,7,0
2013,SEA,HarvPe00,Percy Harvin,WR,25.2621492128679,pre2020,11,18.58888888888889,Probable,Full,Hip / Groin,soft_tissue,1,1,,,7,0
2013,SEA,HarvPe00,Percy Harvin,WR,25.2621492128679,pre2020,13,14.616666666666667,Doubtful,DNP,Hip / Groin,soft_tissue,0,2,1.0,,15,1
2013,SEA,HarvPe00,Percy Harvin,WR,25.2621492128679,pre2020,14,14.616666666666667,Out,DNP,Hip / Groin,soft_tissue,1,3,1.0,,6,1
2013,SEA,HarvPe00,Percy Harvin,WR,25.2621492128679,pre2020,15,14.616666666666667,Out,Unknown,Hip / Groin,soft_tissue,1,4,1.0,,7,1
2013,SEA,HarvPe00,Percy Harvin,WR,25.2621492128679,pre2020,16,14.616666666666667,Out,DNP,Hip / Groin,soft_tissue,1,5,1.0,,7,1
2013,SEA,HarvPe00,Percy Harvin,WR,25.2621492128679,pre2020,17,14.616666666666667,Out,DNP,Hip / Groin,soft_tissue,1,6,1.0,,7,1
2013,SEA,LyncMa00,Marshawn Lynch,RB,27.362080766598222,pre2020,6,16.32,Questionable,DNP,Hip / Groin,soft_tissue,0,3,18.666666666666668,1.1502590673575128,7,0
2013,SEA,LyncMa00,Marshawn Lynch,RB,27.362080766598222,pre2020,7,18.85,Probable,Limited,Hip / Groin,soft_tissue,0,4,21.666666666666668,1.125,4,0
2013,SEA,LyncMa00,Marshawn Lynch,RB,27.362080766598222,pre2020,9,16.650000000000002,Probable,Full,Knee,knee,0,1,19.666666666666668,1.0666666666666667,6,0
2013,SEA,LyncMa00,Marshawn Lynch,RB,27.362080766598222,pre2020,10,16.811111111111114,Probable,Full,Knee,knee,0,2,19.666666666666668,0.9090909090909091,7,0
2013,SEA,LyncMa00,Marshawn Lynch,RB,27.362080766598222,pre2020,11,17.64,Probable,Full,Knee,knee,0,3,20.666666666666668,0.6504424778761062,7,0
2013,SEA,LyncMa00,Marshawn Lynch,RB,27.362080766598222,pre2020,13,18.42727272727273,Probable,Full,Knee,knee,0,4,24.0,0.8743718592964823,15,0
2013,SEA,LyncMa00,Marshawn Lynch,RB,27.362080766598222,pre2020,15,17.27692307692308,Probable,Full,Shoulder,other,0,6,19.666666666666668,1.4245810055865924,7,0
2013,SF,DaviVe00,Vernon Davis,TE,29.585215605749486,pre2020,6,15.100000000000001,Probable,Full,Hamstring,soft_tissue,0,4,5.0,0.9918367346938775,7,0
2013,SF,DaviVe00,Vernon Davis,TE,29.585215605749486,pre2020,7,19.68,Probable,Full,Hamstring,soft_tissue,0,5,7.0,1.2345132743362832,7,0
2013,SF,DaviVe00,Vernon Davis,TE,29.585215605749486,pre2020,8,18.1,Probable,Full,Hamstring,soft_tissue,0,6,8.333333333333334,0.9551020408163264,7,0
2013,SF,DaviVe00,Vernon Davis,TE,29.585215605749486,pre2020,11,15.5,Questionable,Limited,Head / Concussion,concussion,0,1,4.666666666666667,0.49411764705882355,7,0
2013,SF,GoreFr00,Frank Gore,RB,30.302532511978097,pre2020,4,11.212500000000002,Probable,Full,Knee,knee,0,1,16.666666666666668,1.0128205128205128,4,0
2013,SF,GoreFr00,Frank Gore,RB,30.302532511978097,pre2020,6,12.84,Probable,Full,Knee,knee,0,1,18.0,0.9142857142857143,7,0
2013,SF,GoreFr00,Frank Gore,RB,30.302532511978097,pre2020,8,14.1,Probable,Full,Ankle,ankle_foot,0,1,23.0,1.2524271844660195,7,0
2013,SF,GoreFr00,Frank Gore,RB,30.302532511978097,pre2020,10,14.675,Probable,Full,Ankle,ankle_foot,0,2,24.0,0.974025974025974,14,0
2013,SF,GoreFr00,Frank Gore,RB,30.302532511978097,pre2020,11,14.41111111111111,Probable,Full,Ankle,ankle_foot,0,3,21.666666666666668,0.9173553719008265,7,0
2013,SF,GoreFr00,Frank Gore,RB,30.302532511978097,pre2020,12,13.73,Probable,Full,Ankle,ankle_foot,0,4,18.0,1.046808510638298,8,0
2013,SF,GoreFr00,Frank Gore,RB,30.302532511978097,pre2020,13,12.881818181818183,Probable,Full,Ankle,ankle_foot,0,5,16.333333333333332,0.7532467532467532,6,0
2013,SF,GoreFr00,Frank Gore,RB,30.302532511978097,pre2020,14,12.716666666666667,Probable,Full,Ankle,ankle_foot,0,6,16.0,1.0093457943925233,7,0
2013,SF,GoreFr00,Frank Gore,RB,30.302532511978097,pre2020,15,12.584615384615384,Probable,Full,Ankle,ankle_foot,0,7,16.666666666666668,1.2028301886792452,7,0
2013,SF,GoreFr00,Frank Gore,RB,30.302532511978097,pre2020,16,12.3,Probable,Full,Ankle,ankle_foot,0,8,19.0,0.8930232558139535,8,0
2013,SF,GoreFr00,Frank Gore,RB,30.302532511978097,pre2020,17,12.633333333333333,Probable,Full,Knee,knee,0,9,20.666666666666668,1.1402714932126696,6,0
2013,STL,StacZa00,Zac Stacy,RB,22.39835728952772,pre2020,10,14.6,Probable,Full,Foot / Toe,ankle_foot,0,2,28.0,1.12987012987013,7,0
2013,STL,StacZa00,Zac Stacy,RB,22.39835728952772,pre2020,13,14.887500000000001,Probable,Full,Head / Concussion,concussion,0,1,25.666666666666668,0.5222672064777328,7,0
2013,TB,JackVi00,Vincent Jackson,WR,30.63107460643395,pre2020,4,14.44375,Questionable,Limited,Chest / Ribs,other,0,1,10.0,0.5989847715736041,7,0
2013,TB,JackVi00,Vincent Jackson,WR,30.63107460643395,pre2020,11,15.133333333333333,Probable,Full,Knee,knee,0,1,8.333333333333334,0.9864406779661016,6,0
2013,TB,JackVi00,Vincent Jackson,WR,30.63107460643395,pre2020,14,15.608333333333333,Questionable,Limited,Hamstring,soft_tissue,0,1,7.0,1.0462633451957295,7,0
2013,TB,JackVi00,Vincent Jackson,WR,30.63107460643395,pre2020,15,15.638461538461538,Probable,Full,Hamstring,soft_tissue,0,2,5.666666666666667,0.9148936170212766,7,0
2013,TB,JackVi00,Vincent Jackson,WR,30.63107460643395,pre2020,16,15.721428571428572,Probable,Full,Hamstring,soft_tissue,0,3,7.333333333333333,1.0948905109489053,7,0
2013,TB,MartDo00,Doug Martin,RB,24.632443531827516,pre2020,8,11.700000000000001,Out,DNP,Shoulder,other,0,1,21.666666666666668,0.38461538461538464,4,1
2013,TB,MartDo00,Doug Martin,RB,24.632443531827516,pre2020,9,11.700000000000001,Out,DNP,Shoulder,other,1,2,21.666666666666668,0.38461538461538464,10,1
2013,TB,MartDo00,Doug Martin,RB,24.632443531827516,pre2020,10,11.700000000000001,None,DNP,Shoulder,other,1,3,21.666666666666668,0.38461538461538464,8,1
2013,TEN,JohnCh04,Chris Johnson,RB,27.939767282683093,pre2020,16,14.771428571428572,Probable,Full,Knee,knee,0,1,18.666666666666668,1.0,7,0
2013,TEN,WrigKe01,Kendall Wright,WR,23.802874743326488,pre2020,13,13.936363636363637,Probable,Full,Ankle,ankle_foot,0,1,9.333333333333334,1.0714285714285714,7,0
2013,TEN,WrigKe01,Kendall Wright,WR,23.802874743326488,pre2020,14,13.916666666666666,Probable,Full,Ankle,ankle_foot,0,2,10.0,1.0714285714285714,7,0
2013,WAS,GarcPi00,Pierre Garcon,WR,27.066392881587955,pre2020,9,15.885714285714286,Probable,Full,Lower Leg,soft_tissue,0,1,11.333333333333334,1.0000000000000002,7,0
2013,WAS,MorrAl00,Alfred Morris,RB,24.720054757015742,pre2020,6,11.200000000000001,Probable,Full,Chest / Ribs,other,0,1,15.666666666666666,0.844311377245509,14,0
2013,WAS,ReedJo02,Jordan Reed,TE,23.16495550992471,pre2020,8,13.559999999999999,Probable,Full,Hip / Groin,soft_tissue,0,1,7.0,0.9873417721518987,7,0
2013,WAS,ReedJo02,Jordan Reed,TE,23.16495550992471,pre2020,12,12.744444444444445,Out,DNP,Head / Concussion,concussion,0,1,5.333333333333333,0.5429864253393665,8,1
2013,WAS,ReedJo02,Jordan Reed,TE,23.16495550992471,pre2020,13,12.744444444444445,Questionable,Limited,Head / Concussion,concussion,1,2,5.333333333333333,0.5429864253393665,6,1
2013,WAS,ReedJo02,Jordan Reed,TE,23.16495550992471,pre2020,14,12.744444444444445,Questionable,Limited,Head / Concussion,concussion,1,3,5.333333333333333,0.5429864253393665,7,1
2013,WAS,ReedJo02,Jordan Reed,TE,23.16495550992471,pre2020,15,12.744444444444445,Questionable,DNP,Head / Concussion,concussion,1,4,5.333333333333333,0.5429864253393665,7,1
2013,WAS,ReedJo02,Jordan Reed,TE,23.16495550992471,pre2020,16,12.744444444444445,Out,Unknown,Head / Concussion,concussion,1,5,5.333333333333333,0.5429864253393665,7,1
2014,ARI,ElliAn00,Andre Ellington,RB,25.574264202600958,pre2020,1,11.020000000000001,Questionable,Limited,Foot / Toe,ankle_foot,0,1,,,7,0
2014,ARI,ElliAn00,Andre Ellington,RB,25.574264202600958,pre2020,2,11.015,Questionable,Limited,Foot / Toe,ankle_foot,0,2,18.0,,6,0
2014,ARI,ElliAn00,Andre Ellington,RB,25.574264202600958,pre2020,6,15.75,Probable,Limited,Foot / Toe,ankle_foot,0,5,21.0,1.3796791443850265,7,0
2014,ARI,ElliAn00,Andre Ellington,RB,25.574264202600958,pre2020,7,15.66,Probable,Limited,Foot / Toe,ankle_foot,0,6,24.333333333333332,1.0270270270270272,7,0
2014,ARI,ElliAn00,Andre Ellington,RB,25.574264202600958,pre2020,8,16.716666666666665,Probable,Full,Foot / Toe,ankle_foot,0,7,28.0,0.8297872340425534,7,0
2014,ARI,ElliAn00,Andre Ellington,RB,25.574264202600958,pre2020,9,16.54285714285714,Probable,Full,Foot / Toe,ankle_foot,0,8,30.0,1.0044052863436124,7,0
2014,ARI,ElliAn00,Andre Ellington,RB,25.574264202600958,pre2020,10,17.4,Probable,Limited,Foot / Toe,ankle_foot,0,9,29.0,0.9262672811059909,7,0
2014,ARI,ElliAn00,Andre Ellington,RB,25.574264202600958,pre2020,11,17.155555555555555,Probable,Limited,Foot / Toe,ankle_foot,0,10,25.666666666666668,1.153846153846154,7,0
2014,ARI,ElliAn00,Andre Ellington,RB,25.574264202600958,pre2020,12,16.5,Probable,Full,Hip / Groin,soft_tissue,0,11,23.666666666666668,0.9955156950672643,7,0
2014,ARI,ElliAn00,Andre Ellington,RB,25.574264202600958,pre2020,13,16.027272727272727,Probable,Full,Hip / Groin,soft_tissue,0,12,21.333333333333332,0.9773755656108597,7,0
2014,ARI,ElliAn00,Andre Ellington,RB,25.574264202600958,pre2020,14,14.791666666666666,Out,DNP,Hip / Groin,soft_tissue,0,13,15.333333333333334,0.3185840707964602,7,1
2014,ARI,FitzLa00,Larry Fitzgerald,WR,31.003422313483917,pre2020,1,14.762500000000001,Probable,Full,Knee,knee,0,1,,,7,0
2014,ARI,FitzLa00,Larry Fitzgerald,WR,31.003422313483917,pre2020,12,12.180000000000001,Questionable,DNP,Knee,knee,0,1,6.666666666666667,0.9540636042402827,7,1
2014,ARI,FitzLa00,Larry Fitzgerald,WR,31.003422313483917,pre2020,13,12.180000000000001,Questionable,Limited,Knee,knee,1,2,6.666666666666667,0.9540636042402827,7,1
2014,ARI,FitzLa00,Larry Fitzgerald,WR,31.003422313483917,pre2020,14,12.180000000000001,Questionable,Full,Knee,knee,1,3,6.666666666666667,0.9540636042402827,7,0
2014,ATL,HestDe99,Devin Hester,WR,31.824777549623544,pre2020,5,12.9,Probable,Full,Ankle,ankle_foot,0,2,3.3333333333333335,1.9,7,0
2014,ATL,JoneJu02,Julio Jones,WR,25.560574948665298,pre2020,3,19.200000000000003,Probable,Full,Ankle,ankle_foot,0,1,11.0,1.064516129032258,4,0
2014,ATL,JoneJu02,Julio Jones,WR,25.560574948665298,pre2020,5,22.425,Probable,Full,Ankle,ankle_foot,0,1,10.666666666666666,1.056818181818182,7,0
2014,ATL,JoneJu02,Julio Jones,WR,25.560574948665298,pre2020,6,22.240000000000002,Probable,Full,Ankle,ankle_foot,0,2,11.666666666666666,1.1022727272727273,7,0
2014,ATL,JoneJu02,Julio Jones,WR,25.560574948665298,pre2020,7,20.35,Probable,Full,Ankle,ankle_foot,0,3,12.333333333333334,1.0419847328244274,7,0
2014,ATL,JoneJu02,Julio Jones,WR,25.560574948665298,pre2020,8,18.95714285714286,Probable,Full,Ankle,ankle_foot,0,4,12.333333333333334,0.9074733096085409,7,0
2014,ATL,JoneJu02,Julio Jones,WR,25.560574948665298,pre2020,15,20.761538461538464,Questionable,DNP,Hip / Groin,soft_tissue,0,1,14.0,0.7954545454545454,6,1
2014,ATL,JoneJu02,Julio Jones,WR,25.560574948665298,pre2020,16,20.761538461538464,Questionable,DNP,Hip / Groin,soft_tissue,1,2,14.0,0.7954545454545454,7,0
2014,ATL,JoneJu02,Julio Jones,WR,25.560574948665298,pre2020,17,20.542857142857144,Questionable,Limited,Hip / Groin,soft_tissue,0,3,12.333333333333334,0.8951612903225806,7,0
2014,ATL,WhitRo00,Roddy White,WR,32.82956878850103,pre2020,2,13.209615384615386,Probable,Full,Knee,knee,0,1,7.0,,7,0
2014,ATL,WhitRo00,Roddy White,WR,32.82956878850103,pre2020,3,12.623076923076923,Questionable,DNP,Hamstring,soft_tissue,0,2,8.0,1.075268817204301,4,1
2014,ATL,WhitRo00,Roddy White,WR,32.82956878850103,pre2020,4,12.623076923076923,Probable,Full,Hamstring,soft_tissue,1,3,8.0,1.075268817204301,10,0
2014,ATL,WhitRo00,Roddy White,WR,32.82956878850103,pre2020,13,15.219999999999999,Questionable,DNP,Ankle,ankle_foot,0,1,9.333333333333334,1.0930232558139534,7,1
2014,ATL,WhitRo00,Roddy White,WR,32.82956878850103,pre2020,14,15.219999999999999,Questionable,Limited,Ankle,ankle_foot,1,2,9.333333333333334,1.0930232558139534,8,0
2014,ATL,WhitRo00,Roddy White,WR,32.82956878850103,pre2020,15,15.036363636363637,Probable,Full,Ankle,ankle_foot,0,3,9.0,1.0561797752808988,6,0
2014,ATL,WhitRo00,Roddy White,WR,32.82956878850103,pre2020,16,15.35,Probable,Full,Knee,knee,0,4,8.333333333333334,1.0142348754448398,7,0
2014,ATL,WhitRo00,Roddy White,WR,32.82956878850103,pre2020,17,15.053846153846154,Probable,Full,Ankle,ankle_foot,0,5,8.0,0.9752650176678446,7,0
2014,BAL,ForsJu00,Justin Forsett,RB,28.88158795345654,pre2020,9,14.575000000000001,Probable,Full,Ankle,ankle_foot,0,1,20.0,1.1129032258064515,7,0
2014,BAL,ForsJu00,Justin Forsett,RB,28.88158795345654,pre2020,14,16.883333333333336,Questionable,Limited,Knee,knee,0,1,24.0,1.085972850678733,7,0
2014,BAL,SmitTo02,Torrey Smith,WR,25.596167008898014,pre2020,14,12.241666666666667,Probable,Full,Knee,knee,0,1,7.333333333333333,0.9113924050632911,7,0
2014,BAL,SmitTo02,Torrey Smith,WR,25.596167008898014,pre2020,15,12.241666666666667,Probable,Full,Knee,knee,0,2,4.666666666666667,0.30530973451327437,7,0
2014,BUF,JackFr02,Fred Jackson,RB,33.52772073921971,pre2020,6,15.38,Questionable,DNP,Ankle,ankle_foot,0,1,16.333333333333332,1.1271676300578035,7,0
2014,BUF,JackFr02,Fred Jackson,RB,33.52772073921971,pre2020,8,13.857142857142858,Out,DNP,Hip / Groin,soft_tissue,0,1,13.666666666666666,0.2142857142857143,7,1
2014,BUF,JackFr02,Fred Jackson,RB,33.52772073921971,pre2020,10,13.857142857142858,Questionable,Limited,Hip / Groin,soft_tissue,1,2,13.666666666666666,0.2142857142857143,14,0
2014,BUF,JackFr02,Fred Jackson,RB,33.52772073921971,pre2020,11,13.2375,Questionable,Limited,Hip / Groin,soft_tissue,0,3,10.0,0.7207792207792209,4,1
2014,BUF,JackFr02,Fred Jackson,RB,33.52772073921971,pre2020,12,13.2375,Questionable,Limited,Hip / Groin,soft_tissue,1,4,10.0,0.7207792207792209,11,0
2014,BUF,SpilC.00,C.J. Spiller,RB,27.07460643394935,pre2020,4,12.43,Probable,Full,Chest / Ribs,other,0,1,14.666666666666666,0.7912087912087913,7,0
2014,BUF,WatkSa00,Sammy Watkins,WR,21.215605749486652,pre2020,3,15.900000000000002,Probable,Full,Chest / Ribs,other,0,3,7.5,0.8947368421052632,7,0
2014,BUF,WatkSa00,Sammy Watkins,WR,21.215605749486652,pre2020,8,14.614285714285716,Probable,Full,Hip / Groin,soft_tissue,0,1,9.666666666666666,1.0067114093959733,7,0
2014,BUF,WatkSa00,Sammy Watkins,WR,21.215605749486652,pre2020,10,15.875000000000002,Questionable,DNP,Hip / Groin,soft_tissue,0,2,7.666666666666667,0.9664429530201343,14,0
2014,BUF,WatkSa00,Sammy Watkins,WR,21.215605749486652,pre2020,11,14.855555555555558,Probable,Full,Hip / Groin,soft_tissue,0,3,10.0,0.9457627118644067,4,0
2014,BUF,WatkSa00,Sammy Watkins,WR,21.215605749486652,pre2020,12,14.020000000000001,Probable,Full,Hip / Groin,soft_tissue,0,4,8.0,1.0173010380622838,11,0
2014,BUF,WatkSa00,Sammy Watkins,WR,21.215605749486652,pre2020,14,12.566666666666668,Probable,Limited,Hip / Groin,soft_tissue,0,1,7.333333333333333,1.0526315789473684,7,0
2014,CAR,BenjKe00,Kelvin Benjamin,WR,23.57015742642026,pre2020,3,13.900000000000002,Probable,Full,Knee,knee,0,1,8.0,1.0476190476190477,7,0
2014,CAR,BenjKe00,Kelvin Benjamin,WR,23.57015742642026,pre2020,7,15.766666666666667,Questionable,Full,Head / Concussion,concussion,0,1,9.333333333333334,0.8713235294117647,7,0
2014,CAR,NewtCa00,Cam Newton,QB,25.308692676249144,pre2020,1,18.60375,Questionable,Full,Chest / Ribs,other,0,1,,,7,1
2014,CAR,NewtCa00,Cam Newton,QB,25.308692676249144,pre2020,2,18.60375,Probable,Full,Chest / Ribs,other,1,2,,,7,0
2014,CAR,NewtCa00,Cam Newton,QB,25.308692676249144,pre2020,15,17.248333333333335,Out,Unknown,Back,other,0,1,43.666666666666664,0.96,7,1
2014,CAR,NewtCa00,Cam Newton,QB,25.308692676249144,pre2020,16,17.248333333333335,Probable,Full,Back,other,1,2,43.666666666666664,0.96,7,0
2014,CAR,OlseGr00,Greg Olsen,TE,29.475701574264203,pre2020,3,14.83125,Probable,Full,Lower Leg,soft_tissue,0,2,9.5,1.0309278350515465,7,0
2014,CAR,OlseGr00,Greg Olsen,TE,29.475701574264203,pre2020,6,16.72,Questionable,Limited,Ankle,ankle_foot,0,1,7.0,0.9964664310954062,7,0
2014,CAR,OlseGr00,Greg Olsen,TE,29.475701574264203,pre2020,7,16.966666666666665,Probable,Full,Ankle,ankle_foot,0,2,8.333333333333334,1.0830324909747293,7,0
2014,CAR,OlseGr00,Greg Olsen,TE,29.475701574264203,pre2020,14,14.066666666666668,Questionable,Limited,Knee,knee,0,1,9.0,1.0,7,0
2014,CAR,OlseGr00,Greg Olsen,TE,29.475701574264203,pre2020,15,14.76923076923077,Probable,Full,Knee,knee,0,2,10.333333333333334,0.95,7,0
2014,CHI,BennMa00,Martellus Bennett,TE,27.479808350444902,pre2020,8,15.599999999999998,Probable,Full,Hamstring,soft_tissue,0,1,7.0,1.1235059760956176,7,0
2014,CHI,BennMa00,Martellus Bennett,TE,27.479808350444902,pre2020,10,16.3375,Questionable,DNP,Chest / Ribs,other,0,2,7.666666666666667,0.8571428571428571,14,0
2014,CHI,BennMa00,Martellus Bennett,TE,27.479808350444902,pre2020,11,15.244444444444444,Probable,Full,Chest / Ribs,other,0,3,7.0,1.0730769230769233,7,0
2014,CHI,BennMa00,Martellus Bennett,TE,27.479808350444902,pre2020,14,14.225,Probable,Full,Foot / Toe,ankle_foot,0,1,7.333333333333333,0.9822064056939502,7,0
2014,CHI,JeffAl00,Alshon Jeffery,WR,24.54483230663929,pre2020,2,16.31875,Questionable,Limited,Hamstring,soft_tissue,0,1,6.0,,7,0
2014,CHI,JeffAl00,Alshon Jeffery,WR,24.54483230663929,pre2020,3,13.8125,Questionable,Limited,Hamstring,soft_tissue,0,2,6.0,1.8775510204081634,8,0
2014,CHI,JeffAl00,Alshon Jeffery,WR,24.54483230663929,pre2020,12,15.84,Probable,Full,Hamstring,soft_tissue,0,1,12.666666666666666,1.0,7,0
2014,CHI,JeffAl00,Alshon Jeffery,WR,24.54483230663929,pre2020,14,16.475,Questionable,Limited,Hamstring,soft_tissue,0,1,11.333333333333334,0.823943661971831,7,0
2014,CHI,MarsBr00,Brandon Marshall,WR,30.442162902121833,pre2020,2,19.0953125,Questionable,DNP,Ankle,ankle_foot,0,1,12.0,,7,0
2014,CHI,MarsBr00,Brandon Marshall,WR,30.442162902121833,pre2020,3,21.271875,Questionable,Limited,Ankle,ankle_foot,0,2,10.0,1.053763440860215,8,0
2014,CHI,MarsBr00,Brandon Marshall,WR,30.442162902121833,pre2020,4,16.8984375,Questionable,DNP,Ankle,ankle_foot,0,3,8.666666666666666,0.806282722513089,6,0
2014,CHI,MarsBr00,Brandon Marshall,WR,30.442162902121833,pre2020,5,14.600000000000001,Probable,Full,Ankle,ankle_foot,0,4,6.666666666666667,0.9738805970149252,7,0
2014,CHI,MarsBr00,Brandon Marshall,WR,30.442162902121833,pre2020,11,13.955555555555556,Probable,Limited,Ankle,ankle_foot,0,1,10.0,0.8924731182795698,7,0
2014,CHI,MarsBr00,Brandon Marshall,WR,30.442162902121833,pre2020,12,15.36,Probable,Limited,Ankle,ankle_foot,0,2,10.0,1.0706319702602232,7,0
2014,CHI,MarsBr00,Brandon Marshall,WR,30.442162902121833,pre2020,13,14.52727272727273,Probable,Limited,Ankle,ankle_foot,0,3,8.333333333333334,1.0929368029739777,4,0
2014,CIN,BernGi00,Giovani Bernard,RB,22.77618069815195,pre2020,8,16.966666666666665,Probable,Full,Chest / Ribs,other,0,1,17.0,0.9999999999999999,7,0
2014,CIN,BernGi00,Giovani Bernard,RB,22.77618069815195,pre2020,9,16.357142857142858,Out,Unknown,Hip / Groin,soft_tissue,0,2,17.666666666666668,0.7363636363636363,7,1
2014,CIN,BernGi00,Giovani Bernard,RB,22.77618069815195,pre2020,10,16.357142857142858,Doubtful,DNP,Hip / Groin,soft_tissue,1,3,17.666666666666668,0.7363636363636363,4,1
2014,CIN,BernGi00,Giovani Bernard,RB,22.77618069815195,pre2020,11,16.357142857142858,Out,Unknown,Hip / Groin,soft_tissue,1,4,17.666666666666668,0.7363636363636363,10,1
2014,CIN,BernGi00,Giovani Bernard,RB,22.77618069815195,pre2020,12,16.357142857142858,Probable,Full,Hip / Groin,soft_tissue,1,5,17.666666666666668,0.7363636363636363,7,0
2014,CIN,GreeA.00,A.J. Green,WR,26.086242299794662,pre2020,2,20.771875,Probable,Full,Foot / Toe,ankle_foot,0,1,10.0,,7,0
2014,CIN,GreeA.00,A.J. Green,WR,26.086242299794662,pre2020,3,20.771875,Probable,Full,Foot / Toe,ankle_foot,0,2,5.0,0.07446808510638299,7,0
2014,CIN,GreeA.00,A.J. Green,WR,26.086242299794662,pre2020,5,20.03125,Probable,Limited,Foot / Toe,ankle_foot,0,3,6.333333333333333,1.4851485148514851,14,0
2014,CIN,GreeA.00,A.J. Green,WR,26.086242299794662,pre2020,6,19.515625,Questionable,DNP,Foot / Toe,ankle_foot,0,4,5.333333333333333,1.5340909090909092,7,1
2014,CIN,GreeA.00,A.J. Green,WR,26.086242299794662,pre2020,7,19.515625,Doubtful,DNP,Foot / Toe,ankle_foot,1,5,5.333333333333333,1.5340909090909092,7,1
2014,CIN,GreeA.00,A.J. Green,WR,26.086242299794662,pre2020,8,19.515625,Doubtful,DNP,Foot / Toe,ankle_foot,1,6,5.333333333333333,1.5340909090909092,7,1
2014,CIN,GreeA.00,A.J. Green,WR,26.086242299794662,pre2020,9,19.515625,Questionable,Limited,Foot / Toe,ankle_foot,1,7,5.333333333333333,1.5340909090909092,7,0
2014,CIN,GreeA.00,A.J. Green,WR,26.086242299794662,pre2020,14,17.725,Probable,Full,Quad / Thigh,soft_tissue,0,1,10.666666666666666,1.026022304832714,7,0
2014,CIN,GreeA.00,A.J. Green,WR,26.086242299794662,pre2020,17,17.372727272727275,Probable,Full,Arm / Elbow,other,0,2,10.0,0.44943820224719105,6,0
2014,CLE,CameJo00,Jordan Cameron,TE,26.067077344284737,pre2020,2,12.360000000000001,Questionable,DNP,Shoulder,other,0,1,5.0,,7,1
2014,CLE,CameJo00,Jordan Cameron,TE,26.067077344284737,pre2020,3,12.360000000000001,Questionable,Limited,Shoulder,other,1,2,5.0,,7,0
2014,CLE,HawkAn00,Andrew Hawkins,WR,28.479123887748116,pre2020,11,12.025,Probable,Full,Quad / Thigh,soft_tissue,1,2,9.0,0.676470588235294,10,0
2014,CLE,TateBe00,Ben Tate,RB,26.028747433264886,pre2020,7,11.86607142857143,Probable,Full,Hand / Wrist,other,0,5,18.333333333333332,1.5777777777777777,7,0
2014,DAL,BryaDe01,Dez Bryant,WR,25.82340862422998,pre2020,3,18.0875,Questionable,Limited,Shoulder,other,0,1,10.0,1.0135135135135136,7,0
2014,DAL,BryaDe01,Dez Bryant,WR,25.82340862422998,pre2020,4,18.74375,Probable,Limited,Shoulder,other,0,2,9.0,1.1543624161073824,7,0
2014,DAL,BryaDe01,Dez Bryant,WR,25.82340862422998,pre2020,5,17.525,Probable,Full,Shoulder,other,0,3,9.0,1.1361702127659574,7,0
2014,DAL,BryaDe01,Dez Bryant,WR,25.82340862422998,pre2020,6,18.72,Probable,Full,Shoulder,other,0,4,9.0,1.092,7,0
2014,DAL,BryaDe01,Dez Bryant,WR,25.82340862422998,pre2020,7,17.316666666666666,Probable,Full,Shoulder,other,0,5,10.0,0.9924812030075187,7,0
2014,DAL,BryaDe01,Dez Bryant,WR,25.82340862422998,pre2020,8,18.285714285714285,Probable,Full,Shoulder,other,0,6,12.333333333333334,0.9738805970149252,8,0
2014,DAL,MurrDe00,DeMarco Murray,RB,26.55167693360712,pre2020,16,22.728571428571428,Questionable,Limited,Hand / Wrist,other,0,1,33.333333333333336,0.7865168539325842,7,0
2014,DAL,MurrDe00,DeMarco Murray,RB,26.55167693360712,pre2020,17,22.0,Probable,Full,Hand / Wrist,other,0,2,32.0,0.6049382716049383,7,0
2014,DAL,RomoTo00,Tony Romo,QB,34.362765229295,pre2020,1,17.39466666666667,Probable,Full,Back,other,0,1,,,7,0
2014,DAL,RomoTo00,Tony Romo,QB,34.362765229295,pre2020,13,17.646,Probable,Full,Back,other,0,12,27.666666666666668,1.1235955056179776,4,0
2014,DAL,RomoTo00,Tony Romo,QB,34.362765229295,pre2020,16,16.986153846153847,Probable,Full,Back,other,0,15,31.0,1.0,7,0
2014,DAL,RomoTo00,Tony Romo,QB,34.362765229295,pre2020,17,17.73857142857143,Probable,Full,Back,other,0,16,28.666666666666668,0.9,7,0
2014,DEN,AndeC.00,C.J. Anderson,RB,23.5564681724846,pre2020,14,11.74,Probable,Full,Ankle,ankle_foot,0,1,28.333333333333332,1.094420600858369,7,0
2014,DEN,AndeC.00,C.J. Anderson,RB,23.5564681724846,pre2020,15,12.836363636363636,Probable,Full,Ankle,ankle_foot,0,2,29.0,0.8764044943820225,7,0
2014,DEN,AndeC.00,C.J. Anderson,RB,23.5564681724846,pre2020,16,12.733333333333334,Probable,Full,Ankle,ankle_foot,0,3,29.0,1.0476190476190477,8,0
2014,DEN,AndeC.00,C.J. Anderson,RB,23.5564681724846,pre2020,17,13.892307692307693,Probable,Full,Ankle,ankle_foot,0,4,26.666666666666668,1.0876494023904384,6,0
2014,DEN,HillRo00,Ronnie Hillman,RB,22.965092402464066,pre2020,9,13.2,Probable,Full,Shoulder,other,0,1,23.666666666666668,1.2648648648648648,10,0
2014,DEN,HillRo00,Ronnie Hillman,RB,22.965092402464066,pre2020,11,13.642857142857142,Out,DNP,Foot / Toe,ankle_foot,0,1,18.333333333333332,0.5792079207920792,7,1
2014,DEN,HillRo00,Ronnie Hillman,RB,22.965092402464066,pre2020,12,13.642857142857142,Out,DNP,Foot / Toe,ankle_foot,1,2,18.333333333333332,0.5792079207920792,7,1
2014,DEN,HillRo00,Ronnie Hillman,RB,22.965092402464066,pre2020,13,13.642857142857142,Out,DNP,Foot / Toe,ankle_foot,1,3,18.333333333333332,0.5792079207920792,7,1
2014,DEN,HillRo00,Ronnie Hillman,RB,22.965092402464066,pre2020,14,13.642857142857142,Out,DNP,Foot / Toe,ankle_foot,1,4,18.333333333333332,0.5792079207920792,7,1
2014,DEN,HillRo00,Ronnie Hillman,RB,22.965092402464066,pre2020,15,13.642857142857142,Questionable,Limited,Foot / Toe,ankle_foot,1,5,18.333333333333332,0.5792079207920792,7,1
2014,DEN,HillRo00,Ronnie Hillman,RB,22.965092402464066,pre2020,16,13.642857142857142,Questionable,Limited,Foot / Toe,ankle_foot,1,6,18.333333333333332,0.5792079207920792,8,1
2014,DEN,HillRo00,Ronnie Hillman,RB,22.965092402464066,pre2020,17,13.642857142857142,Probable,Full,Foot / Toe,ankle_foot,1,7,18.333333333333332,0.5792079207920792,6,0
2014,DEN,MannPe00,Peyton Manning,QB,38.4394250513347,pre2020,16,20.844285714285714,Questionable,Limited,Quad / Thigh,soft_tissue,0,1,27.0,0.94,8,0
2014,DEN,MannPe00,Peyton Manning,QB,38.4394250513347,pre2020,17,20.284,Probable,Full,Quad / Thigh,soft_tissue,0,2,29.666666666666668,1.0204081632653061,6,0
2014,DEN,SandEm00,Emmanuel Sanders,WR,27.460643394934976,pre2020,12,20.720000000000002,Probable,Full,Head / Concussion,concussion,0,1,11.0,0.5517241379310345,7,0
2014,DEN,SandEm00,Emmanuel Sanders,WR,27.460643394934976,pre2020,17,19.233333333333334,Questionable,Limited,Hip / Groin,soft_tissue,0,2,5.666666666666667,0.9608540925266904,6,0
2014,DEN,ThomDe03,Demaryius Thomas,WR,26.68583162217659,pre2020,14,22.958333333333332,Probable,Limited,Ankle,ankle_foot,0,1,12.0,1.069090909090909,7,0
2014,DEN,ThomDe03,Demaryius Thomas,WR,26.68583162217659,pre2020,15,21.430769230769233,Probable,Full,Ankle,ankle_foot,0,2,10.333333333333334,0.8989898989898991,7,0
2014,DEN,ThomDe03,Demaryius Thomas,WR,26.68583162217659,pre2020,16,21.63571428571429,Probable,Full,Ankle,ankle_foot,0,3,9.666666666666666,0.9616724738675959,8,0
2014,DEN,ThomDe03,Demaryius Thomas,WR,26.68583162217659,pre2020,17,21.42666666666667,Probable,Full,Ankle,ankle_foot,0,4,10.0,1.064516129032258,6,0
2014,DEN,ThomJu00,Julius Thomas,TE,26.17932922655715,pre2020,12,15.459999999999999,Questionable,DNP,Ankle,ankle_foot,0,1,4.0,0.2159090909090909,7,1
2014,DEN,ThomJu00,Julius Thomas,TE,26.17932922655715,pre2020,13,15.459999999999999,Questionable,Limited,Ankle,ankle_foot,1,2,4.0,0.2159090909090909,7,1
2014,DEN,ThomJu00,Julius Thomas,TE,26.17932922655715,pre2020,14,15.459999999999999,Questionable,Limited,Ankle,ankle_foot,1,3,4.0,0.2159090909090909,7,1
2014,DEN,ThomJu00,Julius Thomas,TE,26.17932922655715,pre2020,15,15.459999999999999,Probable,Full,Ankle,ankle_foot,1,4,4.0,0.2159090909090909,7,0
2014,DEN,ThomJu00,Julius Thomas,TE,26.17932922655715,pre2020,16,14.418181818181818,Probable,Full,Ankle,ankle_foot,0,5,4.0,0.673469387755102,8,0
2014,DEN,ThomJu00,Julius Thomas,TE,26.17932922655715,pre2020,17,13.658333333333333,Probable,Full,Ankle,ankle_foot,0,6,3.6666666666666665,1.3732394366197185,6,0
2014,DET,BellJo01,Joique Bell,RB,28.076659822039698,pre2020,3,13.346875,Probable,Limited,Knee,knee,0,1,18.5,1.1153846153846152,7,0
2014,DET,BellJo01,Joique Bell,RB,28.076659822039698,pre2020,12,11.177777777777779,Probable,Full,Ankle,ankle_foot,0,1,16.333333333333332,1.0544554455445545,7,0
2014,DET,BellJo01,Joique Bell,RB,28.076659822039698,pre2020,17,13.72857142857143,Probable,Full,Achilles,achilles,0,1,20.0,0.8195876288659795,7,0
2014,DET,BushRe00,Reggie Bush,RB,29.50034223134839,pre2020,2,15.914285714285713,Probable,Full,Knee,knee,0,1,15.0,,6,0
2014,DET,BushRe00,Reggie Bush,RB,29.50034223134839,pre2020,7,11.26,Probable,Full,Ankle,ankle_foot,1,2,16.333333333333332,0.7551020408163265,7,0
2014,DET,JohnCa00,Calvin Johnson,WR,28.922655715263517,pre2020,4,21.389285714285716,Questionable,Limited,Ankle,ankle_foot,0,1,11.333333333333334,0.9101796407185629,7,0
2014,DET,JohnCa00,Calvin Johnson,WR,28.922655715263517,pre2020,5,16.775000000000002,Questionable,Limited,Ankle,ankle_foot,0,2,8.333333333333334,0.7037037037037037,7,0
2014,DET,JohnCa00,Calvin Johnson,WR,28.922655715263517,pre2020,6,13.760000000000002,Doubtful,DNP,Ankle,ankle_foot,0,3,4.333333333333333,0.6164383561643836,7,1
2014,DET,JohnCa00,Calvin Johnson,WR,28.922655715263517,pre2020,7,13.760000000000002,Questionable,DNP,Ankle,ankle_foot,1,4,4.333333333333333,0.6164383561643836,7,1
2014,DET,JohnCa00,Calvin Johnson,WR,28.922655715263517,pre2020,8,13.760000000000002,Questionable,Limited,Ankle,ankle_foot,1,5,4.333333333333333,0.6164383561643836,7,1
2014,DET,JohnCa00,Calvin Johnson,WR,28.922655715263517,pre2020,10,13.760000000000002,Probable,Full,Ankle,ankle_foot,1,6,4.333333333333333,0.6164383561643836,14,0
2014,DET,JohnCa00,Calvin Johnson,WR,28.922655715263517,pre2020,11,15.516666666666667,Probable,Full,Ankle,ankle_foot,0,7,6.0,1.4662921348314606,7,0
2014,DET,JohnCa00,Calvin Johnson,WR,28.922655715263517,pre2020,12,14.85714285714286,Probable,Limited,Ankle,ankle_foot,0,8,9.333333333333334,1.4761904761904763,7,0
2014,DET,JohnCa00,Calvin Johnson,WR,28.922655715263517,pre2020,13,14.225000000000001,Probable,Full,Ankle,ankle_foot,0,9,12.333333333333334,1.0666666666666667,4,0
2014,DET,JohnCa00,Calvin Johnson,WR,28.922655715263517,pre2020,14,16.822222222222223,Probable,Full,Ankle,ankle_foot,0,10,12.666666666666666,0.9,10,0
2014,DET,JohnCa00,Calvin Johnson,WR,28.922655715263517,pre2020,15,18.12,Probable,Full,Ankle,ankle_foot,0,11,11.666666666666666,0.956175298804781,7,0
2014,DET,JohnCa00,Calvin Johnson,WR,28.922655715263517,pre2020,16,17.318181818181817,Probable,Full,Ankle,ankle_foot,0,12,10.333333333333334,1.1596638655462186,7,0
2014,DET,JohnCa00,Calvin Johnson,WR,28.922655715263517,pre2020,17,17.233333333333334,Probable,Full,Ankle,ankle_foot,0,13,9.0,1.056,7,0
2014,DET,TateGo00,Golden Tate,WR,26.080766598220396,pre2020,5,14.025,Probable,Limited,Hamstring,soft_tissue,0,1,8.333333333333334,0.8879999999999999,7,0
2014,DET,TateGo00,Golden Tate,WR,26.080766598220396,pre2020,12,18.22,Probable,Limited,Hip / Groin,soft_tissue,0,1,10.333333333333334,1.021978021978022,7,0
2014,GB,LacyEd00,Eddie Lacy,RB,24.249144421629023,pre2020,2,14.0,Probable,Full,Head / Concussion,concussion,0,1,15.0,,10,0
2014,GB,LacyEd00,Eddie Lacy,RB,24.249144421629023,pre2020,15,17.138461538461538,Probable,Limited,Hip / Groin,soft_tissue,0,1,24.333333333333332,0.8831168831168832,6,0
2014,GB,LacyEd00,Eddie Lacy,RB,24.249144421629023,pre2020,16,17.257142857142856,Probable,Limited,Head / Concussion,concussion,0,2,21.0,0.7467811158798282,7,0
2014,GB,RodgAa00,Aaron Rodgers,QB,30.748802190280628,pre2020,10,21.36,Probable,Full,Hamstring,soft_tissue,0,1,38.333333333333336,1.0846153846153845,14,0
2014,GB,RodgAa00,Aaron Rodgers,QB,30.748802190280628,pre2020,17,21.98,Probable,Limited,Lower Leg,soft_tissue,0,1,42.0,0.96,7,0
2014,HOU,FostAr00,Arian Foster,RB,28.021902806297057,pre2020,2,13.171875,Probable,Full,Chest / Ribs,other,0,1,29.0,,7,0
2014,HOU,FostAr00,Arian Foster,RB,28.021902806297057,pre2020,3,15.53125,Questionable,Limited,Hamstring,soft_tissue,0,2,30.0,0.7216494845360825,7,1
2014,HOU,FostAr00,Arian Foster,RB,28.021902806297057,pre2020,4,15.53125,Questionable,Limited,Hamstring,soft_tissue,1,3,30.0,0.7216494845360825,7,0
2014,HOU,FostAr00,Arian Foster,RB,28.021902806297057,pre2020,5,15.415625000000002,Probable,Limited,Hamstring,soft_tissue,0,4,26.0,0.6347305389221557,7,0
2014,HOU,FostAr00,Arian Foster,RB,28.021902806297057,pre2020,6,19.825,Probable,Full,Hamstring,soft_tissue,0,5,25.666666666666668,1.1045454545454545,4,0
2014,HOU,FostAr00,Arian Foster,RB,28.021902806297057,pre2020,7,21.68,Probable,Full,Hip / Groin,soft_tissue,0,6,23.333333333333332,1.2794117647058822,11,0
2014,HOU,FostAr00,Arian Foster,RB,28.021902806297057,pre2020,9,23.885714285714283,Probable,Limited,Knee,knee,0,8,25.333333333333332,0.7587548638132294,7,0
2014,HOU,FostAr00,Arian Foster,RB,28.021902806297057,pre2020,11,23.3875,Questionable,DNP,Hip / Groin,soft_tissue,0,9,23.333333333333332,0.8091286307053942,14,1
2014,HOU,FostAr00,Arian Foster,RB,28.021902806297057,pre2020,12,23.3875,Questionable,DNP,Hip / Groin,soft_tissue,1,10,23.333333333333332,0.8091286307053942,7,1
2014,HOU,FostAr00,Arian Foster,RB,28.021902806297057,pre2020,13,23.3875,Probable,Limited,Hip / Groin,soft_tissue,1,11,23.333333333333332,0.8091286307053942,7,0
2014,HOU,FostAr00,Arian Foster,RB,28.021902806297057,pre2020,14,23.177777777777777,Probable,Full,Hip / Groin,soft_tissue,0,12,23.333333333333332,0.9863013698630136,7,0
2014,HOU,FostAr00,Arian Foster,RB,28.021902806297057,pre2020,15,23.14,Probable,Full,Hip / Groin,soft_tissue,0,13,24.0,1.00990099009901,7,0
2014,HOU,FostAr00,Arian Foster,RB,28.021902806297057,pre2020,16,22.37272727272727,Probable,Full,Hip / Groin,soft_tissue,0,14,28.0,1.3024390243902437,7,0
2014,HOU,HopkDe00,DeAndre Hopkins,WR,22.236824093086927,pre2020,7,13.266666666666666,Probable,Full,Hand / Wrist,other,0,1,4.666666666666667,0.9896907216494845,11,0
2014,HOU,HopkDe00,DeAndre Hopkins,WR,22.236824093086927,pre2020,16,15.692857142857141,Questionable,DNP,Ankle,ankle_foot,0,1,9.333333333333334,1.0638297872340425,7,0
2014,HOU,HopkDe00,DeAndre Hopkins,WR,22.236824093086927,pre2020,17,15.233333333333333,Probable,Limited,Hand / Wrist,other,0,2,10.333333333333334,1.0638297872340425,7,0
2014,HOU,JohnAn02,Andre Johnson,WR,33.14168377823409,pre2020,2,16.935937499999998,Probable,Full,Ankle,ankle_foot,0,1,9.0,,7,0
2014,HOU,JohnAn02,Andre Johnson,WR,33.14168377823409,pre2020,3,15.915625,Probable,Full,Ankle,ankle_foot,0,2,8.0,0.8673469387755102,7,0
2014,HOU,JohnAn02,Andre Johnson,WR,33.14168377823409,pre2020,4,13.1453125,Probable,Full,Ankle,ankle_foot,0,3,9.0,1.07103825136612,7,0
2014,HOU,JohnAn02,Andre Johnson,WR,33.14168377823409,pre2020,7,12.983333333333334,Probable,Full,Ankle,ankle_foot,0,6,9.0,1.1076923076923075,11,0
2014,HOU,JohnAn02,Andre Johnson,WR,33.14168377823409,pre2020,8,12.942857142857141,Probable,Full,Ankle,ankle_foot,0,7,9.666666666666666,1.1395348837209303,6,0
2014,HOU,JohnAn02,Andre Johnson,WR,33.14168377823409,pre2020,9,12.8875,Probable,Limited,Ankle,ankle_foot,0,8,11.0,0.9964285714285716,7,0
2014,IND,AlleDw00,Dwayne Allen,TE,24.517453798767967,pre2020,12,11.711111111111112,Out,DNP,Ankle,ankle_foot,0,1,2.3333333333333335,0.33495145631067963,7,1
2014,IND,AlleDw00,Dwayne Allen,TE,24.517453798767967,pre2020,13,11.711111111111112,Out,DNP,Ankle,ankle_foot,1,2,2.3333333333333335,0.33495145631067963,7,1
2014,IND,AlleDw00,Dwayne Allen,TE,24.517453798767967,pre2020,14,11.711111111111112,Probable,Full,Ankle,ankle_foot,1,3,2.3333333333333335,0.33495145631067963,7,0
2014,IND,HiltT.00,T.Y. Hilton,WR,24.79671457905544,pre2020,14,17.875,Probable,Full,Hamstring,soft_tissue,0,1,6.0,1.0161290322580645,7,0
2014,IND,HiltT.00,T.Y. Hilton,WR,24.79671457905544,pre2020,16,18.464285714285715,Questionable,DNP,Hamstring,soft_tissue,0,3,10.666666666666666,1.0039370078740157,7,1
2014,IND,HiltT.00,T.Y. Hilton,WR,24.79671457905544,pre2020,17,18.464285714285715,Questionable,Limited,Hamstring,soft_tissue,1,4,10.666666666666666,1.0039370078740157,7,0
2014,IND,RichTr00,Trent Richardson,RB,24.145106091718002,pre2020,8,11.728571428571428,Questionable,DNP,Hamstring,soft_tissue,0,1,16.666666666666668,0.9411764705882353,7,1
2014,IND,WaynRe00,Reggie Wayne,WR,35.78918548939083,pre2020,8,12.485714285714286,Out,DNP,Arm / Elbow,other,0,8,9.666666666666666,0.9058823529411764,7,1
2014,JAX,HurnAl01,Allen Hurns,WR,22.803559206023273,pre2020,3,15.15,Probable,Full,Ankle,ankle_foot,0,1,7.5,1.0786516853932584,7,0
2014,JAX,HurnAl01,Allen Hurns,WR,22.803559206023273,pre2020,4,14.533333333333333,Probable,Full,Ankle,ankle_foot,0,2,6.0,0.9405405405405405,7,0
2014,JAX,HurnAl01,Allen Hurns,WR,22.803559206023273,pre2020,6,12.4,Probable,Full,Foot / Toe,ankle_foot,0,1,6.666666666666667,1.072992700729927,7,0
2014,JAX,ShorCe00,Cecil Shorts,WR,26.694045174537987,pre2020,1,12.438461538461537,Questionable,Limited,Hamstring,soft_tissue,0,1,,,7,1
2014,JAX,ShorCe00,Cecil Shorts,WR,26.694045174537987,pre2020,3,12.438461538461537,Probable,Full,Hamstring,soft_tissue,1,3,,,7,0
2014,KC,CharJa00,Jamaal Charles,RB,27.679671457905545,pre2020,3,15.0,Questionable,Limited,Ankle,ankle_foot,0,1,7.0,0.06315789473684211,7,1
2014,KC,CharJa00,Jamaal Charles,RB,27.679671457905545,pre2020,4,15.0,Probable,Limited,Ankle,ankle_foot,1,2,7.0,0.06315789473684211,8,0
2014,KC,CharJa00,Jamaal Charles,RB,27.679671457905545,pre2020,5,16.650000000000002,Probable,Full,Ankle,ankle_foot,0,3,11.666666666666666,1.0297029702970297,6,0
2014,KC,CharJa00,Jamaal Charles,RB,27.679671457905545,pre2020,9,15.766666666666667,Probable,Full,Back,other,0,1,21.0,0.9420289855072463,7,0
2014,KC,CharJa00,Jamaal Charles,RB,27.679671457905545,pre2020,11,16.525000000000002,Probable,Full,Shoulder,other,0,1,20.333333333333332,0.9820627802690584,7,0
2014,KC,CharJa00,Jamaal Charles,RB,27.679671457905545,pre2020,14,18.19090909090909,Probable,Full,Knee,knee,0,1,21.333333333333332,1.165991902834008,7,0
2014,KC,CharJa00,Jamaal Charles,RB,27.679671457905545,pre2020,15,18.76666666666667,Probable,Full,Knee,knee,0,2,18.666666666666668,0.8555555555555555,7,0
2014,KC,CharJa00,Jamaal Charles,RB,27.679671457905545,pre2020,16,17.80769230769231,Probable,Full,Knee,knee,0,3,14.666666666666666,0.6590909090909091,7,0
2014,KC,CharJa00,Jamaal Charles,RB,27.679671457905545,pre2020,17,17.3,Questionable,Limited,Hamstring,soft_tissue,0,4,14.666666666666666,1.0649350649350648,7,0
2014,KC,KelcTr00,Travis Kelce,TE,24.906228610540726,pre2020,8,12.116666666666667,Probable,Full,Chest / Ribs,other,0,1,5.333333333333333,0.9085714285714286,7,0
2014,KC,KelcTr00,Travis Kelce,TE,24.906228610540726,pre2020,9,11.6,Probable,Full,Chest / Ribs,other,0,2,4.333333333333333,1.067484662576687,7,0
2014,KC,KelcTr00,Travis Kelce,TE,24.906228610540726,pre2020,10,12.2375,Probable,Full,Chest / Ribs,other,0,3,5.0,0.9230769230769231,7,0
2014,KC,McKnJo00,Joe McKnight,RB,26.376454483230663,pre2020,4,24.7,Out,Unknown,Achilles,achilles,0,1,4.0,,8,1
2014,MIA,ClayCh00,Charles Clay,TE,25.54688569472964,pre2020,1,11.775,None,Full,Knee,knee,0,1,,,7,0
2014,MIA,MillLa01,Lamar Miller,RB,23.353867214236825,pre2020,6,14.75,Probable,Full,Foot / Toe,ankle_foot,0,1,16.666666666666668,0.8453038674033149,14,0
2014,MIA,MillLa01,Lamar Miller,RB,23.353867214236825,pre2020,7,15.460000000000003,Probable,Limited,Knee,knee,0,2,17.0,0.9123711340206184,7,0
2014,MIA,MillLa01,Lamar Miller,RB,23.353867214236825,pre2020,10,14.9,Questionable,Limited,Shoulder,other,0,1,17.0,0.78125,7,0
2014,MIA,MillLa01,Lamar Miller,RB,23.353867214236825,pre2020,11,13.422222222222224,Probable,Limited,Shoulder,other,0,2,12.0,0.29508196721311475,4,0
2014,MIA,MillLa01,Lamar Miller,RB,23.353867214236825,pre2020,12,13.26,Questionable,Limited,Shoulder,other,0,3,12.0,1.0851063829787235,10,0
2014,MIA,MillLa01,Lamar Miller,RB,23.353867214236825,pre2020,13,12.754545454545456,Probable,Full,Knee,knee,0,4,12.0,1.638655462184874,8,0
2014,MIA,MoreKn00,Knowshon Moreno,RB,27.129363449691994,pre2020,1,18.5375,None,Full,Knee,knee,0,1,,,7,0
2014,MIA,MoreKn00,Knowshon Moreno,RB,27.129363449691994,pre2020,2,18.753125,Probable,Limited,Shoulder,other,0,2,24.0,,7,0
2014,MIA,MoreKn00,Knowshon Moreno,RB,27.129363449691994,pre2020,3,14.21875,Out,DNP,Arm / Elbow,other,0,3,12.5,0.04918032786885246,7,1
2014,MIA,MoreKn00,Knowshon Moreno,RB,27.129363449691994,pre2020,4,14.21875,Out,DNP,Arm / Elbow,other,1,4,12.5,0.04918032786885246,7,1
2014,MIA,MoreKn00,Knowshon Moreno,RB,27.129363449691994,pre2020,6,14.21875,Probable,Limited,Arm / Elbow,other,1,5,12.5,0.04918032786885246,14,0
2014,MIA,TannRy00,Ryan Tannehill,QB,26.09719370294319,pre2020,12,17.286,Probable,Limited,Shoulder,other,0,2,38.666666666666664,1.079136690647482,10,0
2014,MIA,TannRy00,Ryan Tannehill,QB,26.09719370294319,pre2020,13,18.134545454545453,None,Full,Shoulder,other,0,3,39.333333333333336,1.079136690647482,8,0
2014,MIA,WallMi00,Mike Wallace,WR,28.084873374401095,pre2020,2,14.117187500000002,Probable,Limited,Hamstring,soft_tissue,0,1,11.0,,7,0
2014,MIA,WallMi00,Mike Wallace,WR,28.084873374401095,pre2020,4,15.439062499999999,Probable,Limited,Hamstring,soft_tissue,0,1,10.666666666666666,1.1267605633802817,7,0
2014,MIA,WallMi00,Mike Wallace,WR,28.084873374401095,pre2020,6,15.450000000000001,Probable,Limited,Foot / Toe,ankle_foot,0,2,8.666666666666666,0.6351351351351352,14,0
2014,MIA,WallMi00,Mike Wallace,WR,28.084873374401095,pre2020,12,13.530000000000001,Probable,Limited,Lower Leg,soft_tissue,0,1,7.666666666666667,0.935897435897436,10,0
2014,MIA,WallMi00,Mike Wallace,WR,28.084873374401095,pre2020,13,13.52727272727273,Probable,Limited,Chest / Ribs,other,0,2,6.666666666666667,0.961038961038961,8,0
2014,MIA,WallMi00,Mike Wallace,WR,28.084873374401095,pre2020,14,13.475,Probable,Limited,Chest / Ribs,other,0,3,7.666666666666667,1.1923076923076925,6,0
2014,MIA,WallMi00,Mike Wallace,WR,28.084873374401095,pre2020,17,14.186666666666667,Probable,Full,Back,other,0,1,5.666666666666667,1.0766129032258063,7,0
2014,MIN,AsiaMa00,Matt Asiata,RB,27.107460643394933,pre2020,6,13.64,Probable,Full,Hip / Groin,soft_tissue,0,1,20.0,0.8527918781725888,10,0
2014,MIN,AsiaMa00,Matt Asiata,RB,27.107460643394933,pre2020,12,11.6,Out,DNP,Head / Concussion,concussion,0,1,10.0,0.9923076923076922,7,1
2014,MIN,AsiaMa00,Matt Asiata,RB,27.107460643394933,pre2020,13,11.6,Probable,Full,Head / Concussion,concussion,1,2,10.0,0.9923076923076922,7,0
2014,MIN,AsiaMa00,Matt Asiata,RB,27.107460643394933,pre2020,16,12.053846153846154,Probable,Full,Foot / Toe,ankle_foot,0,1,19.666666666666668,0.9948979591836735,7,0
2014,MIN,AsiaMa00,Matt Asiata,RB,27.107460643394933,pre2020,17,12.957142857142857,Probable,Full,Foot / Toe,ankle_foot,0,2,20.333333333333332,1.018348623853211,7,0
2014,MIN,PattCo00,Cordarrelle Patterson,WR,23.460643394934976,pre2020,3,12.903125,Probable,Full,Chest / Ribs,other,0,1,7.5,1.1973684210526316,7,0
2014,MIN,TateBe00,Ben Tate,RB,26.028747433264886,pre2020,7,11.86607142857143,Probable,Full,Hand / Wrist,other,1,3,,,7,1
2014,NE,BradTo00,Tom Brady,QB,37.07871321013005,pre2020,9,18.195,Probable,Full,Ankle,ankle_foot,0,4,38.333333333333336,0.9191919191919193,7,0
2014,NE,BradTo00,Tom Brady,QB,37.07871321013005,pre2020,11,19.253333333333334,Probable,Full,Ankle,ankle_foot,0,5,43.0,1.0309278350515463,14,0
2014,NE,BradTo00,Tom Brady,QB,37.07871321013005,pre2020,12,18.735999999999997,Probable,Full,Ankle,ankle_foot,0,6,41.333333333333336,0.9381443298969072,7,0
2014,NE,BradTo00,Tom Brady,QB,37.07871321013005,pre2020,13,18.847272727272728,Probable,Full,Ankle,ankle_foot,0,7,46.666666666666664,1.0638297872340425,7,0
2014,NE,BradTo00,Tom Brady,QB,37.07871321013005,pre2020,14,18.751666666666665,Probable,Full,Ankle,ankle_foot,0,8,40.333333333333336,1.0309278350515463,7,0
2014,NE,BradTo00,Tom Brady,QB,37.07871321013005,pre2020,15,18.8,Probable,Full,Ankle,ankle_foot,0,9,45.666666666666664,1.0309278350515463,7,0
2014,NE,BradTo00,Tom Brady,QB,37.07871321013005,pre2020,16,18.834285714285716,Probable,Full,Ankle,ankle_foot,0,10,40.666666666666664,0.92,7,0
2014,NE,BradTo00,Tom Brady,QB,37.07871321013005,pre2020,17,18.264,Probable,Full,Ankle,ankle_foot,0,11,42.666666666666664,1.0273972602739727,7,0
2014,NE,EdelJu00,Julian Edelman,WR,28.279260780287473,pre2020,3,17.515625,Probable,Limited,Back,other,0,1,9.0,0.7938144329896908,7,0
2014,NE,EdelJu00,Julian Edelman,WR,28.279260780287473,pre2020,12,14.6,Probable,Limited,Quad / Thigh,soft_tissue,0,1,8.0,0.5532786885245902,7,0
2014,NE,EdelJu00,Julian Edelman,WR,28.279260780287473,pre2020,13,15.081818181818182,Probable,Full,Quad / Thigh,soft_tissue,0,2,11.666666666666666,1.268041237113402,7,0
2014,NE,EdelJu00,Julian Edelman,WR,28.279260780287473,pre2020,14,14.808333333333332,Questionable,Limited,Quad / Thigh,soft_tissue,0,3,11.666666666666666,0.9815668202764978,7,0
2014,NE,EdelJu00,Julian Edelman,WR,28.279260780287473,pre2020,15,15.86153846153846,Questionable,Limited,Quad / Thigh,soft_tissue,0,4,12.666666666666666,1.121212121212121,7,0
2014,NE,EdelJu00,Julian Edelman,WR,28.279260780287473,pre2020,16,16.32857142857143,Questionable,Limited,Quad / Thigh,soft_tissue,0,5,11.333333333333334,1.1629955947136568,7,1
2014,NE,EdelJu00,Julian Edelman,WR,28.279260780287473,pre2020,17,16.32857142857143,Questionable,Limited,Quad / Thigh,soft_tissue,1,6,11.333333333333334,1.1629955947136568,7,1
2014,NE,GronRo00,Rob Gronkowski,TE,25.300479123887747,pre2020,1,17.45714285714286,Questionable,Limited,Knee,knee,0,1,,,7,0
2014,NE,GronRo00,Rob Gronkowski,TE,25.300479123887747,pre2020,2,16.592857142857145,Probable,Limited,Knee,knee,0,2,11.0,,7,0
2014,NE,GronRo00,Rob Gronkowski,TE,25.300479123887747,pre2020,3,14.028571428571428,Probable,Limited,Knee,knee,0,3,8.5,0.9545454545454545,7,0
2014,NE,GronRo00,Rob Gronkowski,TE,25.300479123887747,pre2020,4,13.014285714285716,Probable,Limited,Knee,knee,0,4,7.666666666666667,1.372093023255814,8,0
2014,NE,GronRo00,Rob Gronkowski,TE,25.300479123887747,pre2020,5,11.425,Probable,Full,Knee,knee,0,5,5.0,1.282758620689655,6,0
2014,NE,LaFeBr00,Brandon LaFell,WR,27.824777549623544,pre2020,13,13.218181818181819,Questionable,Limited,Shoulder,other,0,1,9.666666666666666,1.0232558139534884,7,0
2014,NE,LaFeBr00,Brandon LaFell,WR,27.824777549623544,pre2020,14,13.85,Questionable,Limited,Shoulder,other,0,2,7.666666666666667,1.0754716981132075,7,0
2014,NE,LaFeBr00,Brandon LaFell,WR,27.824777549623544,pre2020,15,13.253846153846155,Questionable,Limited,Shoulder,other,0,3,9.333333333333334,1.051660516605166,7,0
2014,NE,LaFeBr00,Brandon LaFell,WR,27.824777549623544,pre2020,16,13.207142857142857,Questionable,Limited,Shoulder,other,0,4,8.0,0.8956834532374099,7,0
2014,NE,LaFeBr00,Brandon LaFell,WR,27.824777549623544,pre2020,17,13.22,Questionable,Limited,Shoulder,other,0,5,9.0,0.978021978021978,7,0
2014,NE,VereSh00,Shane Vereen,RB,25.50034223134839,pre2020,3,13.93125,Questionable,Limited,Shoulder,other,0,1,11.0,0.4084507042253521,7,0
2014,NE,VereSh00,Shane Vereen,RB,25.50034223134839,pre2020,13,12.390909090909092,Questionable,Limited,Ankle,ankle_foot,0,1,14.333333333333334,1.6153846153846156,7,0
2014,NE,VereSh00,Shane Vereen,RB,25.50034223134839,pre2020,14,11.708333333333334,Questionable,Limited,Ankle,ankle_foot,0,2,9.0,0.8813559322033899,7,0
2014,NE,VereSh00,Shane Vereen,RB,25.50034223134839,pre2020,15,11.276923076923076,Questionable,Limited,Ankle,ankle_foot,0,3,9.0,0.8709677419354838,7,0
2014,NO,GrahJi00,Jimmy Graham,TE,27.770020533880903,pre2020,7,17.52,Questionable,Limited,Shoulder,other,0,1,7.666666666666667,0.23622047244094488,14,0
2014,NO,GrahJi00,Jimmy Graham,TE,27.770020533880903,pre2020,8,14.6,Questionable,Limited,Shoulder,other,0,2,5.666666666666667,0.634020618556701,7,0
2014,NO,GrahJi00,Jimmy Graham,TE,27.770020533880903,pre2020,9,14.928571428571429,Questionable,Limited,Shoulder,other,0,3,4.333333333333333,1.282758620689655,4,0
2014,NO,GrahJi00,Jimmy Graham,TE,27.770020533880903,pre2020,10,15.725,Probable,Full,Shoulder,other,0,4,5.0,1.6585365853658538,10,0
2014,NO,IngrMa01,Mark Ingram,RB,24.695414099931554,pre2020,3,12.279545454545454,Out,DNP,Hand / Wrist,other,0,1,14.5,1.074074074074074,7,1
2014,NO,IngrMa01,Mark Ingram,RB,24.695414099931554,pre2020,4,12.279545454545454,Out,DNP,Hand / Wrist,other,1,2,14.5,1.074074074074074,7,1
2014,NO,IngrMa01,Mark Ingram,RB,24.695414099931554,pre2020,5,12.279545454545454,Out,DNP,Hand / Wrist,other,1,3,14.5,1.074074074074074,7,1
2014,NO,IngrMa01,Mark Ingram,RB,24.695414099931554,pre2020,7,12.279545454545454,Probable,Full,Hand / Wrist,other,1,4,14.5,1.074074074074074,14,0
2014,NO,IngrMa01,Mark Ingram,RB,24.695414099931554,pre2020,10,18.380000000000003,Questionable,Limited,Shoulder,other,0,1,23.666666666666668,1.3943661971830987,10,0
2014,NO,IngrMa01,Mark Ingram,RB,24.695414099931554,pre2020,11,18.133333333333333,Probable,Limited,Shoulder,other,0,2,30.0,0.988826815642458,7,0
2014,NO,IngrMa01,Mark Ingram,RB,24.695414099931554,pre2020,12,17.928571428571427,Probable,Full,Shoulder,other,0,3,31.333333333333332,1.102941176470588,8,0
2014,NO,IngrMa01,Mark Ingram,RB,24.695414099931554,pre2020,13,16.4625,None,Full,Shoulder,other,0,4,25.0,0.5100000000000001,6,0
2014,NO,IngrMa01,Mark Ingram,RB,24.695414099931554,pre2020,14,16.200000000000003,Probable,Limited,Ankle,ankle_foot,0,5,22.666666666666668,1.25,7,0
2014,NO,ThomPi00,Pierre Thomas,RB,29.702943189596166,pre2020,8,12.950000000000001,Out,DNP,Chest / Ribs,other,0,2,9.333333333333334,0.907563025210084,7,1
2014,NO,ThomPi00,Pierre Thomas,RB,29.702943189596166,pre2020,9,12.950000000000001,Out,DNP,Chest / Ribs,other,1,3,9.333333333333334,0.907563025210084,4,1
2014,NO,ThomPi00,Pierre Thomas,RB,29.702943189596166,pre2020,10,12.950000000000001,Out,DNP,Chest / Ribs,other,1,4,9.333333333333334,0.907563025210084,10,1
2014,NO,ThomPi00,Pierre Thomas,RB,29.702943189596166,pre2020,11,12.950000000000001,Out,DNP,Chest / Ribs,other,1,5,9.333333333333334,0.907563025210084,7,1
2014,NO,ThomPi00,Pierre Thomas,RB,29.702943189596166,pre2020,12,12.950000000000001,Probable,Limited,Chest / Ribs,other,1,6,9.333333333333334,0.907563025210084,8,0
2014,NO,ThomPi00,Pierre Thomas,RB,29.702943189596166,pre2020,13,12.757142857142858,Probable,Full,Chest / Ribs,other,0,7,12.333333333333334,1.5,6,0
2014,NYG,BeckOd00,Odell Beckham Jr.,WR,21.82067077344285,pre2020,13,19.157142857142855,Probable,Full,Back,other,0,1,11.666666666666666,0.9222972972972973,7,0
2014,NYG,JennRa00,Rashad Jennings,RB,29.43463381245722,pre2020,6,14.3,Out,DNP,Knee,knee,0,1,20.333333333333332,0.5,7,1
2014,NYG,JennRa00,Rashad Jennings,RB,29.43463381245722,pre2020,7,14.3,Out,Unknown,Knee,knee,1,2,20.333333333333332,0.5,7,1
2014,NYG,JennRa00,Rashad Jennings,RB,29.43463381245722,pre2020,9,14.3,Out,DNP,Knee,knee,1,3,20.333333333333332,0.5,15,1
2014,NYG,JennRa00,Rashad Jennings,RB,29.43463381245722,pre2020,10,14.3,Doubtful,Limited,Knee,knee,1,4,20.333333333333332,0.5,6,1
2014,NYG,JennRa00,Rashad Jennings,RB,29.43463381245722,pre2020,11,14.3,Probable,Limited,Knee,knee,1,5,20.333333333333332,0.5,7,0
2014,NYG,JennRa00,Rashad Jennings,RB,29.43463381245722,pre2020,14,15.825,Questionable,Limited,Ankle,ankle_foot,0,1,28.333333333333332,1.0666666666666667,7,0
2014,NYG,JennRa00,Rashad Jennings,RB,29.43463381245722,pre2020,16,13.01,Out,DNP,Ankle,ankle_foot,0,1,11.666666666666666,0.04081632653061225,7,1
2014,NYG,JennRa00,Rashad Jennings,RB,29.43463381245722,pre2020,17,13.01,Probable,Limited,Ankle,ankle_foot,1,2,11.666666666666666,0.04081632653061225,7,0
2014,NYJ,DeckEr00,Eric Decker,WR,27.46611909650924,pre2020,3,15.918750000000001,Questionable,Limited,Hamstring,soft_tissue,0,1,7.0,0.6666666666666666,8,0
2014,NYJ,DeckEr00,Eric Decker,WR,27.46611909650924,pre2020,7,12.76,Probable,Full,Hamstring,soft_tissue,0,5,7.0,1.6898734177215189,4,0
2014,NYJ,DeckEr00,Eric Decker,WR,27.46611909650924,pre2020,13,12.23,Probable,Full,Foot / Toe,ankle_foot,0,1,8.0,0.924901185770751,7,0
2014,NYJ,JohnCh04,Chris Johnson,RB,28.93908281998631,pre2020,3,13.30625,Probable,Full,Ankle,ankle_foot,0,1,16.5,0.8085106382978724,8,0
2014,PHI,CoopRi00,Riley Cooper,WR,26.978781656399725,pre2020,1,11.51875,Probable,Full,Ankle,ankle_foot,0,1,,,7,0
2014,PHI,MaclJe00,Jeremy Maclin,WR,26.308008213552363,pre2020,5,18.325,Probable,Full,Hamstring,soft_tissue,0,1,12.0,1.0594795539033457,7,0
2014,PHI,MattJo00,Jordan Matthews,WR,22.127310061601644,pre2020,4,11.433333333333332,Probable,Full,Core / Abdomen,other,0,1,5.666666666666667,1.086206896551724,7,0
2014,PHI,MattJo00,Jordan Matthews,WR,22.127310061601644,pre2020,12,13.580000000000002,Probable,Full,Knee,knee,0,1,7.0,1.2944162436548223,7,0
2014,PHI,MattJo00,Jordan Matthews,WR,22.127310061601644,pre2020,13,13.590909090909092,Probable,Full,Knee,knee,0,2,8.333333333333334,0.9764150943396226,4,0
2014,PHI,MattJo00,Jordan Matthews,WR,22.127310061601644,pre2020,16,12.064285714285715,Probable,Full,Knee,knee,0,1,3.6666666666666665,1.1943127962085305,6,0
2014,PHI,MattJo00,Jordan Matthews,WR,22.127310061601644,pre2020,17,11.846666666666666,Probable,Full,Knee,knee,0,2,3.6666666666666665,0.6902654867256638,8,0
2014,PHI,SproDa00,Darren Sproles,RB,31.200547570157426,pre2020,8,13.15,Questionable,Full,Knee,knee,0,1,7.666666666666667,1.1927710843373494,14,1
2014,PHI,SproDa00,Darren Sproles,RB,31.200547570157426,pre2020,9,13.15,Probable,Full,Knee,knee,1,2,7.666666666666667,1.1927710843373494,7,0
2014,SD,AlleKe00,Keenan Allen,WR,22.34633812457221,pre2020,1,14.773333333333333,Probable,Full,Chest / Ribs,other,0,1,,,7,0
2014,SD,AlleKe00,Keenan Allen,WR,22.34633812457221,pre2020,2,13.254999999999999,Probable,Full,Chest / Ribs,other,0,2,9.0,,6,0
2014,SD,AlleKe00,Keenan Allen,WR,22.34633812457221,pre2020,16,12.664285714285715,Out,DNP,Shoulder,other,0,1,8.666666666666666,0.29,6,1
2014,SD,AlleKe00,Keenan Allen,WR,22.34633812457221,pre2020,17,12.664285714285715,Doubtful,DNP,Ankle,ankle_foot,1,2,8.666666666666666,0.29,8,1
2014,SD,GateAn00,Antonio Gates,TE,34.20396988364134,pre2020,1,11.5125,Questionable,Limited,Hamstring,soft_tissue,0,1,,,7,0
2014,SD,GateAn00,Antonio Gates,TE,34.20396988364134,pre2020,2,12.159374999999999,Probable,Full,Hamstring,soft_tissue,0,2,10.0,,6,0
2014,SD,GateAn00,Antonio Gates,TE,34.20396988364134,pre2020,3,17.93125,Probable,Full,Hamstring,soft_tissue,0,3,8.5,0.5882352941176471,7,0
2014,SD,GateAn00,Antonio Gates,TE,34.20396988364134,pre2020,4,15.503125,Probable,Full,Hamstring,soft_tissue,0,4,6.0,0.9481481481481481,7,0
2014,SD,MathRy00,Ryan Mathews,RB,26.89390828199863,pre2020,3,12.0,Out,DNP,Knee,knee,0,1,13.5,0.736842105263158,7,1
2014,SD,MathRy00,Ryan Mathews,RB,26.89390828199863,pre2020,4,12.0,Out,DNP,Knee,knee,1,2,13.5,0.736842105263158,7,1
2014,SD,MathRy00,Ryan Mathews,RB,26.89390828199863,pre2020,5,12.0,Out,DNP,Knee,knee,1,3,13.5,0.736842105263158,7,1
2014,SD,MathRy00,Ryan Mathews,RB,26.89390828199863,pre2020,6,12.0,Out,DNP,Knee,knee,1,4,13.5,0.736842105263158,7,1
2014,SD,MathRy00,Ryan Mathews,RB,26.89390828199863,pre2020,7,12.0,Out,DNP,Knee,knee,1,5,13.5,0.736842105263158,7,1
2014,SD,MathRy00,Ryan Mathews,RB,26.89390828199863,pre2020,8,12.0,Out,DNP,Knee,knee,1,6,13.5,0.736842105263158,4,1
2014,SD,MathRy00,Ryan Mathews,RB,26.89390828199863,pre2020,9,12.0,Out,Limited,Knee,knee,1,7,13.5,0.736842105263158,10,1
2014,SD,MathRy00,Ryan Mathews,RB,26.89390828199863,pre2020,11,12.0,Probable,Full,Knee,knee,1,8,13.5,0.736842105263158,14,0
2014,SD,MathRy00,Ryan Mathews,RB,26.89390828199863,pre2020,13,12.375,Probable,Full,Shoulder,other,0,1,14.666666666666666,1.2110091743119267,7,0
2014,SD,MathRy00,Ryan Mathews,RB,26.89390828199863,pre2020,15,11.15,Questionable,DNP,Ankle,ankle_foot,0,1,13.333333333333334,1.1221374045801527,7,1
2014,SD,MathRy00,Ryan Mathews,RB,26.89390828199863,pre2020,16,11.15,Out,DNP,Ankle,ankle_foot,1,2,13.333333333333334,1.1221374045801527,6,1
2014,SD,MathRy00,Ryan Mathews,RB,26.89390828199863,pre2020,17,11.15,Out,DNP,Ankle,ankle_foot,1,3,13.333333333333334,1.1221374045801527,8,1
2014,SD,RivePh00,Philip Rivers,QB,32.73100616016427,pre2020,12,17.485999999999997,Probable,Full,Chest / Ribs,other,0,1,33.666666666666664,1.090909090909091,7,0
2014,SD,RivePh00,Philip Rivers,QB,32.73100616016427,pre2020,14,17.968333333333334,Probable,Full,Chest / Ribs,other,0,1,40.666666666666664,1.090909090909091,7,0
2014,SD,RivePh00,Philip Rivers,QB,32.73100616016427,pre2020,15,17.38307692307692,Probable,Full,Chest / Ribs,other,0,2,41.0,1.0,7,0
2014,SD,RoyaEd00,Eddie Royal,WR,28.281998631074607,pre2020,7,14.066666666666668,Probable,Full,Arm / Elbow,other,0,1,4.0,0.39,7,0
2014,SEA,LyncMa00,Marshawn Lynch,RB,28.361396303901437,pre2020,3,19.028125000000003,Probable,Full,Back,other,0,1,15.5,0.9375,7,0
2014,SEA,LyncMa00,Marshawn Lynch,RB,28.361396303901437,pre2020,10,18.4,Probable,Full,Lower Leg,soft_tissue,0,7,21.333333333333332,1.0285714285714285,7,0
2014,SEA,LyncMa00,Marshawn Lynch,RB,28.361396303901437,pre2020,11,20.944444444444443,Questionable,Full,Lower Leg,soft_tissue,0,8,22.0,0.943661971830986,7,0
2014,SEA,LyncMa00,Marshawn Lynch,RB,28.361396303901437,pre2020,12,20.2,Probable,Full,Back,other,0,9,25.0,1.0829268292682928,7,0
2014,SEA,LyncMa00,Marshawn Lynch,RB,28.361396303901437,pre2020,13,19.38181818181818,Probable,Full,Back,other,0,10,22.666666666666668,1.0140845070422535,4,0
2014,SEA,LyncMa00,Marshawn Lynch,RB,28.361396303901437,pre2020,14,18.775000000000002,Probable,Full,Back,other,0,11,22.333333333333332,0.9718309859154929,10,0
2014,SEA,LyncMa00,Marshawn Lynch,RB,28.361396303901437,pre2020,15,18.892307692307693,Probable,Limited,Back,other,0,12,22.666666666666668,0.9627906976744185,7,0
2014,SEA,LyncMa00,Marshawn Lynch,RB,28.361396303901437,pre2020,16,18.74285714285714,Probable,Full,Back,other,0,13,24.0,1.0571428571428574,7,0
2014,SEA,LyncMa00,Marshawn Lynch,RB,28.361396303901437,pre2020,17,19.046666666666667,Probable,Full,Back,other,0,14,20.333333333333332,0.5094339622641509,7,0
2014,SF,CrabMi00,Michael Crabtree,WR,26.965092402464066,pre2020,4,16.7,Probable,Full,Quad / Thigh,soft_tissue,0,1,8.333333333333334,1.1946308724832215,7,0
2014,SF,CrabMi00,Michael Crabtree,WR,26.965092402464066,pre2020,5,14.850000000000001,Probable,Full,Foot / Toe,ankle_foot,0,2,9.666666666666666,0.7184873949579831,7,0
2014,SF,DaviVe00,Vernon Davis,TE,30.584531143052704,pre2020,3,13.924999999999999,Questionable,DNP,Ankle,ankle_foot,0,1,4.5,0.7959183673469388,7,1
2014,SF,DaviVe00,Vernon Davis,TE,30.584531143052704,pre2020,4,13.924999999999999,Questionable,Limited,Ankle,ankle_foot,1,2,4.5,0.7959183673469388,7,0
2014,SF,GoreFr00,Frank Gore,RB,31.301848049281315,pre2020,5,11.875,Probable,Full,Back,other,0,2,15.666666666666666,1.1151832460732984,7,0
2014,TEN,WalkHu00,Delanie Walker,TE,30.053388090349078,pre2020,4,15.626666666666665,Questionable,Limited,Shoulder,other,0,1,8.333333333333334,0.779874213836478,7,0
2014,TEN,WalkHu00,Delanie Walker,TE,30.053388090349078,pre2020,5,17.925,Probable,Full,Shoulder,other,0,2,9.333333333333334,1.0452488687782806,7,0
2014,TEN,WalkHu00,Delanie Walker,TE,30.053388090349078,pre2020,6,16.080000000000002,Probable,Full,Shoulder,other,0,3,6.0,1.1538461538461537,7,0
2014,TEN,WalkHu00,Delanie Walker,TE,30.053388090349078,pre2020,11,12.577777777777778,Questionable,Limited,Head / Concussion,concussion,0,1,6.333333333333333,0.5824175824175825,8,1
2014,TEN,WalkHu00,Delanie Walker,TE,30.053388090349078,pre2020,12,12.577777777777778,Probable,Full,Head / Concussion,concussion,1,2,6.333333333333333,0.5824175824175825,6,0
2014,TEN,WalkHu00,Delanie Walker,TE,30.053388090349078,pre2020,16,11.946153846153846,Questionable,Limited,Knee,knee,0,1,6.0,1.058139534883721,4,0
2014,TEN,WrigKe01,Kendall Wright,WR,24.802190280629706,pre2020,14,12.225000000000001,Questionable,DNP,Hand / Wrist,other,0,1,7.666666666666667,1.1459227467811157,7,1
2014,TEN,WrigKe01,Kendall Wright,WR,24.802190280629706,pre2020,15,12.225000000000001,Questionable,DNP,Hand / Wrist,other,1,2,7.666666666666667,1.1459227467811157,7,1
2014,TEN,WrigKe01,Kendall Wright,WR,24.802190280629706,pre2020,16,12.225000000000001,Questionable,Limited,Hand / Wrist,other,1,3,7.666666666666667,1.1459227467811157,4,0
2014,WAS,JackDe00,DeSean Jackson,WR,27.750855578370977,pre2020,3,12.46875,Questionable,Limited,Shoulder,other,0,1,6.0,0.15217391304347827,7,0
2014,WAS,JackDe00,DeSean Jackson,WR,27.750855578370977,pre2020,4,13.934375000000001,Questionable,Limited,Shoulder,other,0,2,7.666666666666667,1.4339622641509433,4,0
2014,WAS,JackDe00,DeSean Jackson,WR,27.750855578370977,pre2020,14,14.25,Questionable,DNP,Lower Leg,soft_tissue,0,1,6.0,0.8081632653061224,7,1
2014,WAS,JackDe00,DeSean Jackson,WR,27.750855578370977,pre2020,15,14.25,Questionable,Limited,Lower Leg,soft_tissue,1,2,6.0,0.8081632653061224,7,0
2014,WAS,MorrAl00,Alfred Morris,RB,25.71937029431896,pre2020,4,12.110937500000002,Probable,Full,Knee,knee,0,1,19.666666666666668,1.1607142857142856,4,0
2014,WAS,PaulNi00,Niles Paul,TE,25.062286105407257,pre2020,5,14.075,Questionable,Full,Head / Concussion,concussion,0,1,8.0,0.5816326530612245,11,0
2014,WAS,ReedJo02,Jordan Reed,TE,24.164271047227928,pre2020,1,12.744444444444445,Questionable,Full,Hand / Wrist,other,0,1,,,7,0
2015,ARI,BrowJo02,John Brown,WR,25.412731006160165,pre2020,6,13.280000000000001,Probable,Limited,Hamstring,soft_tissue,0,1,6.666666666666667,0.6923076923076923,7,0
2015,ARI,BrowJo02,John Brown,WR,25.412731006160165,pre2020,7,15.666666666666666,Questionable,Limited,Hamstring,soft_tissue,0,2,9.666666666666666,1.2328767123287672,8,0
2015,ARI,BrowJo02,John Brown,WR,25.412731006160165,pre2020,8,15.785714285714286,Questionable,Limited,Hamstring,soft_tissue,0,3,8.0,1.0292887029288702,6,1
2015,ARI,BrowJo02,John Brown,WR,25.412731006160165,pre2020,10,15.785714285714286,Questionable,Limited,Hamstring,soft_tissue,1,4,8.0,1.0292887029288702,14,0
2015,ARI,BrowJo02,John Brown,WR,25.412731006160165,pre2020,11,13.8125,Questionable,Limited,Hamstring,soft_tissue,0,5,7.666666666666667,0.8646288209606987,7,0
2015,ARI,BrowJo02,John Brown,WR,25.412731006160165,pre2020,12,13.855555555555556,Probable,Limited,Hamstring,soft_tissue,0,6,4.666666666666667,1.096638655462185,7,0
2015,ARI,BrowJo02,John Brown,WR,25.412731006160165,pre2020,13,13.959999999999999,Probable,Limited,Hamstring,soft_tissue,0,7,5.0,1.0340425531914894,7,0
2015,ARI,BrowJo02,John Brown,WR,25.412731006160165,pre2020,14,14.263636363636364,Probable,Full,Hamstring,soft_tissue,0,8,6.666666666666667,0.9871794871794873,4,0
2015,ARI,ElliAn00,Andre Ellington,RB,26.573579739904176,pre2020,2,14.24375,Out,DNP,Knee,knee,0,1,15.0,,7,1
2015,ARI,ElliAn00,Andre Ellington,RB,26.573579739904176,pre2020,3,14.24375,Doubtful,Limited,Knee,knee,1,2,15.0,,7,1
2015,ARI,ElliAn00,Andre Ellington,RB,26.573579739904176,pre2020,4,14.24375,Questionable,Limited,Knee,knee,1,3,15.0,,7,1
2015,ARI,ElliAn00,Andre Ellington,RB,26.573579739904176,pre2020,5,14.24375,Probable,Full,Knee,knee,1,4,15.0,,7,0
2015,ARI,FitzLa00,Larry Fitzgerald,WR,32.002737850787135,pre2020,10,20.450000000000003,Probable,Full,Ankle,ankle_foot,0,1,8.666666666666666,1.0795454545454546,14,0
2015,ARI,FitzLa00,Larry Fitzgerald,WR,32.002737850787135,pre2020,11,20.733333333333334,Probable,Full,Ankle,ankle_foot,0,2,10.0,0.9752650176678446,7,0
2015,ARI,FitzLa00,Larry Fitzgerald,WR,32.002737850787135,pre2020,12,20.360000000000003,Probable,Full,Ankle,ankle_foot,0,3,12.666666666666666,1.0319148936170213,7,0
2015,ARI,FitzLa00,Larry Fitzgerald,WR,32.002737850787135,pre2020,13,20.01818181818182,Probable,Full,Ankle,ankle_foot,0,4,13.666666666666666,0.9507042253521127,7,0
2015,ARI,FitzLa00,Larry Fitzgerald,WR,32.002737850787135,pre2020,14,19.475,Probable,Full,Ankle,ankle_foot,0,5,12.666666666666666,0.9247311827956989,4,0
2015,ARI,FitzLa00,Larry Fitzgerald,WR,32.002737850787135,pre2020,15,18.676923076923078,Probable,Full,Ankle,ankle_foot,0,6,10.333333333333334,1.065934065934066,10,0
2015,ARI,FitzLa00,Larry Fitzgerald,WR,32.002737850787135,pre2020,17,17.533333333333335,Probable,Full,Ankle,ankle_foot,0,1,5.333333333333333,0.8669201520912548,7,0
2015,ARI,PalmCa00,Carson Palmer,QB,35.67967145790554,pre2020,16,20.391428571428573,Probable,Limited,Hand / Wrist,other,0,1,36.666666666666664,0.9687500000000001,7,0
2015,ARI,PalmCa00,Carson Palmer,QB,35.67967145790554,pre2020,17,20.138666666666666,Probable,Limited,Hand / Wrist,other,0,2,32.333333333333336,0.8829787234042552,7,0
2015,ATL,FreeDe00,Devonta Freeman,RB,23.463381245722108,pre2020,4,17.8390625,Probable,Full,Foot / Toe,ankle_foot,0,1,23.0,1.6761904761904762,7,0
2015,ATL,FreeDe00,Devonta Freeman,RB,23.463381245722108,pre2020,6,27.3,Probable,Full,Foot / Toe,ankle_foot,0,1,30.0,1.1915887850467288,4,0
2015,ATL,FreeDe00,Devonta Freeman,RB,23.463381245722108,pre2020,12,23.240000000000002,Out,DNP,Head / Concussion,concussion,0,1,18.0,0.09375,7,1
2015,ATL,FreeDe00,Devonta Freeman,RB,23.463381245722108,pre2020,13,23.240000000000002,Probable,Full,Head / Concussion,concussion,1,2,18.0,0.09375,7,0
2015,ATL,FreeDe00,Devonta Freeman,RB,23.463381245722108,pre2020,17,21.5,Probable,Full,Knee,knee,0,1,26.333333333333332,1.175115207373272,7,0
2015,ATL,HankLe00,Leonard Hankerson,WR,26.584531143052704,pre2020,5,13.275,Probable,Full,Hand / Wrist,other,0,1,8.333333333333334,1.0251256281407035,7,0
2015,ATL,JoneJu02,Julio Jones,WR,26.559890485968516,pre2020,2,23.645000000000003,Probable,Full,Hamstring,soft_tissue,0,1,11.0,,6,0
2015,ATL,JoneJu02,Julio Jones,WR,26.559890485968516,pre2020,3,25.313333333333333,Probable,Full,Hamstring,soft_tissue,0,2,13.0,1.0789473684210527,7,0
2015,ATL,JoneJu02,Julio Jones,WR,26.559890485968516,pre2020,4,30.456666666666667,Probable,Full,Foot / Toe,ankle_foot,0,3,15.333333333333334,1.0253164556962024,7,0
2015,ATL,JoneJu02,Julio Jones,WR,26.559890485968516,pre2020,5,27.450000000000003,Questionable,Limited,Foot / Toe,ankle_foot,0,4,13.666666666666666,0.6903765690376569,7,0
2015,ATL,JoneJu02,Julio Jones,WR,26.559890485968516,pre2020,6,24.3,Probable,Limited,Foot / Toe,ankle_foot,0,5,12.0,1.2522935779816515,4,0
2015,ATL,JoneJu02,Julio Jones,WR,26.559890485968516,pre2020,14,22.483333333333334,Probable,Full,Knee,knee,0,1,13.0,1.0,7,0
2015,ATL,WhitRo00,Roddy White,WR,33.828884325804246,pre2020,1,15.15,Probable,Full,Arm / Elbow,other,0,1,,,7,0
2015,BAL,ForsJu00,Justin Forsett,RB,29.880903490759753,pre2020,2,13.973437500000001,Probable,Full,Shoulder,other,0,1,21.0,,7,0
2015,BAL,ForsJu00,Justin Forsett,RB,29.880903490759753,pre2020,6,14.1,Questionable,Limited,Ankle,ankle_foot,0,1,23.666666666666668,1.0857142857142856,7,0
2015,BAL,ForsJu00,Justin Forsett,RB,29.880903490759753,pre2020,12,12.24,None,Unknown,Arm / Elbow,other,0,1,13.333333333333334,0.10619469026548674,8,1
2015,BAL,SmitSt01,Steve Smith Sr.,WR,36.3066392881588,pre2020,5,19.575,Doubtful,DNP,Back,other,0,1,13.333333333333334,0.5546218487394958,10,1
2015,BAL,SmitSt01,Steve Smith Sr.,WR,36.3066392881588,pre2020,6,19.575,Questionable,Limited,Back,other,1,2,13.333333333333334,0.5546218487394958,7,0
2015,BAL,SmitSt01,Steve Smith Sr.,WR,36.3066392881588,pre2020,8,19.633333333333333,Probable,Full,Knee,knee,0,1,8.666666666666666,1.1363636363636362,6,0
2015,BUF,ClayCh00,Charles Clay,TE,26.546201232032853,pre2020,5,14.625000000000002,Probable,Limited,Lower Leg,soft_tissue,0,1,8.333333333333334,1.0359712230215827,7,0
2015,BUF,ClayCh00,Charles Clay,TE,26.546201232032853,pre2020,6,12.040000000000003,Probable,Limited,Lower Leg,soft_tissue,0,2,7.666666666666667,0.978494623655914,7,0
2015,BUF,HankLe00,Leonard Hankerson,WR,26.584531143052704,pre2020,5,13.275,Probable,Full,Hand / Wrist,other,1,1,,,7,1
2015,BUF,HarvPe00,Percy Harvin,WR,27.260780287474333,pre2020,2,12.536538461538463,Probable,Full,Hip / Groin,soft_tissue,0,2,6.0,,7,0
2015,BUF,HarvPe00,Percy Harvin,WR,27.260780287474333,pre2020,3,12.357692307692307,Probable,Full,Hip / Groin,soft_tissue,0,3,6.0,1.3015873015873014,7,0
2015,BUF,HarvPe00,Percy Harvin,WR,27.260780287474333,pre2020,4,13.628846153846155,Probable,Full,Hip / Groin,soft_tissue,0,4,7.333333333333333,1.0206896551724138,7,0
2015,BUF,McCoLe01,LeSean McCoy,RB,27.137577002053387,pre2020,1,12.4625,Probable,Full,Hamstring,soft_tissue,0,1,,,7,0
2015,BUF,McCoLe01,LeSean McCoy,RB,27.137577002053387,pre2020,2,12.271875000000001,Questionable,Limited,Hamstring,soft_tissue,0,2,21.0,,7,0
2015,BUF,McCoLe01,LeSean McCoy,RB,27.137577002053387,pre2020,3,12.806250000000002,Probable,Limited,Hamstring,soft_tissue,0,3,20.0,0.9577464788732396,7,0
2015,BUF,McCoLe01,LeSean McCoy,RB,27.137577002053387,pre2020,4,12.090625000000001,Out,DNP,Hamstring,soft_tissue,0,4,18.0,0.7482014388489209,7,1
2015,BUF,McCoLe01,LeSean McCoy,RB,27.137577002053387,pre2020,5,12.090625000000001,Out,DNP,Hamstring,soft_tissue,1,5,18.0,0.7482014388489209,7,1
2015,BUF,McCoLe01,LeSean McCoy,RB,27.137577002053387,pre2020,6,12.090625000000001,Probable,Limited,Hamstring,soft_tissue,1,6,18.0,0.7482014388489209,7,0
2015,BUF,McCoLe01,LeSean McCoy,RB,27.137577002053387,pre2020,7,13.325,Probable,Limited,Hamstring,soft_tissue,0,7,18.0,1.2722513089005236,7,0
2015,BUF,McCoLe01,LeSean McCoy,RB,27.137577002053387,pre2020,10,14.266666666666666,Probable,Limited,Shoulder,other,0,1,20.333333333333332,0.8493150684931507,4,0
2015,BUF,McCoLe01,LeSean McCoy,RB,27.137577002053387,pre2020,16,14.891666666666667,Out,DNP,Knee,knee,0,1,20.0,0.573170731707317,7,1
2015,BUF,McCoLe01,LeSean McCoy,RB,27.137577002053387,pre2020,17,14.891666666666667,Out,DNP,Knee,knee,1,2,20.0,0.573170731707317,7,1
2015,BUF,TaylTy00,Tyrod Taylor,QB,26.078028747433265,pre2020,3,20.94,Probable,Full,Chest / Ribs,other,0,1,31.5,1.0,7,0
2015,BUF,TaylTy00,Tyrod Taylor,QB,26.078028747433265,pre2020,4,22.05333333333333,Probable,Full,Ankle,ankle_foot,0,2,31.666666666666668,0.95,7,0
2015,BUF,TaylTy00,Tyrod Taylor,QB,26.078028747433265,pre2020,6,20.796,Questionable,Limited,Knee,knee,0,1,35.0,0.9966101694915254,7,1
2015,BUF,TaylTy00,Tyrod Taylor,QB,26.078028747433265,pre2020,7,20.796,Out,DNP,Knee,knee,1,2,35.0,0.9966101694915254,7,1
2015,BUF,TaylTy00,Tyrod Taylor,QB,26.078028747433265,pre2020,9,20.796,Probable,Full,Knee,knee,1,3,35.0,0.9966101694915254,14,0
2015,BUF,TaylTy00,Tyrod Taylor,QB,26.078028747433265,pre2020,13,18.533333333333335,Probable,Full,Shoulder,other,0,2,38.666666666666664,1.0,7,0
2015,BUF,TaylTy00,Tyrod Taylor,QB,26.078028747433265,pre2020,17,19.478461538461538,Probable,Limited,Shoulder,other,0,1,37.333333333333336,1.0,7,0
2015,BUF,WatkSa00,Sammy Watkins,WR,22.21492128678987,pre2020,1,12.375000000000002,Probable,Full,Hamstring,soft_tissue,0,1,,,7,0
2015,BUF,WatkSa00,Sammy Watkins,WR,22.21492128678987,pre2020,10,13.7,Probable,Limited,Ankle,ankle_foot,0,6,5.0,1.0843373493975903,4,0
2015,BUF,WillKa01,Karlos Williams,RB,22.327173169062284,pre2020,5,14.05,Out,DNP,Head / Concussion,concussion,0,1,14.333333333333334,2.6511627906976742,7,1
2015,BUF,WillKa01,Karlos Williams,RB,22.327173169062284,pre2020,6,14.05,Out,DNP,Head / Concussion,concussion,1,2,14.333333333333334,2.6511627906976742,7,1
2015,BUF,WillKa01,Karlos Williams,RB,22.327173169062284,pre2020,7,14.05,Out,DNP,Head / Concussion,concussion,1,3,14.333333333333334,2.6511627906976742,7,1
2015,BUF,WillKa01,Karlos Williams,RB,22.327173169062284,pre2020,9,14.05,Probable,Full,Head / Concussion,concussion,1,4,14.333333333333334,2.6511627906976742,14,0
2015,BUF,WillKa01,Karlos Williams,RB,22.327173169062284,pre2020,13,11.6,Out,DNP,Shoulder,other,0,1,5.333333333333333,0.22826086956521738,7,1
2015,BUF,WillKa01,Karlos Williams,RB,22.327173169062284,pre2020,14,11.6,Out,DNP,Shoulder,other,1,2,5.333333333333333,0.22826086956521738,7,1
2015,BUF,WillKa01,Karlos Williams,RB,22.327173169062284,pre2020,15,11.6,Questionable,Limited,Shoulder,other,1,3,5.333333333333333,0.22826086956521738,7,0
2015,CAR,GinnTe00,Ted Ginn Jr.,WR,30.38740588637919,pre2020,16,13.0,Probable,Full,Quad / Thigh,soft_tissue,0,3,9.333333333333334,0.983050847457627,7,0
2015,CAR,OlseGr00,Greg Olsen,TE,30.47501711156742,pre2020,15,15.069230769230769,Probable,Full,Knee,knee,0,2,8.333333333333334,0.5121951219512195,7,0
2015,CAR,StewJo00,Jonathan Stewart,RB,28.449007529089666,pre2020,2,11.448076923076924,Probable,Full,Knee,knee,0,1,22.0,,7,0
2015,CAR,StewJo00,Jonathan Stewart,RB,28.449007529089666,pre2020,15,12.523076923076925,Out,DNP,Foot / Toe,ankle_foot,0,2,20.0,0.41428571428571437,7,1
2015,CAR,StewJo00,Jonathan Stewart,RB,28.449007529089666,pre2020,16,12.523076923076925,Out,DNP,Foot / Toe,ankle_foot,1,3,20.0,0.41428571428571437,7,1
2015,CAR,StewJo00,Jonathan Stewart,RB,28.449007529089666,pre2020,17,12.523076923076925,Out,DNP,Foot / Toe,ankle_foot,1,4,20.0,0.41428571428571437,7,1
2015,CHI,BennMa00,Martellus Bennett,TE,28.479123887748116,pre2020,6,12.66,Questionable,DNP,Quad / Thigh,soft_tissue,0,1,9.666666666666666,0.9531772575250835,7,0
2015,CHI,BennMa00,Martellus Bennett,TE,28.479123887748116,pre2020,13,11.05,Probable,Full,Chest / Ribs,other,1,2,6.0,1.0676156583629894,10,0
2015,CHI,FortMa00,Matt Forte,RB,29.724845995893222,pre2020,3,21.356250000000003,Probable,Limited,Knee,knee,0,1,26.0,0.752808988764045,7,0
2015,CHI,FortMa00,Matt Forte,RB,29.724845995893222,pre2020,9,17.1,Out,DNP,Knee,knee,0,1,22.666666666666668,0.5581395348837209,8,1
2015,CHI,FortMa00,Matt Forte,RB,29.724845995893222,pre2020,10,17.1,Questionable,Limited,Knee,knee,1,2,22.666666666666668,0.5581395348837209,6,1
2015,CHI,FortMa00,Matt Forte,RB,29.724845995893222,pre2020,11,17.1,Questionable,Limited,Knee,knee,1,3,22.666666666666668,0.5581395348837209,7,1
2015,CHI,FortMa00,Matt Forte,RB,29.724845995893222,pre2020,12,17.1,Questionable,Limited,Knee,knee,1,4,22.666666666666668,0.5581395348837209,4,0
2015,CHI,FortMa00,Matt Forte,RB,29.724845995893222,pre2020,17,16.224999999999998,Questionable,Limited,Back,other,0,1,14.0,0.78,7,0
2015,CHI,JeffAl00,Alshon Jeffery,WR,25.544147843942504,pre2020,1,16.35,Questionable,Limited,Lower Leg,soft_tissue,0,1,,,7,0
2015,CHI,JeffAl00,Alshon Jeffery,WR,25.544147843942504,pre2020,2,15.462500000000002,Questionable,DNP,Hamstring,soft_tissue,0,2,11.0,,7,1
2015,CHI,JeffAl00,Alshon Jeffery,WR,25.544147843942504,pre2020,3,15.462500000000002,Out,DNP,Hamstring,soft_tissue,1,3,11.0,,7,1
2015,CHI,JeffAl00,Alshon Jeffery,WR,25.544147843942504,pre2020,4,15.462500000000002,Questionable,Limited,Hamstring,soft_tissue,1,4,11.0,,7,1
2015,CHI,JeffAl00,Alshon Jeffery,WR,25.544147843942504,pre2020,5,15.462500000000002,Questionable,DNP,Hamstring,soft_tissue,1,5,11.0,,7,1
2015,CHI,JeffAl00,Alshon Jeffery,WR,25.544147843942504,pre2020,6,15.462500000000002,Questionable,Limited,Hamstring,soft_tissue,1,6,11.0,,7,0
2015,CHI,JeffAl00,Alshon Jeffery,WR,25.544147843942504,pre2020,10,23.55,Questionable,Limited,Hip / Groin,soft_tissue,0,1,14.0,1.0232558139534884,6,0
2015,CHI,JeffAl00,Alshon Jeffery,WR,25.544147843942504,pre2020,11,19.9,Questionable,DNP,Hip / Groin,soft_tissue,0,2,11.666666666666666,0.6022304832713755,7,1
2015,CHI,JeffAl00,Alshon Jeffery,WR,25.544147843942504,pre2020,12,19.9,Questionable,Limited,Hip / Groin,soft_tissue,1,3,11.666666666666666,0.6022304832713755,4,0
2015,CHI,JeffAl00,Alshon Jeffery,WR,25.544147843942504,pre2020,15,18.837500000000002,Questionable,Limited,Lower Leg,soft_tissue,0,1,10.666666666666666,1.1875,7,0
2015,CHI,JeffAl00,Alshon Jeffery,WR,25.544147843942504,pre2020,16,17.633333333333336,Doubtful,DNP,Hamstring,soft_tissue,0,2,8.666666666666666,0.501779359430605,7,1
2015,CIN,DaltAn00,Andy Dalton,QB,27.84120465434634,pre2020,12,20.022,Probable,Full,Hip / Groin,soft_tissue,0,1,40.666666666666664,1.0101010101010102,7,0
2015,CIN,DaltAn00,Andy Dalton,QB,27.84120465434634,pre2020,15,18.784615384615385,Out,Unknown,Hand / Wrist,other,0,1,19.0,0.1696113074204947,7,1
2015,CIN,DaltAn00,Andy Dalton,QB,27.84120465434634,pre2020,16,18.784615384615385,Out,Unknown,Hand / Wrist,other,1,2,19.0,0.1696113074204947,8,1
2015,CIN,DaltAn00,Andy Dalton,QB,27.84120465434634,pre2020,17,18.784615384615385,Out,Unknown,Hand / Wrist,other,1,3,19.0,0.1696113074204947,6,1
2015,CIN,EifeTy00,Tyler Eifert,TE,24.980150581793293,pre2020,12,15.719999999999999,Probable,Full,Knee,knee,0,1,5.333333333333333,1.0135135135135136,7,0
2015,CIN,EifeTy00,Tyler Eifert,TE,24.980150581793293,pre2020,13,15.47272727272727,Doubtful,DNP,Neck,other,0,2,4.666666666666667,0.6993243243243242,7,1
2015,CIN,EifeTy00,Tyler Eifert,TE,24.980150581793293,pre2020,14,15.47272727272727,Probable,Full,Neck,other,1,3,4.666666666666667,0.6993243243243242,7,0
2015,CIN,EifeTy00,Tyler Eifert,TE,24.980150581793293,pre2020,15,14.700000000000001,Out,Unknown,Head / Concussion,concussion,0,4,3.0,0.18045112781954886,7,1
2015,CIN,EifeTy00,Tyler Eifert,TE,24.980150581793293,pre2020,16,14.700000000000001,Out,Unknown,Head / Concussion,concussion,1,5,3.0,0.18045112781954886,8,1
2015,CIN,EifeTy00,Tyler Eifert,TE,24.980150581793293,pre2020,17,14.700000000000001,Probable,Full,Head / Concussion,concussion,1,6,3.0,0.18045112781954886,6,0
2015,CIN,GreeA.00,A.J. Green,WR,27.085557837097877,pre2020,3,14.754166666666666,Probable,Full,Knee,knee,0,1,6.0,1.0823529411764707,7,0
2015,CIN,HillJe01,Jeremy Hill,RB,22.863791923340177,pre2020,5,11.375,Probable,Full,Knee,knee,0,1,10.666666666666666,1.4358974358974357,7,0
2015,CLE,BarnGa01,Gary Barnidge,TE,29.94113620807666,pre2020,7,16.383333333333333,Probable,Full,Ankle,ankle_foot,0,1,8.333333333333334,0.9221789883268482,7,0
2015,CLE,BarnGa01,Gary Barnidge,TE,29.94113620807666,pre2020,14,15.308333333333332,Questionable,Limited,Ankle,ankle_foot,0,1,9.0,0.8211678832116788,7,0
2015,CLE,BenjTr00,Travis Benjamin,WR,25.672826830937716,pre2020,4,17.2953125,Probable,Full,Chest / Ribs,other,0,1,5.666666666666667,1.345132743362832,7,0
2015,CLE,BenjTr00,Travis Benjamin,WR,25.672826830937716,pre2020,14,14.241666666666667,Questionable,Limited,Shoulder,other,0,1,9.333333333333334,0.3650190114068441,7,0
2015,CLE,BenjTr00,Travis Benjamin,WR,25.672826830937716,pre2020,17,12.633333333333333,Questionable,Limited,Ankle,ankle_foot,0,1,6.0,1.097938144329897,7,0
2015,CLE,McCoJo01,Josh McCown,QB,36.16153319644079,pre2020,6,19.905,Probable,Limited,Ankle,ankle_foot,0,1,48.0,1.3215859030837003,7,0
2015,DAL,BryaDe01,Dez Bryant,WR,26.822724161533195,pre2020,1,19.75,Probable,Full,Hamstring,soft_tissue,0,1,,,7,0
2015,DAL,BryaDe01,Dez Bryant,WR,26.822724161533195,pre2020,2,17.2625,Out,DNP,Foot / Toe,ankle_foot,0,2,7.0,,7,1
2015,DAL,BryaDe01,Dez Bryant,WR,26.822724161533195,pre2020,3,17.2625,Out,DNP,Foot / Toe,ankle_foot,1,3,7.0,,7,1
2015,DAL,BryaDe01,Dez Bryant,WR,26.822724161533195,pre2020,4,17.2625,Out,DNP,Foot / Toe,ankle_foot,1,4,7.0,,7,1
2015,DAL,BryaDe01,Dez Bryant,WR,26.822724161533195,pre2020,5,17.2625,Out,DNP,Foot / Toe,ankle_foot,1,5,7.0,,7,1
2015,DAL,BryaDe01,Dez Bryant,WR,26.822724161533195,pre2020,7,17.2625,Doubtful,DNP,Foot / Toe,ankle_foot,1,6,7.0,,14,1
2015,DAL,BryaDe01,Dez Bryant,WR,26.822724161533195,pre2020,8,17.2625,Questionable,Limited,Foot / Toe,ankle_foot,1,7,7.0,,7,0
2015,DAL,BryaDe01,Dez Bryant,WR,26.822724161533195,pre2020,9,13.125,Probable,Limited,Foot / Toe,ankle_foot,0,8,6.5,1.1884057971014492,7,0
2015,DAL,BryaDe01,Dez Bryant,WR,26.822724161533195,pre2020,10,13.5375,Probable,Limited,Foot / Toe,ankle_foot,0,9,7.0,1.0728476821192054,7,0
2015,DAL,McFaDa00,Darren McFadden,RB,28.01368925393566,pre2020,11,11.622222222222224,Questionable,Limited,Hip / Groin,soft_tissue,0,1,26.0,1.0253164556962024,7,0
2015,DAL,McFaDa00,Darren McFadden,RB,28.01368925393566,pre2020,12,12.25,Probable,Full,Hip / Groin,soft_tissue,0,2,27.333333333333332,0.8607594936708861,4,0
2015,DAL,RandJo01,Joseph Randle,RB,23.67419575633128,pre2020,8,12.350000000000001,Out,DNP,Back,other,0,1,10.666666666666666,0.17073170731707318,7,1
2015,DAL,RomoTo00,Tony Romo,QB,35.36208076659822,pre2020,1,17.753333333333334,Probable,Full,Back,other,0,1,,,7,0
2015,DAL,RomoTo00,Tony Romo,QB,35.36208076659822,pre2020,2,18.85,Probable,Full,Back,other,0,2,46.0,,7,0
2015,DAL,WittJa00,Jason Witten,TE,33.322381930184804,pre2020,3,14.784375,Probable,Full,Ankle,ankle_foot,0,1,8.5,0.96,7,0
2015,DAL,WittJa00,Jason Witten,TE,33.322381930184804,pre2020,4,15.342187500000001,Probable,Full,Ankle,ankle_foot,0,2,8.333333333333334,1.0204081632653061,7,0
2015,DEN,AndeC.00,C.J. Anderson,RB,24.555783709787818,pre2020,2,13.519642857142859,Questionable,Limited,Ankle,ankle_foot,0,1,20.0,,4,0
2015,DEN,SandEm00,Emmanuel Sanders,WR,28.459958932238195,pre2020,8,18.116666666666667,Probable,Full,Shoulder,other,0,1,10.0,0.8692579505300353,14,0
2015,DEN,SandEm00,Emmanuel Sanders,WR,28.459958932238195,pre2020,9,16.12857142857143,Probable,Full,Shoulder,other,0,2,9.666666666666666,0.9738805970149255,7,0
2015,DEN,SandEm00,Emmanuel Sanders,WR,28.459958932238195,pre2020,10,16.7375,Questionable,DNP,Ankle,ankle_foot,0,3,9.333333333333334,0.9431818181818181,7,0
2015,DEN,SandEm00,Emmanuel Sanders,WR,28.459958932238195,pre2020,11,14.877777777777778,Questionable,Limited,Ankle,ankle_foot,0,4,6.666666666666667,0.380952380952381,7,1
2015,DEN,SandEm00,Emmanuel Sanders,WR,28.459958932238195,pre2020,12,14.877777777777778,Probable,Full,Ankle,ankle_foot,1,5,6.666666666666667,0.380952380952381,7,0
2015,DEN,SandEm00,Emmanuel Sanders,WR,28.459958932238195,pre2020,13,15.12,Probable,Full,Ankle,ankle_foot,0,6,8.0,1.188118811881188,7,0
2015,DEN,SandEm00,Emmanuel Sanders,WR,28.459958932238195,pre2020,14,14.236363636363636,Probable,Full,Ankle,ankle_foot,0,7,7.333333333333333,1.2307692307692308,7,0
2015,DEN,SandEm00,Emmanuel Sanders,WR,28.459958932238195,pre2020,15,13.358333333333334,Probable,Full,Hand / Wrist,other,0,8,8.0,1.28125,7,0
2015,DEN,SandEm00,Emmanuel Sanders,WR,28.459958932238195,pre2020,17,15.25,Probable,Full,Ankle,ankle_foot,0,1,9.333333333333334,1.0163265306122446,6,0
2015,DEN,ThomDe03,Demaryius Thomas,WR,27.685147159479808,pre2020,2,19.2296875,Probable,Full,Hand / Wrist,other,0,1,11.0,,4,0
2015,DEN,ThomDe03,Demaryius Thomas,WR,27.685147159479808,pre2020,5,18.275000000000002,Probable,Full,Neck,other,0,1,13.0,0.8684210526315789,7,0
2015,DEN,ThomDe03,Demaryius Thomas,WR,27.685147159479808,pre2020,6,16.720000000000002,Questionable,Limited,Neck,other,0,2,11.0,0.9843749999999999,7,0
2015,DEN,ThomDe03,Demaryius Thomas,WR,27.685147159479808,pre2020,17,16.313333333333336,Probable,Full,Hamstring,soft_tissue,0,1,12.666666666666666,0.8774703557312252,6,0
2015,DET,JohnCa00,Calvin Johnson,WR,29.921971252566735,pre2020,7,16.133333333333333,Probable,Limited,Ankle,ankle_foot,0,1,9.0,1.054945054945055,7,0
2015,DET,JohnCa00,Calvin Johnson,WR,29.921971252566735,pre2020,10,16.2375,Questionable,DNP,Ankle,ankle_foot,0,3,8.666666666666666,0.875,14,0
2015,DET,JohnCa00,Calvin Johnson,WR,29.921971252566735,pre2020,11,16.0,Probable,Limited,Ankle,ankle_foot,0,4,8.666666666666666,1.0714285714285714,7,0
2015,DET,JohnCa00,Calvin Johnson,WR,29.921971252566735,pre2020,12,15.780000000000001,Questionable,Limited,Ankle,ankle_foot,0,5,9.333333333333334,1.120754716981132,4,0
2015,DET,JohnCa00,Calvin Johnson,WR,29.921971252566735,pre2020,13,17.554545454545455,Questionable,Limited,Ankle,ankle_foot,0,6,10.666666666666666,1.040590405904059,7,0
2015,DET,JohnCa00,Calvin Johnson,WR,29.921971252566735,pre2020,14,17.208333333333332,Questionable,DNP,Ankle,ankle_foot,0,7,10.333333333333334,1.0208333333333333,10,0
2015,DET,JohnCa00,Calvin Johnson,WR,29.921971252566735,pre2020,15,16.084615384615383,Questionable,DNP,Ankle,ankle_foot,0,8,9.0,0.9999999999999999,8,0
2015,DET,JohnCa00,Calvin Johnson,WR,29.921971252566735,pre2020,16,15.142857142857142,Questionable,Limited,Ankle,ankle_foot,0,9,4.666666666666667,0.9757785467128027,6,0
2015,DET,JohnCa00,Calvin Johnson,WR,29.921971252566735,pre2020,17,15.446666666666665,Questionable,DNP,Ankle,ankle_foot,0,10,5.333333333333333,0.9238754325259516,7,0
2015,DET,RiddTh00,Theo Riddick,RB,24.32854209445585,pre2020,6,12.760000000000002,Questionable,DNP,Hip / Groin,soft_tissue,0,1,9.666666666666666,1.6019417475728157,7,0
2015,DET,RiddTh00,Theo Riddick,RB,24.32854209445585,pre2020,7,12.433333333333335,Probable,Limited,Hip / Groin,soft_tissue,0,2,10.666666666666666,1.3805309734513274,7,0
2015,DET,TateGo00,Golden Tate,WR,27.080082135523615,pre2020,2,13.7453125,Probable,Limited,Quad / Thigh,soft_tissue,0,1,8.0,,7,0
2015,GB,CobbRa00,Randall Cobb,WR,25.026694045174537,pre2020,1,18.4625,Probable,Limited,Shoulder,other,0,1,,,7,0
2015,GB,CobbRa00,Randall Cobb,WR,25.026694045174537,pre2020,2,17.546875,Probable,Limited,Shoulder,other,0,2,5.0,,7,0
2015,GB,CobbRa00,Randall Cobb,WR,25.026694045174537,pre2020,3,17.83125,Probable,Full,Shoulder,other,0,3,8.0,1.0999999999999999,8,0
2015,GB,CobbRa00,Randall Cobb,WR,25.026694045174537,pre2020,4,22.040625,Probable,Full,Shoulder,other,0,4,9.666666666666666,0.9206349206349206,6,0
2015,GB,CobbRa00,Randall Cobb,WR,25.026694045174537,pre2020,5,19.775000000000002,Probable,Limited,Shoulder,other,0,5,10.666666666666666,0.9130434782608695,7,0
2015,GB,CobbRa00,Randall Cobb,WR,25.026694045174537,pre2020,6,16.880000000000003,Probable,Full,Shoulder,other,0,6,9.0,0.9666666666666668,7,0
2015,GB,JoneJa04,James Jones,WR,31.419575633127995,pre2020,5,18.175,Probable,Limited,Hamstring,soft_tissue,0,1,5.666666666666667,0.9172661870503596,7,0
2015,GB,JoneJa04,James Jones,WR,31.419575633127995,pre2020,6,17.68,Probable,Limited,Hamstring,soft_tissue,0,2,5.666666666666667,1.018450184501845,7,0
2015,GB,JoneJa04,James Jones,WR,31.419575633127995,pre2020,10,13.5375,Probable,Limited,Quad / Thigh,soft_tissue,0,1,4.333333333333333,1.037593984962406,7,0
2015,GB,LacyEd00,Eddie Lacy,RB,25.248459958932237,pre2020,3,13.21875,Questionable,Limited,Ankle,ankle_foot,0,1,12.5,0.14473684210526316,8,0
2015,GB,LacyEd00,Eddie Lacy,RB,25.248459958932237,pre2020,4,11.884375,Probable,Full,Ankle,ankle_foot,0,2,12.666666666666666,0.9425287356321839,6,0
2015,GB,RodgAa00,Aaron Rodgers,QB,31.748117727583846,pre2020,11,21.433333333333334,Probable,Full,Shoulder,other,0,1,46.333333333333336,1.0135135135135136,7,0
2015,HOU,FostAr00,Arian Foster,RB,29.021218343600275,pre2020,1,21.03846153846154,Out,DNP,Hip / Groin,soft_tissue,0,1,,,7,1
2015,HOU,FostAr00,Arian Foster,RB,29.021218343600275,pre2020,2,21.03846153846154,Out,Limited,Hip / Groin,soft_tissue,1,2,,,7,1
2015,HOU,FostAr00,Arian Foster,RB,29.021218343600275,pre2020,3,21.03846153846154,Out,Limited,Hip / Groin,soft_tissue,1,3,,,7,1
2015,HOU,FostAr00,Arian Foster,RB,29.021218343600275,pre2020,4,21.03846153846154,Questionable,Limited,Hip / Groin,soft_tissue,1,4,,,7,0
2015,HOU,FostAr00,Arian Foster,RB,29.021218343600275,pre2020,5,16.903846153846153,Probable,Limited,Hip / Groin,soft_tissue,0,5,13.0,,4,0
2015,HOU,FostAr00,Arian Foster,RB,29.021218343600275,pre2020,6,16.84423076923077,Probable,Full,Hip / Groin,soft_tissue,0,6,21.0,1.4523809523809523,10,0
2015,HOU,FostAr00,Arian Foster,RB,29.021218343600275,pre2020,7,17.134615384615387,Probable,Full,Hip / Groin,soft_tissue,0,7,22.0,1.3203883495145632,7,0
2015,HOU,HopkDe00,DeAndre Hopkins,WR,23.236139630390145,pre2020,3,17.99375,Probable,Full,Head / Concussion,concussion,0,1,12.0,0.99,7,0
2015,HOU,HopkDe00,DeAndre Hopkins,WR,23.236139630390145,pre2020,11,23.077777777777776,Probable,Limited,Knee,knee,0,1,11.333333333333334,1.048951048951049,6,0
2015,HOU,HopkDe00,DeAndre Hopkins,WR,23.236139630390145,pre2020,13,22.28181818181818,Probable,Full,Hamstring,soft_tissue,0,1,10.333333333333334,1.0174825174825173,7,0
2015,HOU,HopkDe00,DeAndre Hopkins,WR,23.236139630390145,pre2020,14,22.075,Probable,Limited,Hamstring,soft_tissue,0,2,9.666666666666666,1.0204081632653061,7,0
2015,HOU,WashNa00,Nate Washington,WR,32.01095140314853,pre2020,10,17.02,Probable,Full,Hip / Groin,soft_tissue,0,1,7.333333333333333,1.2326732673267327,15,0
2015,HOU,WashNa00,Nate Washington,WR,32.01095140314853,pre2020,11,15.049999999999999,Probable,Full,Hip / Groin,soft_tissue,0,2,9.0,1.430051813471503,6,0
2015,HOU,WashNa00,Nate Washington,WR,32.01095140314853,pre2020,12,13.37142857142857,Probable,Full,Hip / Groin,soft_tissue,0,3,5.666666666666667,0.9368029739776952,7,0
2015,IND,GoreFr00,Frank Gore,RB,32.30116358658453,pre2020,5,11.075,Probable,Full,Foot / Toe,ankle_foot,0,1,18.666666666666668,1.2459016393442623,4,0
2015,IND,GoreFr00,Frank Gore,RB,32.30116358658453,pre2020,12,12.440000000000001,Probable,Full,Ankle,ankle_foot,0,1,25.0,0.8352272727272726,7,0
2015,IND,HiltT.00,T.Y. Hilton,WR,25.796030116358658,pre2020,2,16.875,Questionable,Limited,Knee,knee,0,1,14.0,,8,0
2015,IND,HiltT.00,T.Y. Hilton,WR,25.796030116358658,pre2020,4,13.733333333333334,Probable,Limited,Knee,knee,0,1,9.333333333333334,1.1920529801324504,7,0
2015,IND,HiltT.00,T.Y. Hilton,WR,25.796030116358658,pre2020,6,13.040000000000001,Probable,Limited,Hip / Groin,soft_tissue,0,1,9.666666666666666,0.891891891891892,10,0
2015,IND,HiltT.00,T.Y. Hilton,WR,25.796030116358658,pre2020,9,14.7625,Questionable,DNP,Foot / Toe,ankle_foot,0,1,10.333333333333334,1.0528301886792453,6,0
2015,IND,HiltT.00,T.Y. Hilton,WR,25.796030116358658,pre2020,17,13.533333333333333,Probable,Full,Lower Leg,soft_tissue,0,1,6.333333333333333,0.9416058394160585,7,0
2015,IND,LuckAn00,Andrew Luck,QB,25.968514715947983,pre2020,9,18.226666666666667,Probable,Full,Ankle,ankle_foot,0,1,51.333333333333336,1.0,6,0
2015,IND,LuckAn00,Andrew Luck,QB,25.968514715947983,pre2020,11,18.69142857142857,Out,DNP,Core / Abdomen,other,0,2,47.333333333333336,0.99,14,1
2015,IND,LuckAn00,Andrew Luck,QB,25.968514715947983,pre2020,12,18.69142857142857,Out,DNP,Core / Abdomen,other,1,3,47.333333333333336,0.99,7,1
2015,IND,LuckAn00,Andrew Luck,QB,25.968514715947983,pre2020,13,18.69142857142857,Out,DNP,Core / Abdomen,other,1,4,47.333333333333336,0.99,7,1
2015,IND,LuckAn00,Andrew Luck,QB,25.968514715947983,pre2020,15,18.69142857142857,Out,DNP,Core / Abdomen,other,1,6,47.333333333333336,0.99,7,1
2015,IND,LuckAn00,Andrew Luck,QB,25.968514715947983,pre2020,16,18.69142857142857,Out,Limited,Core / Abdomen,other,1,7,47.333333333333336,0.99,7,1
2015,IND,LuckAn00,Andrew Luck,QB,25.968514715947983,pre2020,17,18.69142857142857,Out,Limited,Core / Abdomen,other,1,8,47.333333333333336,0.99,7,1
2015,JAX,BortBl00,Blake Bortles,QB,23.342915811088297,pre2020,6,19.032,Probable,Full,Shoulder,other,0,1,41.333333333333336,1.0,7,0
2015,JAX,GreeRa00,Rashad Greene,WR,22.937713894592743,pre2020,2,15.8,Probable,Full,Back,other,0,1,13.0,,7,0
2015,JAX,HurnAl01,Allen Hurns,WR,23.802874743326488,pre2020,5,15.850000000000001,Probable,Full,Ankle,ankle_foot,0,3,7.666666666666667,1.0272373540856032,7,0
2015,JAX,HurnAl01,Allen Hurns,WR,23.802874743326488,pre2020,6,17.2,Probable,Full,Ankle,ankle_foot,0,4,8.333333333333334,1.180722891566265,7,0
2015,JAX,HurnAl01,Allen Hurns,WR,23.802874743326488,pre2020,7,16.166666666666668,Probable,Full,Ankle,ankle_foot,0,5,9.333333333333334,1.074626865671642,7,0
2015,JAX,HurnAl01,Allen Hurns,WR,23.802874743326488,pre2020,9,15.757142857142858,Probable,Full,Ankle,ankle_foot,0,6,7.0,0.9361702127659575,14,0
2015,JAX,HurnAl01,Allen Hurns,WR,23.802874743326488,pre2020,10,16.6875,Questionable,Limited,Foot / Toe,ankle_foot,0,7,7.666666666666667,1.0638297872340425,7,0
2015,JAX,HurnAl01,Allen Hurns,WR,23.802874743326488,pre2020,11,16.744444444444447,Probable,Full,Foot / Toe,ankle_foot,0,8,8.333333333333334,0.9401408450704226,4,0
2015,JAX,HurnAl01,Allen Hurns,WR,23.802874743326488,pre2020,12,15.559999999999999,Probable,Limited,Quad / Thigh,soft_tissue,0,9,7.0,0.7581227436823104,10,0
2015,JAX,HurnAl01,Allen Hurns,WR,23.802874743326488,pre2020,13,14.890909090909092,Out,DNP,Head / Concussion,concussion,0,10,7.333333333333333,0.9266409266409268,7,1
2015,JAX,HurnAl01,Allen Hurns,WR,23.802874743326488,pre2020,14,14.890909090909092,None,Limited,Quad / Thigh,soft_tissue,1,11,7.333333333333333,0.9266409266409268,7,0
2015,JAX,HurnAl01,Allen Hurns,WR,23.802874743326488,pre2020,15,15.275,Probable,Full,Quad / Thigh,soft_tissue,0,12,5.666666666666667,0.8158995815899583,7,0
2015,JAX,HurnAl01,Allen Hurns,WR,23.802874743326488,pre2020,16,14.592307692307694,Probable,Full,Quad / Thigh,soft_tissue,0,13,6.0,1.213953488372093,7,0
2015,JAX,HurnAl01,Allen Hurns,WR,23.802874743326488,pre2020,17,15.742857142857144,Probable,Full,Quad / Thigh,soft_tissue,0,14,6.333333333333333,1.1508620689655171,7,0
2015,JAX,RobiAl02,Allen Robinson,WR,22.02053388090349,pre2020,7,17.8,Probable,Full,Lower Leg,soft_tissue,0,1,11.0,0.7137931034482758,7,0
2015,JAX,RobiAl02,Allen Robinson,WR,22.02053388090349,pre2020,17,19.21333333333333,Probable,Full,Shoulder,other,0,1,6.0,1.0140845070422535,7,0
2015,JAX,ThomJu00,Julius Thomas,TE,27.17864476386037,pre2020,1,13.658333333333333,Out,DNP,Hand / Wrist,other,0,1,,,7,1
2015,JAX,ThomJu00,Julius Thomas,TE,27.17864476386037,pre2020,2,13.658333333333333,Out,Limited,Hand / Wrist,other,1,2,,,7,1
2015,JAX,ThomJu00,Julius Thomas,TE,27.17864476386037,pre2020,3,13.658333333333333,Out,Limited,Hand / Wrist,other,1,3,,,7,1
2015,JAX,ThomJu00,Julius Thomas,TE,27.17864476386037,pre2020,4,13.658333333333333,Out,Limited,Hand / Wrist,other,1,4,,,7,1
2015,JAX,ThomJu00,Julius Thomas,TE,27.17864476386037,pre2020,5,13.658333333333333,Questionable,Limited,Hand / Wrist,other,1,5,,,7,0
2015,JAX,ThomJu00,Julius Thomas,TE,27.17864476386037,pre2020,7,13.029166666666667,Probable,Full,Chest / Ribs,other,0,7,7.5,1.3773584905660377,7,0
2015,JAX,YeldT.00,T.J. Yeldon,RB,21.913757700205338,pre2020,7,11.48,Questionable,Limited,Hip / Groin,soft_tissue,1,2,18.666666666666668,0.8181818181818182,7,0
2015,JAX,YeldT.00,T.J. Yeldon,RB,21.913757700205338,pre2020,11,12.7,Questionable,Limited,Foot / Toe,ankle_foot,0,1,21.333333333333332,1.0677966101694916,4,0
2015,JAX,YeldT.00,T.J. Yeldon,RB,21.913757700205338,pre2020,14,13.509090909090908,Probable,Full,Hip / Groin,soft_tissue,0,1,17.0,1.0609756097560976,7,0
2015,JAX,YeldT.00,T.J. Yeldon,RB,21.913757700205338,pre2020,15,12.991666666666667,Doubtful,DNP,Knee,knee,0,2,15.0,0.5783132530120482,7,1
2015,JAX,YeldT.00,T.J. Yeldon,RB,21.913757700205338,pre2020,16,12.991666666666667,Doubtful,DNP,Knee,knee,1,3,15.0,0.5783132530120482,7,1
2015,JAX,YeldT.00,T.J. Yeldon,RB,21.913757700205338,pre2020,17,12.991666666666667,Out,DNP,Knee,knee,1,4,15.0,0.5783132530120482,7,1
2015,KC,KelcTr00,Travis Kelce,TE,25.905544147843944,pre2020,1,11.075,Probable,Full,Ankle,ankle_foot,0,1,,,7,0
2015,KC,KelcTr00,Travis Kelce,TE,25.905544147843944,pre2020,2,15.456249999999999,Probable,Full,Hip / Groin,soft_tissue,0,2,6.0,,4,0
2015,KC,KelcTr00,Travis Kelce,TE,25.905544147843944,pre2020,5,15.575000000000001,Probable,Full,Hip / Groin,soft_tissue,0,1,7.333333333333333,1.0449438202247192,7,0
2015,KC,KelcTr00,Travis Kelce,TE,25.905544147843944,pre2020,6,13.76,Probable,Full,Hip / Groin,soft_tissue,0,2,7.666666666666667,0.9964285714285713,7,0
2015,KC,KelcTr00,Travis Kelce,TE,25.905544147843944,pre2020,8,13.557142857142859,Probable,Full,Hip / Groin,soft_tissue,0,4,6.333333333333333,1.085820895522388,7,0
2015,KC,KelcTr00,Travis Kelce,TE,25.905544147843944,pre2020,10,13.975000000000001,Probable,Full,Hip / Groin,soft_tissue,0,5,7.0,0.9375,14,0
2015,KC,KelcTr00,Travis Kelce,TE,25.905544147843944,pre2020,11,13.377777777777778,Probable,Full,Hip / Groin,soft_tissue,0,6,7.666666666666667,1.0681818181818181,7,0
2015,KC,KelcTr00,Travis Kelce,TE,25.905544147843944,pre2020,12,13.0,Questionable,Limited,Hip / Groin,soft_tissue,0,7,8.0,1.0869565217391306,7,0
2015,KC,KelcTr00,Travis Kelce,TE,25.905544147843944,pre2020,13,13.354545454545455,Probable,Full,Hip / Groin,soft_tissue,0,8,7.666666666666667,1.043010752688172,7,0
2015,KC,KelcTr00,Travis Kelce,TE,25.905544147843944,pre2020,14,12.758333333333333,Probable,Full,Hip / Groin,soft_tissue,0,9,5.666666666666667,0.9690721649484535,7,0
2015,KC,KelcTr00,Travis Kelce,TE,25.905544147843944,pre2020,15,12.146153846153847,Probable,Full,Hip / Groin,soft_tissue,0,10,5.0,0.9690721649484535,7,0
2015,KC,KelcTr00,Travis Kelce,TE,25.905544147843944,pre2020,16,12.22857142857143,Probable,Full,Hip / Groin,soft_tissue,0,11,5.0,0.905263157894737,7,0
2015,KC,KelcTr00,Travis Kelce,TE,25.905544147843944,pre2020,17,12.5,Probable,Full,Hip / Groin,soft_tissue,0,12,6.666666666666667,1.0729927007299271,7,0
2015,KC,MaclJe00,Jeremy Maclin,WR,27.307323750855577,pre2020,2,15.525000000000002,Probable,Full,Back,other,0,1,9.0,,4,0
2015,KC,MaclJe00,Jeremy Maclin,WR,27.307323750855577,pre2020,3,13.575,None,Full,Knee,knee,0,2,8.5,1.043010752688172,11,0
2015,KC,MaclJe00,Jeremy Maclin,WR,27.307323750855577,pre2020,7,16.316666666666666,Questionable,Limited,Head / Concussion,concussion,0,1,9.666666666666666,0.7835051546391752,7,1
2015,KC,MaclJe00,Jeremy Maclin,WR,27.307323750855577,pre2020,8,16.316666666666666,Probable,Full,Head / Concussion,concussion,1,2,9.666666666666666,0.7835051546391752,7,0
2015,MIA,LandJa00,Jarvis Landry,WR,22.757015742642025,pre2020,12,17.076,Questionable,DNP,Knee,knee,0,1,12.333333333333334,0.9896907216494845,7,0
2015,MIA,LandJa00,Jarvis Landry,WR,22.757015742642025,pre2020,13,18.78727272727273,Probable,Full,Knee,knee,0,2,12.333333333333334,0.9206896551724137,7,0
2015,MIA,LandJa00,Jarvis Landry,WR,22.757015742642025,pre2020,14,17.430000000000003,Probable,Limited,Knee,knee,0,3,9.666666666666666,0.9574468085106383,8,0
2015,MIA,LandJa00,Jarvis Landry,WR,22.757015742642025,pre2020,15,17.696923076923078,Probable,Limited,Knee,knee,0,4,13.666666666666666,0.7200000000000001,6,0
2015,MIA,LandJa00,Jarvis Landry,WR,22.757015742642025,pre2020,16,17.39,Probable,Limited,Knee,knee,0,5,11.333333333333334,0.9428571428571427,7,0
2015,MIA,LandJa00,Jarvis Landry,WR,22.757015742642025,pre2020,17,17.437333333333335,Probable,Limited,Knee,knee,0,6,13.333333333333334,1.0557939914163088,7,0
2015,MIA,MillLa01,Lamar Miller,RB,24.35318275154004,pre2020,3,11.46875,Questionable,Limited,Ankle,ankle_foot,0,1,15.0,0.7124999999999999,7,0
2015,MIA,MillLa01,Lamar Miller,RB,24.35318275154004,pre2020,15,15.576923076923077,Probable,Full,Ankle,ankle_foot,0,1,14.333333333333334,1.0481927710843373,6,0
2015,MIA,MillLa01,Lamar Miller,RB,24.35318275154004,pre2020,16,14.778571428571428,Probable,Full,Quad / Thigh,soft_tissue,0,2,15.0,0.6114649681528663,7,0
2015,MIA,TannRy00,Ryan Tannehill,QB,27.096509240246405,pre2020,3,17.684375,Probable,Limited,Ankle,ankle_foot,0,1,42.0,1.0,7,0
2015,MIN,DiggSt00,Stefon Diggs,WR,21.754962354551676,pre2020,9,19.950000000000003,Probable,Full,Hamstring,soft_tissue,0,1,10.333333333333334,1.1612903225806452,7,0
2015,MIN,PeteAd01,Adrian Peterson,RB,30.4476386036961,pre2020,7,15.620000000000001,Probable,Full,Hand / Wrist,other,0,1,23.0,0.9252336448598131,7,0
2015,MIN,PeteAd01,Adrian Peterson,RB,30.4476386036961,pre2020,8,15.35,Probable,Limited,Hip / Groin,soft_tissue,0,2,23.666666666666668,0.885,7,0
2015,MIN,PeteAd01,Adrian Peterson,RB,30.4476386036961,pre2020,11,17.433333333333334,Probable,Full,Hamstring,soft_tissue,0,1,27.333333333333332,1.095,7,0
2015,MIN,PeteAd01,Adrian Peterson,RB,30.4476386036961,pre2020,16,16.285714285714285,Probable,Full,Ankle,ankle_foot,0,1,18.0,0.782608695652174,7,0
2015,MIN,PeteAd01,Adrian Peterson,RB,30.4476386036961,pre2020,17,16.46,Probable,Full,Ankle,ankle_foot,0,2,22.0,1.0357142857142858,7,0
2015,NE,EdelJu00,Julian Edelman,WR,29.27857631759069,pre2020,9,21.24285714285714,Probable,Limited,Knee,knee,0,1,9.666666666666666,1.00355871886121,10,0
2015,NE,EdelJu00,Julian Edelman,WR,29.27857631759069,pre2020,10,20.4,Probable,Full,Knee,knee,0,2,8.666666666666666,0.9550173010380624,7,0
2015,NE,EdelJu00,Julian Edelman,WR,29.27857631759069,pre2020,11,19.166666666666668,Out,DNP,Foot / Toe,ankle_foot,0,3,7.333333333333333,0.27368421052631575,8,1
2015,NE,EdelJu00,Julian Edelman,WR,29.27857631759069,pre2020,12,19.166666666666668,Out,DNP,Foot / Toe,ankle_foot,1,4,7.333333333333333,0.27368421052631575,6,1
2015,NE,EdelJu00,Julian Edelman,WR,29.27857631759069,pre2020,13,19.166666666666668,Out,DNP,Foot / Toe,ankle_foot,1,5,7.333333333333333,0.27368421052631575,7,1
2015,NE,EdelJu00,Julian Edelman,WR,29.27857631759069,pre2020,14,19.166666666666668,Out,Limited,Foot / Toe,ankle_foot,1,6,7.333333333333333,0.27368421052631575,7,1
2015,NE,EdelJu00,Julian Edelman,WR,29.27857631759069,pre2020,15,19.166666666666668,Doubtful,Limited,Foot / Toe,ankle_foot,1,7,7.333333333333333,0.27368421052631575,7,1
2015,NE,EdelJu00,Julian Edelman,WR,29.27857631759069,pre2020,16,19.166666666666668,Doubtful,Limited,Foot / Toe,ankle_foot,1,8,7.333333333333333,0.27368421052631575,7,1
2015,NE,EdelJu00,Julian Edelman,WR,29.27857631759069,pre2020,17,19.166666666666668,Out,DNP,Foot / Toe,ankle_foot,1,9,7.333333333333333,0.27368421052631575,7,1
2015,NE,GronRo00,Rob Gronkowski,TE,26.299794661190965,pre2020,13,18.554545454545455,Out,DNP,Knee,knee,0,1,8.0,0.8585858585858587,7,1
2015,NE,GronRo00,Rob Gronkowski,TE,26.299794661190965,pre2020,14,18.554545454545455,Questionable,Limited,Knee,knee,1,2,8.0,0.8585858585858587,7,0
2015,NE,LewiDi00,Dion Lewis,RB,24.928131416837783,pre2020,6,20.2,Questionable,Limited,Core / Abdomen,other,0,1,15.333333333333334,1.0441176470588234,7,0
2015,NE,LewiDi00,Dion Lewis,RB,24.928131416837783,pre2020,7,17.54,Questionable,Limited,Core / Abdomen,other,0,2,13.333333333333334,0.855,7,1
2015,NE,LewiDi00,Dion Lewis,RB,24.928131416837783,pre2020,8,17.54,Questionable,Limited,Core / Abdomen,other,1,3,13.333333333333334,0.855,4,0
2015,NE,LewiDi00,Dion Lewis,RB,24.928131416837783,pre2020,9,18.483333333333334,Probable,Limited,Core / Abdomen,other,0,4,13.666666666666666,0.9418604651162793,10,0
2015,NO,BreeDr00,Drew Brees,QB,36.62696783025325,pre2020,4,16.649375000000003,Probable,Limited,Shoulder,other,1,2,44.0,1.0,7,0
2015,NO,BreeDr00,Drew Brees,QB,36.62696783025325,pre2020,16,19.96923076923077,Questionable,Limited,Foot / Toe,ankle_foot,0,1,46.666666666666664,1.0,6,0
2015,NO,BreeDr00,Drew Brees,QB,36.62696783025325,pre2020,17,20.555714285714288,Probable,Limited,Foot / Toe,ankle_foot,0,2,45.333333333333336,1.0,7,0
2015,NO,CookBr00,Brandin Cooks,WR,21.932922655715263,pre2020,14,15.65,Probable,Limited,Head / Concussion,concussion,0,1,9.0,1.108433734939759,7,0
2015,NO,IngrMa01,Mark Ingram,RB,25.694729637234772,pre2020,12,16.78,Probable,Full,Shoulder,other,0,1,19.0,0.594059405940594,14,0
2015,NO,IngrMa01,Mark Ingram,RB,25.694729637234772,pre2020,13,16.681818181818183,Probable,Full,Shoulder,other,0,2,17.666666666666668,1.21875,7,0
2015,NO,WatsBe00,Ben Watson,TE,34.70225872689939,pre2020,16,12.221428571428572,Questionable,DNP,Knee,knee,0,1,10.333333333333334,1.0419847328244274,6,0
2015,NYG,BeckOd00,Odell Beckham Jr.,WR,22.819986310746064,pre2020,6,18.419999999999998,Questionable,DNP,Hamstring,soft_tissue,0,1,11.0,0.78125,8,0
2015,NYG,BeckOd00,Odell Beckham Jr.,WR,22.819986310746064,pre2020,7,18.533333333333335,Questionable,Limited,Hamstring,soft_tissue,0,2,10.666666666666666,1.0817843866171004,6,0
2015,NYG,BeckOd00,Odell Beckham Jr.,WR,22.819986310746064,pre2020,8,16.95714285714286,Probable,Full,Hamstring,soft_tissue,0,3,8.666666666666666,1.026022304832714,7,0
2015,NYJ,DeckEr00,Eric Decker,WR,28.465434633812457,pre2020,3,15.523333333333333,Questionable,DNP,Knee,knee,0,1,7.0,0.8666666666666667,6,1
2015,NYJ,DeckEr00,Eric Decker,WR,28.465434633812457,pre2020,4,15.523333333333333,Questionable,Limited,Knee,knee,1,2,7.0,0.8666666666666667,7,0
2015,NYJ,DeckEr00,Eric Decker,WR,28.465434633812457,pre2020,6,15.836666666666666,Probable,Full,Knee,knee,0,3,6.333333333333333,0.7619047619047619,14,0
2015,NYJ,DeckEr00,Eric Decker,WR,28.465434633812457,pre2020,7,15.975000000000001,Probable,Limited,Knee,knee,0,4,7.666666666666667,1.086206896551724,7,0
2015,NYJ,DeckEr00,Eric Decker,WR,28.465434633812457,pre2020,8,15.860000000000003,Questionable,Limited,Knee,knee,0,5,8.0,1.247787610619469,7,0
2015,NYJ,DeckEr00,Eric Decker,WR,28.465434633812457,pre2020,9,16.21666666666667,Probable,Full,Knee,knee,0,6,8.666666666666666,1.0661157024793388,7,0
2015,NYJ,DeckEr00,Eric Decker,WR,28.465434633812457,pre2020,10,16.742857142857144,Probable,Full,Knee,knee,0,7,9.333333333333334,0.7840909090909092,4,0
2015,NYJ,DeckEr00,Eric Decker,WR,28.465434633812457,pre2020,11,17.2125,Probable,Full,Knee,knee,0,8,9.0,1.1686746987951808,10,0
2015,NYJ,DeckEr00,Eric Decker,WR,28.465434633812457,pre2020,12,16.644444444444446,Probable,Full,Knee,knee,0,9,10.333333333333334,1.1785714285714288,7,0
2015,NYJ,DeckEr00,Eric Decker,WR,28.465434633812457,pre2020,13,16.7,Probable,Full,Knee,knee,0,10,10.333333333333334,0.9849056603773585,7,0
2015,NYJ,DeckEr00,Eric Decker,WR,28.465434633812457,pre2020,14,16.827272727272728,Probable,Full,Knee,knee,0,11,10.666666666666666,1.0600706713780919,7,0
2015,NYJ,DeckEr00,Eric Decker,WR,28.465434633812457,pre2020,15,17.125,Probable,Full,Knee,knee,0,12,10.333333333333334,0.8601398601398602,6,0
2015,NYJ,DeckEr00,Eric Decker,WR,28.465434633812457,pre2020,16,17.153846153846153,Probable,Full,Knee,knee,0,13,10.666666666666666,0.9925650557620819,8,0
2015,NYJ,DeckEr00,Eric Decker,WR,28.465434633812457,pre2020,17,16.907142857142855,Probable,Full,Knee,knee,0,14,8.666666666666666,1.1070110701107012,7,0
2015,NYJ,FitzRy00,Ryan Fitzpatrick,QB,32.76933607118412,pre2020,17,18.317333333333334,Probable,Full,Hand / Wrist,other,0,9,42.0,1.0,7,0
2015,NYJ,IvorCh00,Chris Ivory,RB,27.444216290212182,pre2020,2,12.89375,Questionable,Limited,Hip / Groin,soft_tissue,0,2,21.0,,8,0
2015,NYJ,IvorCh00,Chris Ivory,RB,27.444216290212182,pre2020,3,12.5125,Questionable,Limited,Quad / Thigh,soft_tissue,0,3,18.5,0.8679245283018868,6,1
2015,NYJ,IvorCh00,Chris Ivory,RB,27.444216290212182,pre2020,4,12.5125,Probable,Full,Quad / Thigh,soft_tissue,1,4,18.5,0.8679245283018868,7,0
2015,NYJ,IvorCh00,Chris Ivory,RB,27.444216290212182,pre2020,6,15.78125,Probable,Full,Quad / Thigh,soft_tissue,0,5,22.666666666666668,1.4141414141414141,14,0
2015,NYJ,IvorCh00,Chris Ivory,RB,27.444216290212182,pre2020,8,19.1,Probable,Full,Hamstring,soft_tissue,0,1,24.333333333333332,0.9161676646706587,7,0
2015,NYJ,IvorCh00,Chris Ivory,RB,27.444216290212182,pre2020,9,17.1,Probable,Full,Hamstring,soft_tissue,0,2,20.666666666666668,1.0988372093023255,7,0
2015,NYJ,IvorCh00,Chris Ivory,RB,27.444216290212182,pre2020,10,17.485714285714288,Probable,Full,Hamstring,soft_tissue,0,3,21.666666666666668,1.4181818181818184,4,0
2015,NYJ,IvorCh00,Chris Ivory,RB,27.444216290212182,pre2020,17,13.900000000000002,Probable,Limited,Knee,knee,0,1,18.0,0.8203124999999999,7,0
2015,NYJ,MarsBr00,Brandon Marshall,WR,31.44147843942505,pre2020,7,21.619999999999997,Probable,Limited,Lower Leg,soft_tissue,0,1,11.333333333333334,0.8916083916083917,7,0
2015,NYJ,MarsBr00,Brandon Marshall,WR,31.44147843942505,pre2020,9,19.8,Questionable,Limited,Ankle,ankle_foot,0,1,11.333333333333334,0.9926470588235294,7,0
2015,NYJ,MarsBr00,Brandon Marshall,WR,31.44147843942505,pre2020,10,19.125,Probable,Full,Ankle,ankle_foot,0,2,11.0,1.0036363636363637,4,0
2015,NYJ,MarsBr00,Brandon Marshall,WR,31.44147843942505,pre2020,11,18.255555555555556,Probable,Full,Foot / Toe,ankle_foot,0,3,12.0,1.0425531914893618,10,0
2015,NYJ,MarsBr00,Brandon Marshall,WR,31.44147843942505,pre2020,12,18.0,Probable,Full,Foot / Toe,ankle_foot,0,4,9.333333333333334,1.0392857142857144,7,0
2015,NYJ,MarsBr00,Brandon Marshall,WR,31.44147843942505,pre2020,13,19.463636363636365,Probable,Full,Foot / Toe,ankle_foot,0,5,10.333333333333334,0.9930313588850174,7,0
2015,NYJ,MarsBr00,Brandon Marshall,WR,31.44147843942505,pre2020,14,20.433333333333334,Probable,Full,Chest / Ribs,other,0,6,11.333333333333334,1.0034482758620689,7,0
2015,NYJ,MarsBr00,Brandon Marshall,WR,31.44147843942505,pre2020,15,20.746153846153845,Probable,Full,Ankle,ankle_foot,0,7,11.333333333333334,0.9965397923875433,6,0
2015,NYJ,MarsBr00,Brandon Marshall,WR,31.44147843942505,pre2020,16,20.07857142857143,Probable,Full,Ankle,ankle_foot,0,8,10.0,0.9687500000000001,8,0
2015,NYJ,MarsBr00,Brandon Marshall,WR,31.44147843942505,pre2020,17,20.84,Probable,Full,Ankle,ankle_foot,0,9,9.0,1.048951048951049,7,0
2015,NYJ,PoweBi00,Bilal Powell,RB,26.844626967830255,pre2020,17,12.281818181818181,Questionable,DNP,Ankle,ankle_foot,0,1,11.666666666666666,1.3478260869565217,7,1
2015,OAK,CoopAm00,Amari Cooper,WR,21.207392197125255,pre2020,10,16.5875,Probable,Full,Quad / Thigh,soft_tissue,0,1,9.666666666666666,0.996309963099631,7,0
2015,OAK,CoopAm00,Amari Cooper,WR,21.207392197125255,pre2020,14,14.641666666666666,Probable,Limited,Foot / Toe,ankle_foot,0,1,8.333333333333334,1.043010752688172,7,0
2015,OAK,CoopAm00,Amari Cooper,WR,21.207392197125255,pre2020,15,13.515384615384615,Probable,Limited,Foot / Toe,ankle_foot,0,2,9.666666666666666,0.8345070422535211,7,0
2015,OAK,CoopAm00,Amari Cooper,WR,21.207392197125255,pre2020,16,14.692857142857141,Probable,Full,Foot / Toe,ankle_foot,0,3,8.666666666666666,0.9144981412639405,4,0
2015,OAK,CoopAm00,Amari Cooper,WR,21.207392197125255,pre2020,17,13.913333333333332,Probable,Full,Foot / Toe,ankle_foot,0,4,6.666666666666667,0.3372093023255814,10,0
2015,OAK,CrabMi00,Michael Crabtree,WR,27.964407939767284,pre2020,5,13.85,Probable,Full,Ankle,ankle_foot,0,1,10.333333333333334,0.6782608695652175,7,0
2015,OAK,MurrLa00,Latavius Murray,RB,25.61806981519507,pre2020,5,15.925,Probable,Full,Shoulder,other,0,1,21.666666666666668,0.9710144927536232,7,0
2015,OAK,MurrLa00,Latavius Murray,RB,25.61806981519507,pre2020,7,14.48,Probable,Full,Shoulder,other,0,2,21.333333333333332,0.5529953917050692,14,0
2015,OAK,MurrLa00,Latavius Murray,RB,25.61806981519507,pre2020,10,13.8,Probable,Full,Head / Concussion,concussion,0,1,19.0,0.88125,7,0
2015,PHI,MathRy00,Ryan Mathews,RB,27.89322381930185,pre2020,11,11.177777777777779,Out,DNP,Head / Concussion,concussion,0,3,10.333333333333334,0.863013698630137,7,1
2015,PHI,MattJo00,Jordan Matthews,WR,23.12662559890486,pre2020,15,11.846153846153847,Probable,Full,Back,other,0,1,5.333333333333333,0.9723320158102766,7,0
2015,PHI,MurrDe00,DeMarco Murray,RB,27.550992470910334,pre2020,3,18.096875,Questionable,Full,Hamstring,soft_tissue,0,1,15.5,1.5681818181818181,7,1
2015,PHI,MurrDe00,DeMarco Murray,RB,27.550992470910334,pre2020,4,18.096875,Questionable,Full,Hamstring,soft_tissue,1,2,15.5,1.5681818181818181,7,0
2015,PHI,MurrDe00,DeMarco Murray,RB,27.550992470910334,pre2020,10,17.0,Probable,Full,Hip / Groin,soft_tissue,0,1,24.0,1.1032258064516127,7,0
2015,PIT,BryaMa00,Martavis Bryant,WR,23.698836413415467,pre2020,13,19.183333333333334,Probable,Full,Hip / Groin,soft_tissue,0,1,10.333333333333334,1.1495327102803736,7,0
2015,PIT,RoetBe00,Ben Roethlisberger,QB,33.50034223134839,pre2020,4,18.3790625,Out,Unknown,Knee,knee,0,1,30.0,0.7357512953367875,4,1
2015,PIT,RoetBe00,Ben Roethlisberger,QB,33.50034223134839,pre2020,5,18.3790625,Out,DNP,Knee,knee,1,2,30.0,0.7357512953367875,11,1
2015,PIT,RoetBe00,Ben Roethlisberger,QB,33.50034223134839,pre2020,6,18.3790625,Out,DNP,Knee,knee,1,3,30.0,0.7357512953367875,6,1
2015,PIT,RoetBe00,Ben Roethlisberger,QB,33.50034223134839,pre2020,7,18.3790625,Questionable,Limited,Knee,knee,1,4,30.0,0.7357512953367875,7,1
2015,PIT,RoetBe00,Ben Roethlisberger,QB,33.50034223134839,pre2020,8,18.3790625,Probable,Full,Knee,knee,1,5,30.0,0.7357512953367875,7,0
2015,PIT,RoetBe00,Ben Roethlisberger,QB,33.50034223134839,pre2020,13,19.03142857142857,Probable,Full,Head / Concussion,concussion,0,1,46.333333333333336,1.0472727272727274,7,0
2015,PIT,WillDe02,DeAngelo Williams,RB,32.35318275154004,pre2020,10,11.577777777777778,Probable,Full,Foot / Toe,ankle_foot,0,1,16.666666666666668,3.0,7,0
2015,SD,AlleKe00,Keenan Allen,WR,23.345653661875428,pre2020,7,21.849999999999998,Questionable,Limited,Hip / Groin,soft_tissue,0,1,10.666666666666666,0.7167235494880546,7,0
2015,SD,GateAn00,Antonio Gates,TE,35.20328542094456,pre2020,7,19.146875,Questionable,DNP,Knee,knee,0,1,13.5,1.3157894736842106,7,1
2015,SD,GateAn00,Antonio Gates,TE,35.20328542094456,pre2020,8,19.146875,Questionable,DNP,Knee,knee,1,2,13.5,1.3157894736842106,7,0
2015,SD,GateAn00,Antonio Gates,TE,35.20328542094456,pre2020,9,18.060937499999998,Probable,Full,Knee,knee,0,3,10.666666666666666,0.7424242424242425,8,0
2015,SD,GateAn00,Antonio Gates,TE,35.20328542094456,pre2020,11,17.8,Probable,Limited,Knee,knee,0,4,10.666666666666666,1.4917127071823206,13,0
2015,SD,GateAn00,Antonio Gates,TE,35.20328542094456,pre2020,12,14.560000000000002,Probable,Full,Hip / Groin,soft_tissue,0,5,6.333333333333333,0.6728971962616822,7,0
2015,SD,GreeLa00,Ladarius Green,TE,25.259411362080765,pre2020,9,12.342857142857143,Doubtful,DNP,Ankle,ankle_foot,0,1,4.666666666666667,0.13157894736842105,8,1
2015,SD,GreeLa00,Ladarius Green,TE,25.259411362080765,pre2020,11,12.342857142857143,Questionable,Limited,Ankle,ankle_foot,1,2,4.666666666666667,0.13157894736842105,13,0
2015,SD,JohnSt00,Stevie Johnson,WR,29.111567419575632,pre2020,14,12.522222222222224,Out,DNP,Hip / Groin,soft_tissue,0,1,6.0,0.7077464788732395,7,1
2015,SD,JohnSt00,Stevie Johnson,WR,29.111567419575632,pre2020,15,12.522222222222224,Doubtful,DNP,Hip / Groin,soft_tissue,1,2,6.0,0.7077464788732395,7,1
2015,SD,JohnSt00,Stevie Johnson,WR,29.111567419575632,pre2020,17,12.522222222222224,Questionable,Limited,Hip / Groin,soft_tissue,1,4,6.0,0.7077464788732395,10,1
2015,SD,RivePh00,Philip Rivers,QB,33.73032169746749,pre2020,13,19.849090909090908,Probable,Full,Foot / Toe,ankle_foot,0,1,41.333333333333336,1.0,7,0
2015,SD,RivePh00,Philip Rivers,QB,33.73032169746749,pre2020,14,18.701666666666664,Probable,Full,Foot / Toe,ankle_foot,0,2,39.0,1.0,7,0
2015,SEA,BaldDo00,Doug Baldwin,WR,26.94318959616701,pre2020,16,16.678571428571427,Questionable,Full,Hamstring,soft_tissue,0,1,7.333333333333333,1.0,7,0
2015,SEA,LyncMa00,Marshawn Lynch,RB,29.360711841204655,pre2020,3,16.096875,Questionable,DNP,Lower Leg,soft_tissue,0,3,23.0,0.9375,7,0
2015,SEA,LyncMa00,Marshawn Lynch,RB,29.360711841204655,pre2020,4,12.1984375,Questionable,DNP,Hamstring,soft_tissue,0,4,17.333333333333332,0.21935483870967742,8,1
2015,SEA,LyncMa00,Marshawn Lynch,RB,29.360711841204655,pre2020,5,12.1984375,Out,Limited,Hamstring,soft_tissue,1,5,17.333333333333332,0.21935483870967742,6,1
2015,SEA,LyncMa00,Marshawn Lynch,RB,29.360711841204655,pre2020,6,12.1984375,Questionable,Full,Hamstring,soft_tissue,1,6,17.333333333333332,0.21935483870967742,7,0
2015,SEA,LyncMa00,Marshawn Lynch,RB,29.360711841204655,pre2020,8,12.1,Probable,Full,Hamstring,soft_tissue,0,8,17.666666666666668,0.9655172413793105,10,0
2015,SEA,LyncMa00,Marshawn Lynch,RB,29.360711841204655,pre2020,10,11.783333333333333,Questionable,Full,Core / Abdomen,other,0,9,23.333333333333332,1.5290322580645161,14,0
2015,SEA,LyncMa00,Marshawn Lynch,RB,29.360711841204655,pre2020,11,11.814285714285715,Questionable,DNP,Core / Abdomen,other,0,10,20.0,1.0921658986175116,7,1
2015,SEA,LyncMa00,Marshawn Lynch,RB,29.360711841204655,pre2020,12,11.814285714285715,Out,Unknown,Core / Abdomen,other,1,11,20.0,1.0921658986175116,7,1
2015,SEA,LyncMa00,Marshawn Lynch,RB,29.360711841204655,pre2020,13,11.814285714285715,Out,Unknown,Core / Abdomen,other,1,12,20.0,1.0921658986175116,7,1
2015,SEA,LyncMa00,Marshawn Lynch,RB,29.360711841204655,pre2020,14,11.814285714285715,Out,Unknown,Core / Abdomen,other,1,13,20.0,1.0921658986175116,7,1
2015,SEA,LyncMa00,Marshawn Lynch,RB,29.360711841204655,pre2020,15,11.814285714285715,Out,Unknown,Core / Abdomen,other,1,14,20.0,1.0921658986175116,7,1
2015,SEA,LyncMa00,Marshawn Lynch,RB,29.360711841204655,pre2020,16,11.814285714285715,Out,Unknown,Core / Abdomen,other,1,15,20.0,1.0921658986175116,7,1
2015,SEA,LyncMa00,Marshawn Lynch,RB,29.360711841204655,pre2020,17,11.814285714285715,Out,Unknown,Core / Abdomen,other,1,16,20.0,1.0921658986175116,7,1
2015,SF,HydeCa00,Carlos Hyde,RB,24.947296372347708,pre2020,3,13.221428571428572,Probable,Full,Quad / Thigh,soft_tissue,0,1,22.5,0.6447368421052632,7,0
2015,SF,HydeCa00,Carlos Hyde,RB,24.947296372347708,pre2020,6,13.860000000000003,Questionable,Limited,Foot / Toe,ankle_foot,0,1,17.0,1.4754098360655739,7,0
2015,SF,HydeCa00,Carlos Hyde,RB,24.947296372347708,pre2020,7,12.883333333333335,Questionable,Limited,Foot / Toe,ankle_foot,0,2,19.333333333333332,1.0714285714285716,4,0
2015,SF,HydeCa00,Carlos Hyde,RB,24.947296372347708,pre2020,8,11.614285714285716,Out,DNP,Foot / Toe,ankle_foot,0,3,20.0,0.5286885245901638,10,1
2015,SF,HydeCa00,Carlos Hyde,RB,24.947296372347708,pre2020,9,11.614285714285716,Out,DNP,Foot / Toe,ankle_foot,1,4,20.0,0.5286885245901638,7,1
2015,SF,HydeCa00,Carlos Hyde,RB,24.947296372347708,pre2020,11,11.614285714285716,Out,DNP,Foot / Toe,ankle_foot,1,5,20.0,0.5286885245901638,14,1
2015,SF,HydeCa00,Carlos Hyde,RB,24.947296372347708,pre2020,12,11.614285714285716,Out,DNP,Foot / Toe,ankle_foot,1,6,20.0,0.5286885245901638,7,1
2015,SF,HydeCa00,Carlos Hyde,RB,24.947296372347708,pre2020,13,11.614285714285716,Out,DNP,Foot / Toe,ankle_foot,1,7,20.0,0.5286885245901638,7,1
2015,SF,HydeCa00,Carlos Hyde,RB,24.947296372347708,pre2020,14,11.614285714285716,Out,DNP,Foot / Toe,ankle_foot,1,8,20.0,0.5286885245901638,7,1
2015,SF,SmitTo02,Torrey Smith,WR,26.595482546201232,pre2020,3,13.415000000000001,Probable,Full,Knee,knee,0,1,5.0,0.9000000000000001,7,0
2015,STL,AustTa00,Tavon Austin,WR,25.464750171115675,pre2020,7,14.060000000000002,Questionable,Limited,Quad / Thigh,soft_tissue,0,1,7.333333333333333,0.9314516129032259,14,0
2015,STL,GurlTo01,Todd Gurley,RB,21.078713210130047,pre2020,17,16.03076923076923,Doubtful,DNP,Foot / Toe,ankle_foot,0,1,20.333333333333332,1.1686046511627908,7,1
2015,STL,MasoTr00,Tre Mason,RB,22.069815195071868,pre2020,1,11.275,Questionable,DNP,Quad / Thigh,soft_tissue,0,1,,,7,1
2015,STL,MasoTr00,Tre Mason,RB,22.069815195071868,pre2020,2,11.275,Questionable,Full,Quad / Thigh,soft_tissue,1,2,,,7,0
2015,TB,EvanMi00,Mike Evans,WR,22.028747433264886,pre2020,1,16.34,Questionable,Limited,Hamstring,soft_tissue,0,1,,,7,1
2015,TB,EvanMi00,Mike Evans,WR,22.028747433264886,pre2020,2,16.34,Questionable,Limited,Hamstring,soft_tissue,1,2,,,7,0
2015,TB,SefeAu00,Austin Seferian-Jenkins,TE,22.921286789869953,pre2020,12,11.175,Doubtful,Limited,Shoulder,other,1,9,5.0,0.7662337662337662,7,1
2015,TB,SefeAu00,Austin Seferian-Jenkins,TE,22.921286789869953,pre2020,13,11.175,Questionable,Limited,Shoulder,other,1,10,5.0,0.7662337662337662,7,0
2015,TEN,WalkHu00,Delanie Walker,TE,31.052703627652292,pre2020,2,12.125,Questionable,Full,Hand / Wrist,other,0,1,3.0,,7,1
2015,TEN,WalkHu00,Delanie Walker,TE,31.052703627652292,pre2020,3,12.125,Probable,Full,Hand / Wrist,other,1,2,3.0,,7,0
2015,TEN,WalkHu00,Delanie Walker,TE,31.052703627652292,pre2020,16,15.961538461538462,Probable,Limited,Hamstring,soft_tissue,0,1,10.0,1.0429184549356223,7,0
2015,WAS,GarcPi00,Pierre Garcon,WR,29.065023956194388,pre2020,5,14.4,Probable,Full,Knee,knee,0,1,9.0,0.9344262295081968,7,0
2015,WAS,GarcPi00,Pierre Garcon,WR,29.065023956194388,pre2020,6,13.14,Probable,Full,Knee,knee,0,2,9.333333333333334,0.9914163090128755,7,0
2015,WAS,ReedJo02,Jordan Reed,TE,25.163586584531142,pre2020,5,13.950000000000001,Out,DNP,Head / Concussion,concussion,0,1,7.666666666666667,0.6265060240963856,7,1
2015,WAS,ReedJo02,Jordan Reed,TE,25.163586584531142,pre2020,6,13.950000000000001,Out,DNP,Head / Concussion,concussion,1,2,7.666666666666667,0.6265060240963856,7,1
2015,WAS,ReedJo02,Jordan Reed,TE,25.163586584531142,pre2020,7,13.950000000000001,Questionable,Limited,Head / Concussion,concussion,1,3,7.666666666666667,0.6265060240963856,7,0
2015,WAS,ReedJo02,Jordan Reed,TE,25.163586584531142,pre2020,16,16.816666666666666,Probable,Full,Shoulder,other,0,1,8.0,0.9814126394052045,6,0
2016,ARI,FitzLa00,Larry Fitzgerald,WR,33.00479123887748,pre2020,2,20.1734375,None,Full,Knee,knee,0,1,10.0,,7,0
2016,ARI,FitzLa00,Larry Fitzgerald,WR,33.00479123887748,pre2020,3,20.565625,None,Full,Knee,knee,0,2,10.5,0.9175257731958764,7,0
2016,ARI,FitzLa00,Larry Fitzgerald,WR,33.00479123887748,pre2020,4,19.4328125,None,Full,Knee,knee,0,3,11.0,1.053763440860215,7,0
2016,ARI,FitzLa00,Larry Fitzgerald,WR,33.00479123887748,pre2020,10,17.7375,None,Limited,Ankle,ankle_foot,0,1,11.333333333333334,0.8586956521739132,14,0
2016,ARI,FitzLa00,Larry Fitzgerald,WR,33.00479123887748,pre2020,11,18.56666666666667,None,Full,Knee,knee,0,2,14.333333333333334,0.9886363636363636,7,0
2016,ATL,ColeTe01,Tevin Coleman,RB,23.378507871321013,pre2020,4,16.3125,None,Full,Ankle,ankle_foot,0,1,14.333333333333334,0.875,6,0
2016,ATL,ColeTe01,Tevin Coleman,RB,23.378507871321013,pre2020,8,15.914285714285715,Out,DNP,Hamstring,soft_tissue,0,1,9.333333333333334,0.515625,7,1
2016,ATL,ColeTe01,Tevin Coleman,RB,23.378507871321013,pre2020,9,15.914285714285715,Out,DNP,Hamstring,soft_tissue,1,2,9.333333333333334,0.515625,4,1
2016,ATL,ColeTe01,Tevin Coleman,RB,23.378507871321013,pre2020,10,15.914285714285715,Out,DNP,Hamstring,soft_tissue,1,3,9.333333333333334,0.515625,10,1
2016,ATL,ColeTe01,Tevin Coleman,RB,23.378507871321013,pre2020,12,15.914285714285715,None,Full,Hamstring,soft_tissue,1,4,9.333333333333334,0.515625,14,0
2016,ATL,FreeDe00,Devonta Freeman,RB,24.465434633812457,pre2020,2,17.819999999999997,None,Full,Quad / Thigh,soft_tissue,0,1,15.0,,7,0
2016,ATL,FreeDe00,Devonta Freeman,RB,24.465434633812457,pre2020,8,15.385714285714286,None,Full,Hip / Groin,soft_tissue,0,1,22.0,1.3636363636363638,7,0
2016,ATL,JoneJu02,Julio Jones,WR,27.561943874058862,pre2020,1,23.06875,None,Full,Ankle,ankle_foot,0,1,,,7,0
2016,ATL,JoneJu02,Julio Jones,WR,27.561943874058862,pre2020,2,21.4515625,None,Full,Ankle,ankle_foot,0,2,8.0,,7,0
2016,ATL,JoneJu02,Julio Jones,WR,27.561943874058862,pre2020,3,21.084375,Questionable,Limited,Lower Leg,soft_tissue,0,3,6.5,0.9058823529411765,8,0
2016,ATL,JoneJu02,Julio Jones,WR,27.561943874058862,pre2020,4,15.967187500000001,None,Full,Lower Leg,soft_tissue,0,4,6.666666666666667,0.9012345679012345,6,0
2016,ATL,JoneJu02,Julio Jones,WR,27.561943874058862,pre2020,6,18.740000000000002,None,Full,Knee,knee,0,1,9.333333333333334,1.0227272727272727,7,0
2016,ATL,JoneJu02,Julio Jones,WR,27.561943874058862,pre2020,9,19.1125,None,Full,Knee,knee,0,1,9.666666666666666,0.9843749999999999,4,0
2016,ATL,JoneJu02,Julio Jones,WR,27.561943874058862,pre2020,12,20.15,None,Full,Shoulder,other,0,1,10.666666666666666,1.004081632653061,14,0
2016,ATL,JoneJu02,Julio Jones,WR,27.561943874058862,pre2020,14,18.941666666666666,Questionable,DNP,Foot / Toe,ankle_foot,0,1,10.666666666666666,0.8170212765957449,7,1
2016,ATL,JoneJu02,Julio Jones,WR,27.561943874058862,pre2020,15,18.941666666666666,Out,DNP,Foot / Toe,ankle_foot,1,2,10.666666666666666,0.8170212765957449,7,1
2016,ATL,JoneJu02,Julio Jones,WR,27.561943874058862,pre2020,16,18.941666666666666,None,Full,Foot / Toe,ankle_foot,1,3,10.666666666666666,0.8170212765957449,6,0
2016,ATL,JoneJu02,Julio Jones,WR,27.561943874058862,pre2020,17,18.253846153846155,None,Full,Foot / Toe,ankle_foot,0,4,7.666666666666667,0.8230088495575221,8,0
2016,ATL,RyanMa00,Matt Ryan,QB,31.293634496919918,pre2020,4,21.6803125,None,Full,Hand / Wrist,other,0,1,37.0,1.0,6,0
2016,BAL,SmitSt01,Steve Smith Sr.,WR,37.308692676249144,pre2020,16,12.883333333333333,Questionable,Full,Quad / Thigh,soft_tissue,0,1,7.666666666666667,1.0632911392405062,7,0
2016,BAL,WallMi00,Mike Wallace,WR,30.086242299794662,pre2020,6,14.040000000000001,Questionable,Full,Chest / Ribs,other,0,1,9.333333333333334,1.1266375545851528,7,0
2016,BUF,McCoLe01,LeSean McCoy,RB,28.139630390143736,pre2020,5,19.85,Questionable,Limited,Hand / Wrist,other,0,1,22.0,0.8181818181818181,7,0
2016,BUF,McCoLe01,LeSean McCoy,RB,28.139630390143736,pre2020,7,21.733333333333334,Questionable,Limited,Hamstring,soft_tissue,0,1,22.0,0.8303571428571428,7,0
2016,BUF,McCoLe01,LeSean McCoy,RB,28.139630390143736,pre2020,8,18.785714285714285,Doubtful,DNP,Hamstring,soft_tissue,0,2,16.333333333333332,0.5687203791469195,7,1
2016,BUF,McCoLe01,LeSean McCoy,RB,28.139630390143736,pre2020,9,18.785714285714285,Questionable,Limited,Hamstring,soft_tissue,1,3,16.333333333333332,0.5687203791469195,8,0
2016,BUF,McCoLe01,LeSean McCoy,RB,28.139630390143736,pre2020,12,17.77777777777778,Questionable,Limited,Hand / Wrist,other,0,1,14.0,0.5284090909090909,7,0
2016,BUF,McCoLe01,LeSean McCoy,RB,28.139630390143736,pre2020,16,20.784615384615385,None,Full,Knee,knee,0,1,21.666666666666668,0.8394495412844036,6,0
2016,BUF,TaylTy00,Tyrod Taylor,QB,27.080082135523615,pre2020,17,18.061333333333334,None,Full,Hip / Groin,soft_tissue,0,6,36.666666666666664,1.0416666666666667,8,1
2016,BUF,WatkSa00,Sammy Watkins,WR,23.21697467488022,pre2020,2,14.698076923076922,Questionable,Limited,Foot / Toe,ankle_foot,0,1,6.0,,4,0
2016,CAR,BenjKe00,Kelvin Benjamin,WR,25.571526351813826,pre2020,6,15.16,Questionable,Limited,Knee,knee,0,1,5.666666666666667,1.1383928571428572,6,0
2016,CAR,BenjKe00,Kelvin Benjamin,WR,25.571526351813826,pre2020,13,13.600000000000001,None,Full,Shoulder,other,0,1,7.333333333333333,0.9209302325581394,7,0
2016,CAR,NewtCa00,Cam Newton,QB,27.310061601642712,pre2020,5,19.915,Out,DNP,Head / Concussion,concussion,0,1,39.333333333333336,0.5919732441471571,8,1
2016,CAR,NewtCa00,Cam Newton,QB,27.310061601642712,pre2020,6,19.915,Questionable,Full,Head / Concussion,concussion,1,2,39.333333333333336,0.5919732441471571,6,0
2016,CAR,NewtCa00,Cam Newton,QB,27.310061601642712,pre2020,16,18.05076923076923,None,Full,Shoulder,other,0,2,36.666666666666664,1.0101010101010102,5,0
2016,CAR,NewtCa00,Cam Newton,QB,27.310061601642712,pre2020,17,17.584285714285716,Questionable,Full,Shoulder,other,0,3,42.0,1.0101010101010102,8,0
2016,CAR,OlseGr00,Greg Olsen,TE,31.477070499657767,pre2020,16,13.585714285714287,None,Full,Arm / Elbow,other,0,1,7.666666666666667,0.86,5,0
2016,CAR,OlseGr00,Greg Olsen,TE,31.477070499657767,pre2020,17,13.473333333333334,Questionable,Full,Arm / Elbow,other,0,2,9.333333333333334,0.6083916083916084,8,0
2016,CHI,JeffAl00,Alshon Jeffery,WR,26.546201232032853,pre2020,3,16.09166666666667,Questionable,Limited,Knee,knee,0,1,6.5,1.0105263157894737,6,0
2016,CHI,JeffAl00,Alshon Jeffery,WR,26.546201232032853,pre2020,4,14.683333333333334,Questionable,Limited,Hamstring,soft_tissue,0,2,6.666666666666667,1.0471204188481675,7,0
2016,CHI,MillZa02,Zach Miller,TE,31.90965092402464,pre2020,5,12.9,Questionable,Limited,Chest / Ribs,other,0,1,5.666666666666667,0.9069767441860466,7,0
2016,CHI,MillZa02,Zach Miller,TE,31.90965092402464,pre2020,6,13.180000000000001,Questionable,Limited,Chest / Ribs,other,0,2,6.666666666666667,0.9961389961389961,7,0
2016,CHI,MillZa02,Zach Miller,TE,31.90965092402464,pre2020,7,12.583333333333334,Questionable,Limited,Chest / Ribs,other,0,3,7.0,0.9090909090909092,4,0
2016,CHI,RoyaEd00,Eddie Royal,WR,30.28336755646817,pre2020,5,15.025,Questionable,DNP,Lower Leg,soft_tissue,0,1,5.333333333333333,0.7255813953488371,7,0
2016,CHI,RoyaEd00,Eddie Royal,WR,30.28336755646817,pre2020,6,14.280000000000001,Questionable,DNP,Lower Leg,soft_tissue,0,2,6.333333333333333,0.8275862068965517,7,0
2016,CHI,RoyaEd00,Eddie Royal,WR,30.28336755646817,pre2020,7,13.466666666666667,Out,DNP,Foot / Toe,ankle_foot,0,3,7.333333333333333,0.7096774193548387,4,1
2016,CHI,RoyaEd00,Eddie Royal,WR,30.28336755646817,pre2020,8,13.466666666666667,Doubtful,DNP,Foot / Toe,ankle_foot,1,4,7.333333333333333,0.7096774193548387,11,1
2016,CHI,RoyaEd00,Eddie Royal,WR,30.28336755646817,pre2020,10,13.466666666666667,Questionable,Limited,Foot / Toe,ankle_foot,1,5,7.333333333333333,0.7096774193548387,13,0
2016,CIN,DaltAn00,Andy Dalton,QB,28.843258042436688,pre2020,3,18.56230769230769,None,Full,Hip / Groin,soft_tissue,0,1,44.5,1.0,7,0
2016,CIN,EifeTy00,Tyler Eifert,TE,25.982203969883642,pre2020,1,14.73076923076923,Out,DNP,Ankle,ankle_foot,0,1,,,7,1
2016,CIN,EifeTy00,Tyler Eifert,TE,25.982203969883642,pre2020,2,14.73076923076923,Out,DNP,Ankle,ankle_foot,1,2,,,7,1
2016,CIN,EifeTy00,Tyler Eifert,TE,25.982203969883642,pre2020,3,14.73076923076923,Doubtful,Limited,Ankle,ankle_foot,1,3,,,7,1
2016,CIN,EifeTy00,Tyler Eifert,TE,25.982203969883642,pre2020,4,14.73076923076923,Doubtful,Limited,Ankle,ankle_foot,1,4,,,4,1
2016,CIN,EifeTy00,Tyler Eifert,TE,25.982203969883642,pre2020,5,14.73076923076923,Out,DNP,Back,other,1,5,,,10,1
2016,CIN,EifeTy00,Tyler Eifert,TE,25.982203969883642,pre2020,6,14.73076923076923,Out,DNP,Back,other,1,6,,,7,1
2016,CIN,EifeTy00,Tyler Eifert,TE,25.982203969883642,pre2020,7,14.73076923076923,Questionable,Full,Back,other,1,7,,,7,0
2016,CIN,EifeTy00,Tyler Eifert,TE,25.982203969883642,pre2020,11,13.607692307692307,None,Full,Knee,knee,0,1,6.333333333333333,1.486238532110092,6,0
2016,CIN,EifeTy00,Tyler Eifert,TE,25.982203969883642,pre2020,16,12.3,Out,DNP,Back,other,0,1,3.6666666666666665,1.2295081967213115,6,1
2016,CIN,GreeA.00,A.J. Green,WR,28.087611225188226,pre2020,6,19.96,None,Full,Lower Leg,soft_tissue,0,1,10.333333333333334,0.9163636363636364,7,0
2016,CIN,GreeA.00,A.J. Green,WR,28.087611225188226,pre2020,12,18.64,Out,DNP,Hamstring,soft_tissue,0,1,10.0,0.034220532319391636,7,1
2016,CIN,GreeA.00,A.J. Green,WR,28.087611225188226,pre2020,13,18.64,Out,DNP,Hamstring,soft_tissue,1,2,10.0,0.034220532319391636,7,1
2016,CIN,GreeA.00,A.J. Green,WR,28.087611225188226,pre2020,14,18.64,Out,DNP,Hamstring,soft_tissue,1,3,10.0,0.034220532319391636,7,1
2016,CIN,GreeA.00,A.J. Green,WR,28.087611225188226,pre2020,15,18.64,Doubtful,Limited,Hamstring,soft_tissue,1,4,10.0,0.034220532319391636,7,1
2016,CIN,GreeA.00,A.J. Green,WR,28.087611225188226,pre2020,16,18.64,Questionable,Full,Hamstring,soft_tissue,1,5,10.0,0.034220532319391636,6,1
2016,CIN,GreeA.00,A.J. Green,WR,28.087611225188226,pre2020,17,18.64,Out,DNP,Hamstring,soft_tissue,1,6,10.0,0.034220532319391636,8,1
2016,CIN,HillJe01,Jeremy Hill,RB,23.865845311430526,pre2020,16,12.535714285714286,Questionable,Full,Knee,knee,0,1,25.333333333333332,1.1636363636363638,6,0
2016,CIN,HillJe01,Jeremy Hill,RB,23.865845311430526,pre2020,17,11.753333333333334,Questionable,Limited,Knee,knee,0,2,19.0,0.35,8,1
2016,CLE,ColeCo00,Corey Coleman,WR,22.157426420260094,pre2020,3,18.15,Out,DNP,Hand / Wrist,other,0,1,6.5,0.9444444444444444,7,1
2016,CLE,ColeCo00,Corey Coleman,WR,22.157426420260094,pre2020,4,18.15,Out,DNP,Hand / Wrist,other,1,2,6.5,0.9444444444444444,7,1
2016,CLE,ColeCo00,Corey Coleman,WR,22.157426420260094,pre2020,5,18.15,Out,DNP,Hand / Wrist,other,1,3,6.5,0.9444444444444444,7,1
2016,CLE,ColeCo00,Corey Coleman,WR,22.157426420260094,pre2020,6,18.15,Out,DNP,Hand / Wrist,other,1,4,6.5,0.9444444444444444,7,1
2016,CLE,ColeCo00,Corey Coleman,WR,22.157426420260094,pre2020,7,18.15,Out,DNP,Hand / Wrist,other,1,5,6.5,0.9444444444444444,7,1
2016,CLE,ColeCo00,Corey Coleman,WR,22.157426420260094,pre2020,8,18.15,Out,Limited,Hand / Wrist,other,1,6,6.5,0.9444444444444444,7,1
2016,CLE,ColeCo00,Corey Coleman,WR,22.157426420260094,pre2020,9,18.15,None,Full,Hand / Wrist,other,1,7,6.5,0.9444444444444444,7,0
2016,CLE,CrowIs00,Isaiah Crowell,RB,23.64681724845996,pre2020,4,13.528125,None,Full,Knee,knee,0,1,16.333333333333332,0.9272727272727272,7,0
2016,CLE,PryoTe00,Terrelle Pryor,WR,27.200547570157426,pre2020,7,17.006666666666664,Questionable,Limited,Hamstring,soft_tissue,0,1,10.666666666666666,1.0,7,0
2016,CLE,PryoTe00,Terrelle Pryor,WR,27.200547570157426,pre2020,8,15.120000000000001,None,Full,Hamstring,soft_tissue,0,2,8.666666666666666,0.4982698961937716,7,0
2016,CLE,PryoTe00,Terrelle Pryor,WR,27.200547570157426,pre2020,9,15.4925,None,Full,Hamstring,soft_tissue,0,3,10.0,1.0204918032786885,7,0
2016,CLE,PryoTe00,Terrelle Pryor,WR,27.200547570157426,pre2020,10,15.515555555555554,None,Full,Hamstring,soft_tissue,0,4,7.666666666666667,1.2290748898678414,4,0
2016,CLE,PryoTe00,Terrelle Pryor,WR,27.200547570157426,pre2020,16,13.602857142857143,None,Full,Hand / Wrist,other,0,1,7.666666666666667,0.9473684210526315,6,0
2016,CLE,PryoTe00,Terrelle Pryor,WR,27.200547570157426,pre2020,17,13.136,None,Full,Hand / Wrist,other,0,2,5.333333333333333,1.0648854961832062,8,0
2016,DAL,BryaDe01,Dez Bryant,WR,27.824777549623544,pre2020,9,13.325000000000001,Questionable,Full,Knee,knee,0,5,10.666666666666666,1.0312500000000002,7,0
2016,DAL,BryaDe01,Dez Bryant,WR,27.824777549623544,pre2020,11,13.300000000000002,Questionable,Limited,Back,other,0,7,9.0,1.1410256410256412,7,0
2016,DAL,BryaDe01,Dez Bryant,WR,27.824777549623544,pre2020,12,15.114285714285716,Questionable,Full,Back,other,0,8,7.0,1.0566801619433197,4,0
2016,DAL,BryaDe01,Dez Bryant,WR,27.824777549623544,pre2020,15,13.64,Questionable,Limited,Back,other,0,1,7.333333333333333,1.1744680851063831,7,0
2016,DAL,BryaDe01,Dez Bryant,WR,27.824777549623544,pre2020,16,13.872727272727273,Questionable,Full,Back,other,0,2,8.333333333333334,1.0625,8,0
2016,DEN,AndeC.00,C.J. Anderson,RB,25.557837097878167,pre2020,3,16.76,None,Full,Chest / Ribs,other,0,1,25.0,0.7951807228915664,7,0
2016,DEN,AndeC.00,C.J. Anderson,RB,25.557837097878167,pre2020,8,14.642857142857142,Out,DNP,Knee,knee,0,1,15.333333333333334,0.6887755102040816,6,1
2016,DEN,SandEm00,Emmanuel Sanders,WR,29.462012320328544,pre2020,7,15.883333333333333,None,Full,Hip / Groin,soft_tissue,0,1,9.333333333333334,0.6940298507462688,11,0
2016,DEN,SandEm00,Emmanuel Sanders,WR,29.462012320328544,pre2020,13,15.272727272727273,None,Full,Hand / Wrist,other,0,1,10.0,1.0036764705882353,7,0
2016,DEN,ThomDe03,Demaryius Thomas,WR,28.687200547570157,pre2020,2,14.734375,Questionable,Limited,Hip / Groin,soft_tissue,0,1,6.0,,10,0
2016,DEN,ThomDe03,Demaryius Thomas,WR,28.687200547570157,pre2020,3,14.556250000000002,None,Full,Hip / Groin,soft_tissue,0,2,6.5,1.0394736842105263,7,0
2016,DEN,ThomDe03,Demaryius Thomas,WR,28.687200547570157,pre2020,5,16.55,None,Full,Hip / Groin,soft_tissue,0,1,7.0,0.8875000000000001,7,0
2016,DEN,ThomDe03,Demaryius Thomas,WR,28.687200547570157,pre2020,8,14.942857142857141,None,Full,Hip / Groin,soft_tissue,0,1,9.0,0.9259259259259258,6,0
2016,DET,EbroEr00,Eric Ebron,TE,23.394934976043807,pre2020,4,11.533928571428573,Questionable,Full,Ankle,ankle_foot,0,2,6.666666666666667,0.934065934065934,7,0
2016,DET,JoneMa02,Marvin Jones,WR,26.47501711156742,pre2020,4,20.4171875,Questionable,Full,Hamstring,soft_tissue,0,1,9.666666666666666,1.032258064516129,7,0
2016,DET,JoneMa02,Marvin Jones,WR,26.47501711156742,pre2020,5,20.8,Questionable,Full,Foot / Toe,ankle_foot,0,2,8.666666666666666,1.0319148936170213,7,0
2016,DET,JoneMa02,Marvin Jones,WR,26.47501711156742,pre2020,9,15.7375,None,Full,Foot / Toe,ankle_foot,0,2,6.333333333333333,1.0929368029739777,7,0
2016,DET,RiddTh00,Theo Riddick,RB,25.3305954825462,pre2020,6,17.220000000000002,Out,DNP,Ankle,ankle_foot,0,1,18.0,0.9339622641509434,7,1
2016,DET,RiddTh00,Theo Riddick,RB,25.3305954825462,pre2020,7,17.220000000000002,Out,DNP,Ankle,ankle_foot,1,2,18.0,0.9339622641509434,7,1
2016,DET,RiddTh00,Theo Riddick,RB,25.3305954825462,pre2020,8,17.220000000000002,None,Full,Ankle,ankle_foot,1,3,18.0,0.9339622641509434,7,0
2016,DET,RiddTh00,Theo Riddick,RB,25.3305954825462,pre2020,9,18.900000000000002,Questionable,Limited,Ankle,ankle_foot,0,4,19.0,1.197183098591549,7,0
2016,DET,RiddTh00,Theo Riddick,RB,25.3305954825462,pre2020,11,17.428571428571427,Questionable,Limited,Ankle,ankle_foot,0,5,18.666666666666668,0.9051724137931033,14,0
2016,DET,RiddTh00,Theo Riddick,RB,25.3305954825462,pre2020,12,17.2875,Questionable,Limited,Ankle,ankle_foot,0,6,17.666666666666668,0.7873303167420813,4,0
2016,DET,RiddTh00,Theo Riddick,RB,25.3305954825462,pre2020,13,16.56666666666667,Questionable,Limited,Ankle,ankle_foot,0,7,15.0,1.1126760563380282,10,0
2016,DET,RiddTh00,Theo Riddick,RB,25.3305954825462,pre2020,14,16.18,Questionable,Limited,Hand / Wrist,other,0,8,12.666666666666666,0.6811594202898551,7,1
2016,DET,RiddTh00,Theo Riddick,RB,25.3305954825462,pre2020,15,16.18,Doubtful,DNP,Hand / Wrist,other,1,9,12.666666666666666,0.6811594202898551,7,1
2016,DET,RiddTh00,Theo Riddick,RB,25.3305954825462,pre2020,16,16.18,Doubtful,DNP,Hand / Wrist,other,1,10,12.666666666666666,0.6811594202898551,8,1
2016,DET,RiddTh00,Theo Riddick,RB,25.3305954825462,pre2020,17,16.18,Out,DNP,Hand / Wrist,other,1,11,12.666666666666666,0.6811594202898551,6,1
2016,DET,StafMa00,Matthew Stafford,QB,28.566735112936346,pre2020,15,18.244615384615386,None,Full,Hand / Wrist,other,0,1,42.666666666666664,1.0,7,0
2016,DET,StafMa00,Matthew Stafford,QB,28.566735112936346,pre2020,16,17.67142857142857,None,Full,Hand / Wrist,other,0,2,41.666666666666664,1.0,8,0
2016,DET,TateGo00,Golden Tate,WR,28.082135523613964,pre2020,1,13.0875,Questionable,Full,Ankle,ankle_foot,0,1,,,7,0
2016,GB,CobbRa00,Randall Cobb,WR,26.028747433264886,pre2020,8,15.516666666666667,Questionable,Limited,Hamstring,soft_tissue,0,3,14.333333333333334,1.2107623318385652,10,1
2016,GB,CobbRa00,Randall Cobb,WR,26.028747433264886,pre2020,9,15.516666666666667,Questionable,Limited,Hamstring,soft_tissue,1,4,14.333333333333334,1.2107623318385652,7,0
2016,GB,CobbRa00,Randall Cobb,WR,26.028747433264886,pre2020,10,14.642857142857142,None,Limited,Hamstring,soft_tissue,0,5,11.0,0.42127659574468085,7,0
2016,GB,CobbRa00,Randall Cobb,WR,26.028747433264886,pre2020,11,13.700000000000001,None,Limited,Hamstring,soft_tissue,0,6,10.0,1.0402010050251254,7,0
2016,GB,MichCh00,Christine Michael,RB,25.812457221081452,pre2020,10,14.1125,Questionable,Limited,Hamstring,soft_tissue,1,1,,,7,1
2016,GB,RodgAa00,Aaron Rodgers,QB,32.7501711156742,pre2020,13,23.587272727272726,Questionable,Limited,Hamstring,soft_tissue,0,1,47.666666666666664,1.0380622837370244,6,0
2016,GB,RodgAa00,Aaron Rodgers,QB,32.7501711156742,pre2020,14,22.951666666666668,None,Limited,Hamstring,soft_tissue,0,2,40.666666666666664,1.0380622837370244,7,0
2016,GB,RodgAa00,Aaron Rodgers,QB,32.7501711156742,pre2020,15,22.82,Questionable,DNP,Lower Leg,soft_tissue,0,3,34.666666666666664,0.826530612244898,7,0
2016,GB,RodgAa00,Aaron Rodgers,QB,32.7501711156742,pre2020,16,22.045714285714286,None,Full,Lower Leg,soft_tissue,0,4,31.0,1.0676156583629894,6,0
2016,GB,RodgAa00,Aaron Rodgers,QB,32.7501711156742,pre2020,17,23.054666666666666,None,Full,Lower Leg,soft_tissue,0,5,33.333333333333336,1.0142348754448398,8,0
2016,HOU,FullWi01,Will Fuller,WR,22.379192334017795,pre2020,6,14.14,Questionable,Limited,Hamstring,soft_tissue,0,1,7.333333333333333,1.079136690647482,7,1
2016,HOU,FullWi01,Will Fuller,WR,22.379192334017795,pre2020,7,14.14,None,Full,Hamstring,soft_tissue,1,2,7.333333333333333,1.079136690647482,8,0
2016,HOU,HopkDe00,DeAndre Hopkins,WR,24.238193018480494,pre2020,7,14.066666666666668,None,Full,Hamstring,soft_tissue,0,1,10.0,1.0171232876712328,8,0
2016,HOU,MillLa01,Lamar Miller,RB,25.35523613963039,pre2020,8,14.542857142857143,Questionable,Limited,Shoulder,other,0,1,18.0,0.5764192139737991,6,0
2016,HOU,MillLa01,Lamar Miller,RB,25.35523613963039,pre2020,10,14.5125,None,Full,Shoulder,other,0,2,21.0,0.7616580310880829,14,0
2016,HOU,MillLa01,Lamar Miller,RB,25.35523613963039,pre2020,11,13.822222222222223,None,Limited,Ankle,ankle_foot,0,3,16.666666666666668,0.6477272727272727,8,0
2016,HOU,MillLa01,Lamar Miller,RB,25.35523613963039,pre2020,12,14.37,None,Limited,Ankle,ankle_foot,0,4,20.666666666666668,1.7175572519083968,6,0
2016,HOU,MillLa01,Lamar Miller,RB,25.35523613963039,pre2020,13,13.836363636363636,None,Limited,Ankle,ankle_foot,0,5,21.666666666666668,1.296296296296296,7,0
2016,HOU,MillLa01,Lamar Miller,RB,25.35523613963039,pre2020,14,12.916666666666666,None,Limited,Ankle,ankle_foot,0,6,21.666666666666668,0.7704918032786885,7,0
2016,HOU,MillLa01,Lamar Miller,RB,25.35523613963039,pre2020,15,13.400000000000002,None,Limited,Ankle,ankle_foot,0,7,20.0,0.71875,7,0
2016,HOU,MillLa01,Lamar Miller,RB,25.35523613963039,pre2020,16,13.65,Questionable,DNP,Ankle,ankle_foot,0,8,20.333333333333332,1.049079754601227,6,1
2016,HOU,MillLa01,Lamar Miller,RB,25.35523613963039,pre2020,17,13.65,Out,DNP,Ankle,ankle_foot,1,9,20.333333333333332,1.049079754601227,8,1
2016,IND,GoreFr00,Frank Gore,RB,33.30321697467488,pre2020,5,15.725000000000001,None,Full,Chest / Ribs,other,0,3,20.666666666666668,0.7500000000000001,7,0
2016,IND,HiltT.00,T.Y. Hilton,WR,26.798083504449007,pre2020,2,13.384375,None,Full,Knee,knee,0,1,12.0,,7,0
2016,IND,HiltT.00,T.Y. Hilton,WR,26.798083504449007,pre2020,4,16.653125000000003,None,Full,Knee,knee,0,3,11.333333333333334,0.9347826086956522,7,0
2016,IND,HiltT.00,T.Y. Hilton,WR,26.798083504449007,pre2020,6,20.740000000000002,Questionable,Full,Hip / Groin,soft_tissue,0,1,10.666666666666666,1.0,7,0
2016,IND,HiltT.00,T.Y. Hilton,WR,26.798083504449007,pre2020,7,18.6,Questionable,Full,Hip / Groin,soft_tissue,0,2,10.0,1.0919117647058825,7,0
2016,IND,HiltT.00,T.Y. Hilton,WR,26.798083504449007,pre2020,8,19.7,None,Full,Hip / Groin,soft_tissue,0,3,10.666666666666666,1.0210526315789474,7,0
2016,IND,HiltT.00,T.Y. Hilton,WR,26.798083504449007,pre2020,9,17.6125,None,Full,Hamstring,soft_tissue,0,4,9.0,0.86013986013986,7,0
2016,IND,HiltT.00,T.Y. Hilton,WR,26.798083504449007,pre2020,13,16.745454545454546,Questionable,Full,Back,other,0,1,7.333333333333333,0.46875,11,0
2016,IND,HiltT.00,T.Y. Hilton,WR,26.798083504449007,pre2020,14,17.316666666666666,None,DNP,Back,other,0,2,8.0,0.8831775700934579,6,0
2016,IND,HiltT.00,T.Y. Hilton,WR,26.798083504449007,pre2020,15,18.023076923076925,None,Full,Back,other,0,3,9.333333333333334,1.5,7,0
2016,IND,LuckAn00,Andrew Luck,QB,26.97056810403833,pre2020,1,18.69142857142857,None,Full,Shoulder,other,0,1,,,7,0
2016,IND,LuckAn00,Andrew Luck,QB,26.97056810403833,pre2020,2,22.893571428571427,None,Full,Shoulder,other,0,2,50.0,,7,0
2016,IND,LuckAn00,Andrew Luck,QB,26.97056810403833,pre2020,3,20.740714285714283,Questionable,Full,Shoulder,other,0,3,46.5,1.0,7,0
2016,IND,LuckAn00,Andrew Luck,QB,26.97056810403833,pre2020,4,19.377857142857142,None,Limited,Shoulder,other,0,4,43.333333333333336,0.99,7,0
2016,IND,LuckAn00,Andrew Luck,QB,26.97056810403833,pre2020,5,19.12,None,Full,Shoulder,other,0,5,42.0,1.0033444816053512,7,0
2016,IND,LuckAn00,Andrew Luck,QB,26.97056810403833,pre2020,6,19.732,None,Full,Shoulder,other,0,6,42.333333333333336,1.0033444816053512,7,0
2016,IND,LuckAn00,Andrew Luck,QB,26.97056810403833,pre2020,7,20.34,None,Full,Ankle,ankle_foot,0,7,43.0,1.0033444816053512,7,0
2016,IND,LuckAn00,Andrew Luck,QB,26.97056810403833,pre2020,8,21.40857142857143,None,Full,Shoulder,other,0,8,42.333333333333336,1.0,7,0
2016,IND,LuckAn00,Andrew Luck,QB,26.97056810403833,pre2020,9,21.0325,None,Full,Shoulder,other,0,9,42.333333333333336,1.0,7,0
2016,IND,LuckAn00,Andrew Luck,QB,26.97056810403833,pre2020,11,20.11111111111111,None,Full,Shoulder,other,0,10,43.666666666666664,1.0,14,0
2016,IND,LuckAn00,Andrew Luck,QB,26.97056810403833,pre2020,12,19.968,Out,DNP,Head / Concussion,concussion,0,11,41.0,1.0,4,1
2016,IND,LuckAn00,Andrew Luck,QB,26.97056810403833,pre2020,13,19.968,None,Full,Shoulder,other,1,12,41.0,1.0,11,0
2016,IND,LuckAn00,Andrew Luck,QB,26.97056810403833,pre2020,14,20.854545454545455,None,Limited,Shoulder,other,0,13,36.666666666666664,0.79,6,0
2016,IND,LuckAn00,Andrew Luck,QB,26.97056810403833,pre2020,15,20.470000000000002,None,Full,Shoulder,other,0,14,38.0,1.075268817204301,7,0
2016,IND,LuckAn00,Andrew Luck,QB,26.97056810403833,pre2020,16,20.341538461538462,None,Full,Shoulder,other,0,15,35.666666666666664,1.0,6,0
2016,IND,LuckAn00,Andrew Luck,QB,26.97056810403833,pre2020,17,20.654285714285717,None,Full,Shoulder,other,0,16,36.333333333333336,1.102941176470588,8,0
2016,JAX,IvorCh00,Chris Ivory,RB,28.44626967830253,pre2020,1,13.513333333333334,Questionable,Limited,Lower Leg,soft_tissue,0,1,,,7,1
2016,JAX,ThomJu00,Julius Thomas,TE,28.18069815195072,pre2020,2,11.94375,None,Full,Ankle,ankle_foot,0,1,5.0,,7,0
2016,KC,KelcTr00,Travis Kelce,TE,26.90759753593429,pre2020,13,13.090909090909092,None,Full,Shoulder,other,0,1,10.333333333333334,1.0833333333333335,7,0
2016,LA,BritKe00,Kenny Britt,WR,27.95071868583162,pre2020,16,13.835714285714285,None,Full,Shoulder,other,0,1,8.666666666666666,0.8150943396226416,9,0
2016,LA,BritKe00,Kenny Britt,WR,27.95071868583162,pre2020,17,13.08,Doubtful,DNP,Shoulder,other,0,2,8.0,0.6411290322580646,8,1
2016,LA,GurlTo01,Todd Gurley,RB,22.080766598220396,pre2020,10,13.1875,Questionable,Full,Quad / Thigh,soft_tissue,0,1,19.0,0.870967741935484,7,0
2016,LA,GurlTo01,Todd Gurley,RB,22.080766598220396,pre2020,11,12.633333333333333,Questionable,Limited,Quad / Thigh,soft_tissue,0,2,20.333333333333332,0.9289340101522843,7,0
2016,MIA,AjayJa00,Jay Ajayi,RB,23.21423682409309,pre2020,17,14.6,Questionable,Full,Shoulder,other,0,1,25.0,1.0227272727272727,8,0
2016,MIA,FostAr00,Arian Foster,RB,30.023271731690624,pre2020,2,13.0,Questionable,Full,Hamstring,soft_tissue,0,1,18.0,,7,0
2016,MIA,LandJa00,Jarvis Landry,WR,23.759069130732374,pre2020,4,19.552500000000002,Questionable,Limited,Shoulder,other,0,1,12.333333333333334,1.0421052631578949,4,0
2016,MIA,LandJa00,Jarvis Landry,WR,23.759069130732374,pre2020,10,14.662500000000001,Questionable,Limited,Shoulder,other,0,1,7.666666666666667,1.021505376344086,7,0
2016,MIA,LandJa00,Jarvis Landry,WR,23.759069130732374,pre2020,11,14.288888888888888,Questionable,Full,Shoulder,other,0,2,6.666666666666667,1.032258064516129,7,0
2016,MIA,LandJa00,Jarvis Landry,WR,23.759069130732374,pre2020,12,14.24,Questionable,Limited,Shoulder,other,0,3,5.666666666666667,0.9507042253521127,7,0
2016,MIN,DiggSt00,Stefon Diggs,WR,22.757015742642025,pre2020,3,18.342307692307692,None,DNP,Hip / Groin,soft_tissue,0,1,10.5,0.9887640449438202,7,0
2016,MIN,DiggSt00,Stefon Diggs,WR,22.757015742642025,pre2020,4,17.471153846153847,None,Full,Hip / Groin,soft_tissue,0,2,9.333333333333334,1.0056497175141244,8,0
2016,MIN,DiggSt00,Stefon Diggs,WR,22.757015742642025,pre2020,5,17.0,Doubtful,DNP,Hip / Groin,soft_tissue,0,3,8.666666666666666,1.0488721804511278,6,1
2016,MIN,DiggSt00,Stefon Diggs,WR,22.757015742642025,pre2020,7,17.0,Questionable,Full,Hip / Groin,soft_tissue,1,4,8.666666666666666,1.0488721804511278,14,0
2016,MIN,DiggSt00,Stefon Diggs,WR,22.757015742642025,pre2020,12,17.18888888888889,Questionable,DNP,Knee,knee,0,1,12.333333333333334,0.8987854251012146,4,1
2016,MIN,DiggSt00,Stefon Diggs,WR,22.757015742642025,pre2020,13,17.18888888888889,Questionable,Full,Knee,knee,1,2,12.333333333333334,0.8987854251012146,7,0
2016,MIN,DiggSt00,Stefon Diggs,WR,22.757015742642025,pre2020,14,16.860000000000003,None,Full,Knee,knee,0,3,10.0,1.012987012987013,10,0
2016,MIN,DiggSt00,Stefon Diggs,WR,22.757015742642025,pre2020,15,16.1,None,Full,Knee,knee,0,4,6.666666666666667,0.7631578947368419,7,0
2016,MIN,DiggSt00,Stefon Diggs,WR,22.757015742642025,pre2020,16,15.033333333333333,Questionable,Full,Hip / Groin,soft_tissue,0,5,6.0,1.1999999999999997,6,0
2016,MIN,DiggSt00,Stefon Diggs,WR,22.757015742642025,pre2020,17,14.86923076923077,Doubtful,DNP,Hip / Groin,soft_tissue,0,6,5.333333333333333,0.9954545454545455,8,1
2016,MIN,PeteAd01,Adrian Peterson,RB,31.449691991786448,pre2020,2,12.995312499999999,None,Full,Ankle,ankle_foot,0,1,21.0,,7,0
2016,MIN,RudoKy00,Kyle Rudolph,TE,26.811772758384667,pre2020,5,14.775,None,Full,Chest / Ribs,other,0,1,8.333333333333334,1.0210526315789472,6,0
2016,NE,BennMa00,Martellus Bennett,TE,29.481177275838466,pre2020,6,15.4,Questionable,Limited,Ankle,ankle_foot,0,1,6.0,0.7472924187725631,7,0
2016,NE,BennMa00,Martellus Bennett,TE,29.481177275838466,pre2020,7,14.466666666666667,Questionable,Limited,Ankle,ankle_foot,0,2,6.333333333333333,0.6829268292682927,7,0
2016,NE,BennMa00,Martellus Bennett,TE,29.481177275838466,pre2020,8,12.614285714285714,Questionable,Limited,Ankle,ankle_foot,0,3,5.0,0.7794117647058824,7,0
2016,NE,BennMa00,Martellus Bennett,TE,29.481177275838466,pre2020,10,11.975,Questionable,Limited,Ankle,ankle_foot,0,4,4.0,1.0112359550561796,14,0
2016,NE,BennMa00,Martellus Bennett,TE,29.481177275838466,pre2020,11,12.555555555555555,Questionable,Limited,Ankle,ankle_foot,0,5,4.666666666666667,1.1538461538461537,7,0
2016,NE,BennMa00,Martellus Bennett,TE,29.481177275838466,pre2020,12,11.540000000000001,Questionable,Limited,Ankle,ankle_foot,0,6,4.666666666666667,1.6179775280898878,7,0
2016,NE,BlouLe00,LeGarrette Blount,RB,29.741273100616016,pre2020,5,15.15,Questionable,Limited,Hip / Groin,soft_tissue,0,1,23.0,0.8350515463917527,7,0
2016,NE,BlouLe00,LeGarrette Blount,RB,29.741273100616016,pre2020,6,14.059999999999999,Questionable,Limited,Hip / Groin,soft_tissue,0,2,19.333333333333332,0.6190476190476191,7,0
2016,NE,BradTo00,Tom Brady,QB,39.08008213552361,pre2020,12,24.150000000000002,Questionable,Limited,Knee,knee,0,1,38.333333333333336,1.0204081632653061,7,0
2016,NE,BradTo00,Tom Brady,QB,39.08008213552361,pre2020,13,23.419999999999998,Questionable,Limited,Knee,knee,0,2,44.666666666666664,1.0204081632653061,7,0
2016,NE,BradTo00,Tom Brady,QB,39.08008213552361,pre2020,16,21.236,Questionable,Limited,Quad / Thigh,soft_tissue,0,1,40.333333333333336,1.0,6,0
2016,NE,BradTo00,Tom Brady,QB,39.08008213552361,pre2020,17,21.174545454545456,Questionable,Limited,Quad / Thigh,soft_tissue,0,2,33.0,0.8,8,0
2016,NE,GaroJi00,Jimmy Garoppolo,QB,24.83230663928816,pre2020,4,18.17,Questionable,Limited,Shoulder,other,1,2,31.5,0.52,10,1
2016,NE,GaroJi00,Jimmy Garoppolo,QB,24.83230663928816,pre2020,5,18.17,Questionable,Limited,Shoulder,other,1,3,31.5,0.52,7,0
2016,NE,GronRo00,Rob Gronkowski,TE,27.301848049281315,pre2020,1,17.04,Questionable,Limited,Hamstring,soft_tissue,0,1,,,7,1
2016,NE,GronRo00,Rob Gronkowski,TE,27.301848049281315,pre2020,2,17.04,Questionable,Limited,Hamstring,soft_tissue,1,2,,,7,1
2016,NE,GronRo00,Rob Gronkowski,TE,27.301848049281315,pre2020,3,17.04,Questionable,Limited,Hamstring,soft_tissue,1,3,,,4,0
2016,NE,GronRo00,Rob Gronkowski,TE,27.301848049281315,pre2020,4,12.78,Questionable,Limited,Hamstring,soft_tissue,0,4,1.0,,10,0
2016,NE,GronRo00,Rob Gronkowski,TE,27.301848049281315,pre2020,11,13.857142857142858,Out,DNP,Chest / Ribs,other,0,1,5.666666666666667,0.940959409594096,7,1
2016,NE,GronRo00,Rob Gronkowski,TE,27.301848049281315,pre2020,12,13.857142857142858,Questionable,Limited,Chest / Ribs,other,1,2,5.666666666666667,0.940959409594096,7,0
2016,NE,GronRo00,Rob Gronkowski,TE,27.301848049281315,pre2020,13,12.125,Out,DNP,Back,other,0,3,5.0,0.11235955056179776,7,1
2016,NO,IngrMa01,Mark Ingram,RB,26.69678302532512,pre2020,12,13.720000000000002,Questionable,Limited,Head / Concussion,concussion,0,1,13.666666666666666,1.146067415730337,10,0
2016,NO,IngrMa01,Mark Ingram,RB,26.69678302532512,pre2020,13,15.172727272727274,Questionable,Limited,Foot / Toe,ankle_foot,0,2,13.333333333333334,1.4869565217391303,7,0
2016,NO,IngrMa01,Mark Ingram,RB,26.69678302532512,pre2020,14,14.766666666666667,Questionable,Limited,Foot / Toe,ankle_foot,0,3,13.0,0.7611940298507465,7,0
2016,NO,IngrMa01,Mark Ingram,RB,26.69678302532512,pre2020,15,13.884615384615385,None,Limited,Foot / Toe,ankle_foot,0,4,12.333333333333334,0.72,7,0
2016,NO,SneaWi00,Willie Snead,WR,23.874058863791923,pre2020,3,18.263333333333335,Questionable,Limited,Foot / Toe,ankle_foot,0,1,8.5,1.16,8,1
2016,NO,SneaWi00,Willie Snead,WR,23.874058863791923,pre2020,4,18.263333333333335,Questionable,Limited,Foot / Toe,ankle_foot,1,2,8.5,1.16,6,0
2016,NO,ThomMi05,Michael Thomas,WR,23.498973305954827,pre2020,9,15.714285714285714,None,Limited,Ankle,ankle_foot,0,1,8.0,1.038961038961039,7,0
2016,NO,ThomMi05,Michael Thomas,WR,23.498973305954827,pre2020,14,15.841666666666667,Questionable,Limited,Foot / Toe,ankle_foot,0,1,6.666666666666667,1.094420600858369,7,1
2016,NO,ThomMi05,Michael Thomas,WR,23.498973305954827,pre2020,15,15.841666666666667,None,Full,Foot / Toe,ankle_foot,1,2,6.666666666666667,1.094420600858369,7,0
2016,NYG,BeckOd00,Odell Beckham Jr.,WR,23.822039698836413,pre2020,7,18.183333333333334,None,Limited,Hip / Groin,soft_tissue,0,1,10.333333333333334,0.82,7,0
2016,NYG,BeckOd00,Odell Beckham Jr.,WR,23.822039698836413,pre2020,9,17.000000000000004,None,Limited,Hip / Groin,soft_tissue,0,2,10.333333333333334,1.0106382978723405,14,0
2016,NYJ,DeckEr00,Eric Decker,WR,29.467488021902806,pre2020,3,17.498333333333335,None,Full,Shoulder,other,0,1,7.5,0.9797979797979798,10,0
2016,NYJ,DeckEr00,Eric Decker,WR,29.467488021902806,pre2020,4,14.311666666666667,Out,DNP,Shoulder,other,0,2,7.0,1.0204081632653061,7,1
2016,NYJ,DeckEr00,Eric Decker,WR,29.467488021902806,pre2020,5,14.311666666666667,Out,DNP,Shoulder,other,1,3,7.0,1.0204081632653061,7,1
2016,NYJ,EnunQu00,Quincy Enunwa,WR,24.254620123203285,pre2020,5,13.325,Questionable,DNP,Knee,knee,0,1,8.0,1.2103004291845492,7,0
2016,NYJ,EnunQu00,Quincy Enunwa,WR,24.254620123203285,pre2020,9,13.025,None,Full,Ankle,ankle_foot,0,1,6.666666666666667,1.008298755186722,7,0
2016,NYJ,FortMa00,Matt Forte,RB,30.72689938398357,pre2020,3,21.107692307692307,None,Full,Knee,knee,0,1,31.0,1.0657894736842106,10,0
2016,NYJ,FortMa00,Matt Forte,RB,30.72689938398357,pre2020,4,19.078846153846154,None,Full,Knee,knee,0,2,27.0,0.7643312101910827,7,0
2016,NYJ,FortMa00,Matt Forte,RB,30.72689938398357,pre2020,5,16.525,None,Full,Knee,knee,0,3,23.0,0.663594470046083,7,0
2016,NYJ,FortMa00,Matt Forte,RB,30.72689938398357,pre2020,6,14.819999999999999,None,Full,Knee,knee,0,4,16.666666666666668,1.0158730158730158,8,0
2016,NYJ,FortMa00,Matt Forte,RB,30.72689938398357,pre2020,7,12.883333333333333,None,Full,Knee,knee,0,5,14.333333333333334,0.6802325581395349,6,0
2016,NYJ,FortMa00,Matt Forte,RB,30.72689938398357,pre2020,8,15.242857142857142,None,Full,Knee,knee,0,6,20.0,1.66887417218543,7,0
2016,NYJ,FortMa00,Matt Forte,RB,30.72689938398357,pre2020,9,16.3125,None,Full,Knee,knee,0,7,24.666666666666668,0.962566844919786,7,0
2016,NYJ,FortMa00,Matt Forte,RB,30.72689938398357,pre2020,10,16.355555555555554,None,Full,Knee,knee,0,8,25.333333333333332,0.9016393442622952,7,0
2016,NYJ,FortMa00,Matt Forte,RB,30.72689938398357,pre2020,12,16.009999999999998,None,Full,Knee,knee,0,9,21.666666666666668,0.8592964824120602,14,0
2016,NYJ,FortMa00,Matt Forte,RB,30.72689938398357,pre2020,13,15.281818181818181,None,Full,Knee,knee,0,10,18.0,0.9418604651162793,8,0
2016,NYJ,FortMa00,Matt Forte,RB,30.72689938398357,pre2020,14,14.916666666666666,None,Full,Knee,knee,0,11,17.666666666666668,0.8313253012048193,6,0
2016,NYJ,FortMa00,Matt Forte,RB,30.72689938398357,pre2020,15,13.830769230769231,Questionable,Limited,Knee,knee,0,12,11.0,0.13375796178343952,6,0
2016,NYJ,FortMa00,Matt Forte,RB,30.72689938398357,pre2020,16,13.114285714285714,Doubtful,DNP,Knee,knee,0,13,7.0,0.4766355140186916,7,1
2016,NYJ,FortMa00,Matt Forte,RB,30.72689938398357,pre2020,17,13.114285714285714,Out,DNP,Knee,knee,1,14,7.0,0.4766355140186916,8,1
2016,NYJ,MarsBr00,Brandon Marshall,WR,32.4435318275154,pre2020,1,21.2,None,Full,Hip / Groin,soft_tissue,0,1,,,7,0
2016,NYJ,MarsBr00,Brandon Marshall,WR,32.4435318275154,pre2020,2,17.45,None,Full,Hip / Groin,soft_tissue,0,2,8.0,,4,0
2016,NYJ,MarsBr00,Brandon Marshall,WR,32.4435318275154,pre2020,3,16.175,Questionable,Limited,Foot / Toe,ankle_foot,0,3,8.5,0.9583333333333334,10,0
2016,NYJ,MarsBr00,Brandon Marshall,WR,32.4435318275154,pre2020,6,14.459999999999999,None,Full,Foot / Toe,ankle_foot,0,6,12.333333333333334,1.0467625899280575,8,0
2016,NYJ,PoweBi00,Bilal Powell,RB,27.8466803559206,pre2020,17,11.620000000000001,Questionable,Limited,Knee,knee,0,1,26.666666666666668,0.7599999999999999,8,0
2016,OAK,CarrDe02,Derek Carr,QB,25.43189596167009,pre2020,13,19.054545454545455,None,Full,Hand / Wrist,other,0,1,37.0,0.95,7,0
2016,OAK,CarrDe02,Derek Carr,QB,25.43189596167009,pre2020,15,18.106153846153845,None,Full,Hand / Wrist,other,0,1,41.0,1.0169491525423728,10,0
2016,OAK,CarrDe02,Derek Carr,QB,25.43189596167009,pre2020,17,17.898666666666667,Out,DNP,Ankle,ankle_foot,0,3,36.666666666666664,0.83,8,1
2016,OAK,CoopAm00,Amari Cooper,WR,22.209445585215605,pre2020,9,18.3375,Questionable,Limited,Back,other,0,1,11.0,1.017667844522968,7,0
2016,OAK,CoopAm00,Amari Cooper,WR,22.209445585215605,pre2020,11,17.58888888888889,Questionable,Limited,Back,other,0,2,9.333333333333334,0.7862068965517242,15,0
2016,OAK,CoopAm00,Amari Cooper,WR,22.209445585215605,pre2020,15,15.538461538461538,Questionable,Limited,Shoulder,other,0,1,7.333333333333333,1.125,10,0
2016,OAK,CoopAm00,Amari Cooper,WR,22.209445585215605,pre2020,16,14.700000000000001,Questionable,Limited,Shoulder,other,0,2,6.0,0.8661971830985915,6,0
2016,OAK,CoopAm00,Amari Cooper,WR,22.209445585215605,pre2020,17,14.56,Questionable,Limited,Shoulder,other,0,3,6.666666666666667,0.8888888888888891,8,0
2016,OAK,CrabMi00,Michael Crabtree,WR,28.966461327857633,pre2020,12,15.01,Questionable,Limited,Ankle,ankle_foot,0,1,9.666666666666666,1.088235294117647,6,0
2016,OAK,CrabMi00,Michael Crabtree,WR,28.966461327857633,pre2020,13,15.372727272727273,Questionable,Limited,Ankle,ankle_foot,0,2,8.666666666666666,1.263157894736842,7,0
2016,OAK,CrabMi00,Michael Crabtree,WR,28.966461327857633,pre2020,15,15.046153846153846,Questionable,Limited,Hand / Wrist,other,0,1,10.333333333333334,1.0537190082644627,10,0
2016,OAK,CrabMi00,Michael Crabtree,WR,28.966461327857633,pre2020,16,15.257142857142856,Questionable,Limited,Hand / Wrist,other,0,2,8.666666666666666,0.8656126482213438,6,0
2016,OAK,CrabMi00,Michael Crabtree,WR,28.966461327857633,pre2020,17,15.306666666666667,Questionable,Limited,Ankle,ankle_foot,0,3,8.333333333333334,0.6428571428571429,8,0
2016,OAK,MurrLa00,Latavius Murray,RB,26.62012320328542,pre2020,5,12.875,Out,DNP,Foot / Toe,ankle_foot,0,1,11.666666666666666,1.082278481012658,7,1
2016,OAK,MurrLa00,Latavius Murray,RB,26.62012320328542,pre2020,6,12.875,Out,DNP,Foot / Toe,ankle_foot,1,2,11.666666666666666,1.082278481012658,7,1
2016,OAK,MurrLa00,Latavius Murray,RB,26.62012320328542,pre2020,7,12.875,Questionable,Limited,Foot / Toe,ankle_foot,1,3,11.666666666666666,1.082278481012658,7,0
2016,OAK,MurrLa00,Latavius Murray,RB,26.62012320328542,pre2020,11,16.514285714285716,Questionable,Limited,Ankle,ankle_foot,0,1,20.666666666666668,0.9607843137254903,15,0
2016,OAK,MurrLa00,Latavius Murray,RB,26.62012320328542,pre2020,12,16.225,Questionable,Limited,Ankle,ankle_foot,0,2,18.666666666666668,1.1379310344827587,6,0
2016,OAK,MurrLa00,Latavius Murray,RB,26.62012320328542,pre2020,13,16.400000000000002,Questionable,Limited,Ankle,ankle_foot,0,3,20.333333333333332,1.3943661971830987,7,0
2016,PHI,ErtzZa00,Zach Ertz,TE,25.809719370294317,pre2020,2,11.465,Out,DNP,Chest / Ribs,other,0,1,7.0,,8,1
2016,PHI,ErtzZa00,Zach Ertz,TE,25.809719370294317,pre2020,3,11.465,Out,DNP,Chest / Ribs,other,1,2,7.0,,6,1
2016,PHI,MattJo00,Jordan Matthews,WR,24.128678986995208,pre2020,7,13.680000000000001,None,Full,Knee,knee,0,1,4.666666666666667,0.996389891696751,7,0
2016,PHI,MattJo00,Jordan Matthews,WR,24.128678986995208,pre2020,8,12.066666666666668,None,Full,Knee,knee,0,2,5.0,0.8666666666666667,7,0
2016,PHI,MattJo00,Jordan Matthews,WR,24.128678986995208,pre2020,11,13.777777777777779,Questionable,Full,Back,other,0,1,11.666666666666666,1.1220472440944882,7,0
2016,PHI,MattJo00,Jordan Matthews,WR,24.128678986995208,pre2020,13,13.054545454545455,Questionable,DNP,Ankle,ankle_foot,0,1,8.0,0.4505494505494505,6,1
2016,PHI,MattJo00,Jordan Matthews,WR,24.128678986995208,pre2020,14,13.054545454545455,Questionable,Full,Ankle,ankle_foot,1,2,8.0,0.4505494505494505,7,0
2016,PHI,MattJo00,Jordan Matthews,WR,24.128678986995208,pre2020,15,13.291666666666666,Questionable,Full,Ankle,ankle_foot,0,3,8.0,1.2819383259911894,7,0
2016,PHI,MattJo00,Jordan Matthews,WR,24.128678986995208,pre2020,16,12.938461538461537,Questionable,Full,Ankle,ankle_foot,0,4,8.333333333333334,1.1397379912663756,4,0
2016,PHI,MattJo00,Jordan Matthews,WR,24.128678986995208,pre2020,17,12.242857142857144,Questionable,Limited,Ankle,ankle_foot,0,5,9.0,0.9333333333333332,10,1
2016,PIT,BrowAn04,Antonio Brown,WR,28.145106091718002,pre2020,9,19.87142857142857,None,Full,Hip / Groin,soft_tissue,0,1,10.666666666666666,0.8526315789473684,14,0
2016,PIT,CoatSa00,Sammie Coates,WR,23.422313483915126,pre2020,6,14.719999999999999,Questionable,Limited,Hand / Wrist,other,0,1,8.0,1.0235294117647056,7,0
2016,PIT,RoetBe00,Ben Roethlisberger,QB,34.502395619438744,pre2020,7,20.2,Out,DNP,Knee,knee,0,1,36.333333333333336,0.9413793103448275,7,1
2016,PIT,RoetBe00,Ben Roethlisberger,QB,34.502395619438744,pre2020,9,20.2,Questionable,Limited,Knee,knee,1,2,36.333333333333336,0.9413793103448275,14,0
2016,PIT,RoetBe00,Ben Roethlisberger,QB,34.502395619438744,pre2020,10,20.00857142857143,None,Full,Knee,knee,0,3,43.0,1.0676156583629894,7,0
2016,PIT,WillDe02,DeAngelo Williams,RB,33.35523613963039,pre2020,7,12.600000000000001,Out,DNP,Knee,knee,0,3,3.3333333333333335,0.2954545454545455,7,1
2016,PIT,WillDe02,DeAngelo Williams,RB,33.35523613963039,pre2020,9,12.600000000000001,Questionable,Limited,Knee,knee,1,4,3.3333333333333335,0.2954545454545455,14,0
2016,SD,BenjTr00,Travis Benjamin,WR,26.67488021902806,pre2020,7,13.333333333333334,Questionable,Limited,Knee,knee,0,1,7.666666666666667,0.5327102803738317,10,0
2016,SD,BenjTr00,Travis Benjamin,WR,26.67488021902806,pre2020,9,12.850000000000001,Questionable,Full,Knee,knee,0,3,6.333333333333333,0.88125,7,0
2016,SD,GordMe00,Melvin Gordon,RB,23.38672142368241,pre2020,15,19.27692307692308,Out,DNP,Hip / Groin,soft_tissue,0,1,16.0,0.13284132841328414,7,1
2016,SD,GordMe00,Melvin Gordon,RB,23.38672142368241,pre2020,16,19.27692307692308,Out,DNP,Hip / Groin,soft_tissue,1,2,16.0,0.13284132841328414,6,1
2016,SD,GordMe00,Melvin Gordon,RB,23.38672142368241,pre2020,17,19.27692307692308,Out,DNP,Hip / Groin,soft_tissue,1,3,16.0,0.13284132841328414,8,1
2016,SD,WillTy00,Tyrell Williams,WR,24.553045859000683,pre2020,8,13.657142857142858,Questionable,Limited,Knee,knee,0,1,6.333333333333333,1.1186440677966103,7,0
2016,SD,WillTy00,Tyrell Williams,WR,24.553045859000683,pre2020,10,12.833333333333334,Questionable,Limited,Knee,knee,0,3,7.666666666666667,1.0512820512820513,7,0
2016,SD,WillTy00,Tyrell Williams,WR,24.553045859000683,pre2020,13,14.545454545454545,Questionable,Limited,Shoulder,other,0,1,10.666666666666666,1.056,7,0
2016,SD,WillTy00,Tyrell Williams,WR,24.553045859000683,pre2020,14,14.391666666666666,None,Full,Shoulder,other,0,2,9.666666666666666,1.0867924528301887,7,0
2016,SD,WillTy00,Tyrell Williams,WR,24.553045859000683,pre2020,15,13.961538461538462,None,Full,Shoulder,other,0,3,7.666666666666667,1.010752688172043,7,0
2016,SD,WillTy00,Tyrell Williams,WR,24.553045859000683,pre2020,16,13.392857142857142,None,Full,Shoulder,other,0,4,6.0,1.025179856115108,6,0
2016,SEA,BaldDo00,Doug Baldwin,WR,27.94524298425736,pre2020,3,15.703125000000002,None,Full,Knee,knee,0,1,8.5,1.0,7,0
2016,SEA,GrahJi00,Jimmy Graham,TE,29.77138945927447,pre2020,6,11.65,None,Full,Knee,knee,0,5,7.0,1.1823529411764704,14,0
2016,SEA,GrahJi00,Jimmy Graham,TE,29.77138945927447,pre2020,7,12.3,None,Full,Knee,knee,0,6,8.666666666666666,1.3194444444444442,7,0
2016,SEA,GrahJi00,Jimmy Graham,TE,29.77138945927447,pre2020,8,11.966666666666667,None,Full,Knee,knee,0,7,9.0,1.2707423580786026,7,0
2016,SEA,GrahJi00,Jimmy Graham,TE,29.77138945927447,pre2020,10,13.5625,None,Full,Knee,knee,0,9,7.666666666666667,0.9434628975265018,6,0
2016,SEA,GrahJi00,Jimmy Graham,TE,29.77138945927447,pre2020,11,13.033333333333335,None,Full,Knee,knee,0,10,5.666666666666667,1.03971119133574,7,0
2016,SEA,GrahJi00,Jimmy Graham,TE,29.77138945927447,pre2020,12,13.09,None,Full,Knee,knee,0,11,5.666666666666667,0.8152173913043479,7,0
2016,SEA,GrahJi00,Jimmy Graham,TE,29.77138945927447,pre2020,13,12.872727272727273,None,Full,Knee,knee,0,12,5.333333333333333,1.1538461538461537,7,0
2016,SEA,MichCh00,Christine Michael,RB,25.812457221081452,pre2020,10,14.1125,Questionable,Limited,Hamstring,soft_tissue,0,1,12.0,0.5757575757575757,6,0
2016,SEA,WilsRu00,Russell Wilson,QB,27.756331279945243,pre2020,2,18.7421875,None,Full,Ankle,ankle_foot,0,1,47.0,,7,0
2016,SF,HydeCa00,Carlos Hyde,RB,25.949349760438057,pre2020,7,16.416666666666668,Out,DNP,Shoulder,other,0,1,19.333333333333332,0.6610169491525424,7,1
2016,SF,HydeCa00,Carlos Hyde,RB,25.949349760438057,pre2020,9,16.416666666666668,Questionable,Limited,Shoulder,other,1,2,19.333333333333332,0.6610169491525424,14,1
2016,SF,HydeCa00,Carlos Hyde,RB,25.949349760438057,pre2020,10,16.416666666666668,Questionable,Limited,Shoulder,other,1,3,19.333333333333332,0.6610169491525424,7,0
2016,SF,HydeCa00,Carlos Hyde,RB,25.949349760438057,pre2020,11,14.27142857142857,None,Full,Shoulder,other,0,4,18.666666666666668,0.9262672811059909,7,0
2016,SF,KaepCo00,Colin Kaepernick,QB,28.829568788501028,pre2020,15,18.085,None,Full,Neck,other,0,1,32.0,1.079136690647482,7,0
2016,SF,KerlJe00,Jeremy Kerley,WR,27.813826146475016,pre2020,6,13.680000000000001,None,Full,Ankle,ankle_foot,0,2,9.666666666666666,1.2765957446808511,10,0
2016,TB,EvanMi00,Mike Evans,WR,23.030800821355236,pre2020,10,22.4375,None,Full,Head / Concussion,concussion,0,1,13.666666666666666,0.7380952380952381,10,0
2016,TB,MartDo00,Doug Martin,RB,27.633127994524298,pre2020,3,11.484375,Out,DNP,Hamstring,soft_tissue,0,1,15.0,0.23188405797101452,7,1
2016,TEN,MurrDe00,DeMarco Murray,RB,28.553045859000683,pre2020,9,21.1625,None,Full,Foot / Toe,ankle_foot,0,2,25.333333333333332,0.6397058823529411,10,0
2016,TEN,MurrDe00,DeMarco Murray,RB,28.553045859000683,pre2020,10,21.144444444444446,None,Full,Foot / Toe,ankle_foot,0,3,24.666666666666668,1.144578313253012,7,0
2016,TEN,MurrDe00,DeMarco Murray,RB,28.553045859000683,pre2020,11,21.830000000000002,None,Full,Foot / Toe,ankle_foot,0,4,21.333333333333332,0.927710843373494,7,0
2016,TEN,MurrDe00,DeMarco Murray,RB,28.553045859000683,pre2020,12,21.38181818181818,None,Full,Foot / Toe,ankle_foot,0,5,21.666666666666668,1.291304347826087,7,0
2016,TEN,WalkHu00,Delanie Walker,TE,32.054757015742645,pre2020,3,15.021666666666667,Questionable,DNP,Hamstring,soft_tissue,0,1,5.5,0.9629629629629629,7,1
2016,TEN,WalkHu00,Delanie Walker,TE,32.054757015742645,pre2020,4,15.021666666666667,Questionable,Limited,Hamstring,soft_tissue,1,2,5.5,0.9629629629629629,7,0
2016,TEN,WalkHu00,Delanie Walker,TE,32.054757015742645,pre2020,8,12.5,None,Full,Chest / Ribs,other,0,1,6.0,1.2265193370165746,4,0
2016,TEN,WalkHu00,Delanie Walker,TE,32.054757015742645,pre2020,9,12.4,Questionable,DNP,Hip / Groin,soft_tissue,0,2,5.333333333333333,0.9402985074626867,10,0
2016,TEN,WalkHu00,Delanie Walker,TE,32.054757015742645,pre2020,10,12.75,None,Full,Hip / Groin,soft_tissue,0,3,7.666666666666667,1.1650485436893205,7,0
2016,WAS,CrowJa00,Jamison Crowder,WR,23.208761122518823,pre2020,8,13.314285714285715,Questionable,Limited,Hip / Groin,soft_tissue,0,1,5.666666666666667,1.2032085561497325,7,0
2016,WAS,CrowJa00,Jamison Crowder,WR,23.208761122518823,pre2020,12,15.25,None,Full,Back,other,0,1,7.666666666666667,0.7909090909090908,4,0
2016,WAS,CrowJa00,Jamison Crowder,WR,23.208761122518823,pre2020,14,15.208333333333334,None,Full,Hip / Groin,soft_tissue,0,1,7.0,1.1690140845070423,7,0
2016,WAS,JackDe00,DeSean Jackson,WR,29.752224503764545,pre2020,4,13.916666666666668,None,Full,Knee,knee,0,2,7.666666666666667,0.9056603773584906,7,0
2016,WAS,ReedJo02,Jordan Reed,TE,26.16563997262149,pre2020,6,15.320000000000002,Questionable,DNP,Head / Concussion,concussion,0,1,9.333333333333334,1.0263157894736843,7,1
2016,WAS,ReedJo02,Jordan Reed,TE,26.16563997262149,pre2020,7,15.320000000000002,Out,DNP,Head / Concussion,concussion,1,2,9.333333333333334,1.0263157894736843,7,1
2016,WAS,ReedJo02,Jordan Reed,TE,26.16563997262149,pre2020,8,15.320000000000002,Questionable,Limited,Head / Concussion,concussion,1,3,9.333333333333334,1.0263157894736843,7,0
2016,WAS,ReedJo02,Jordan Reed,TE,26.16563997262149,pre2020,13,16.88888888888889,Out,DNP,Shoulder,other,0,1,7.333333333333333,0.6024590163934426,10,1
2016,WAS,ReedJo02,Jordan Reed,TE,26.16563997262149,pre2020,14,16.88888888888889,Questionable,Full,Shoulder,other,1,2,7.333333333333333,0.6024590163934426,7,0
2016,WAS,ReedJo02,Jordan Reed,TE,26.16563997262149,pre2020,15,15.4,Questionable,Limited,Shoulder,other,0,3,6.333333333333333,0.294392523364486,8,0
2016,WAS,ReedJo02,Jordan Reed,TE,26.16563997262149,pre2020,16,14.145454545454545,Questionable,DNP,Shoulder,other,0,4,4.666666666666667,0.5769230769230769,5,1
2016,WAS,ReedJo02,Jordan Reed,TE,26.16563997262149,pre2020,17,14.145454545454545,Questionable,Limited,Shoulder,other,1,5,4.666666666666667,0.5769230769230769,8,0
2017,ARI,NelsJJ00,JJ Nelson,WR,25.35523613963039,pre2020,3,14.542857142857141,Questionable,Limited,Hamstring,soft_tissue,0,1,6.5,1.9,8,0
2017,ATL,ColeTe01,Tevin Coleman,RB,24.37782340862423,pre2020,8,10.766666666666667,None,Full,Knee,knee,0,1,10.666666666666666,0.908256880733945,7,0
2017,ATL,ColeTe01,Tevin Coleman,RB,24.37782340862423,pre2020,15,11.292307692307693,Out,DNP,Head / Concussion,concussion,0,1,14.0,0.5485714285714286,11,1
2017,ATL,ColeTe01,Tevin Coleman,RB,24.37782340862423,pre2020,16,11.292307692307693,None,Full,Head / Concussion,concussion,1,2,14.0,0.5485714285714286,6,0
2017,ATL,FreeDe00,Devonta Freeman,RB,25.464750171115675,pre2020,9,14.785714285714286,None,Limited,Core / Abdomen,other,0,1,14.333333333333334,0.867298578199052,7,0
2017,ATL,FreeDe00,Devonta Freeman,RB,25.464750171115675,pre2020,10,14.2375,None,Full,Knee,knee,0,2,15.333333333333334,0.9855072463768118,7,0
2017,ATL,FreeDe00,Devonta Freeman,RB,25.464750171115675,pre2020,11,12.68888888888889,Out,DNP,Head / Concussion,concussion,0,3,11.0,0.04477611940298507,8,1
2017,ATL,FreeDe00,Devonta Freeman,RB,25.464750171115675,pre2020,12,12.68888888888889,Out,Limited,Head / Concussion,concussion,1,4,11.0,0.04477611940298507,6,1
2017,ATL,FreeDe00,Devonta Freeman,RB,25.464750171115675,pre2020,13,12.68888888888889,None,Full,Head / Concussion,concussion,1,5,11.0,0.04477611940298507,7,0
2017,ATL,JoneJu02,Julio Jones,WR,28.56125941136208,pre2020,4,15.26607142857143,None,Limited,Back,other,0,1,8.666666666666666,1.0365853658536583,7,0
2017,ATL,JoneJu02,Julio Jones,WR,28.56125941136208,pre2020,6,12.125,None,Limited,Hip / Groin,soft_tissue,0,2,8.333333333333334,0.24096385542168675,14,0
2017,ATL,JoneJu02,Julio Jones,WR,28.56125941136208,pre2020,10,14.350000000000001,None,Limited,Ankle,ankle_foot,0,1,10.333333333333334,0.8437499999999999,7,0
2017,ATL,JoneJu02,Julio Jones,WR,28.56125941136208,pre2020,11,14.055555555555555,None,Limited,Ankle,ankle_foot,0,2,8.666666666666666,0.7951807228915663,8,0
2017,ATL,JoneJu02,Julio Jones,WR,28.56125941136208,pre2020,12,13.86,None,Limited,Ankle,ankle_foot,0,3,10.0,1.0704845814977975,6,0
2017,ATL,JoneJu02,Julio Jones,WR,28.56125941136208,pre2020,13,17.21818181818182,None,Limited,Ankle,ankle_foot,0,4,11.333333333333334,1.0,7,0
2017,ATL,JoneJu02,Julio Jones,WR,28.56125941136208,pre2020,16,15.5,None,Limited,Ankle,ankle_foot,0,1,8.333333333333334,1.0133333333333334,6,0
2017,ATL,JoneJu02,Julio Jones,WR,28.56125941136208,pre2020,17,15.926666666666668,None,Limited,Ankle,ankle_foot,0,2,10.0,1.157894736842105,7,0
2017,ATL,SanuMo00,Mohamed Sanu,WR,28.027378507871322,pre2020,15,12.378333333333332,None,Limited,Knee,knee,0,1,7.333333333333333,0.9012345679012345,11,0
2017,ATL,SanuMo00,Mohamed Sanu,WR,28.027378507871322,pre2020,16,11.78,None,Full,Knee,knee,0,2,6.333333333333333,0.9125000000000001,6,0
2017,BAL,WestTe00,Terrance West,RB,26.5927446954141,pre2020,3,11.96875,Questionable,Full,Lower Leg,soft_tissue,0,1,15.0,0.5365853658536586,7,0
2017,BUF,ClayCh00,Charles Clay,TE,28.54757015742642,pre2020,2,10.635000000000002,None,Full,Shoulder,other,0,1,9.0,,7,0
2017,BUF,ClayCh00,Charles Clay,TE,28.54757015742642,pre2020,7,11.56,Out,DNP,Knee,knee,0,2,5.333333333333333,0.23456790123456792,14,1
2017,BUF,ClayCh00,Charles Clay,TE,28.54757015742642,pre2020,8,11.56,Out,DNP,Knee,knee,1,3,5.333333333333333,0.23456790123456792,7,1
2017,BUF,ClayCh00,Charles Clay,TE,28.54757015742642,pre2020,9,11.56,Out,DNP,Knee,knee,1,4,5.333333333333333,0.23456790123456792,4,1
2017,BUF,ClayCh00,Charles Clay,TE,28.54757015742642,pre2020,10,11.56,Questionable,Limited,Knee,knee,1,5,5.333333333333333,0.23456790123456792,10,0
2017,BUF,MattJo00,Jordan Matthews,WR,25.127994524298426,pre2020,1,12.242857142857144,None,Full,Chest / Ribs,other,0,1,,,7,0
2017,BUF,McCoLe01,LeSean McCoy,RB,29.138945927446954,pre2020,2,20.14,None,DNP,Hand / Wrist,other,0,2,28.0,,7,0
2017,BUF,McCoLe01,LeSean McCoy,RB,29.138945927446954,pre2020,3,17.743333333333332,None,Full,Hand / Wrist,other,0,3,23.5,1.0571428571428572,7,0
2017,BUF,McCoLe01,LeSean McCoy,RB,29.138945927446954,pre2020,4,16.246666666666666,None,Full,Hand / Wrist,other,0,4,22.666666666666668,0.9166666666666667,7,0
2017,BUF,McCoLe01,LeSean McCoy,RB,29.138945927446954,pre2020,5,14.725,None,Full,Hand / Wrist,other,0,5,21.0,1.0285714285714285,7,0
2017,BUF,McCoLe01,LeSean McCoy,RB,29.138945927446954,pre2020,13,16.3,None,DNP,Knee,knee,0,1,17.666666666666668,1.1170212765957448,7,0
2017,BUF,McCoLe01,LeSean McCoy,RB,29.138945927446954,pre2020,14,15.958333333333334,None,Full,Knee,knee,0,2,20.0,0.9891891891891893,7,0
2017,BUF,McCoLe01,LeSean McCoy,RB,29.138945927446954,pre2020,16,17.05,None,DNP,Knee,knee,0,4,25.666666666666668,0.9466019417475728,7,0
2017,BUF,TaylTy00,Tyrod Taylor,QB,28.079397672826833,pre2020,1,18.061333333333334,None,Full,Head / Concussion,concussion,0,1,,,7,0
2017,CAR,FuncDe00,Devin Funchess,WR,23.28268309377139,pre2020,6,13.780000000000001,None,Full,Knee,knee,0,1,9.0,0.7153846153846154,4,0
2017,CAR,FuncDe00,Devin Funchess,WR,23.28268309377139,pre2020,8,11.942857142857145,None,Full,Hamstring,soft_tissue,0,1,8.333333333333334,0.9831932773109244,7,0
2017,CAR,FuncDe00,Devin Funchess,WR,23.28268309377139,pre2020,13,13.118181818181819,None,Full,Foot / Toe,ankle_foot,0,1,8.333333333333334,1.1474654377880185,7,0
2017,CAR,FuncDe00,Devin Funchess,WR,23.28268309377139,pre2020,14,13.358333333333334,Questionable,DNP,Shoulder,other,0,2,8.333333333333334,1.0512820512820513,7,0
2017,CAR,FuncDe00,Devin Funchess,WR,23.28268309377139,pre2020,15,13.476923076923079,Questionable,DNP,Shoulder,other,0,3,8.666666666666666,0.8677685950413223,7,0
2017,CAR,FuncDe00,Devin Funchess,WR,23.28268309377139,pre2020,16,12.721428571428573,Questionable,Limited,Shoulder,other,0,4,6.0,1.0851063829787235,7,0
2017,CAR,FuncDe00,Devin Funchess,WR,23.28268309377139,pre2020,17,12.146666666666668,None,Full,Shoulder,other,0,5,5.0,1.1265822784810127,7,0
2017,CAR,McCaCh01,Christian McCaffrey,RB,21.234770704996578,pre2020,8,14.042857142857144,None,Full,Hand / Wrist,other,0,1,14.666666666666666,1.0776699029126213,7,0
2017,CAR,McCaCh01,Christian McCaffrey,RB,21.234770704996578,pre2020,13,14.6,Questionable,Limited,Shoulder,other,0,1,15.0,1.0454545454545454,7,0
2017,CAR,McCaCh01,Christian McCaffrey,RB,21.234770704996578,pre2020,14,14.708333333333334,None,Full,Shoulder,other,0,2,12.0,1.0047846889952152,7,0
2017,CAR,McCaCh01,Christian McCaffrey,RB,21.234770704996578,pre2020,15,14.215384615384616,None,Full,Shoulder,other,0,3,12.0,1.0203045685279188,7,0
2017,CAR,NewtCa00,Cam Newton,QB,28.309377138945926,pre2020,6,18.496000000000002,None,Limited,Shoulder,other,0,6,35.333333333333336,1.0526315789473684,4,0
2017,CAR,NewtCa00,Cam Newton,QB,28.309377138945926,pre2020,7,18.856666666666666,None,Limited,Shoulder,other,0,7,46.666666666666664,1.0526315789473684,10,0
2017,CAR,NewtCa00,Cam Newton,QB,28.309377138945926,pre2020,8,17.225714285714286,None,Full,Shoulder,other,0,8,48.666666666666664,1.0,7,0
2017,CAR,NewtCa00,Cam Newton,QB,28.309377138945926,pre2020,9,16.642500000000002,None,Limited,Shoulder,other,0,9,49.666666666666664,1.0,7,0
2017,CAR,NewtCa00,Cam Newton,QB,28.309377138945926,pre2020,12,18.887999999999998,None,Full,Hand / Wrist,other,0,11,38.666666666666664,0.93,13,0
2017,CAR,NewtCa00,Cam Newton,QB,28.309377138945926,pre2020,13,18.763636363636365,None,Full,Hand / Wrist,other,0,12,36.666666666666664,1.023890784982935,7,0
2017,CAR,NewtCa00,Cam Newton,QB,28.309377138945926,pre2020,14,18.901666666666667,None,Full,Shoulder,other,0,13,36.666666666666664,1.023890784982935,7,0
2017,CAR,NewtCa00,Cam Newton,QB,28.309377138945926,pre2020,15,18.56153846153846,None,Full,Shoulder,other,0,14,35.333333333333336,1.023890784982935,7,0
2017,CAR,NewtCa00,Cam Newton,QB,28.309377138945926,pre2020,16,19.48428571428571,None,Full,Shoulder,other,0,15,38.0,1.0,7,0
2017,CAR,NewtCa00,Cam Newton,QB,28.309377138945926,pre2020,17,19.22533333333333,None,Full,Shoulder,other,0,16,40.0,0.98,7,0
2017,CHI,HowaJo00,Jordan Howard,RB,22.830937713894592,pre2020,2,15.405000000000001,Questionable,Limited,Shoulder,other,0,1,18.0,,7,0
2017,CHI,HowaJo00,Jordan Howard,RB,22.830937713894592,pre2020,3,11.745000000000001,None,Full,Shoulder,other,0,2,14.0,0.8421052631578948,7,0
2017,CIN,EifeTy00,Tyler Eifert,TE,26.981519507186857,pre2020,1,12.3,None,Full,Knee,knee,0,1,,,7,0
2017,CIN,HillJe01,Jeremy Hill,RB,24.865160848733744,pre2020,1,11.753333333333334,None,Full,Ankle,ankle_foot,0,1,,,7,0
2017,CIN,MixoJo00,Joe Mixon,RB,21.10609171800137,pre2020,14,10.616666666666667,Out,DNP,Head / Concussion,concussion,0,1,18.666666666666668,0.405,6,1
2017,CLE,BritKe00,Kenny Britt,WR,28.95003422313484,pre2020,1,13.08,None,Full,Knee,knee,0,1,,,7,0
2017,CLE,JohnDu00,Duke Johnson,RB,23.939767282683093,pre2020,4,11.603125,None,Full,Shoulder,other,0,1,8.0,0.7938931297709924,7,0
2017,CLE,JohnDu00,Duke Johnson,RB,23.939767282683093,pre2020,11,13.2,None,Full,Shoulder,other,0,1,13.666666666666666,1.3511450381679388,7,0
2017,CLE,JohnDu00,Duke Johnson,RB,23.939767282683093,pre2020,16,12.821428571428571,None,Full,Shoulder,other,0,1,11.666666666666666,1.3311258278145697,7,0
2017,CLE,JohnDu00,Duke Johnson,RB,23.939767282683093,pre2020,17,13.106666666666667,None,Full,Shoulder,other,0,2,11.666666666666666,0.896341463414634,7,0
2017,DAL,BryaDe01,Dez Bryant,WR,28.824093086926762,pre2020,9,13.228571428571428,None,Full,Knee,knee,0,1,8.0,1.08641975308642,7,0
2017,DAL,BryaDe01,Dez Bryant,WR,28.824093086926762,pre2020,10,13.2375,Questionable,Limited,Knee,knee,0,2,9.0,0.8313253012048193,7,0
2017,DAL,BryaDe01,Dez Bryant,WR,28.824093086926762,pre2020,11,12.644444444444444,None,Full,Knee,knee,0,3,8.333333333333334,1.0873362445414847,7,0
2017,DAL,BryaDe01,Dez Bryant,WR,28.824093086926762,pre2020,17,12.066666666666666,None,Full,Knee,knee,0,1,5.333333333333333,1.0039840637450197,7,0
2017,DAL,ElliEz00,Ezekiel Elliott,RB,22.11362080766598,pre2020,5,18.375,None,Full,Chest / Ribs,other,0,1,22.0,1.0344827586206895,7,0
2017,DEN,SandEm00,Emmanuel Sanders,WR,30.46132785763176,pre2020,7,12.72,Out,DNP,Ankle,ankle_foot,0,1,9.333333333333334,0.7322834645669292,7,1
2017,DEN,SandEm00,Emmanuel Sanders,WR,30.46132785763176,pre2020,8,12.72,Questionable,DNP,Ankle,ankle_foot,1,2,9.333333333333334,0.7322834645669292,8,1
2017,DEN,SandEm00,Emmanuel Sanders,WR,30.46132785763176,pre2020,9,12.72,Questionable,Full,Ankle,ankle_foot,1,3,9.333333333333334,0.7322834645669292,6,0
2017,DEN,ThomDe03,Demaryius Thomas,WR,29.686516084873375,pre2020,1,14.14375,None,Full,Hamstring,soft_tissue,0,1,,,7,0
2017,DEN,ThomDe03,Demaryius Thomas,WR,29.686516084873375,pre2020,3,13.271875000000001,None,Full,Hamstring,soft_tissue,0,1,8.0,1.0114942528735633,7,0
2017,DEN,ThomDe03,Demaryius Thomas,WR,29.686516084873375,pre2020,7,12.8,None,Full,Lower Leg,soft_tissue,0,1,9.333333333333334,0.7984790874524715,7,0
2017,DEN,ThomDe03,Demaryius Thomas,WR,29.686516084873375,pre2020,10,12.4375,None,Full,Hamstring,soft_tissue,0,1,9.0,1.0826086956521739,7,0
2017,DEN,ThomDe03,Demaryius Thomas,WR,29.686516084873375,pre2020,11,12.766666666666667,None,Full,Knee,knee,0,2,9.666666666666666,0.9753086419753086,7,0
2017,DET,AbduAm00,Ameer Abdullah,RB,24.21902806297057,pre2020,5,11.8,None,Full,Ankle,ankle_foot,0,1,19.333333333333332,1.0291970802919708,7,0
2017,DET,StafMa00,Matthew Stafford,QB,29.56605065023956,pre2020,13,17.38181818181818,None,Full,Ankle,ankle_foot,0,1,33.333333333333336,1.0,10,0
2017,DET,TateGo00,Golden Tate,WR,29.08145106091718,pre2020,2,15.807812499999999,None,Full,Hand / Wrist,other,0,1,14.0,,8,0
2017,DET,TateGo00,Golden Tate,WR,29.08145106091718,pre2020,8,14.200000000000001,Questionable,Limited,Shoulder,other,0,1,7.0,0.6732283464566928,14,0
2017,GB,AdamDa01,Davante Adams,WR,24.687200547570157,pre2020,5,12.475,Questionable,Limited,Head / Concussion,concussion,0,1,7.0,0.8081180811808119,10,0
2017,GB,AdamDa01,Davante Adams,WR,24.687200547570157,pre2020,16,15.892857142857142,Out,DNP,Head / Concussion,concussion,0,1,9.0,0.45,6,1
2017,GB,AdamDa01,Davante Adams,WR,24.687200547570157,pre2020,17,15.892857142857142,Out,DNP,Head / Concussion,concussion,1,2,9.0,0.45,8,1
2017,GB,CobbRa00,Randall Cobb,WR,27.028062970568104,pre2020,3,13.328846153846154,Doubtful,DNP,Chest / Ribs,other,0,1,11.5,0.922077922077922,7,1
2017,GB,CobbRa00,Randall Cobb,WR,27.028062970568104,pre2020,4,13.328846153846154,None,Full,Chest / Ribs,other,1,2,11.5,0.922077922077922,4,0
2017,GB,JoneAa00,Aaron Jones,RB,22.748802190280628,pre2020,11,10.766666666666666,Out,DNP,Knee,knee,0,1,12.0,0.1508379888268156,7,1
2017,GB,JoneAa00,Aaron Jones,RB,22.748802190280628,pre2020,12,10.766666666666666,Out,DNP,Knee,knee,1,2,12.0,0.1508379888268156,7,1
2017,GB,JoneAa00,Aaron Jones,RB,22.748802190280628,pre2020,13,10.766666666666666,Questionable,Limited,Knee,knee,1,3,12.0,0.1508379888268156,7,0
2017,GB,MontTy01,Ty Montgomery,RB,24.607802874743328,pre2020,4,17.666666666666664,None,Full,Hand / Wrist,other,0,1,21.333333333333332,1.0681818181818181,4,0
2017,GB,MontTy01,Ty Montgomery,RB,24.607802874743328,pre2020,5,16.025,Doubtful,Limited,Chest / Ribs,other,0,2,15.333333333333334,0.09999999999999999,10,1
2017,GB,MontTy01,Ty Montgomery,RB,24.607802874743328,pre2020,6,16.025,Questionable,Full,Chest / Ribs,other,1,3,15.333333333333334,0.09999999999999999,7,0
2017,GB,MontTy01,Ty Montgomery,RB,24.607802874743328,pre2020,7,13.64,None,Full,Chest / Ribs,other,0,4,14.0,0.47619047619047616,7,0
2017,GB,MontTy01,Ty Montgomery,RB,24.607802874743328,pre2020,9,11.783333333333333,None,Full,Chest / Ribs,other,0,5,8.0,0.2932330827067669,15,0
2017,GB,NelsJo00,Jordy Nelson,WR,32.25462012320329,pre2020,3,19.5078125,Questionable,Full,Quad / Thigh,soft_tissue,0,1,4.0,0.0967741935483871,7,0
2017,GB,NelsJo00,Jordy Nelson,WR,32.25462012320329,pre2020,6,19.5,None,Full,Back,other,0,1,6.666666666666667,1.2424242424242422,7,0
2017,GB,RodgAa00,Aaron Rodgers,QB,33.74948665297741,pre2020,7,17.95,Out,DNP,Shoulder,other,0,1,21.333333333333332,0.12203389830508474,7,1
2017,HOU,FullWi01,Will Fuller,WR,23.378507871321013,pre2020,10,17.8,None,Full,Knee,knee,0,1,7.0,1.1494252873563218,7,0
2017,HOU,FullWi01,Will Fuller,WR,23.378507871321013,pre2020,11,15.416666666666666,Out,DNP,Chest / Ribs,other,0,2,6.333333333333333,0.513011152416357,7,1
2017,HOU,FullWi01,Will Fuller,WR,23.378507871321013,pre2020,12,15.416666666666666,Out,DNP,Chest / Ribs,other,1,3,6.333333333333333,0.513011152416357,8,1
2017,HOU,FullWi01,Will Fuller,WR,23.378507871321013,pre2020,13,15.416666666666666,Out,DNP,Chest / Ribs,other,1,4,6.333333333333333,0.513011152416357,6,1
2017,HOU,FullWi01,Will Fuller,WR,23.378507871321013,pre2020,14,15.416666666666666,None,Full,Chest / Ribs,other,1,5,6.333333333333333,0.513011152416357,7,0
2017,HOU,HopkDe00,DeAndre Hopkins,WR,25.23750855578371,pre2020,1,12.3375,None,Full,Hand / Wrist,other,0,1,,,7,0
2017,HOU,HopkDe00,DeAndre Hopkins,WR,25.23750855578371,pre2020,2,13.878125,None,Full,Hand / Wrist,other,0,2,16.0,,4,0
2017,HOU,HopkDe00,DeAndre Hopkins,WR,25.23750855578371,pre2020,4,14.934375000000001,None,Full,Knee,knee,0,1,12.333333333333334,1.0,7,0
2017,HOU,HopkDe00,DeAndre Hopkins,WR,25.23750855578371,pre2020,12,20.39,None,Full,Foot / Toe,ankle_foot,0,1,13.0,0.9331103678929766,8,0
2017,HOU,HopkDe00,DeAndre Hopkins,WR,25.23750855578371,pre2020,13,20.30909090909091,None,Full,Foot / Toe,ankle_foot,0,2,11.0,1.0273972602739727,6,0
2017,HOU,HopkDe00,DeAndre Hopkins,WR,25.23750855578371,pre2020,15,21.176923076923078,Questionable,DNP,Foot / Toe,ankle_foot,0,1,13.333333333333334,1.023890784982935,7,0
2017,HOU,HopkDe00,DeAndre Hopkins,WR,25.23750855578371,pre2020,16,20.95,None,Limited,Foot / Toe,ankle_foot,0,2,14.333333333333334,0.93,8,0
2017,HOU,HopkDe00,DeAndre Hopkins,WR,25.23750855578371,pre2020,17,20.653333333333332,Out,DNP,Lower Leg,soft_tissue,0,3,11.666666666666666,1.023890784982935,6,1
2017,HOU,MillLa01,Lamar Miller,RB,26.354551676933607,pre2020,9,14.857142857142858,None,Full,Knee,knee,0,1,20.333333333333332,1.1704035874439462,7,0
2017,HOU,MillLa01,Lamar Miller,RB,26.354551676933607,pre2020,13,14.145454545454545,None,Limited,Knee,knee,0,1,19.666666666666668,1.004854368932039,6,0
2017,HOU,MillLa01,Lamar Miller,RB,26.354551676933607,pre2020,15,13.615384615384615,None,Full,Knee,knee,0,1,19.333333333333332,0.9820627802690584,7,0
2017,HOU,WatsDe00,Deshaun Watson,QB,21.965776865160848,pre2020,9,24.122857142857146,None,Limited,Knee,knee,0,1,35.666666666666664,1.023890784982935,7,1
2017,IND,HiltT.00,T.Y. Hilton,WR,27.797399041752225,pre2020,10,13.355555555555554,Questionable,Limited,Hip / Groin,soft_tissue,0,1,8.0,1.011111111111111,7,0
2017,JAX,FourLe00,Leonard Fournette,RB,22.62012320328542,pre2020,5,19.25,None,Full,Ankle,ankle_foot,0,1,23.0,0.872093023255814,7,0
2017,JAX,FourLe00,Leonard Fournette,RB,22.62012320328542,pre2020,6,21.68,None,Full,Ankle,ankle_foot,0,2,26.333333333333332,1.3416149068322982,7,0
2017,JAX,FourLe00,Leonard Fournette,RB,22.62012320328542,pre2020,7,21.7,Questionable,DNP,Ankle,ankle_foot,0,3,27.0,1.023121387283237,7,1
2017,JAX,FourLe00,Leonard Fournette,RB,22.62012320328542,pre2020,9,21.7,None,Full,Ankle,ankle_foot,1,4,27.0,1.023121387283237,14,1
2017,JAX,FourLe00,Leonard Fournette,RB,22.62012320328542,pre2020,11,19.542857142857144,Questionable,DNP,Ankle,ankle_foot,0,1,24.333333333333332,0.8950276243093922,7,0
2017,JAX,FourLe00,Leonard Fournette,RB,22.62012320328542,pre2020,12,18.825,None,Limited,Ankle,ankle_foot,0,2,25.0,1.0864864864864865,7,0
2017,JAX,FourLe00,Leonard Fournette,RB,22.62012320328542,pre2020,13,17.533333333333335,None,Full,Ankle,ankle_foot,0,3,22.333333333333332,0.7333333333333334,7,0
2017,JAX,FourLe00,Leonard Fournette,RB,22.62012320328542,pre2020,14,17.47,None,Full,Ankle,ankle_foot,0,4,23.333333333333332,1.4181818181818184,7,0
2017,JAX,FourLe00,Leonard Fournette,RB,22.62012320328542,pre2020,15,17.87272727272727,Questionable,DNP,Quad / Thigh,soft_tissue,0,5,23.0,1.2063492063492063,7,1
2017,JAX,FourLe00,Leonard Fournette,RB,22.62012320328542,pre2020,16,17.87272727272727,None,Full,Quad / Thigh,soft_tissue,1,6,23.0,1.2063492063492063,7,0
2017,KC,HillTy00,Tyreek Hill,WR,23.50444900752909,pre2020,6,16.2,None,Limited,Hamstring,soft_tissue,0,1,7.666666666666667,0.7531380753138076,7,0
2017,KC,HillTy00,Tyreek Hill,WR,23.50444900752909,pre2020,7,14.75,None,Full,Neck,other,0,2,6.666666666666667,1.1142857142857143,4,0
2017,KC,HillTy00,Tyreek Hill,WR,23.50444900752909,pre2020,12,14.820000000000002,None,Full,Hip / Groin,soft_tissue,0,1,7.333333333333333,1.0897435897435899,7,0
2017,KC,HuntKa00,Kareem Hunt,RB,22.072553045859,pre2020,7,23.916666666666668,None,Full,Knee,knee,0,1,24.333333333333332,1.1304347826086958,4,0
2017,KC,KelcTr00,Travis Kelce,TE,27.906913073237508,pre2020,1,13.9375,None,Full,Lower Leg,soft_tissue,0,1,,,7,0
2017,KC,KelcTr00,Travis Kelce,TE,27.906913073237508,pre2020,6,15.4,None,Full,Head / Concussion,concussion,0,1,7.0,0.5294117647058824,7,0
2017,KC,SmitAl03,Alex Smith,QB,33.319644079397676,pre2020,5,22.395,None,Full,Ankle,ankle_foot,0,1,33.0,1.0,6,0
2017,LA,KuppCo00,Cooper Kupp,WR,24.213552361396303,pre2020,17,11.793333333333333,Questionable,Limited,Knee,knee,0,1,5.333333333333333,1.110236220472441,7,1
2017,LA,WatkSa00,Sammy Watkins,WR,24.216290212183434,pre2020,4,13.693750000000001,None,Full,Head / Concussion,concussion,0,1,4.666666666666667,0.8783783783783784,10,0
2017,LA,WoodRo02,Robert Woods,WR,25.39356605065024,pre2020,12,14.05,Out,DNP,Shoulder,other,0,1,8.666666666666666,0.9702127659574469,7,1
2017,LA,WoodRo02,Robert Woods,WR,25.39356605065024,pre2020,13,14.05,Out,DNP,Shoulder,other,1,2,8.666666666666666,0.9702127659574469,7,1
2017,LA,WoodRo02,Robert Woods,WR,25.39356605065024,pre2020,14,14.05,Questionable,Limited,Shoulder,other,1,3,8.666666666666666,0.9702127659574469,7,1
2017,LA,WoodRo02,Robert Woods,WR,25.39356605065024,pre2020,15,14.05,None,Full,Shoulder,other,1,4,8.666666666666666,0.9702127659574469,7,0
2017,LAC,AlleKe00,Keenan Allen,WR,25.347022587268995,pre2020,7,13.933333333333332,Questionable,DNP,Shoulder,other,0,1,10.666666666666666,0.9770114942528736,7,0
2017,LAC,GordMe00,Melvin Gordon,RB,24.386036960985628,pre2020,3,19.56346153846154,Questionable,Limited,Knee,knee,0,1,20.5,1.0921052631578947,7,0
2017,LAC,GordMe00,Melvin Gordon,RB,24.386036960985628,pre2020,4,18.21923076923077,Questionable,Full,Knee,knee,0,2,20.0,0.5660377358490567,7,0
2017,LAC,GordMe00,Melvin Gordon,RB,24.386036960985628,pre2020,5,14.375,None,Full,Knee,knee,0,3,16.333333333333332,1.088235294117647,7,0
2017,LAC,GordMe00,Melvin Gordon,RB,24.386036960985628,pre2020,7,21.3,Questionable,Limited,Shoulder,other,0,1,26.0,1.3217821782178218,7,0
2017,LAC,GordMe00,Melvin Gordon,RB,24.386036960985628,pre2020,8,19.02857142857143,Questionable,Limited,Foot / Toe,ankle_foot,0,2,29.0,0.8414634146341463,7,0
2017,LAC,GordMe00,Melvin Gordon,RB,24.386036960985628,pre2020,17,17.98,Questionable,Limited,Ankle,ankle_foot,0,1,24.666666666666668,0.9776785714285714,7,0
2017,LAC,HenrHu00,Hunter Henry,TE,22.73511293634497,pre2020,15,11.009090909090908,None,Full,Lower Leg,soft_tissue,0,1,6.666666666666667,0.8446601941747572,6,0
2017,MIA,AjayJa00,Jay Ajayi,RB,24.213552361396303,pre2020,2,14.353333333333333,None,Full,Knee,knee,0,1,,,14,0
2017,MIA,AjayJa00,Jay Ajayi,RB,24.213552361396303,pre2020,3,14.415000000000001,Questionable,Full,Knee,knee,0,2,30.0,,7,0
2017,MIA,AjayJa00,Jay Ajayi,RB,24.213552361396303,pre2020,4,11.951666666666668,Questionable,Full,Knee,knee,0,3,22.0,0.5531914893617021,7,0
2017,MIA,LandJa00,Jarvis Landry,WR,24.758384668035593,pre2020,2,14.58125,Questionable,Limited,Knee,knee,0,1,,,14,0
2017,MIA,LandJa00,Jarvis Landry,WR,24.758384668035593,pre2020,3,15.960937500000002,Questionable,Full,Knee,knee,0,2,16.0,,7,0
2017,MIA,LandJa00,Jarvis Landry,WR,24.758384668035593,pre2020,11,15.277777777777779,None,Full,Chest / Ribs,other,0,1,9.666666666666666,0.9823943661971831,6,0
2017,MIA,LandJa00,Jarvis Landry,WR,24.758384668035593,pre2020,13,15.636363636363637,None,Full,Knee,knee,0,1,10.0,0.9239130434782609,7,0
2017,MIA,ParkDe01,DeVante Parker,WR,24.61327857631759,pre2020,6,12.15,Doubtful,DNP,Ankle,ankle_foot,0,1,6.333333333333333,0.05454545454545455,7,1
2017,MIA,ParkDe01,DeVante Parker,WR,24.61327857631759,pre2020,7,12.15,Doubtful,DNP,Ankle,ankle_foot,1,2,6.333333333333333,0.05454545454545455,7,1
2017,MIA,ParkDe01,DeVante Parker,WR,24.61327857631759,pre2020,8,12.15,Questionable,Limited,Ankle,ankle_foot,1,3,6.333333333333333,0.05454545454545455,4,1
2017,MIA,ParkDe01,DeVante Parker,WR,24.61327857631759,pre2020,9,12.15,Questionable,Full,Ankle,ankle_foot,1,4,6.333333333333333,0.05454545454545455,10,0
2017,MIN,BradSa00,Sam Bradford,QB,29.815195071868583,pre2020,3,17.479,Out,DNP,Knee,knee,1,2,34.0,,7,1
2017,MIN,BradSa00,Sam Bradford,QB,29.815195071868583,pre2020,4,17.479,Out,DNP,Knee,knee,1,3,34.0,,7,1
2017,MIN,BradSa00,Sam Bradford,QB,29.815195071868583,pre2020,5,17.479,Questionable,Limited,Knee,knee,1,4,34.0,,8,0
2017,MIN,DiggSt00,Stefon Diggs,WR,23.756331279945243,pre2020,6,17.259999999999998,Out,DNP,Hip / Groin,soft_tissue,0,1,7.333333333333333,0.846774193548387,6,1
2017,MIN,DiggSt00,Stefon Diggs,WR,23.756331279945243,pre2020,7,17.259999999999998,Out,DNP,Hip / Groin,soft_tissue,1,2,7.333333333333333,0.846774193548387,7,1
2017,MIN,DiggSt00,Stefon Diggs,WR,23.756331279945243,pre2020,8,17.259999999999998,Questionable,Full,Hip / Groin,soft_tissue,1,3,7.333333333333333,0.846774193548387,7,0
2017,MIN,DiggSt00,Stefon Diggs,WR,23.756331279945243,pre2020,10,15.483333333333334,None,Full,Head / Concussion,concussion,0,4,6.0,1.008849557522124,14,0
2017,MIN,McKiJe00,Jerick McKinnon,RB,25.3305954825462,pre2020,15,11.292307692307693,None,Full,Shoulder,other,0,1,13.333333333333334,1.0754716981132073,7,0
2017,MIN,McKiJe00,Jerick McKinnon,RB,25.3305954825462,pre2020,16,11.971428571428572,None,Full,Shoulder,other,0,2,13.666666666666666,0.9683544303797468,6,0
2017,MIN,McKiJe00,Jerick McKinnon,RB,25.3305954825462,pre2020,17,11.580000000000002,None,Full,Shoulder,other,0,3,12.0,0.6993865030674846,8,0
2017,MIN,RudoKy00,Kyle Rudolph,TE,27.811088295687885,pre2020,15,11.2,Doubtful,DNP,Ankle,ankle_foot,0,1,4.666666666666667,0.7985611510791366,7,0
2017,MIN,RudoKy00,Kyle Rudolph,TE,27.811088295687885,pre2020,16,11.092857142857143,None,Limited,Ankle,ankle_foot,0,2,4.0,0.3604651162790698,6,0
2017,MIN,RudoKy00,Kyle Rudolph,TE,27.811088295687885,pre2020,17,10.46,None,Limited,Ankle,ankle_foot,0,3,2.6666666666666665,0.81,8,0
2017,MIN,ThieAd00,Adam Thielen,WR,27.028062970568104,pre2020,15,16.70769230769231,None,Full,Knee,knee,0,1,9.333333333333334,1.0108695652173914,7,0
2017,NE,BradTo00,Tom Brady,QB,40.07939767282683,pre2020,6,22.056,None,Full,Shoulder,other,0,1,41.333333333333336,1.0,10,0
2017,NE,BradTo00,Tom Brady,QB,40.07939767282683,pre2020,12,21.068,None,Limited,Achilles,achilles,0,1,40.0,0.9930313588850174,7,0
2017,NE,BradTo00,Tom Brady,QB,40.07939767282683,pre2020,13,21.032727272727275,None,Limited,Achilles,achilles,0,2,35.0,1.0638297872340425,7,0
2017,NE,BradTo00,Tom Brady,QB,40.07939767282683,pre2020,14,19.973333333333333,None,Limited,Achilles,achilles,0,3,33.333333333333336,1.0319148936170213,8,0
2017,NE,BradTo00,Tom Brady,QB,40.07939767282683,pre2020,15,19.153846153846153,None,Full,Achilles,achilles,0,4,35.333333333333336,1.0273972602739727,6,0
2017,NE,BradTo00,Tom Brady,QB,40.07939767282683,pre2020,17,18.685333333333336,None,Limited,Achilles,achilles,0,1,36.666666666666664,0.9494949494949495,7,0
2017,NE,BritKe00,Kenny Britt,WR,28.95003422313484,pre2020,1,13.08,None,Full,Knee,knee,0,1,,,7,1
2017,NE,BurkRe00,Rex Burkhead,RB,27.16769336071184,pre2020,16,12.98,Out,DNP,Knee,knee,0,1,10.333333333333334,0.7575757575757576,7,1
2017,NE,BurkRe00,Rex Burkhead,RB,27.16769336071184,pre2020,17,12.98,Out,DNP,Knee,knee,1,2,10.333333333333334,0.7575757575757576,7,1
2017,NE,CookBr00,Brandin Cooks,WR,23.93429158110883,pre2020,15,13.923076923076923,None,Full,Hand / Wrist,other,0,1,6.333333333333333,1.053763440860215,6,0
2017,NE,GronRo00,Rob Gronkowski,TE,28.301163586584533,pre2020,3,13.287500000000001,Questionable,Limited,Hip / Groin,soft_tissue,0,1,7.5,0.6354166666666666,7,0
2017,NE,GronRo00,Rob Gronkowski,TE,28.301163586584533,pre2020,5,15.95,Questionable,Limited,Quad / Thigh,soft_tissue,0,1,8.0,1.1764705882352942,4,1
2017,NE,GronRo00,Rob Gronkowski,TE,28.301163586584533,pre2020,6,15.95,None,Full,Quad / Thigh,soft_tissue,1,2,8.0,1.1764705882352942,10,0
2017,NE,HogaCh00,Chris Hogan,WR,29.856262833675565,pre2020,7,14.4,None,Full,Chest / Ribs,other,0,1,8.0,0.9687500000000001,7,0
2017,NE,HogaCh00,Chris Hogan,WR,29.856262833675565,pre2020,10,13.5625,Out,DNP,Shoulder,other,0,1,5.666666666666667,0.9525547445255473,14,1
2017,NE,HogaCh00,Chris Hogan,WR,29.856262833675565,pre2020,11,13.5625,Out,DNP,Shoulder,other,1,2,5.666666666666667,0.9525547445255473,7,1
2017,NE,HogaCh00,Chris Hogan,WR,29.856262833675565,pre2020,12,13.5625,Out,DNP,Shoulder,other,1,3,5.666666666666667,0.9525547445255473,7,1
2017,NE,HogaCh00,Chris Hogan,WR,29.856262833675565,pre2020,13,13.5625,Out,DNP,Shoulder,other,1,4,5.666666666666667,0.9525547445255473,7,1
2017,NE,HogaCh00,Chris Hogan,WR,29.856262833675565,pre2020,14,13.5625,Questionable,Limited,Shoulder,other,1,5,5.666666666666667,0.9525547445255473,8,0
2017,NE,HogaCh00,Chris Hogan,WR,29.856262833675565,pre2020,15,12.177777777777779,Questionable,Limited,Shoulder,other,0,6,6.0,1.0344827586206895,6,1
2017,NE,HogaCh00,Chris Hogan,WR,29.856262833675565,pre2020,16,12.177777777777779,Questionable,Limited,Shoulder,other,1,7,6.0,1.0344827586206895,7,1
2017,NE,HogaCh00,Chris Hogan,WR,29.856262833675565,pre2020,17,12.177777777777779,Questionable,Limited,Shoulder,other,1,8,6.0,1.0344827586206895,7,1
2017,NO,IngrMa01,Mark Ingram,RB,27.696098562628336,pre2020,14,17.308333333333334,Questionable,DNP,Foot / Toe,ankle_foot,0,1,16.666666666666668,1.2173913043478264,4,0
2017,NO,KamaAl00,Alvin Kamara,RB,22.105407255304584,pre2020,15,19.43846153846154,None,Full,Head / Concussion,concussion,0,1,10.0,0.20111731843575417,10,0
2017,NO,SneaWi00,Willie Snead,WR,24.87337440109514,pre2020,4,12.766666666666667,Questionable,Limited,Hamstring,soft_tissue,1,1,,,7,1
2017,NO,SneaWi00,Willie Snead,WR,24.87337440109514,pre2020,6,12.766666666666667,Questionable,Limited,Hamstring,soft_tissue,1,2,,,14,0
2017,NO,ThomMi05,Michael Thomas,WR,24.49828884325804,pre2020,8,14.549999999999999,None,Full,Knee,knee,0,1,9.333333333333334,0.9294117647058823,7,0
2017,NO,ThomMi05,Michael Thomas,WR,24.49828884325804,pre2020,10,14.5625,None,Limited,Ankle,ankle_foot,0,1,10.0,1.0292887029288702,7,0
2017,NO,ThomMi05,Michael Thomas,WR,24.49828884325804,pre2020,15,16.015384615384615,None,Full,Head / Concussion,concussion,0,1,10.333333333333334,1.1249999999999998,10,0
2017,NO,ThomMi05,Michael Thomas,WR,24.49828884325804,pre2020,17,16.206666666666667,None,Limited,Hamstring,soft_tissue,0,1,10.0,0.7294117647058823,7,0
2017,NYG,BeckOd00,Odell Beckham Jr.,WR,24.82135523613963,pre2020,1,18.5375,Questionable,DNP,Ankle,ankle_foot,0,1,,,7,1
2017,NYG,BeckOd00,Odell Beckham Jr.,WR,24.82135523613963,pre2020,2,18.5375,Questionable,Limited,Ankle,ankle_foot,1,2,,,8,0
2017,NYG,BeckOd00,Odell Beckham Jr.,WR,24.82135523613963,pre2020,3,15.803125000000001,None,Limited,Ankle,ankle_foot,0,3,5.0,,6,0
2017,NYG,BeckOd00,Odell Beckham Jr.,WR,24.82135523613963,pre2020,5,17.759375,None,Limited,Hand / Wrist,other,0,1,11.0,1.2142857142857144,7,0
2017,NYG,EngrEv00,Evan Engram,TE,22.99794661190965,pre2020,3,11.65,None,Limited,Head / Concussion,concussion,0,1,6.0,0.9390243902439025,6,0
2017,NYG,EngrEv00,Evan Engram,TE,22.99794661190965,pre2020,17,11.573333333333332,Out,DNP,Chest / Ribs,other,0,1,7.666666666666667,0.21774193548387097,7,1
2017,NYG,ShepSt00,Sterling Shepard,WR,24.555783709787818,pre2020,14,12.675,Questionable,Limited,Hamstring,soft_tissue,0,3,9.333333333333334,1.3008849557522124,7,0
2017,NYG,ShepSt00,Sterling Shepard,WR,24.555783709787818,pre2020,17,13.136363636363637,Out,DNP,Neck,other,0,1,9.333333333333334,0.9278350515463917,7,1
2017,NYJ,AndeRo04,Robbie Chosen,WR,24.314852840520192,pre2020,12,12.190000000000001,None,Full,Ankle,ankle_foot,0,1,6.333333333333333,0.9959016393442623,14,0
2017,NYJ,AndeRo04,Robbie Chosen,WR,24.314852840520192,pre2020,13,14.045454545454545,None,Full,Ankle,ankle_foot,0,2,7.333333333333333,0.9918367346938775,7,0
2017,NYJ,AndeRo04,Robbie Chosen,WR,24.314852840520192,pre2020,14,14.491666666666667,None,Full,Hamstring,soft_tissue,0,3,10.0,0.8607594936708861,7,0
2017,NYJ,AndeRo04,Robbie Chosen,WR,24.314852840520192,pre2020,15,13.815384615384614,None,Full,Hamstring,soft_tissue,0,4,9.666666666666666,0.8869565217391304,7,0
2017,NYJ,AndeRo04,Robbie Chosen,WR,24.314852840520192,pre2020,16,13.471428571428572,None,Full,Hamstring,soft_tissue,0,5,10.333333333333334,1.0921658986175113,7,0
2017,NYJ,FortMa00,Matt Forte,RB,31.72621492128679,pre2020,1,13.114285714285714,None,Full,Knee,knee,0,1,,,7,0
2017,NYJ,FortMa00,Matt Forte,RB,31.72621492128679,pre2020,3,11.232142857142858,None,Full,Knee,knee,0,3,11.5,0.8,7,0
2017,NYJ,FortMa00,Matt Forte,RB,31.72621492128679,pre2020,10,12.471428571428573,Out,DNP,Knee,knee,0,10,13.666666666666666,0.923076923076923,10,1
2017,NYJ,FortMa00,Matt Forte,RB,31.72621492128679,pre2020,12,12.471428571428573,Questionable,Limited,Knee,knee,1,11,13.666666666666666,0.923076923076923,14,0
2017,NYJ,FortMa00,Matt Forte,RB,31.72621492128679,pre2020,13,11.2375,Questionable,Limited,Knee,knee,0,12,13.333333333333334,0.8424657534246576,7,0
2017,NYJ,FortMa00,Matt Forte,RB,31.72621492128679,pre2020,14,12.0,Questionable,DNP,Knee,knee,0,13,15.666666666666666,0.832116788321168,7,0
2017,NYJ,FortMa00,Matt Forte,RB,31.72621492128679,pre2020,15,11.34,Questionable,DNP,Knee,knee,0,14,12.666666666666666,1.2283464566929134,7,0
2017,NYJ,FortMa00,Matt Forte,RB,31.72621492128679,pre2020,16,10.8,Questionable,DNP,Knee,knee,0,15,13.0,0.8244274809160305,7,0
2017,NYJ,KearJe01,Jermaine Kearse,WR,27.567419575633128,pre2020,14,12.391666666666666,None,Full,Shoulder,other,0,2,9.666666666666666,0.9239543726235743,7,0
2017,NYJ,PoweBi00,Bilal Powell,RB,28.84599589322382,pre2020,1,12.3125,None,Full,Chest / Ribs,other,0,1,,,7,0
2017,NYJ,PoweBi00,Bilal Powell,RB,28.84599589322382,pre2020,6,11.24,Questionable,DNP,Lower Leg,soft_tissue,0,1,16.0,0.676056338028169,7,1
2017,NYJ,PoweBi00,Bilal Powell,RB,28.84599589322382,pre2020,7,11.24,None,Full,Lower Leg,soft_tissue,1,2,16.0,0.676056338028169,7,0
2017,OAK,CoopAm00,Amari Cooper,WR,23.208761122518823,pre2020,1,14.51875,None,Full,Knee,knee,0,1,,,7,0
2017,OAK,CoopAm00,Amari Cooper,WR,23.208761122518823,pre2020,2,15.189062500000002,None,Full,Knee,knee,0,2,13.0,,7,0
2017,OAK,CoopAm00,Amari Cooper,WR,23.208761122518823,pre2020,3,13.384375,None,Full,Knee,knee,0,3,9.0,0.9130434782608695,7,0
2017,OAK,CrabMi00,Michael Crabtree,WR,29.965776865160848,pre2020,4,15.7390625,Questionable,DNP,Chest / Ribs,other,0,1,5.333333333333333,0.9104477611940299,7,1
2017,OAK,CrabMi00,Michael Crabtree,WR,29.965776865160848,pre2020,5,15.7390625,None,Full,Chest / Ribs,other,1,2,5.333333333333333,0.9104477611940299,7,0
2017,PHI,AjayJa00,Jay Ajayi,RB,24.213552361396303,pre2020,2,14.353333333333333,None,Full,Knee,knee,1,1,,,7,1
2017,PHI,AjayJa00,Jay Ajayi,RB,24.213552361396303,pre2020,3,14.415000000000001,Questionable,Full,Knee,knee,1,2,,,7,1
2017,PHI,AjayJa00,Jay Ajayi,RB,24.213552361396303,pre2020,4,11.951666666666668,Questionable,Full,Knee,knee,1,3,,,7,1
2017,PHI,ErtzZa00,Zach Ertz,TE,26.809034907597535,pre2020,9,16.225,Questionable,Limited,Hamstring,soft_tissue,0,1,5.333333333333333,1.1097560975609757,7,1
2017,PHI,ErtzZa00,Zach Ertz,TE,26.809034907597535,pre2020,11,16.225,None,Full,Hamstring,soft_tissue,1,2,5.333333333333333,1.1097560975609757,14,0
2017,PHI,ErtzZa00,Zach Ertz,TE,26.809034907597535,pre2020,14,14.845454545454546,Questionable,Limited,Head / Concussion,concussion,0,1,7.0,0.6716417910447761,7,1
2017,PHI,ErtzZa00,Zach Ertz,TE,26.809034907597535,pre2020,15,14.845454545454546,None,Full,Head / Concussion,concussion,1,2,7.0,0.6716417910447761,7,0
2017,PHI,JeffAl00,Alshon Jeffery,WR,27.54551676933607,pre2020,11,13.11111111111111,Questionable,Full,Ankle,ankle_foot,0,1,8.333333333333334,0.8838174273858921,14,0
2017,PHI,JeffAl00,Alshon Jeffery,WR,27.54551676933607,pre2020,13,13.9,None,Full,Foot / Toe,ankle_foot,0,1,9.0,1.2112676056338028,7,0
2017,PIT,BrowAn04,Antonio Brown,WR,29.144421629021217,pre2020,13,22.681818181818183,Questionable,DNP,Foot / Toe,ankle_foot,0,1,10.666666666666666,1.075268817204301,8,0
2017,PIT,BrowAn04,Antonio Brown,WR,29.144421629021217,pre2020,14,22.8,None,Full,Foot / Toe,ankle_foot,0,2,13.666666666666666,1.0452961672473868,6,0
2017,PIT,BrowAn04,Antonio Brown,WR,29.144421629021217,pre2020,16,22.164285714285715,Out,DNP,Lower Leg,soft_tissue,0,1,12.333333333333334,0.32323232323232326,8,1
2017,PIT,BrowAn04,Antonio Brown,WR,29.144421629021217,pre2020,17,22.164285714285715,Out,DNP,Lower Leg,soft_tissue,1,2,12.333333333333334,0.32323232323232326,6,1
2017,PIT,JameJe00,Jesse James,TE,23.24435318275154,pre2020,5,9.925,None,Full,Shoulder,other,0,3,4.0,0.8837209302325582,7,0
2017,PIT,SmitJu00,JuJu Smith-Schuster,WR,20.774811772758383,pre2020,12,11.98,Out,DNP,Hamstring,soft_tissue,0,1,8.333333333333334,1.2878048780487807,10,1
2017,PIT,SmitJu00,JuJu Smith-Schuster,WR,20.774811772758383,pre2020,13,11.98,None,Full,Hamstring,soft_tissue,1,2,8.333333333333334,1.2878048780487807,8,0
2017,SEA,BaldDo00,Doug Baldwin,WR,28.944558521560573,pre2020,4,15.6875,Questionable,Limited,Hip / Groin,soft_tissue,0,2,9.666666666666666,0.748663101604278,7,0
2017,SEA,BaldDo00,Doug Baldwin,WR,28.944558521560573,pre2020,5,13.85,None,Full,Hip / Groin,soft_tissue,0,3,9.0,0.7937743190661478,7,0
2017,SEA,BaldDo00,Doug Baldwin,WR,28.944558521560573,pre2020,11,15.222222222222221,None,Full,Hip / Groin,soft_tissue,0,1,9.333333333333334,1.0588235294117647,11,0
2017,SEA,GrahJi00,Jimmy Graham,TE,30.770704996577688,pre2020,9,11.271428571428572,None,Full,Ankle,ankle_foot,0,1,6.333333333333333,1.103626943005181,7,0
2017,SEA,GrahJi00,Jimmy Graham,TE,30.770704996577688,pre2020,10,11.225,None,Full,Ankle,ankle_foot,0,2,6.333333333333333,1.0561224489795917,4,0
2017,SEA,GrahJi00,Jimmy Graham,TE,30.770704996577688,pre2020,11,12.277777777777779,None,Full,Knee,knee,0,3,7.333333333333333,1.0344827586206897,11,0
2017,SEA,GrahJi00,Jimmy Graham,TE,30.770704996577688,pre2020,12,13.13,Questionable,Full,Ankle,ankle_foot,0,4,9.333333333333334,0.9285714285714288,6,0
2017,SEA,GrahJi00,Jimmy Graham,TE,30.770704996577688,pre2020,13,13.063636363636363,Questionable,Full,Ankle,ankle_foot,0,5,8.666666666666666,1.0147058823529411,7,0
2017,SEA,GrahJi00,Jimmy Graham,TE,30.770704996577688,pre2020,14,12.941666666666668,None,Full,Ankle,ankle_foot,0,6,7.0,1.0,7,0
2017,SEA,GrahJi00,Jimmy Graham,TE,30.770704996577688,pre2020,15,11.946153846153846,None,Full,Ankle,ankle_foot,0,7,4.0,0.905940594059406,7,0
2017,SEA,GrahJi00,Jimmy Graham,TE,30.770704996577688,pre2020,16,11.157142857142857,None,Full,Knee,knee,0,8,3.0,1.2121212121212122,7,0
2017,SEA,GrahJi00,Jimmy Graham,TE,30.770704996577688,pre2020,17,10.9,None,Full,Knee,knee,0,9,2.0,1.0047846889952152,7,0
2017,SEA,RichPa01,Paul Richardson,WR,25.385352498288842,pre2020,10,12.0625,Questionable,DNP,Hip / Groin,soft_tissue,0,1,4.0,1.1495327102803736,4,0
2017,SEA,WilsRu00,Russell Wilson,QB,28.75564681724846,pre2020,11,22.302222222222223,None,Full,Head / Concussion,concussion,0,1,45.666666666666664,0.983277591973244,11,0
2017,SF,HydeCa00,Carlos Hyde,RB,26.94866529774127,pre2020,4,17.544230769230765,Questionable,Limited,Hip / Groin,soft_tissue,0,1,21.666666666666668,0.906832298136646,10,0
2017,SF,HydeCa00,Carlos Hyde,RB,26.94866529774127,pre2020,5,17.475,None,Full,Hip / Groin,soft_tissue,0,2,24.0,0.8846153846153847,7,0
2017,TB,BratCa00,Cameron Brate,TE,26.16563997262149,pre2020,12,10.16,None,Full,Ankle,ankle_foot,0,1,3.3333333333333335,1.1341463414634148,7,0
2017,TEN,MattRi00,Rishard Matthews,WR,27.887748117727583,pre2020,12,12.13,Questionable,DNP,Hamstring,soft_tissue,0,1,6.666666666666667,0.9919354838709676,10,1
2017,TEN,MattRi00,Rishard Matthews,WR,27.887748117727583,pre2020,13,12.13,Questionable,Limited,Hamstring,soft_tissue,1,2,6.666666666666667,0.9919354838709676,7,1
2017,TEN,MattRi00,Rishard Matthews,WR,27.887748117727583,pre2020,14,12.13,None,Full,Hamstring,soft_tissue,1,3,6.666666666666667,0.9919354838709676,7,0
2017,TEN,MurrDe00,DeMarco Murray,RB,29.5523613963039,pre2020,3,12.131250000000001,Questionable,Limited,Hamstring,soft_tissue,0,1,12.5,0.7397260273972603,7,0
2017,TEN,MurrDe00,DeMarco Murray,RB,29.5523613963039,pre2020,17,11.433333333333334,Out,DNP,Knee,knee,0,1,17.333333333333332,0.9718309859154929,7,1
2017,TEN,WalkHu00,Delanie Walker,TE,33.054072553045856,pre2020,4,12.61,None,Full,Hamstring,soft_tissue,0,1,6.666666666666667,0.8242424242424243,7,0
2017,TEN,WalkHu00,Delanie Walker,TE,33.054072553045856,pre2020,7,9.483333333333334,Questionable,DNP,Lower Leg,soft_tissue,0,1,7.0,0.8513513513513515,6,0
2017,TEN,WalkHu00,Delanie Walker,TE,33.054072553045856,pre2020,11,10.28888888888889,None,Full,Arm / Elbow,other,0,4,8.0,1.247191011235955,4,0
2017,TEN,WalkHu00,Delanie Walker,TE,33.054072553045856,pre2020,14,11.783333333333333,None,Full,Ankle,ankle_foot,0,1,6.333333333333333,0.8863636363636364,7,0
2017,WAS,CrowJa00,Jamison Crowder,WR,24.20807665982204,pre2020,1,12.34375,Questionable,Limited,Hip / Groin,soft_tissue,0,1,,,7,0
2017,WAS,ReedJo02,Jordan Reed,TE,27.16495550992471,pre2020,3,11.875,Questionable,Limited,Chest / Ribs,other,0,1,7.0,0.6436781609195403,7,1
2017,WAS,ReedJo02,Jordan Reed,TE,27.16495550992471,pre2020,4,11.875,Questionable,Limited,Chest / Ribs,other,1,2,7.0,0.6436781609195403,8,0
2017,WAS,ReedJo02,Jordan Reed,TE,27.16495550992471,pre2020,12,10.016666666666666,Out,DNP,Hamstring,soft_tissue,1,4,5.333333333333333,0.6033519553072625,4,1
2017,WAS,ThomCh03,Chris Thompson,RB,26.86652977412731,pre2020,3,14.909375,None,Full,Back,other,0,2,9.0,0.8541666666666666,7,0
2017,WAS,ThomCh03,Chris Thompson,RB,26.86652977412731,pre2020,8,18.483333333333334,None,Full,Foot / Toe,ankle_foot,0,1,13.666666666666666,1.12987012987013,6,0
2017,WAS,ThomCh03,Chris Thompson,RB,26.86652977412731,pre2020,12,15.540000000000001,None,DNP,Lower Leg,soft_tissue,0,1,10.333333333333334,0.40625,4,1
2018,ARI,FitzLa00,Larry Fitzgerald,WR,35.00342231348392,pre2020,3,13.27,Questionable,Limited,Hamstring,soft_tissue,0,2,7.5,0.5918367346938775,7,0
2018,ARI,JohnDa08,David Johnson,RB,26.71047227926078,pre2020,2,17.7,None,Full,Back,other,0,1,18.0,,7,0
2018,ARI,JohnDa08,David Johnson,RB,26.71047227926078,pre2020,15,15.538461538461538,None,Full,Quad / Thigh,soft_tissue,0,1,22.333333333333332,1.0987654320987654,7,0
2018,ATL,ColeTe01,Tevin Coleman,RB,25.377138945927445,pre2020,5,12.85,None,Full,Lower Leg,soft_tissue,0,1,18.333333333333332,0.8906249999999999,7,0
2018,ATL,ColeTe01,Tevin Coleman,RB,25.377138945927445,pre2020,17,12.080000000000002,None,Limited,Hip / Groin,soft_tissue,0,1,11.333333333333334,1.282894736842105,7,0
2018,ATL,FreeDe00,Devonta Freeman,RB,26.46406570841889,pre2020,2,12.725000000000001,Out,DNP,Knee,knee,0,1,11.0,,10,1
2018,ATL,FreeDe00,Devonta Freeman,RB,26.46406570841889,pre2020,3,12.725000000000001,Out,DNP,Knee,knee,1,2,11.0,,7,1
2018,ATL,FreeDe00,Devonta Freeman,RB,26.46406570841889,pre2020,4,12.725000000000001,Out,Limited,Knee,knee,1,3,11.0,,7,1
2018,ATL,FreeDe00,Devonta Freeman,RB,26.46406570841889,pre2020,5,12.725000000000001,None,Full,Knee,knee,1,4,11.0,,7,0
2018,ATL,HoopAu00,Austin Hooper,TE,23.84120465434634,pre2020,15,11.207692307692307,None,Limited,Knee,knee,0,1,5.333333333333333,1.0266666666666666,7,0
2018,ATL,HoopAu00,Austin Hooper,TE,23.84120465434634,pre2020,16,10.407142857142857,None,Limited,Ankle,ankle_foot,0,2,4.0,0.7018348623853212,7,0
2018,ATL,JoneJu02,Julio Jones,WR,29.560574948665298,pre2020,3,17.721875,None,Limited,Lower Leg,soft_tissue,0,1,14.5,0.9382716049382716,7,0
2018,ATL,JoneJu02,Julio Jones,WR,29.560574948665298,pre2020,4,17.4359375,None,Full,Lower Leg,soft_tissue,0,2,11.666666666666666,1.0063694267515924,7,0
2018,ATL,JoneJu02,Julio Jones,WR,29.560574948665298,pre2020,5,20.075000000000003,None,Limited,Hand / Wrist,other,0,3,9.0,0.9788135593220338,7,0
2018,ATL,JoneJu02,Julio Jones,WR,29.560574948665298,pre2020,14,19.458333333333332,None,Limited,Foot / Toe,ankle_foot,0,1,10.666666666666666,0.8339350180505415,7,0
2018,ATL,JoneJu02,Julio Jones,WR,29.560574948665298,pre2020,15,20.315384615384616,None,Limited,Foot / Toe,ankle_foot,0,2,11.333333333333334,1.0389105058365757,7,0
2018,ATL,JoneJu02,Julio Jones,WR,29.560574948665298,pre2020,16,20.307142857142857,Questionable,Limited,Hip / Groin,soft_tissue,0,3,9.0,0.5647058823529411,7,0
2018,ATL,JoneJu02,Julio Jones,WR,29.560574948665298,pre2020,17,19.80666666666667,None,Limited,Hip / Groin,soft_tissue,0,4,8.0,0.7009345794392523,7,0
2018,ATL,RidlCa00,Calvin Ridley,WR,23.698836413415467,pre2020,7,15.700000000000001,None,Limited,Ankle,ankle_foot,0,1,5.0,0.1639344262295082,8,0
2018,ATL,RidlCa00,Calvin Ridley,WR,23.698836413415467,pre2020,11,14.466666666666665,None,Full,Arm / Elbow,other,0,1,7.333333333333333,1.5,7,0
2018,ATL,RidlCa00,Calvin Ridley,WR,23.698836413415467,pre2020,12,13.690000000000001,None,Full,Quad / Thigh,soft_tissue,0,2,7.0,1.0492610837438423,4,0
2018,ATL,RidlCa00,Calvin Ridley,WR,23.698836413415467,pre2020,13,14.381818181818181,None,Limited,Ankle,ankle_foot,0,3,8.0,1.0521327014218012,10,0
2018,ATL,RidlCa00,Calvin Ridley,WR,23.698836413415467,pre2020,14,13.616666666666667,None,Limited,Arm / Elbow,other,0,4,7.666666666666667,0.8888888888888888,7,0
2018,BUF,McCoLe01,LeSean McCoy,RB,30.138261464750173,pre2020,3,11.7125,Questionable,Limited,Chest / Ribs,other,0,1,11.5,0.9056603773584905,7,1
2018,CAR,NewtCa00,Cam Newton,QB,29.308692676249144,pre2020,8,23.463333333333335,None,Limited,Shoulder,other,0,1,46.0,1.0,7,0
2018,CAR,NewtCa00,Cam Newton,QB,29.308692676249144,pre2020,9,24.10571428571429,None,Full,Shoulder,other,0,2,44.666666666666664,0.95,7,0
2018,CAR,NewtCa00,Cam Newton,QB,29.308692676249144,pre2020,10,23.740000000000002,None,Full,Shoulder,other,0,3,40.333333333333336,1.0169491525423728,4,0
2018,CAR,NewtCa00,Cam Newton,QB,29.308692676249144,pre2020,11,22.737777777777776,None,Full,Shoulder,other,0,4,35.333333333333336,0.9661016949152541,10,0
2018,CAR,NewtCa00,Cam Newton,QB,29.308692676249144,pre2020,12,22.912,None,Full,Shoulder,other,0,5,35.333333333333336,1.013793103448276,7,0
2018,CAR,NewtCa00,Cam Newton,QB,29.308692676249144,pre2020,13,22.87818181818182,None,Full,Shoulder,other,0,6,36.0,1.0238907849829353,7,0
2018,CAR,NewtCa00,Cam Newton,QB,29.308692676249144,pre2020,14,22.246666666666666,None,Full,Shoulder,other,0,7,41.333333333333336,1.0136518771331058,7,0
2018,CAR,NewtCa00,Cam Newton,QB,29.308692676249144,pre2020,15,21.373846153846156,None,Full,Shoulder,other,0,8,44.0,1.0000000000000002,8,0
2018,CAR,NewtCa00,Cam Newton,QB,29.308692676249144,pre2020,16,20.185714285714287,Out,DNP,Shoulder,other,0,9,42.666666666666664,1.0067114093959733,6,1
2018,CAR,NewtCa00,Cam Newton,QB,29.308692676249144,pre2020,17,20.185714285714287,Out,DNP,Shoulder,other,1,10,42.666666666666664,1.0067114093959733,7,1
2018,CAR,OlseGr00,Greg Olsen,TE,33.4757015742642,pre2020,10,11.56,None,Full,Foot / Toe,ankle_foot,0,9,5.0,0.9864406779661016,4,0
2018,CAR,OlseGr00,Greg Olsen,TE,33.4757015742642,pre2020,11,10.966666666666669,None,Full,Foot / Toe,ankle_foot,0,10,5.333333333333333,0.8061224489795918,10,0
2018,CHI,GabrTa00,Taylor Gabriel,WR,27.537303216974674,pre2020,9,12.528571428571428,None,Full,Knee,knee,0,1,5.666666666666667,0.9013452914798205,7,0
2018,CHI,RobiAl02,Allen Robinson,WR,25.021218343600275,pre2020,15,11.954545454545455,Questionable,Full,Hip / Groin,soft_tissue,0,1,7.0,0.9809885931558936,7,0
2018,CHI,RobiAl02,Allen Robinson,WR,25.021218343600275,pre2020,17,11.792307692307693,Doubtful,DNP,Chest / Ribs,other,0,1,8.0,0.8380566801619433,7,1
2018,CHI,TrubMi00,Mitchell Trubisky,QB,24.032854209445585,pre2020,12,21.706,Doubtful,DNP,Shoulder,other,0,1,31.666666666666668,1.0204081632653061,4,1
2018,CHI,TrubMi00,Mitchell Trubisky,QB,24.032854209445585,pre2020,13,21.706,Doubtful,Limited,Shoulder,other,1,2,31.666666666666668,1.0204081632653061,10,1
2018,CHI,TrubMi00,Mitchell Trubisky,QB,24.032854209445585,pre2020,14,21.706,None,Full,Shoulder,other,1,3,31.666666666666668,1.0204081632653061,7,0
2018,CIN,BernGi00,Giovani Bernard,RB,26.77618069815195,pre2020,5,13.825000000000001,Out,DNP,Knee,knee,0,3,17.666666666666668,1.125,7,1
2018,CIN,BernGi00,Giovani Bernard,RB,26.77618069815195,pre2020,6,13.825000000000001,Out,DNP,Knee,knee,1,4,17.666666666666668,1.125,7,1
2018,CIN,BernGi00,Giovani Bernard,RB,26.77618069815195,pre2020,7,13.825000000000001,Out,DNP,Knee,knee,1,5,17.666666666666668,1.125,7,1
2018,CIN,BernGi00,Giovani Bernard,RB,26.77618069815195,pre2020,8,13.825000000000001,Out,DNP,Knee,knee,1,6,17.666666666666668,1.125,7,1
2018,CIN,BernGi00,Giovani Bernard,RB,26.77618069815195,pre2020,10,13.825000000000001,Questionable,Limited,Knee,knee,1,7,17.666666666666668,1.125,14,0
2018,CIN,BoydTy00,Tyler Boyd,WR,23.794661190965094,pre2020,16,15.792857142857144,Out,DNP,Knee,knee,0,1,6.333333333333333,0.506896551724138,7,1
2018,CIN,BoydTy00,Tyler Boyd,WR,23.794661190965094,pre2020,17,15.792857142857144,None,DNP,Knee,knee,1,2,6.333333333333333,0.506896551724138,7,1
2018,CIN,GreeA.00,A.J. Green,WR,30.086242299794662,pre2020,4,18.51875,None,Full,Hip / Groin,soft_tissue,0,1,8.333333333333334,0.5483870967741936,7,0
2018,CIN,GreeA.00,A.J. Green,WR,30.086242299794662,pre2020,10,18.462500000000002,Out,DNP,Foot / Toe,ankle_foot,0,1,11.0,1.0804597701149425,14,1
2018,CIN,GreeA.00,A.J. Green,WR,30.086242299794662,pre2020,11,18.462500000000002,Doubtful,DNP,Foot / Toe,ankle_foot,1,2,11.0,1.0804597701149425,7,1
2018,CIN,GreeA.00,A.J. Green,WR,30.086242299794662,pre2020,12,18.462500000000002,Questionable,DNP,Foot / Toe,ankle_foot,1,3,11.0,1.0804597701149425,7,1
2018,CIN,GreeA.00,A.J. Green,WR,30.086242299794662,pre2020,13,18.462500000000002,None,Full,Foot / Toe,ankle_foot,1,4,11.0,1.0804597701149425,7,0
2018,CIN,GreeA.00,A.J. Green,WR,30.086242299794662,pre2020,14,16.6,None,DNP,Foot / Toe,ankle_foot,0,5,7.333333333333333,0.2777777777777778,7,1
2018,CIN,MixoJo00,Joe Mixon,RB,22.105407255304584,pre2020,3,13.946428571428573,Out,DNP,Knee,knee,0,1,23.0,0.6455696202531646,10,1
2018,CIN,MixoJo00,Joe Mixon,RB,22.105407255304584,pre2020,4,13.946428571428573,Out,DNP,Knee,knee,1,2,23.0,0.6455696202531646,7,1
2018,CIN,MixoJo00,Joe Mixon,RB,22.105407255304584,pre2020,5,13.946428571428573,None,Full,Knee,knee,1,3,23.0,0.6455696202531646,7,0
2018,CIN,MixoJo00,Joe Mixon,RB,22.105407255304584,pre2020,11,17.414285714285715,None,Full,Knee,knee,0,1,18.666666666666668,0.8777292576419214,7,0
2018,CIN,MixoJo00,Joe Mixon,RB,22.105407255304584,pre2020,14,17.009999999999998,None,Full,Foot / Toe,ankle_foot,0,1,16.666666666666668,0.8507462686567164,7,0
2018,CIN,MixoJo00,Joe Mixon,RB,22.105407255304584,pre2020,16,18.491666666666667,None,Full,Hand / Wrist,other,0,1,25.666666666666668,0.9798994974874372,7,0
2018,CLE,LandJa00,Jarvis Landry,WR,25.75770020533881,pre2020,2,16.5875,None,Full,Quad / Thigh,soft_tissue,0,1,15.0,,7,0
2018,CLE,LandJa00,Jarvis Landry,WR,25.75770020533881,pre2020,3,15.5,Questionable,Limited,Knee,knee,0,2,11.0,1.0439560439560438,4,0
2018,CLE,LandJa00,Jarvis Landry,WR,25.75770020533881,pre2020,4,16.512500000000003,None,Full,Knee,knee,0,3,12.0,0.924731182795699,10,0
2018,CLE,LandJa00,Jarvis Landry,WR,25.75770020533881,pre2020,5,15.8,None,Full,Knee,knee,0,4,10.333333333333334,0.9816176470588236,7,0
2018,CLE,LandJa00,Jarvis Landry,WR,25.75770020533881,pre2020,10,14.08888888888889,None,Full,Hand / Wrist,other,0,1,11.333333333333334,1.043010752688172,7,0
2018,DAL,CoopAm00,Amari Cooper,WR,24.20807665982204,pre2020,5,13.725000000000001,None,Limited,Foot / Toe,ankle_foot,1,1,,,7,1
2018,DAL,ElliEz00,Ezekiel Elliott,RB,23.1129363449692,pre2020,5,21.525000000000002,None,Full,Knee,knee,0,1,25.333333333333332,0.8220640569395019,7,0
2018,DAL,ElliEz00,Ezekiel Elliott,RB,23.1129363449692,pre2020,6,20.300000000000004,None,Full,Knee,knee,0,2,26.666666666666668,0.9135338345864662,7,0
2018,DAL,ElliEz00,Ezekiel Elliott,RB,23.1129363449692,pre2020,15,22.56923076923077,None,Full,Shoulder,other,0,1,34.0,0.9666666666666667,7,0
2018,DEN,LindPh00,Phillip Lindsay,RB,24.10677618069815,pre2020,2,18.200000000000003,None,Full,Knee,knee,0,1,18.0,,7,0
2018,DEN,LindPh00,Phillip Lindsay,RB,24.10677618069815,pre2020,17,14.853333333333333,None,DNP,Hand / Wrist,other,0,1,17.666666666666668,0.58125,6,1
2018,DEN,SandEm00,Emmanuel Sanders,WR,31.460643394934976,pre2020,13,17.483636363636364,None,Limited,Foot / Toe,ankle_foot,0,1,9.333333333333334,0.8816793893129771,7,0
2018,DEN,SandEm00,Emmanuel Sanders,WR,31.460643394934976,pre2020,14,16.518333333333334,None,Limited,Achilles,achilles,0,2,8.333333333333334,0.7906976744186047,7,1
2018,DET,GollKe00,Kenny Golladay,WR,24.826830937713893,pre2020,14,14.266666666666666,None,Full,Quad / Thigh,soft_tissue,0,1,10.333333333333334,1.0104166666666667,7,0
2018,DET,GollKe00,Kenny Golladay,WR,24.826830937713893,pre2020,16,13.950000000000001,Questionable,Limited,Chest / Ribs,other,0,1,6.666666666666667,0.9820143884892087,7,0
2018,DET,GollKe00,Kenny Golladay,WR,24.826830937713893,pre2020,17,13.806666666666667,Questionable,Limited,Chest / Ribs,other,0,2,9.0,0.8523985239852399,7,1
2018,DET,JohnKe06,Kerryon Johnson,RB,21.17180013689254,pre2020,10,12.100000000000001,Questionable,Limited,Ankle,ankle_foot,0,1,18.333333333333332,0.8983957219251336,7,0
2018,DET,JohnKe06,Kerryon Johnson,RB,21.17180013689254,pre2020,12,13.940000000000001,Out,DNP,Knee,knee,0,1,18.0,0.735576923076923,4,1
2018,DET,JohnKe06,Kerryon Johnson,RB,21.17180013689254,pre2020,13,13.940000000000001,Out,DNP,Knee,knee,1,2,18.0,0.735576923076923,10,1
2018,DET,JohnKe06,Kerryon Johnson,RB,21.17180013689254,pre2020,14,13.940000000000001,Out,DNP,Knee,knee,1,3,18.0,0.735576923076923,7,1
2018,DET,JohnKe06,Kerryon Johnson,RB,21.17180013689254,pre2020,15,13.940000000000001,Out,DNP,Knee,knee,1,4,18.0,0.735576923076923,7,1
2018,DET,JoneMa02,Marvin Jones,WR,28.473648186173854,pre2020,3,13.234375,Questionable,Limited,Ankle,ankle_foot,0,1,8.5,1.1235955056179776,7,0
2018,DET,JoneMa02,Marvin Jones,WR,28.473648186173854,pre2020,11,12.866666666666667,Out,DNP,Knee,knee,0,1,8.333333333333334,0.6763636363636364,7,1
2018,DET,JoneMa02,Marvin Jones,WR,28.473648186173854,pre2020,12,12.866666666666667,Out,DNP,Knee,knee,1,2,8.333333333333334,0.6763636363636364,4,1
2018,DET,TateGo00,Golden Tate,WR,30.080766598220396,pre2020,4,16.657812500000002,Questionable,Limited,Hip / Groin,soft_tissue,0,1,12.333333333333334,0.896969696969697,7,0
2018,DET,TateGo00,Golden Tate,WR,30.080766598220396,pre2020,8,17.6,None,Full,Ankle,ankle_foot,0,1,7.333333333333333,0.9432314410480349,7,0
2018,GB,AdamDa01,Davante Adams,WR,25.686516084873375,pre2020,2,16.869642857142857,Questionable,Limited,Shoulder,other,0,1,8.0,,7,0
2018,GB,AdamDa01,Davante Adams,WR,25.686516084873375,pre2020,5,18.625,Questionable,Limited,Lower Leg,soft_tissue,0,1,11.666666666666666,1.0204081632653061,7,0
2018,GB,AdamDa01,Davante Adams,WR,25.686516084873375,pre2020,17,21.973333333333336,Questionable,DNP,Knee,knee,0,1,14.0,1.0472727272727274,7,1
2018,GB,AlliGe01,Geronimo Allison,WR,24.618754277891856,pre2020,5,14.975,Questionable,DNP,Head / Concussion,concussion,0,1,7.0,0.9910714285714285,7,1
2018,GB,AlliGe01,Geronimo Allison,WR,24.618754277891856,pre2020,6,14.975,Questionable,Limited,Hamstring,soft_tissue,1,2,7.0,0.9910714285714285,8,1
2018,GB,AlliGe01,Geronimo Allison,WR,24.618754277891856,pre2020,8,14.975,None,Limited,Hamstring,soft_tissue,1,3,7.0,0.9910714285714285,13,0
2018,GB,CobbRa00,Randall Cobb,WR,28.027378507871322,pre2020,4,12.946428571428573,Questionable,DNP,Hamstring,soft_tissue,0,1,9.0,1.0502793296089385,7,1
2018,GB,CobbRa00,Randall Cobb,WR,28.027378507871322,pre2020,6,12.946428571428573,Questionable,Limited,Hamstring,soft_tissue,1,3,9.0,1.0502793296089385,8,1
2018,GB,GrahJi00,Jimmy Graham,TE,31.770020533880903,pre2020,6,10.5,None,Full,Knee,knee,0,3,7.666666666666667,1.0167364016736402,8,0
2018,GB,GrahJi00,Jimmy Graham,TE,31.770020533880903,pre2020,8,11.316666666666668,None,Full,Knee,knee,0,4,8.333333333333334,0.9673469387755101,13,0
2018,GB,GrahJi00,Jimmy Graham,TE,31.770020533880903,pre2020,10,10.8125,None,Full,Knee,knee,0,6,6.333333333333333,0.967741935483871,7,0
2018,GB,RodgAa00,Aaron Rodgers,QB,34.74880219028063,pre2020,2,20.120714285714286,Questionable,DNP,Knee,knee,0,1,31.0,,7,0
2018,GB,RodgAa00,Aaron Rodgers,QB,34.74880219028063,pre2020,3,19.502142857142857,Questionable,DNP,Knee,knee,0,2,38.0,1.2987012987012987,7,0
2018,GB,RodgAa00,Aaron Rodgers,QB,34.74880219028063,pre2020,4,19.848571428571425,Questionable,Limited,Knee,knee,0,3,40.666666666666664,1.1299435028248588,7,0
2018,GB,RodgAa00,Aaron Rodgers,QB,34.74880219028063,pre2020,6,20.916,None,Full,Knee,knee,0,5,48.666666666666664,1.0,8,0
2018,GB,RodgAa00,Aaron Rodgers,QB,34.74880219028063,pre2020,8,22.16333333333333,None,Full,Knee,knee,0,6,49.666666666666664,1.0,13,0
2018,GB,RodgAa00,Aaron Rodgers,QB,34.74880219028063,pre2020,9,21.274285714285714,None,Full,Knee,knee,0,7,45.0,1.0,7,0
2018,GB,RodgAa00,Aaron Rodgers,QB,34.74880219028063,pre2020,10,21.009999999999998,None,Full,Knee,knee,0,8,42.333333333333336,1.0,7,0
2018,GB,RodgAa00,Aaron Rodgers,QB,34.74880219028063,pre2020,11,20.682222222222222,None,Full,Knee,knee,0,9,37.333333333333336,1.0,4,0
2018,GB,RodgAa00,Aaron Rodgers,QB,34.74880219028063,pre2020,12,20.772,None,Full,Knee,knee,0,10,37.333333333333336,1.0,10,0
2018,GB,RodgAa00,Aaron Rodgers,QB,34.74880219028063,pre2020,13,19.96727272727273,None,Full,Knee,knee,0,11,31.0,1.0,7,0
2018,GB,RodgAa00,Aaron Rodgers,QB,34.74880219028063,pre2020,14,19.580000000000002,None,Full,Knee,knee,0,12,37.333333333333336,1.0,7,0
2018,GB,RodgAa00,Aaron Rodgers,QB,34.74880219028063,pre2020,15,19.63076923076923,None,Full,Knee,knee,0,13,38.666666666666664,0.98,7,0
2018,GB,RodgAa00,Aaron Rodgers,QB,34.74880219028063,pre2020,17,20.769333333333336,None,Full,Knee,knee,0,15,46.666666666666664,1.0067114093959733,7,0
2018,HOU,CoutKe00,Keke Coutee,WR,21.6290212183436,pre2020,5,21.700000000000003,Questionable,Limited,Hamstring,soft_tissue,0,5,17.0,,7,0
2018,HOU,CoutKe00,Keke Coutee,WR,21.6290212183436,pre2020,6,19.5,None,Limited,Hamstring,soft_tissue,0,6,12.5,0.7634408602150536,7,0
2018,HOU,CoutKe00,Keke Coutee,WR,21.6290212183436,pre2020,7,15.100000000000001,None,Limited,Hamstring,soft_tissue,0,7,10.0,0.9024390243902438,7,0
2018,HOU,CoutKe00,Keke Coutee,WR,21.6290212183436,pre2020,12,11.860000000000001,None,Full,Hamstring,soft_tissue,0,11,5.666666666666667,1.1823529411764706,8,0
2018,HOU,FullWi01,Will Fuller,WR,24.37782340862423,pre2020,1,11.32,Questionable,Limited,Hamstring,soft_tissue,0,1,,,7,1
2018,HOU,FullWi01,Will Fuller,WR,24.37782340862423,pre2020,3,14.815000000000001,None,Limited,Hamstring,soft_tissue,0,3,9.0,,7,0
2018,HOU,FullWi01,Will Fuller,WR,24.37782340862423,pre2020,4,17.26,None,Limited,Hamstring,soft_tissue,0,4,10.0,1.2195121951219512,7,0
2018,HOU,FullWi01,Will Fuller,WR,24.37782340862423,pre2020,5,18.155,Questionable,Limited,Hamstring,soft_tissue,0,5,8.333333333333334,0.34065934065934067,7,0
2018,HOU,FullWi01,Will Fuller,WR,24.37782340862423,pre2020,6,16.2,None,Limited,Hamstring,soft_tissue,0,6,6.333333333333333,1.352112676056338,7,0
2018,HOU,FullWi01,Will Fuller,WR,24.37782340862423,pre2020,7,14.020000000000001,None,Limited,Hip / Groin,soft_tissue,0,7,3.6666666666666665,1.1233480176211452,7,0
2018,HOU,FullWi01,Will Fuller,WR,24.37782340862423,pre2020,8,13.816666666666668,None,Full,Hip / Groin,soft_tissue,0,8,4.666666666666667,1.1462264150943398,4,0
2018,HOU,HopkDe00,DeAndre Hopkins,WR,26.236824093086927,pre2020,2,19.265,Questionable,Limited,Foot / Toe,ankle_foot,0,1,12.0,,7,0
2018,HOU,HopkDe00,DeAndre Hopkins,WR,26.236824093086927,pre2020,3,19.851666666666667,None,Limited,Hand / Wrist,other,0,2,11.5,1.0101010101010102,7,0
2018,HOU,HopkDe00,DeAndre Hopkins,WR,26.236824093086927,pre2020,4,18.338333333333335,Questionable,Limited,Hand / Wrist,other,0,3,11.0,1.0050251256281406,7,0
2018,HOU,HopkDe00,DeAndre Hopkins,WR,26.236824093086927,pre2020,5,21.400000000000002,None,Limited,Hand / Wrist,other,0,4,11.0,1.0033444816053512,7,0
2018,HOU,HopkDe00,DeAndre Hopkins,WR,26.236824093086927,pre2020,6,21.540000000000003,None,Limited,Foot / Toe,ankle_foot,0,5,11.666666666666666,1.0,7,0
2018,HOU,HopkDe00,DeAndre Hopkins,WR,26.236824093086927,pre2020,7,20.833333333333336,None,Limited,Foot / Toe,ankle_foot,0,6,10.333333333333334,1.0,7,0
2018,HOU,HopkDe00,DeAndre Hopkins,WR,26.236824093086927,pre2020,8,19.857142857142858,None,Limited,Foot / Toe,ankle_foot,0,7,9.0,1.0,4,0
2018,HOU,HopkDe00,DeAndre Hopkins,WR,26.236824093086927,pre2020,9,20.650000000000002,None,Limited,Foot / Toe,ankle_foot,0,8,7.0,0.97,10,0
2018,HOU,HopkDe00,DeAndre Hopkins,WR,26.236824093086927,pre2020,11,21.3,None,Limited,Foot / Toe,ankle_foot,0,9,9.0,0.9898989898989901,14,0
2018,HOU,HopkDe00,DeAndre Hopkins,WR,26.236824093086927,pre2020,12,20.630000000000003,None,Limited,Foot / Toe,ankle_foot,0,10,8.333333333333334,1.0169491525423728,8,0
2018,HOU,HopkDe00,DeAndre Hopkins,WR,26.236824093086927,pre2020,13,19.881818181818183,None,Limited,Foot / Toe,ankle_foot,0,11,8.0,0.9966101694915254,6,0
2018,HOU,HopkDe00,DeAndre Hopkins,WR,26.236824093086927,pre2020,14,19.566666666666666,None,Limited,Foot / Toe,ankle_foot,0,12,8.0,1.0033783783783783,7,0
2018,HOU,HopkDe00,DeAndre Hopkins,WR,26.236824093086927,pre2020,15,19.107692307692307,None,Limited,Foot / Toe,ankle_foot,0,13,9.333333333333334,1.0101010101010102,6,0
2018,HOU,HopkDe00,DeAndre Hopkins,WR,26.236824093086927,pre2020,16,20.528571428571432,Questionable,Limited,Ankle,ankle_foot,0,14,11.0,0.9696969696969697,8,0
2018,HOU,HopkDe00,DeAndre Hopkins,WR,26.236824093086927,pre2020,17,20.453333333333333,None,Limited,Ankle,ankle_foot,0,15,11.0,1.0169491525423728,7,0
2018,HOU,MillLa01,Lamar Miller,RB,27.353867214236825,pre2020,16,12.23076923076923,Questionable,Limited,Ankle,ankle_foot,0,1,14.333333333333334,0.3368983957219251,8,1
2018,HOU,MillLa01,Lamar Miller,RB,27.353867214236825,pre2020,17,12.23076923076923,None,Full,Ankle,ankle_foot,1,2,14.333333333333334,0.3368983957219251,7,0
2018,HOU,WatsDe00,Deshaun Watson,QB,22.965092402464066,pre2020,6,22.188,Questionable,Limited,Chest / Ribs,other,0,1,49.0,1.0,7,0
2018,IND,EbroEr00,Eric Ebron,TE,25.39356605065024,pre2020,4,10.81875,None,Full,Shoulder,other,0,1,6.666666666666667,2.47887323943662,7,0
2018,IND,EbroEr00,Eric Ebron,TE,25.39356605065024,pre2020,5,12.5,None,Full,Knee,knee,0,2,8.333333333333334,1.5849056603773586,4,0
2018,IND,EbroEr00,Eric Ebron,TE,25.39356605065024,pre2020,6,16.3,Questionable,Full,Lower Leg,soft_tissue,0,3,12.0,1.0757575757575757,10,0
2018,IND,EbroEr00,Eric Ebron,TE,25.39356605065024,pre2020,13,15.172727272727274,None,Full,Back,other,0,1,3.6666666666666665,2.13,7,0
2018,IND,EbroEr00,Eric Ebron,TE,25.39356605065024,pre2020,14,15.174999999999999,None,Full,Back,other,0,2,8.0,1.5302013422818792,7,0
2018,IND,EbroEr00,Eric Ebron,TE,25.39356605065024,pre2020,16,14.314285714285715,None,Full,Quad / Thigh,soft_tissue,0,1,9.333333333333334,0.7429906542056075,7,0
2018,IND,EbroEr00,Eric Ebron,TE,25.39356605065024,pre2020,17,13.746666666666666,Questionable,Full,Head / Concussion,concussion,0,2,5.333333333333333,0.45918367346938765,7,0
2018,IND,HiltT.00,T.Y. Hilton,WR,28.79671457905544,pre2020,3,14.712500000000002,None,Full,Quad / Thigh,soft_tissue,0,1,11.0,0.9183673469387755,7,0
2018,IND,HiltT.00,T.Y. Hilton,WR,28.79671457905544,pre2020,5,15.600000000000001,Out,DNP,Chest / Ribs,other,0,1,9.0,0.4895833333333333,4,1
2018,IND,HiltT.00,T.Y. Hilton,WR,28.79671457905544,pre2020,6,15.600000000000001,Out,DNP,Chest / Ribs,other,1,2,9.0,0.4895833333333333,10,1
2018,IND,HiltT.00,T.Y. Hilton,WR,28.79671457905544,pre2020,7,15.600000000000001,None,Full,Chest / Ribs,other,1,3,9.0,0.4895833333333333,7,0
2018,IND,HiltT.00,T.Y. Hilton,WR,28.79671457905544,pre2020,13,16.88888888888889,None,Limited,Hip / Groin,soft_tissue,0,1,8.666666666666666,1.154867256637168,7,0
2018,IND,HiltT.00,T.Y. Hilton,WR,28.79671457905544,pre2020,14,16.77,Questionable,Limited,Shoulder,other,0,2,10.666666666666666,1.12987012987013,7,0
2018,IND,HiltT.00,T.Y. Hilton,WR,28.79671457905544,pre2020,15,17.87272727272727,Questionable,DNP,Ankle,ankle_foot,0,3,11.666666666666666,1.0041322314049588,7,0
2018,IND,HiltT.00,T.Y. Hilton,WR,28.79671457905544,pre2020,16,17.508333333333333,Questionable,Limited,Ankle,ankle_foot,0,4,11.0,0.6705882352941176,7,0
2018,IND,HiltT.00,T.Y. Hilton,WR,28.79671457905544,pre2020,17,17.76153846153846,Questionable,DNP,Ankle,ankle_foot,0,5,9.333333333333334,1.16,7,0
2018,IND,MackMa00,Marlon Mack,RB,22.48596851471595,pre2020,8,13.544642857142856,Questionable,Full,Ankle,ankle_foot,0,1,16.0,1.7230769230769234,7,0
2018,IND,MackMa00,Marlon Mack,RB,22.48596851471595,pre2020,10,18.924999999999997,None,Full,Foot / Toe,ankle_foot,0,2,21.666666666666668,1.5619834710743803,14,0
2018,IND,MackMa00,Marlon Mack,RB,22.48596851471595,pre2020,13,15.571428571428571,Questionable,Full,Head / Concussion,concussion,0,1,16.333333333333332,0.8478260869565218,7,0
2018,JAX,FourLe00,Leonard Fournette,RB,23.619438740588638,pre2020,2,15.405769230769229,Questionable,DNP,Hamstring,soft_tissue,0,1,12.0,,7,1
2018,JAX,FourLe00,Leonard Fournette,RB,23.619438740588638,pre2020,3,15.405769230769229,Questionable,Limited,Hamstring,soft_tissue,1,2,12.0,,7,1
2018,JAX,FourLe00,Leonard Fournette,RB,23.619438740588638,pre2020,4,15.405769230769229,Questionable,Full,Hamstring,soft_tissue,1,3,12.0,,7,0
2018,JAX,FourLe00,Leonard Fournette,RB,23.619438740588638,pre2020,5,12.103846153846153,Out,DNP,Hamstring,soft_tissue,0,4,12.0,0.9393939393939393,7,1
2018,JAX,FourLe00,Leonard Fournette,RB,23.619438740588638,pre2020,6,12.103846153846153,Out,DNP,Hamstring,soft_tissue,1,5,12.0,0.9393939393939393,7,1
2018,JAX,FourLe00,Leonard Fournette,RB,23.619438740588638,pre2020,7,12.103846153846153,Out,DNP,Hamstring,soft_tissue,1,6,12.0,0.9393939393939393,7,1
2018,JAX,FourLe00,Leonard Fournette,RB,23.619438740588638,pre2020,8,12.103846153846153,Out,DNP,Hamstring,soft_tissue,1,7,12.0,0.9393939393939393,7,1
2018,JAX,FourLe00,Leonard Fournette,RB,23.619438740588638,pre2020,10,12.103846153846153,None,Full,Hamstring,soft_tissue,1,8,12.0,0.9393939393939393,14,0
2018,JAX,FourLe00,Leonard Fournette,RB,23.619438740588638,pre2020,16,14.9,None,Full,Foot / Toe,ankle_foot,0,1,17.666666666666668,0.872093023255814,7,0
2018,JAX,FourLe00,Leonard Fournette,RB,23.619438740588638,pre2020,17,15.05,Doubtful,DNP,Ankle,ankle_foot,0,2,18.333333333333332,1.280701754385965,7,1
2018,JAX,YeldT.00,T.J. Yeldon,RB,24.914442162902123,pre2020,4,12.192499999999999,None,Full,Ankle,ankle_foot,0,3,16.666666666666668,1.1166666666666667,7,0
2018,JAX,YeldT.00,T.J. Yeldon,RB,24.914442162902123,pre2020,5,15.75,None,Full,Ankle,ankle_foot,0,4,16.666666666666668,0.9946524064171122,7,0
2018,JAX,YeldT.00,T.J. Yeldon,RB,24.914442162902123,pre2020,7,16.533333333333335,None,Full,Foot / Toe,ankle_foot,0,1,18.333333333333332,0.8783783783783783,7,0
2018,KC,HillTy00,Tyreek Hill,WR,24.503764544832308,pre2020,9,20.875,None,Full,Hip / Groin,soft_tissue,0,1,9.666666666666666,0.9467680608365019,7,0
2018,KC,HillTy00,Tyreek Hill,WR,24.503764544832308,pre2020,10,19.944444444444443,None,Full,Hip / Groin,soft_tissue,0,2,7.666666666666667,1.1411764705882352,7,0
2018,KC,HillTy00,Tyreek Hill,WR,24.503764544832308,pre2020,15,21.861538461538462,Questionable,Limited,Foot / Toe,ankle_foot,0,1,12.333333333333334,0.8231046931407943,4,0
2018,KC,HillTy00,Tyreek Hill,WR,24.503764544832308,pre2020,16,20.87857142857143,None,Full,Foot / Toe,ankle_foot,0,2,11.0,1.011494252873563,10,0
2018,KC,HillTy00,Tyreek Hill,WR,24.503764544832308,pre2020,17,20.360000000000003,None,Full,Foot / Toe,ankle_foot,0,3,12.0,1.1264822134387351,7,0
2018,KC,HuntKa00,Kareem Hunt,RB,23.071868583162217,pre2020,9,20.675,None,Full,Knee,knee,0,1,19.666666666666668,1.279187817258883,7,0
2018,KC,KelcTr00,Travis Kelce,TE,28.906228610540726,pre2020,9,16.525,None,Full,Shoulder,other,0,1,8.0,1.0401459854014599,7,0
2018,KC,MahoPa00,Patrick Mahomes,QB,22.95687885010267,pre2020,11,26.380000000000003,None,Full,Foot / Toe,ankle_foot,0,1,34.0,1.0,8,0
2018,KC,MahoPa00,Patrick Mahomes,QB,22.95687885010267,pre2020,15,27.192307692307693,None,Full,Hand / Wrist,other,0,1,51.333333333333336,1.0,4,0
2018,KC,WatkSa00,Sammy Watkins,WR,25.215605749486652,pre2020,10,12.633333333333333,Questionable,Limited,Foot / Toe,ankle_foot,0,1,7.333333333333333,0.811387900355872,7,1
2018,KC,WatkSa00,Sammy Watkins,WR,25.215605749486652,pre2020,11,12.633333333333333,Questionable,DNP,Foot / Toe,ankle_foot,1,2,7.333333333333333,0.811387900355872,8,0
2018,LA,CookBr00,Brandin Cooks,WR,24.933607118412045,pre2020,6,19.7,None,Full,Head / Concussion,concussion,0,1,5.666666666666667,0.43298969072164945,7,0
2018,LA,GurlTo01,Todd Gurley,RB,24.079397672826833,pre2020,16,26.57857142857143,Questionable,DNP,Knee,knee,0,1,23.666666666666668,0.8989169675090252,7,1
2018,LA,GurlTo01,Todd Gurley,RB,24.079397672826833,pre2020,17,26.57857142857143,Out,DNP,Knee,knee,1,2,23.666666666666668,0.8989169675090252,7,1
2018,LA,KuppCo00,Cooper Kupp,WR,25.21286789869952,pre2020,6,21.020000000000003,None,Full,Head / Concussion,concussion,0,1,8.666666666666666,0.5631399317406144,7,0
2018,LA,KuppCo00,Cooper Kupp,WR,25.21286789869952,pre2020,7,17.71666666666667,Out,DNP,Knee,knee,0,2,7.333333333333333,0.45967741935483875,7,1
2018,LA,KuppCo00,Cooper Kupp,WR,25.21286789869952,pre2020,8,17.71666666666667,Doubtful,DNP,Knee,knee,1,3,7.333333333333333,0.45967741935483875,7,1
2018,LA,KuppCo00,Cooper Kupp,WR,25.21286789869952,pre2020,9,17.71666666666667,None,Full,Knee,knee,1,4,7.333333333333333,0.45967741935483875,7,0
2018,LA,KuppCo00,Cooper Kupp,WR,25.21286789869952,pre2020,11,16.8875,Out,DNP,Knee,knee,0,1,5.333333333333333,1.2901554404145075,8,1
2018,LAC,AlleKe00,Keenan Allen,WR,26.34633812457221,pre2020,4,15.071874999999999,Questionable,Limited,Knee,knee,0,1,8.666666666666666,0.8700564971751412,7,0
2018,LAC,AlleKe00,Keenan Allen,WR,26.34633812457221,pre2020,11,15.455555555555556,None,Limited,Hip / Groin,soft_tissue,0,1,8.666666666666666,1.1125,7,0
2018,LAC,AlleKe00,Keenan Allen,WR,26.34633812457221,pre2020,12,16.31,None,Full,Hand / Wrist,other,0,2,11.333333333333334,1.0227272727272727,7,0
2018,LAC,AlleKe00,Keenan Allen,WR,26.34633812457221,pre2020,16,18.376923076923077,Questionable,Limited,Hip / Groin,soft_tissue,0,1,9.333333333333334,0.2633587786259542,9,0
2018,LAC,AlleKe00,Keenan Allen,WR,26.34633812457221,pre2020,17,17.835714285714285,None,Full,Hip / Groin,soft_tissue,0,2,5.666666666666667,1.3428571428571427,8,0
2018,LAC,EkelAu00,Austin Ekeler,RB,23.293634496919918,pre2020,13,11.845454545454546,None,Full,Neck,other,0,2,9.0,1.4805194805194806,7,0
2018,LAC,EkelAu00,Austin Ekeler,RB,23.293634496919918,pre2020,15,12.076923076923077,Out,DNP,Neck,other,0,4,19.0,1.4676258992805755,4,1
2018,LAC,EkelAu00,Austin Ekeler,RB,23.293634496919918,pre2020,17,12.076923076923077,None,Full,Neck,other,1,6,19.0,1.4676258992805755,8,0
2018,LAC,GordMe00,Melvin Gordon,RB,25.385352498288842,pre2020,3,23.553125,None,Full,Neck,other,0,1,22.0,0.8421052631578947,7,0
2018,LAC,GordMe00,Melvin Gordon,RB,25.385352498288842,pre2020,7,27.083333333333332,Questionable,Limited,Hamstring,soft_tissue,0,1,23.333333333333332,0.863013698630137,7,1
2018,LAC,GordMe00,Melvin Gordon,RB,25.385352498288842,pre2020,9,27.083333333333332,Questionable,Full,Hamstring,soft_tissue,1,2,23.333333333333332,0.863013698630137,14,0
2018,LAC,GordMe00,Melvin Gordon,RB,25.385352498288842,pre2020,12,25.655555555555555,Questionable,Limited,Hamstring,soft_tissue,0,1,22.666666666666668,1.077922077922078,7,0
2018,LAC,GordMe00,Melvin Gordon,RB,25.385352498288842,pre2020,13,25.15,Out,DNP,Knee,knee,0,2,20.0,0.45418326693227085,7,1
2018,LAC,GordMe00,Melvin Gordon,RB,25.385352498288842,pre2020,14,25.15,Out,DNP,Knee,knee,1,3,20.0,0.45418326693227085,7,1
2018,LAC,GordMe00,Melvin Gordon,RB,25.385352498288842,pre2020,15,25.15,Questionable,Limited,Knee,knee,1,4,20.0,0.45418326693227085,4,1
2018,LAC,GordMe00,Melvin Gordon,RB,25.385352498288842,pre2020,16,25.15,None,Full,Knee,knee,1,5,20.0,0.45418326693227085,9,0
2018,MIA,DrakKe00,Kenyan Drake,RB,24.5968514715948,pre2020,8,12.171428571428573,None,Full,Shoulder,other,0,1,16.666666666666668,1.1162790697674418,4,0
2018,MIA,DrakKe00,Kenyan Drake,RB,24.5968514715948,pre2020,9,13.5875,None,Full,Shoulder,other,0,2,15.666666666666666,0.8795811518324608,10,0
2018,MIA,DrakKe00,Kenyan Drake,RB,24.5968514715948,pre2020,10,12.911111111111111,None,Limited,Shoulder,other,0,3,12.333333333333334,0.8032786885245902,7,0
2018,MIA,DrakKe00,Kenyan Drake,RB,24.5968514715948,pre2020,12,12.2,None,Limited,Shoulder,other,0,4,11.0,0.8875739644970414,14,0
2018,MIA,DrakKe00,Kenyan Drake,RB,24.5968514715948,pre2020,13,13.509090909090911,None,Limited,Shoulder,other,0,5,11.0,0.8709677419354838,7,0
2018,MIA,DrakKe00,Kenyan Drake,RB,24.5968514715948,pre2020,14,13.416666666666666,None,Limited,Shoulder,other,0,6,11.666666666666666,1.1458333333333335,7,0
2018,MIA,DrakKe00,Kenyan Drake,RB,24.5968514715948,pre2020,15,13.53076923076923,None,Full,Shoulder,other,0,7,10.666666666666666,1.0,7,0
2018,MIA,DrakKe00,Kenyan Drake,RB,24.5968514715948,pre2020,16,13.021428571428572,None,Full,Shoulder,other,0,8,7.333333333333333,1.06,7,0
2018,MIA,GoreFr00,Frank Gore,RB,35.30184804928131,pre2020,1,10.85,None,Full,Achilles,achilles,0,1,,,7,0
2018,MIA,WilsAl02,Albert Wilson,WR,26.138261464750173,pre2020,8,13.825714285714286,None,DNP,Hip / Groin,soft_tissue,0,1,7.0,0.3246753246753247,4,1
2018,MIN,CookDa01,Dalvin Cook,RB,23.06091718001369,pre2020,3,12.75,Out,DNP,Hamstring,soft_tissue,0,1,19.0,0.85,7,1
2018,MIN,CookDa01,Dalvin Cook,RB,23.06091718001369,pre2020,4,12.75,Questionable,Limited,Hamstring,soft_tissue,1,2,19.0,0.85,4,0
2018,MIN,DiggSt00,Stefon Diggs,WR,24.75564681724846,pre2020,9,18.2875,Questionable,DNP,Chest / Ribs,other,0,1,11.0,0.9962264150943396,7,1
2018,MIN,DiggSt00,Stefon Diggs,WR,24.75564681724846,pre2020,11,18.2875,None,Full,Chest / Ribs,other,1,2,11.0,0.9962264150943396,14,0
2018,MIN,DiggSt00,Stefon Diggs,WR,24.75564681724846,pre2020,13,20.080000000000002,Questionable,Limited,Knee,knee,0,1,13.666666666666666,1.0367647058823528,7,0
2018,MIN,DiggSt00,Stefon Diggs,WR,24.75564681724846,pre2020,14,19.154545454545453,None,Limited,Knee,knee,0,2,12.0,0.8400000000000001,8,0
2018,MIN,ThieAd00,Adam Thielen,WR,28.027378507871322,pre2020,11,23.855555555555558,None,Limited,Back,other,0,1,8.666666666666666,0.9583333333333334,14,0
2018,MIN,ThieAd00,Adam Thielen,WR,28.027378507871322,pre2020,12,23.03,None,Full,Lower Leg,soft_tissue,0,2,9.333333333333334,1.0600706713780919,7,0
2018,MIN,ThieAd00,Adam Thielen,WR,28.027378507871322,pre2020,13,23.345454545454547,None,Full,Lower Leg,soft_tissue,0,3,9.666666666666666,1.013937282229965,7,0
2018,MIN,ThieAd00,Adam Thielen,WR,28.027378507871322,pre2020,15,21.800000000000004,None,Full,Ankle,ankle_foot,0,1,9.0,0.9797979797979799,6,0
2018,NE,BurkRe00,Rex Burkhead,RB,28.16700889801506,pre2020,2,11.709999999999999,Questionable,Limited,Head / Concussion,concussion,0,1,21.0,,7,0
2018,NE,EdelJu00,Julian Edelman,WR,32.27926078028747,pre2020,7,14.4,Questionable,Limited,Foot / Toe,ankle_foot,0,1,8.5,1.3,7,0
2018,NE,EdelJu00,Julian Edelman,WR,32.27926078028747,pre2020,9,16.025,Questionable,Limited,Ankle,ankle_foot,0,1,9.333333333333334,1.111969111969112,6,0
2018,NE,EdelJu00,Julian Edelman,WR,32.27926078028747,pre2020,10,16.296,None,Limited,Ankle,ankle_foot,0,2,10.666666666666666,0.9473684210526315,7,0
2018,NE,EdelJu00,Julian Edelman,WR,32.27926078028747,pre2020,12,16.853333333333335,None,Full,Foot / Toe,ankle_foot,0,3,12.0,0.8661971830985915,14,0
2018,NE,EdelJu00,Julian Edelman,WR,32.27926078028747,pre2020,13,17.074285714285715,None,Full,Foot / Toe,ankle_foot,0,4,9.666666666666666,0.9626865671641792,7,0
2018,NE,GronRo00,Rob Gronkowski,TE,29.300479123887747,pre2020,3,15.446153846153848,None,Full,Ankle,ankle_foot,0,1,6.0,0.95,7,0
2018,NE,GronRo00,Rob Gronkowski,TE,29.300479123887747,pre2020,4,13.348076923076924,Questionable,Limited,Ankle,ankle_foot,0,2,5.666666666666667,1.0256410256410258,7,0
2018,NE,GronRo00,Rob Gronkowski,TE,29.300479123887747,pre2020,5,11.075000000000001,Questionable,DNP,Ankle,ankle_foot,0,3,5.333333333333333,0.6813559322033899,4,0
2018,NE,GronRo00,Rob Gronkowski,TE,29.300479123887747,pre2020,6,11.56,Questionable,Limited,Ankle,ankle_foot,0,4,6.333333333333333,1.0419847328244274,10,0
2018,NE,GronRo00,Rob Gronkowski,TE,29.300479123887747,pre2020,7,11.75,Questionable,Limited,Ankle,ankle_foot,0,5,6.0,1.1511627906976745,7,1
2018,NE,GronRo00,Rob Gronkowski,TE,29.300479123887747,pre2020,8,11.75,Questionable,Limited,Ankle,ankle_foot,1,6,6.0,1.1511627906976745,8,0
2018,NE,GronRo00,Rob Gronkowski,TE,29.300479123887747,pre2020,9,11.114285714285714,Questionable,Limited,Ankle,ankle_foot,0,7,6.333333333333333,1.0389105058365757,6,1
2018,NE,GronRo00,Rob Gronkowski,TE,29.300479123887747,pre2020,10,11.114285714285714,Questionable,Limited,Ankle,ankle_foot,1,8,6.333333333333333,1.0389105058365757,7,1
2018,NE,GronRo00,Rob Gronkowski,TE,29.300479123887747,pre2020,12,11.114285714285714,Questionable,Limited,Ankle,ankle_foot,1,9,6.333333333333333,1.0389105058365757,14,0
2018,NE,GronRo00,Rob Gronkowski,TE,29.300479123887747,pre2020,13,11.55,None,Limited,Ankle,ankle_foot,0,10,6.333333333333333,1.064516129032258,7,0
2018,NE,GronRo00,Rob Gronkowski,TE,29.300479123887747,pre2020,14,10.88888888888889,None,Limited,Ankle,ankle_foot,0,11,6.333333333333333,1.0348432055749128,7,0
2018,NE,GronRo00,Rob Gronkowski,TE,29.300479123887747,pre2020,16,11.52727272727273,None,Limited,Ankle,ankle_foot,0,1,5.666666666666667,1.0238907849829353,7,0
2018,NE,MichSo00,Sony Michel,RB,23.537303216974674,pre2020,6,11.55,Questionable,Limited,Knee,knee,0,1,20.333333333333332,1.0636363636363637,10,0
2018,NE,MichSo00,Sony Michel,RB,23.537303216974674,pre2020,7,13.760000000000002,Questionable,Limited,Knee,knee,0,2,23.0,1.1015625000000002,7,0
2018,NE,MichSo00,Sony Michel,RB,23.537303216974674,pre2020,8,11.883333333333335,Doubtful,Limited,Knee,knee,0,3,16.333333333333332,0.21259842519685038,8,1
2018,NE,MichSo00,Sony Michel,RB,23.537303216974674,pre2020,9,11.883333333333335,Questionable,Limited,Knee,knee,1,4,16.333333333333332,0.21259842519685038,6,1
2018,NE,MichSo00,Sony Michel,RB,23.537303216974674,pre2020,10,11.883333333333335,Questionable,Limited,Knee,knee,1,5,16.333333333333332,0.21259842519685038,7,0
2018,NO,GinnTe00,Ted Ginn Jr.,WR,33.38809034907597,pre2020,2,13.055,None,Full,Knee,knee,0,1,7.0,,7,0
2018,NO,GinnTe00,Ted Ginn Jr.,WR,33.38809034907597,pre2020,3,12.27,None,Limited,Knee,knee,0,2,7.0,0.5769230769230769,7,0
2018,NO,KamaAl00,Alvin Kamara,RB,23.104722792607802,pre2020,4,28.75625,None,Limited,Knee,knee,0,1,25.0,1.0759493670886076,7,0
2018,NO,KamaAl00,Alvin Kamara,RB,23.104722792607802,pre2020,5,34.025,None,Limited,Knee,knee,0,2,27.666666666666668,1.037037037037037,8,0
2018,NO,ThomMi05,Michael Thomas,WR,25.49760438056126,pre2020,9,20.7,None,Full,Shoulder,other,0,1,6.666666666666667,1.0950570342205324,7,0
2018,NO,ThomMi05,Michael Thomas,WR,25.49760438056126,pre2020,14,20.583333333333332,None,Full,Ankle,ankle_foot,0,1,6.0,1.261802575107296,10,0
2018,NYG,BeckOd00,Odell Beckham Jr.,WR,25.82067077344285,pre2020,14,19.361666666666668,None,Limited,Quad / Thigh,soft_tissue,0,1,7.666666666666667,1.0449438202247192,7,1
2018,NYG,BeckOd00,Odell Beckham Jr.,WR,25.82067077344285,pre2020,15,19.361666666666668,Out,DNP,Quad / Thigh,soft_tissue,1,2,7.666666666666667,1.0449438202247192,7,1
2018,NYG,BeckOd00,Odell Beckham Jr.,WR,25.82067077344285,pre2020,16,19.361666666666668,Out,DNP,Quad / Thigh,soft_tissue,1,3,7.666666666666667,1.0449438202247192,7,1
2018,NYG,BeckOd00,Odell Beckham Jr.,WR,25.82067077344285,pre2020,17,19.361666666666668,Out,DNP,Quad / Thigh,soft_tissue,1,4,7.666666666666667,1.0449438202247192,7,1
2018,NYG,EngrEv00,Evan Engram,TE,23.99726214921287,pre2020,3,11.661666666666665,None,Full,Ankle,ankle_foot,0,1,6.0,0.9777777777777777,7,0
2018,NYG,ShepSt00,Sterling Shepard,WR,25.555099247091032,pre2020,2,12.302272727272726,None,Full,Back,other,0,1,7.0,,7,0
2018,NYG,ShepSt00,Sterling Shepard,WR,25.555099247091032,pre2020,5,15.225000000000001,None,Full,Back,other,0,1,7.333333333333333,1.0288808664259927,7,0
2018,NYJ,CrowIs00,Isaiah Crowell,RB,25.645448323066393,pre2020,6,15.720000000000002,Questionable,Limited,Ankle,ankle_foot,0,1,13.333333333333334,0.9230769230769232,7,0
2018,NYJ,CrowIs00,Isaiah Crowell,RB,25.645448323066393,pre2020,7,14.300000000000002,Questionable,Limited,Foot / Toe,ankle_foot,0,2,12.0,1.008196721311475,7,0
2018,NYJ,CrowIs00,Isaiah Crowell,RB,25.645448323066393,pre2020,8,13.114285714285716,None,Full,Foot / Toe,ankle_foot,0,3,15.0,1.1794871794871797,7,0
2018,NYJ,CrowIs00,Isaiah Crowell,RB,25.645448323066393,pre2020,10,11.511111111111113,None,Full,Ankle,ankle_foot,0,1,14.333333333333334,0.7894736842105262,7,0
2018,NYJ,CrowIs00,Isaiah Crowell,RB,25.645448323066393,pre2020,12,11.530000000000001,None,Full,Ankle,ankle_foot,0,2,12.666666666666666,0.8031496062992126,14,0
2018,NYJ,EnunQu00,Quincy Enunwa,WR,26.253251197809718,pre2020,2,18.3,None,Full,Hand / Wrist,other,0,2,9.0,,6,0
2018,NYJ,EnunQu00,Quincy Enunwa,WR,26.253251197809718,pre2020,3,17.25,None,Full,Hand / Wrist,other,0,3,10.0,1.1940298507462686,4,0
2018,NYJ,EnunQu00,Quincy Enunwa,WR,26.253251197809718,pre2020,4,14.733333333333334,None,Full,Back,other,0,4,9.333333333333334,1.1428571428571426,10,0
2018,OAK,CookJa02,Jared Cook,TE,31.4031485284052,pre2020,17,12.520000000000001,None,Limited,Chest / Ribs,other,0,1,6.0,0.6734693877551022,6,0
2018,OAK,CoopAm00,Amari Cooper,WR,24.20807665982204,pre2020,5,13.725000000000001,None,Limited,Foot / Toe,ankle_foot,0,1,8.666666666666666,1.01953125,7,0
2018,OAK,LyncMa00,Marshawn Lynch,RB,32.36139630390144,pre2020,1,10.946666666666667,None,Limited,Hip / Groin,soft_tissue,0,1,,,7,0
2018,OAK,LyncMa00,Marshawn Lynch,RB,32.36139630390144,pre2020,2,11.435,None,Full,Shoulder,other,0,2,13.0,,6,0
2018,OAK,LyncMa00,Marshawn Lynch,RB,32.36139630390144,pre2020,3,12.398333333333333,None,Limited,Shoulder,other,0,3,16.5,1.9117647058823528,7,0
2018,OAK,LyncMa00,Marshawn Lynch,RB,32.36139630390144,pre2020,4,14.061666666666667,None,Limited,Shoulder,other,0,4,18.666666666666668,1.1111111111111112,7,0
2018,OAK,LyncMa00,Marshawn Lynch,RB,32.36139630390144,pre2020,5,16.0,None,Limited,Core / Abdomen,other,0,5,22.666666666666668,1.051948051948052,7,0
2018,OAK,LyncMa00,Marshawn Lynch,RB,32.36139630390144,pre2020,6,14.020000000000001,None,Limited,Hip / Groin,soft_tissue,0,6,19.666666666666668,0.689655172413793,7,0
2018,PHI,AjayJa00,Jay Ajayi,RB,25.21286789869952,pre2020,3,12.3,Out,DNP,Back,other,0,1,11.5,0.7000000000000001,7,1
2018,PHI,AjayJa00,Jay Ajayi,RB,25.21286789869952,pre2020,4,12.3,None,Full,Back,other,1,2,11.5,0.7000000000000001,7,0
2018,PHI,ErtzZa00,Zach Ertz,TE,27.808350444900753,pre2020,16,17.2,None,Full,Ankle,ankle_foot,0,1,8.333333333333334,1.1311475409836065,7,0
2018,PHI,JeffAl00,Alshon Jeffery,WR,28.54483230663929,pre2020,1,12.24375,Out,DNP,Shoulder,other,0,1,,,7,1
2018,PHI,JeffAl00,Alshon Jeffery,WR,28.54483230663929,pre2020,2,12.24375,Out,Limited,Shoulder,other,1,2,,,10,1
2018,PHI,JeffAl00,Alshon Jeffery,WR,28.54483230663929,pre2020,3,12.24375,Questionable,Limited,Shoulder,other,1,3,,,7,1
2018,PHI,JeffAl00,Alshon Jeffery,WR,28.54483230663929,pre2020,5,15.3078125,None,Full,Chest / Ribs,other,0,5,9.0,,7,0
2018,PHI,TateGo00,Golden Tate,WR,30.080766598220396,pre2020,4,16.657812500000002,Questionable,Limited,Hip / Groin,soft_tissue,1,1,,,7,1
2018,PHI,TateGo00,Golden Tate,WR,30.080766598220396,pre2020,8,17.6,None,Full,Ankle,ankle_foot,1,1,,,7,1
2018,PHI,WentCa00,Carson Wentz,QB,25.67008898015058,pre2020,1,21.672307692307694,Out,Limited,Knee,knee,0,1,,,7,1
2018,PHI,WentCa00,Carson Wentz,QB,25.67008898015058,pre2020,2,21.672307692307694,Out,Limited,Knee,knee,1,2,,,10,1
2018,PHI,WentCa00,Carson Wentz,QB,25.67008898015058,pre2020,3,21.672307692307694,None,Full,Knee,knee,1,3,,,7,0
2018,PIT,ConnJa00,James Conner,RB,23.326488706365502,pre2020,11,24.755555555555556,None,Full,Head / Concussion,concussion,0,1,25.666666666666668,0.47430830039525695,10,0
2018,PIT,ConnJa00,James Conner,RB,23.326488706365502,pre2020,14,22.3,Out,DNP,Ankle,ankle_foot,0,1,18.0,1.0046511627906975,7,1
2018,PIT,ConnJa00,James Conner,RB,23.326488706365502,pre2020,15,22.3,Questionable,Limited,Ankle,ankle_foot,1,2,18.0,1.0046511627906975,7,1
2018,PIT,ConnJa00,James Conner,RB,23.326488706365502,pre2020,16,22.3,Out,DNP,Ankle,ankle_foot,1,3,18.0,1.0046511627906975,7,1
2018,PIT,ConnJa00,James Conner,RB,23.326488706365502,pre2020,17,22.3,Questionable,Full,Ankle,ankle_foot,1,4,18.0,1.0046511627906975,7,0
2018,PIT,RoetBe00,Ben Roethlisberger,QB,36.50102669404517,pre2020,9,20.985714285714288,None,Full,Hand / Wrist,other,0,1,38.666666666666664,0.9966442953020135,7,0
2018,PIT,RoetBe00,Ben Roethlisberger,QB,36.50102669404517,pre2020,10,21.512500000000003,None,Full,Hand / Wrist,other,0,2,44.666666666666664,1.0000000000000002,4,0
2018,PIT,RoetBe00,Ben Roethlisberger,QB,36.50102669404517,pre2020,15,21.95230769230769,None,Full,Chest / Ribs,other,0,1,44.0,0.68,7,0
2018,PIT,SmitJu00,JuJu Smith-Schuster,WR,21.7741273100616,pre2020,4,20.68035714285714,None,Full,Core / Abdomen,other,0,1,12.666666666666666,0.9880952380952379,6,0
2018,PIT,SmitJu00,JuJu Smith-Schuster,WR,21.7741273100616,pre2020,16,18.692857142857143,Questionable,DNP,Hip / Groin,soft_tissue,0,1,10.333333333333334,1.0846153846153845,7,0
2018,SEA,BaldDo00,Doug Baldwin,WR,29.94387405886379,pre2020,1,13.95625,None,Full,Knee,knee,0,1,,,7,0
2018,SEA,CarsCh00,Chris Carson,RB,23.958932238193018,pre2020,9,11.950000000000001,Questionable,Limited,Hip / Groin,soft_tissue,0,1,20.333333333333332,1.1551724137931036,7,0
2018,SEA,WilsRu00,Russell Wilson,QB,29.754962354551676,pre2020,3,19.6625,None,Full,Hamstring,soft_tissue,0,1,37.0,1.0,6,0
2018,SF,BreiMa00,Matt Breida,RB,23.50718685831622,pre2020,4,13.0421875,Questionable,Limited,Knee,knee,0,1,13.666666666666666,1.0238095238095237,7,0
2018,SF,BreiMa00,Matt Breida,RB,23.50718685831622,pre2020,5,13.950000000000001,Questionable,Limited,Shoulder,other,0,2,13.333333333333334,1.4881889763779528,7,0
2018,SF,BreiMa00,Matt Breida,RB,23.50718685831622,pre2020,6,13.780000000000001,Questionable,Limited,Shoulder,other,0,3,11.333333333333334,0.2689655172413793,8,0
2018,SF,BreiMa00,Matt Breida,RB,23.50718685831622,pre2020,7,13.5,None,Full,Shoulder,other,0,4,11.666666666666666,1.184873949579832,6,0
2018,SF,BreiMa00,Matt Breida,RB,23.50718685831622,pre2020,13,12.32727272727273,None,Full,Ankle,ankle_foot,0,1,17.333333333333332,0.923076923076923,7,0
2018,SF,BreiMa00,Matt Breida,RB,23.50718685831622,pre2020,14,12.025,Out,DNP,Ankle,ankle_foot,0,2,15.666666666666666,0.24840764331210194,7,1
2018,SF,BreiMa00,Matt Breida,RB,23.50718685831622,pre2020,15,12.025,Questionable,Limited,Ankle,ankle_foot,1,3,15.666666666666666,0.24840764331210194,7,0
2018,SF,BreiMa00,Matt Breida,RB,23.50718685831622,pre2020,16,12.223076923076924,None,Limited,Ankle,ankle_foot,0,4,16.0,1.8099173553719008,7,0
2018,SF,KittGe00,George Kittle,TE,24.895277207392198,pre2020,6,14.180000000000001,Questionable,Limited,Knee,knee,0,1,7.333333333333333,1.1125,8,0
2018,SF,KittGe00,George Kittle,TE,24.895277207392198,pre2020,7,12.983333333333334,None,Full,Knee,knee,0,2,7.0,1.1115537848605577,6,0
2018,SF,KittGe00,George Kittle,TE,24.895277207392198,pre2020,10,14.466666666666665,None,Limited,Chest / Ribs,other,0,1,6.666666666666667,0.6569343065693429,11,0
2018,TB,EvanMi00,Mike Evans,WR,25.02943189596167,pre2020,9,20.714285714285715,None,Full,Knee,knee,0,1,9.666666666666666,0.916030534351145,7,0
2018,TB,EvanMi00,Mike Evans,WR,25.02943189596167,pre2020,10,18.450000000000003,None,Full,Knee,knee,0,2,11.333333333333334,1.0714285714285714,7,0
2018,TB,FitzRy00,Ryan Fitzpatrick,QB,35.7700205338809,pre2020,3,24.224999999999998,None,Full,Knee,knee,0,1,37.0,1.0,8,0
2018,TB,JackDe00,DeSean Jackson,WR,31.750855578370977,pre2020,2,15.325000000000001,Questionable,Full,Shoulder,other,0,1,5.0,,7,0
2018,TB,JackDe00,DeSean Jackson,WR,31.750855578370977,pre2020,12,14.2,Questionable,Full,Hand / Wrist,other,0,1,6.333333333333333,1.371951219512195,7,0
2018,TB,JackDe00,DeSean Jackson,WR,31.750855578370977,pre2020,13,13.409090909090908,Out,Limited,Hand / Wrist,other,0,2,8.0,0.7860962566844919,7,1
2018,TB,JackDe00,DeSean Jackson,WR,31.750855578370977,pre2020,14,13.409090909090908,Out,DNP,Hand / Wrist,other,1,3,8.0,0.7860962566844919,7,1
2018,TB,JackDe00,DeSean Jackson,WR,31.750855578370977,pre2020,15,13.409090909090908,Out,DNP,Hand / Wrist,other,1,4,8.0,0.7860962566844919,7,1
2018,TB,JackDe00,DeSean Jackson,WR,31.750855578370977,pre2020,16,13.409090909090908,Questionable,Full,Hand / Wrist,other,1,5,8.0,0.7860962566844919,7,0
2018,TB,JackDe00,DeSean Jackson,WR,31.750855578370977,pre2020,17,12.608333333333334,Doubtful,DNP,Achilles,achilles,0,6,7.0,0.5744680851063829,7,1
2018,WAS,JohnJo05,Josh Johnson,QB,32.2984257357974,pre2020,16,19.62,None,Full,Ankle,ankle_foot,0,1,28.5,2.127659574468085,6,0
2018,WAS,PeteAd01,Adrian Peterson,RB,33.44832306639288,pre2020,5,15.622499999999999,None,Full,Ankle,ankle_foot,0,1,20.666666666666668,1.1954022988505746,15,0
2018,WAS,PeteAd01,Adrian Peterson,RB,33.44832306639288,pre2020,6,15.200000000000001,Questionable,Limited,Ankle,ankle_foot,0,2,13.333333333333334,0.4532374100719424,6,0
2018,WAS,PeteAd01,Adrian Peterson,RB,33.44832306639288,pre2020,7,14.1,Questionable,Limited,Shoulder,other,0,3,14.666666666666666,1.485981308411215,7,0
2018,WAS,PeteAd01,Adrian Peterson,RB,33.44832306639288,pre2020,8,13.700000000000001,None,Full,Ankle,ankle_foot,0,4,17.0,1.357142857142857,7,0
2018,WAS,PeteAd01,Adrian Peterson,RB,33.44832306639288,pre2020,9,15.542857142857144,None,Full,Shoulder,other,0,5,23.666666666666668,1.3740458015267174,7,0
2018,WAS,PeteAd01,Adrian Peterson,RB,33.44832306639288,pre2020,10,14.387500000000001,None,Full,Shoulder,other,0,6,21.666666666666668,0.8117647058823528,7,0
2018,WAS,PeteAd01,Adrian Peterson,RB,33.44832306639288,pre2020,11,13.777777777777779,None,Full,Shoulder,other,0,7,20.0,1.0858895705521472,7,0
2018,WAS,PeteAd01,Adrian Peterson,RB,33.44832306639288,pre2020,12,14.110000000000003,None,Full,Shoulder,other,0,8,16.333333333333332,1.0181818181818183,4,0
2018,WAS,PeteAd01,Adrian Peterson,RB,33.44832306639288,pre2020,13,13.409090909090908,Questionable,Limited,Shoulder,other,0,9,17.0,0.8012422360248446,11,0
2018,WAS,PeteAd01,Adrian Peterson,RB,33.44832306639288,pre2020,14,13.608333333333334,None,Full,Shoulder,other,0,10,13.0,0.6835443037974684,6,0
2018,WAS,PeteAd01,Adrian Peterson,RB,33.44832306639288,pre2020,15,12.784615384615385,None,Full,Shoulder,other,0,11,11.333333333333334,0.6888888888888889,7,0
2018,WAS,PeteAd01,Adrian Peterson,RB,33.44832306639288,pre2020,16,12.521428571428572,None,Full,Shoulder,other,0,12,14.0,1.4727272727272727,6,0
2018,WAS,PeteAd01,Adrian Peterson,RB,33.44832306639288,pre2020,17,12.6,None,Full,Shoulder,other,0,13,20.333333333333332,1.512396694214876,8,0
2018,WAS,ReedJo02,Jordan Reed,TE,28.164271047227928,pre2020,13,10.336363636363636,Questionable,Limited,Back,other,0,2,8.333333333333334,1.196808510638298,11,0
2018,WAS,ThomCh03,Chris Thompson,RB,27.865845311430526,pre2020,6,15.5,Questionable,Limited,Chest / Ribs,other,0,1,14.0,1.3112582781456956,6,1
2018,WAS,ThomCh03,Chris Thompson,RB,27.865845311430526,pre2020,7,15.5,Questionable,Limited,Chest / Ribs,other,1,2,14.0,1.3112582781456956,7,1
2018,WAS,ThomCh03,Chris Thompson,RB,27.865845311430526,pre2020,8,15.5,Questionable,Full,Chest / Ribs,other,1,3,14.0,1.3112582781456956,7,0
2018,WAS,ThomCh03,Chris Thompson,RB,27.865845311430526,pre2020,9,13.24,Out,DNP,Chest / Ribs,other,0,4,10.0,0.6514285714285714,7,1
2018,WAS,ThomCh03,Chris Thompson,RB,27.865845311430526,pre2020,10,13.24,Out,DNP,Chest / Ribs,other,1,5,10.0,0.6514285714285714,7,1
2018,WAS,ThomCh03,Chris Thompson,RB,27.865845311430526,pre2020,11,13.24,Out,DNP,Chest / Ribs,other,1,6,10.0,0.6514285714285714,7,1
2018,WAS,ThomCh03,Chris Thompson,RB,27.865845311430526,pre2020,12,13.24,Out,DNP,Chest / Ribs,other,1,7,10.0,0.6514285714285714,4,1
2018,WAS,ThomCh03,Chris Thompson,RB,27.865845311430526,pre2020,13,13.24,None,Full,Chest / Ribs,other,1,8,10.0,0.6514285714285714,11,0
2019,ARI,JohnDa08,David Johnson,RB,27.709787816564,pre2020,3,16.231250000000003,None,Full,Hand / Wrist,other,0,1,16.5,0.6976744186046512,7,0
2019,ARI,JohnDa08,David Johnson,RB,27.709787816564,pre2020,6,18.619999999999997,Questionable,Limited,Back,other,0,1,21.333333333333332,0.8884120171673818,7,0
2019,ARI,JohnDa08,David Johnson,RB,27.709787816564,pre2020,7,20.21666666666667,Questionable,Limited,Ankle,ankle_foot,0,2,21.333333333333332,0.9297520661157025,7,0
2019,ARI,JohnDa08,David Johnson,RB,27.709787816564,pre2020,8,17.357142857142858,Questionable,DNP,Ankle,ankle_foot,0,3,14.333333333333334,0.06521739130434784,7,1
2019,ARI,JohnDa08,David Johnson,RB,27.709787816564,pre2020,9,17.357142857142858,Questionable,Limited,Ankle,ankle_foot,1,4,14.333333333333334,0.06521739130434784,4,1
2019,ARI,JohnDa08,David Johnson,RB,27.709787816564,pre2020,10,17.357142857142858,None,Full,Ankle,ankle_foot,1,5,14.333333333333334,0.06521739130434784,10,0
2019,ARI,KirkCh01,Christian Kirk,WR,22.784394250513348,pre2020,5,13.0,Out,DNP,Ankle,ankle_foot,0,1,8.666666666666666,1.014388489208633,7,1
2019,ARI,KirkCh01,Christian Kirk,WR,22.784394250513348,pre2020,15,14.36,None,Full,Ankle,ankle_foot,0,1,9.0,1.0034482758620689,7,0
2019,ARI,KirkCh01,Christian Kirk,WR,22.784394250513348,pre2020,16,13.97272727272727,Questionable,Limited,Ankle,ankle_foot,0,2,7.666666666666667,0.9175257731958762,7,0
2019,ARI,MurrKy00,Kyler Murray,QB,22.067077344284737,pre2020,13,19.992727272727276,Questionable,Full,Hamstring,soft_tissue,0,1,39.0,1.0204081632653061,14,0
2019,ARI,MurrKy00,Kyler Murray,QB,22.067077344284737,pre2020,17,18.151999999999997,Questionable,Limited,Hamstring,soft_tissue,0,1,31.0,0.54,7,0
2019,ATL,FreeDe00,Devonta Freeman,RB,27.463381245722108,pre2020,11,13.033333333333335,Out,DNP,Foot / Toe,ankle_foot,0,1,15.0,0.5652173913043478,7,1
2019,ATL,FreeDe00,Devonta Freeman,RB,27.463381245722108,pre2020,12,13.033333333333335,Out,DNP,Foot / Toe,ankle_foot,1,2,15.0,0.5652173913043478,7,1
2019,ATL,FreeDe00,Devonta Freeman,RB,27.463381245722108,pre2020,13,13.033333333333335,None,Full,Foot / Toe,ankle_foot,1,3,15.0,0.5652173913043478,4,0
2019,ATL,FreeDe00,Devonta Freeman,RB,27.463381245722108,pre2020,15,13.372727272727273,None,Full,Knee,knee,0,1,19.0,1.059782608695652,7,0
2019,ATL,HoopAu00,Austin Hooper,TE,24.840520191649556,pre2020,11,17.200000000000003,Out,DNP,Knee,knee,0,1,5.666666666666667,0.8437499999999999,7,1
2019,ATL,HoopAu00,Austin Hooper,TE,24.840520191649556,pre2020,12,17.200000000000003,Out,DNP,Knee,knee,1,2,5.666666666666667,0.8437499999999999,7,1
2019,ATL,HoopAu00,Austin Hooper,TE,24.840520191649556,pre2020,13,17.200000000000003,Out,DNP,Knee,knee,1,3,5.666666666666667,0.8437499999999999,4,1
2019,ATL,HoopAu00,Austin Hooper,TE,24.840520191649556,pre2020,14,17.200000000000003,None,Limited,Knee,knee,1,4,5.666666666666667,0.8437499999999999,10,0
2019,ATL,JoneJu02,Julio Jones,WR,30.559890485968516,pre2020,6,17.2,None,Limited,Hip / Groin,soft_tissue,0,1,8.0,0.9615384615384617,7,0
2019,ATL,JoneJu02,Julio Jones,WR,30.559890485968516,pre2020,7,17.46666666666667,None,Limited,Hip / Groin,soft_tissue,0,2,8.0,0.881578947368421,7,0
2019,ATL,JoneJu02,Julio Jones,WR,30.559890485968516,pre2020,12,17.09,None,Full,Foot / Toe,ankle_foot,0,1,10.0,1.0695652173913044,7,0
2019,ATL,JoneJu02,Julio Jones,WR,30.559890485968516,pre2020,13,16.60909090909091,Questionable,DNP,Shoulder,other,0,2,9.333333333333334,0.7088607594936709,4,1
2019,ATL,JoneJu02,Julio Jones,WR,30.559890485968516,pre2020,14,16.60909090909091,None,Limited,Shoulder,other,1,3,9.333333333333334,0.7088607594936709,10,0
2019,ATL,JoneJu02,Julio Jones,WR,30.559890485968516,pre2020,15,16.191666666666666,None,Full,Shoulder,other,0,4,9.0,1.1059907834101383,7,0
2019,ATL,JoneJu02,Julio Jones,WR,30.559890485968516,pre2020,16,17.900000000000002,None,Limited,Shoulder,other,0,5,12.666666666666666,1.2110091743119267,7,0
2019,ATL,JoneJu02,Julio Jones,WR,30.559890485968516,pre2020,17,18.521428571428572,None,Full,Knee,knee,0,6,14.333333333333334,1.0178571428571428,7,0
2019,ATL,RidlCa00,Calvin Ridley,WR,24.698151950718685,pre2020,4,13.85625,None,Full,Hip / Groin,soft_tissue,0,1,5.666666666666667,1.0563380281690142,7,0
2019,ATL,RidlCa00,Calvin Ridley,WR,24.698151950718685,pre2020,14,14.866666666666667,None,Limited,Foot / Toe,ankle_foot,0,1,11.0,1.0984251968503937,10,0
2019,ATL,RyanMa00,Matt Ryan,QB,34.29158110882957,pre2020,8,20.171428571428574,Questionable,Limited,Ankle,ankle_foot,0,1,38.333333333333336,0.84,7,1
2019,ATL,RyanMa00,Matt Ryan,QB,34.29158110882957,pre2020,10,20.171428571428574,None,Limited,Ankle,ankle_foot,1,2,38.333333333333336,0.84,14,0
2019,ATL,RyanMa00,Matt Ryan,QB,34.29158110882957,pre2020,11,19.4725,None,Limited,Ankle,ankle_foot,0,3,34.333333333333336,1.056338028169014,7,0
2019,ATL,RyanMa00,Matt Ryan,QB,34.29158110882957,pre2020,12,19.135555555555555,None,Full,Ankle,ankle_foot,0,4,32.666666666666664,1.0352112676056338,7,0
2019,ATL,RyanMa00,Matt Ryan,QB,34.29158110882957,pre2020,13,17.986,None,Full,Ankle,ankle_foot,0,5,39.0,0.9255319148936171,4,0
2019,BAL,AndrMa00,Mark Andrews,TE,23.98631074606434,pre2020,2,11.225000000000001,Questionable,DNP,Foot / Toe,ankle_foot,0,1,8.0,,7,0
2019,BAL,AndrMa00,Mark Andrews,TE,23.98631074606434,pre2020,3,15.85,Questionable,Limited,Foot / Toe,ankle_foot,0,2,8.5,1.3414634146341464,7,0
2019,BAL,AndrMa00,Mark Andrews,TE,23.98631074606434,pre2020,4,15.3,Questionable,Limited,Foot / Toe,ankle_foot,0,3,8.0,1.0833333333333335,7,0
2019,BAL,AndrMa00,Mark Andrews,TE,23.98631074606434,pre2020,5,16.900000000000002,None,Full,Foot / Toe,ankle_foot,0,4,8.0,0.8513513513513513,7,0
2019,BAL,AndrMa00,Mark Andrews,TE,23.98631074606434,pre2020,6,15.420000000000002,Questionable,Full,Shoulder,other,0,5,7.333333333333333,1.0469798657718121,7,0
2019,BAL,AndrMa00,Mark Andrews,TE,23.98631074606434,pre2020,15,12.66923076923077,Questionable,Limited,Knee,knee,0,1,4.0,0.37815126050420167,4,0
2019,BAL,AndrMa00,Mark Andrews,TE,23.98631074606434,pre2020,17,13.813333333333333,Questionable,Limited,Ankle,ankle_foot,0,1,6.333333333333333,1.6736842105263159,7,1
2019,BAL,BrowMa04,Marquise Brown,WR,22.24229979466119,pre2020,2,30.700000000000003,Questionable,DNP,Hip / Groin,soft_tissue,0,2,5.0,,7,0
2019,BAL,BrowMa04,Marquise Brown,WR,22.24229979466119,pre2020,6,14.320000000000002,Questionable,DNP,Ankle,ankle_foot,0,1,7.0,0.6272727272727272,7,1
2019,BAL,BrowMa04,Marquise Brown,WR,22.24229979466119,pre2020,7,14.320000000000002,Questionable,DNP,Ankle,ankle_foot,1,2,7.0,0.6272727272727272,7,1
2019,BAL,BrowMa04,Marquise Brown,WR,22.24229979466119,pre2020,9,14.320000000000002,Questionable,DNP,Ankle,ankle_foot,1,3,7.0,0.6272727272727272,14,0
2019,BAL,BrowMa04,Marquise Brown,WR,22.24229979466119,pre2020,10,13.233333333333334,Questionable,Limited,Ankle,ankle_foot,0,4,5.333333333333333,0.8656716417910446,7,0
2019,BAL,BrowMa04,Marquise Brown,WR,22.24229979466119,pre2020,11,13.914285714285715,Questionable,Limited,Ankle,ankle_foot,0,5,4.333333333333333,0.6324324324324324,7,0
2019,BAL,IngrMa01,Mark Ingram,RB,29.694729637234772,pre2020,2,14.58125,Questionable,Full,Shoulder,other,0,1,14.0,,7,0
2019,BAL,IngrMa01,Mark Ingram,RB,29.694729637234772,pre2020,17,16.166666666666668,Out,DNP,Lower Leg,soft_tissue,0,8,14.333333333333334,0.754601226993865,7,1
2019,BAL,JackLa00,Lamar Jackson,QB,22.647501711156742,pre2020,15,26.829230769230772,Questionable,Full,Quad / Thigh,soft_tissue,0,1,34.333333333333336,1.1278195488721805,4,0
2019,BUF,BrowJo02,John Brown,WR,29.412731006160165,pre2020,7,14.680000000000001,None,Full,Hip / Groin,soft_tissue,0,1,7.333333333333333,0.9346153846153846,14,0
2019,BUF,SingDe00,Devin Singletary,RB,21.99315537303217,pre2020,3,13.25,Out,DNP,Hamstring,soft_tissue,0,1,8.0,0.4852941176470588,7,1
2019,BUF,SingDe00,Devin Singletary,RB,21.99315537303217,pre2020,4,13.25,Questionable,Limited,Hamstring,soft_tissue,1,2,8.0,0.4852941176470588,7,1
2019,BUF,SingDe00,Devin Singletary,RB,21.99315537303217,pre2020,5,13.25,Questionable,Limited,Hamstring,soft_tissue,1,3,8.0,0.4852941176470588,7,1
2019,BUF,SingDe00,Devin Singletary,RB,21.99315537303217,pre2020,7,13.25,None,Full,Hamstring,soft_tissue,1,4,8.0,0.4852941176470588,14,0
2019,CAR,McCaCh01,Christian McCaffrey,RB,23.23340177960301,pre2020,6,31.920000000000005,None,Full,Back,other,0,2,30.666666666666668,0.8805460750853242,7,0
2019,CAR,McCaCh01,Christian McCaffrey,RB,23.23340177960301,pre2020,9,29.82857142857143,None,Full,Knee,knee,0,1,24.333333333333332,0.8357142857142859,7,0
2019,CAR,McCaCh01,Christian McCaffrey,RB,23.23340177960301,pre2020,10,30.800000000000004,None,Limited,Knee,knee,0,2,24.333333333333332,1.0,7,0
2019,CAR,McCaCh01,Christian McCaffrey,RB,23.23340177960301,pre2020,11,30.27777777777778,None,Full,Foot / Toe,ankle_foot,0,3,24.333333333333332,1.1627906976744187,7,0
2019,CAR,MoorD.00,D.J. Moore,WR,22.38193018480493,pre2020,13,16.163636363636364,None,Full,Ankle,ankle_foot,0,1,12.0,0.8395904436860069,7,0
2019,CAR,MoorD.00,D.J. Moore,WR,22.38193018480493,pre2020,17,15.366666666666667,Out,DNP,Head / Concussion,concussion,0,1,7.333333333333333,0.09246575342465754,7,1
2019,CAR,OlseGr00,Greg Olsen,TE,34.47501711156742,pre2020,4,14.749999999999998,None,Full,Back,other,0,3,8.333333333333334,0.903954802259887,7,0
2019,CAR,OlseGr00,Greg Olsen,TE,34.47501711156742,pre2020,8,10.299999999999999,None,Full,Hand / Wrist,other,0,1,4.333333333333333,0.9818181818181819,14,0
2019,CIN,MixoJo00,Joe Mixon,RB,23.104722792607802,pre2020,2,13.964285714285715,Questionable,Limited,Ankle,ankle_foot,0,1,9.0,,7,0
2019,CIN,MixoJo00,Joe Mixon,RB,23.104722792607802,pre2020,16,13.25,None,Full,Lower Leg,soft_tissue,0,1,26.0,0.9710144927536233,7,0
2019,CIN,RossJo00,John Ross,WR,23.761806981519506,pre2020,15,13.919999999999998,None,Full,Foot / Toe,ankle_foot,0,1,5.0,0.5810276679841898,7,0
2019,CLE,BeckOd00,Odell Beckham Jr.,WR,26.819986310746064,pre2020,1,19.361666666666668,None,Full,Hip / Groin,soft_tissue,0,1,,,7,0
2019,CLE,BeckOd00,Odell Beckham Jr.,WR,26.819986310746064,pre2020,2,18.04625,None,Full,Hip / Groin,soft_tissue,0,2,11.0,,8,0
2019,CLE,BeckOd00,Odell Beckham Jr.,WR,26.819986310746064,pre2020,3,20.230833333333337,None,Full,Hip / Groin,soft_tissue,0,3,10.5,0.91,6,0
2019,CLE,BeckOd00,Odell Beckham Jr.,WR,26.819986310746064,pre2020,4,18.290416666666665,None,Full,Hip / Groin,soft_tissue,0,4,10.0,1.0366492146596857,7,0
2019,CLE,BeckOd00,Odell Beckham Jr.,WR,26.819986310746064,pre2020,5,14.450000000000001,None,Full,Hip / Groin,soft_tissue,0,5,8.666666666666666,0.9931034482758619,8,0
2019,CLE,LandJa00,Jarvis Landry,WR,26.757015742642025,pre2020,11,13.68888888888889,None,Full,Hip / Groin,soft_tissue,0,3,11.0,0.9893617021276596,4,0
2019,CLE,LandJa00,Jarvis Landry,WR,26.757015742642025,pre2020,12,13.75,None,Full,Hip / Groin,soft_tissue,0,4,10.0,0.9820143884892086,10,0
2019,CLE,LandJa00,Jarvis Landry,WR,26.757015742642025,pre2020,13,15.845454545454546,None,Full,Hip / Groin,soft_tissue,0,5,10.0,1.0,7,0
2019,CLE,LandJa00,Jarvis Landry,WR,26.757015742642025,pre2020,14,15.658333333333333,None,Full,Hip / Groin,soft_tissue,0,6,10.333333333333334,1.0505415162454874,7,0
2019,CLE,LandJa00,Jarvis Landry,WR,26.757015742642025,pre2020,15,15.346153846153847,None,Full,Hip / Groin,soft_tissue,0,7,10.333333333333334,0.9501779359430605,7,0
2019,CLE,LandJa00,Jarvis Landry,WR,26.757015742642025,pre2020,16,14.771428571428572,None,Full,Hip / Groin,soft_tissue,0,8,8.666666666666666,1.043010752688172,7,0
2019,CLE,LandJa00,Jarvis Landry,WR,26.757015742642025,pre2020,17,14.746666666666666,None,Full,Hip / Groin,soft_tissue,0,9,8.0,0.8798586572438162,7,0
2019,DAL,CoopAm00,Amari Cooper,WR,25.207392197125255,pre2020,1,14.366666666666667,None,Full,Foot / Toe,ankle_foot,0,1,,,7,0
2019,DAL,CoopAm00,Amari Cooper,WR,25.207392197125255,pre2020,2,16.425,None,Full,Foot / Toe,ankle_foot,0,2,9.0,,7,0
2019,DAL,CoopAm00,Amari Cooper,WR,25.207392197125255,pre2020,3,16.433333333333334,None,Full,Foot / Toe,ankle_foot,0,3,7.0,1.1973684210526316,7,0
2019,DAL,CoopAm00,Amari Cooper,WR,25.207392197125255,pre2020,4,19.54166666666667,None,Limited,Ankle,ankle_foot,0,4,7.0,1.0179640718562875,7,0
2019,DAL,CoopAm00,Amari Cooper,WR,25.207392197125255,pre2020,5,18.400000000000002,None,Full,Ankle,ankle_foot,0,5,6.666666666666667,1.1547619047619049,7,0
2019,DAL,CoopAm00,Amari Cooper,WR,25.207392197125255,pre2020,6,22.64,None,Limited,Ankle,ankle_foot,0,6,9.666666666666666,0.956043956043956,7,0
2019,DAL,CoopAm00,Amari Cooper,WR,25.207392197125255,pre2020,7,19.083333333333332,Questionable,Limited,Ankle,ankle_foot,0,7,8.0,0.0446096654275093,7,0
2019,DAL,CoopAm00,Amari Cooper,WR,25.207392197125255,pre2020,9,18.585714285714285,None,Full,Ankle,ankle_foot,0,8,7.0,1.292553191489362,15,0
2019,DAL,CoopAm00,Amari Cooper,WR,25.207392197125255,pre2020,10,18.5125,Questionable,Limited,Knee,knee,0,9,4.666666666666667,1.5,6,0
2019,DAL,CoopAm00,Amari Cooper,WR,25.207392197125255,pre2020,11,19.977777777777778,None,Limited,Knee,knee,0,10,8.666666666666666,1.56140350877193,7,0
2019,DAL,CoopAm00,Amari Cooper,WR,25.207392197125255,pre2020,12,18.660000000000004,None,Full,Knee,knee,0,11,9.666666666666666,0.65625,7,0
2019,DAL,CoopAm00,Amari Cooper,WR,25.207392197125255,pre2020,14,16.925,None,Full,Knee,knee,0,1,7.0,1.1017699115044246,7,0
2019,DAL,CoopAm00,Amari Cooper,WR,25.207392197125255,pre2020,15,17.184615384615384,None,Full,Knee,knee,0,2,7.0,1.0636363636363635,10,0
2019,DAL,GallMi00,Michael Gallup,WR,23.49349760438056,pre2020,6,16.603333333333335,None,Full,Knee,knee,0,4,9.666666666666666,1.186206896551724,7,0
2019,DAL,GallMi00,Michael Gallup,WR,23.49349760438056,pre2020,7,17.175,None,Limited,Knee,knee,0,5,9.666666666666666,1.2467532467532467,7,0
2019,DAL,GallMi00,Michael Gallup,WR,23.49349760438056,pre2020,9,15.020000000000001,None,Full,Knee,knee,0,6,8.333333333333334,1.036144578313253,15,0
2019,DAL,GallMi00,Michael Gallup,WR,23.49349760438056,pre2020,10,14.4,None,Full,Knee,knee,0,7,5.666666666666667,1.0186567164179106,6,0
2019,DAL,GallMi00,Michael Gallup,WR,23.49349760438056,pre2020,11,14.857142857142858,None,Full,Knee,knee,0,8,6.666666666666667,0.956043956043956,7,0
2019,DAL,PresDa01,Dak Prescott,QB,26.091718001368925,pre2020,15,21.475384615384616,None,Full,Hand / Wrist,other,0,1,46.333333333333336,1.0,10,0
2019,DAL,PresDa01,Dak Prescott,QB,26.091718001368925,pre2020,16,21.204285714285714,None,Limited,Shoulder,other,0,2,45.0,0.97,7,0
2019,DAL,PresDa01,Dak Prescott,QB,26.091718001368925,pre2020,17,20.544,None,Limited,Shoulder,other,0,3,42.333333333333336,1.0101010101010102,7,0
2019,DEN,LindPh00,Phillip Lindsay,RB,25.10609171800137,pre2020,9,14.275,None,Full,Hand / Wrist,other,0,1,16.333333333333332,1.0970149253731345,7,0
2019,DEN,LindPh00,Phillip Lindsay,RB,25.10609171800137,pre2020,11,14.377777777777778,None,Full,Hand / Wrist,other,0,2,13.333333333333334,1.0588235294117647,14,0
2019,DEN,LindPh00,Phillip Lindsay,RB,25.10609171800137,pre2020,12,13.89,None,Full,Foot / Toe,ankle_foot,0,3,15.333333333333334,1.4233576642335766,7,0
2019,DEN,SandEm00,Emmanuel Sanders,WR,32.459958932238195,pre2020,4,16.979583333333334,None,Limited,Quad / Thigh,soft_tissue,0,2,8.333333333333334,0.8681318681318682,7,0
2019,DEN,SandEm00,Emmanuel Sanders,WR,32.459958932238195,pre2020,5,16.7,None,Limited,Quad / Thigh,soft_tissue,0,3,9.0,0.9195402298850575,7,0
2019,DEN,SandEm00,Emmanuel Sanders,WR,32.459958932238195,pre2020,6,13.74,None,Limited,Knee,knee,0,4,5.0,0.7499999999999999,7,0
2019,DEN,SuttCo00,Courtland Sutton,WR,23.89322381930185,pre2020,6,16.82,None,Full,Lower Leg,soft_tissue,0,1,7.666666666666667,0.8924731182795698,7,0
2019,DEN,SuttCo00,Courtland Sutton,WR,23.89322381930185,pre2020,14,15.318333333333333,None,Limited,Hamstring,soft_tissue,0,1,8.0,1.031578947368421,7,0
2019,DET,StafMa00,Matthew Stafford,QB,31.564681724845997,pre2020,6,19.57,None,Full,Hip / Groin,soft_tissue,0,2,35.0,1.0,15,0
2019,DET,StafMa00,Matthew Stafford,QB,31.564681724845997,pre2020,7,17.956,None,Full,Hip / Groin,soft_tissue,0,3,35.333333333333336,1.0,6,0
2019,DET,StafMa00,Matthew Stafford,QB,31.564681724845997,pre2020,8,19.723333333333333,None,Full,Hip / Groin,soft_tissue,0,4,38.666666666666664,1.0,7,0
2019,DET,StafMa00,Matthew Stafford,QB,31.564681724845997,pre2020,9,20.245714285714286,None,Full,Hip / Groin,soft_tissue,0,5,38.0,1.0,7,0
2019,DET,StafMa00,Matthew Stafford,QB,31.564681724845997,pre2020,10,20.82,Questionable,Limited,Hip / Groin,soft_tissue,0,6,41.0,1.0,7,1
2019,DET,StafMa00,Matthew Stafford,QB,31.564681724845997,pre2020,11,20.82,Out,DNP,Hip / Groin,soft_tissue,1,7,41.0,1.0,7,1
2019,DET,StafMa00,Matthew Stafford,QB,31.564681724845997,pre2020,12,20.82,Out,DNP,Hip / Groin,soft_tissue,1,8,41.0,1.0,7,1
2019,DET,StafMa00,Matthew Stafford,QB,31.564681724845997,pre2020,13,20.82,Out,DNP,Hip / Groin,soft_tissue,1,9,41.0,1.0,4,1
2019,DET,StafMa00,Matthew Stafford,QB,31.564681724845997,pre2020,14,20.82,Out,DNP,Hip / Groin,soft_tissue,1,10,41.0,1.0,10,1
2019,DET,StafMa00,Matthew Stafford,QB,31.564681724845997,pre2020,15,20.82,Out,DNP,Hip / Groin,soft_tissue,1,11,41.0,1.0,7,1
2019,GB,AdamDa01,Davante Adams,WR,26.68583162217659,pre2020,5,15.700000000000001,Out,DNP,Foot / Toe,ankle_foot,0,1,9.333333333333334,0.7394366197183099,10,1
2019,GB,AdamDa01,Davante Adams,WR,26.68583162217659,pre2020,6,15.700000000000001,Out,DNP,Foot / Toe,ankle_foot,1,2,9.333333333333334,0.7394366197183099,8,1
2019,GB,AdamDa01,Davante Adams,WR,26.68583162217659,pre2020,7,15.700000000000001,Out,DNP,Foot / Toe,ankle_foot,1,3,9.333333333333334,0.7394366197183099,6,1
2019,GB,AdamDa01,Davante Adams,WR,26.68583162217659,pre2020,8,15.700000000000001,Doubtful,DNP,Foot / Toe,ankle_foot,1,4,9.333333333333334,0.7394366197183099,7,1
2019,GB,AdamDa01,Davante Adams,WR,26.68583162217659,pre2020,9,15.700000000000001,Questionable,Limited,Foot / Toe,ankle_foot,1,5,9.333333333333334,0.7394366197183099,7,0
2019,GB,AdamDa01,Davante Adams,WR,26.68583162217659,pre2020,10,14.780000000000001,None,Limited,Foot / Toe,ankle_foot,0,6,10.0,0.9805447470817119,7,0
2019,GB,AdamDa01,Davante Adams,WR,26.68583162217659,pre2020,12,15.450000000000001,None,Limited,Foot / Toe,ankle_foot,0,7,12.0,0.9551020408163267,14,0
2019,GB,AdamDa01,Davante Adams,WR,26.68583162217659,pre2020,13,16.0,None,Limited,Foot / Toe,ankle_foot,0,8,11.0,0.9698275862068965,7,0
2019,GB,AdamDa01,Davante Adams,WR,26.68583162217659,pre2020,14,17.05,None,Full,Foot / Toe,ankle_foot,0,9,10.666666666666666,0.9873417721518988,7,0
2019,GB,AdamDa01,Davante Adams,WR,26.68583162217659,pre2020,15,16.055555555555557,None,Limited,Foot / Toe,ankle_foot,0,10,9.333333333333334,1.077922077922078,7,0
2019,GB,JoneAa00,Aaron Jones,RB,24.747433264887064,pre2020,1,14.283333333333333,None,Full,Hamstring,soft_tissue,0,1,,,7,0
2019,GB,JoneAa00,Aaron Jones,RB,24.747433264887064,pre2020,4,14.870833333333334,None,Full,Shoulder,other,0,1,18.0,0.65,4,0
2019,GB,JoneAa00,Aaron Jones,RB,24.747433264887064,pre2020,7,20.033333333333335,None,Full,Shoulder,other,0,1,21.666666666666668,0.7736842105263159,6,0
2019,GB,JoneAa00,Aaron Jones,RB,24.747433264887064,pre2020,9,22.512500000000003,None,Full,Shoulder,other,0,1,18.333333333333332,1.092485549132948,7,0
2019,GB,JoneAa00,Aaron Jones,RB,24.747433264887064,pre2020,10,20.444444444444443,None,Full,Shoulder,other,0,2,16.0,1.0650887573964496,7,0
2019,GB,RodgAa00,Aaron Rodgers,QB,35.748117727583846,pre2020,8,19.65142857142857,None,Full,Knee,knee,0,3,37.666666666666664,0.9,7,0
2019,GB,RodgAa00,Aaron Rodgers,QB,35.748117727583846,pre2020,9,20.5825,None,Full,Knee,knee,0,4,38.0,1.0344827586206897,7,0
2019,GB,RodgAa00,Aaron Rodgers,QB,35.748117727583846,pre2020,10,19.733333333333334,None,Full,Knee,knee,0,5,36.0,1.0344827586206897,7,0
2019,GB,WillJa06,Jamaal Williams,RB,24.413415468856947,pre2020,14,12.036363636363637,None,Limited,Knee,knee,0,1,15.666666666666666,0.8873239436619718,7,0
2019,HOU,FullWi01,Will Fuller,WR,25.377138945927445,pre2020,7,15.9,None,Full,Lower Leg,soft_tissue,0,1,10.333333333333334,0.8949152542372881,7,0
2019,HOU,FullWi01,Will Fuller,WR,25.377138945927445,pre2020,8,13.85714285714286,Out,DNP,Hamstring,soft_tissue,0,2,8.666666666666666,0.052447552447552455,7,1
2019,HOU,FullWi01,Will Fuller,WR,25.377138945927445,pre2020,9,13.85714285714286,Out,DNP,Hamstring,soft_tissue,1,3,8.666666666666666,0.052447552447552455,7,1
2019,HOU,FullWi01,Will Fuller,WR,25.377138945927445,pre2020,11,13.85714285714286,Questionable,Limited,Hamstring,soft_tissue,1,4,8.666666666666666,0.052447552447552455,14,1
2019,HOU,FullWi01,Will Fuller,WR,25.377138945927445,pre2020,12,13.85714285714286,Questionable,Limited,Hamstring,soft_tissue,1,5,8.666666666666666,0.052447552447552455,4,0
2019,HOU,FullWi01,Will Fuller,WR,25.377138945927445,pre2020,13,14.75,None,Full,Hamstring,soft_tissue,0,6,7.0,1.40625,10,0
2019,HOU,FullWi01,Will Fuller,WR,25.377138945927445,pre2020,14,13.311111111111112,Questionable,Limited,Hamstring,soft_tissue,0,7,4.666666666666667,1.2295081967213115,7,1
2019,HOU,FullWi01,Will Fuller,WR,25.377138945927445,pre2020,16,13.09,Questionable,Limited,Hamstring,soft_tissue,0,9,6.666666666666667,1.6588235294117644,7,0
2019,HOU,HopkDe00,DeAndre Hopkins,WR,27.236139630390145,pre2020,2,23.4078125,None,Limited,Chest / Ribs,other,0,1,13.0,,6,0
2019,HOU,HopkDe00,DeAndre Hopkins,WR,27.236139630390145,pre2020,3,20.446875,None,Full,Chest / Ribs,other,0,2,10.5,0.9591836734693877,7,0
2019,HOU,HopkDe00,DeAndre Hopkins,WR,27.236139630390145,pre2020,7,15.366666666666667,None,Full,Chest / Ribs,other,0,6,9.333333333333334,1.0103092783505154,7,0
2019,HOU,HopkDe00,DeAndre Hopkins,WR,27.236139630390145,pre2020,9,17.4625,None,Full,Hand / Wrist,other,0,1,12.333333333333334,0.9762711864406779,7,0
2019,HOU,WatsDe00,Deshaun Watson,QB,23.964407939767284,pre2020,2,23.2284375,None,Full,Back,other,0,1,34.0,,6,0
2019,HOU,WatsDe00,Deshaun Watson,QB,23.964407939767284,pre2020,9,24.43,None,Full,Head / Concussion,concussion,0,1,46.0,1.0,7,0
2019,HOU,WatsDe00,Deshaun Watson,QB,23.964407939767284,pre2020,12,21.914,None,Full,Ankle,ankle_foot,0,1,38.666666666666664,0.93,4,0
2019,HOU,WatsDe00,Deshaun Watson,QB,23.964407939767284,pre2020,17,21.398666666666667,Questionable,Limited,Back,other,0,1,43.0,1.0,7,1
2019,IND,HiltT.00,T.Y. Hilton,WR,29.796030116358658,pre2020,3,19.285714285714285,Questionable,Limited,Quad / Thigh,soft_tissue,0,3,7.5,1.0112359550561798,7,0
2019,IND,HiltT.00,T.Y. Hilton,WR,29.796030116358658,pre2020,4,20.142857142857142,Doubtful,DNP,Quad / Thigh,soft_tissue,0,4,8.333333333333334,0.5810055865921788,7,1
2019,IND,HiltT.00,T.Y. Hilton,WR,29.796030116358658,pre2020,5,20.142857142857142,Questionable,Limited,Quad / Thigh,soft_tissue,1,5,8.333333333333334,0.5810055865921788,7,0
2019,IND,HiltT.00,T.Y. Hilton,WR,29.796030116358658,pre2020,9,16.333333333333332,Out,DNP,Lower Leg,soft_tissue,0,8,7.0,1.2422907488986783,7,1
2019,IND,HiltT.00,T.Y. Hilton,WR,29.796030116358658,pre2020,10,16.333333333333332,Out,DNP,Lower Leg,soft_tissue,1,9,7.0,1.2422907488986783,7,1
2019,IND,HiltT.00,T.Y. Hilton,WR,29.796030116358658,pre2020,11,16.333333333333332,Out,DNP,Lower Leg,soft_tissue,1,10,7.0,1.2422907488986783,7,1
2019,IND,HiltT.00,T.Y. Hilton,WR,29.796030116358658,pre2020,12,16.333333333333332,Questionable,Full,Lower Leg,soft_tissue,1,11,7.0,1.2422907488986783,4,0
2019,IND,HiltT.00,T.Y. Hilton,WR,29.796030116358658,pre2020,13,14.685714285714285,Out,DNP,Lower Leg,soft_tissue,0,12,7.666666666666667,0.41263940520446096,10,1
2019,IND,HiltT.00,T.Y. Hilton,WR,29.796030116358658,pre2020,14,14.685714285714285,Out,DNP,Lower Leg,soft_tissue,1,13,7.666666666666667,0.41263940520446096,7,1
2019,IND,HiltT.00,T.Y. Hilton,WR,29.796030116358658,pre2020,15,14.685714285714285,Questionable,DNP,Lower Leg,soft_tissue,1,14,7.666666666666667,0.41263940520446096,8,0
2019,IND,MackMa00,Marlon Mack,RB,23.485284052019164,pre2020,3,15.845833333333335,Questionable,Limited,Lower Leg,soft_tissue,0,1,24.0,0.9210526315789473,7,0
2019,IND,MackMa00,Marlon Mack,RB,23.485284052019164,pre2020,5,13.600000000000001,Questionable,Full,Ankle,ankle_foot,0,1,17.666666666666668,0.5072463768115942,7,0
2019,IND,MackMa00,Marlon Mack,RB,23.485284052019164,pre2020,12,13.180000000000001,Out,DNP,Hand / Wrist,other,0,1,18.333333333333332,0.588957055214724,4,1
2019,IND,MackMa00,Marlon Mack,RB,23.485284052019164,pre2020,13,13.180000000000001,Out,DNP,Hand / Wrist,other,1,2,18.333333333333332,0.588957055214724,10,1
2019,IND,MackMa00,Marlon Mack,RB,23.485284052019164,pre2020,14,13.180000000000001,None,Full,Hand / Wrist,other,1,3,18.333333333333332,0.588957055214724,7,0
2019,JAX,CharDJ00,DJ Chark,WR,22.937713894592743,pre2020,9,17.875,None,Limited,Quad / Thigh,soft_tissue,0,1,8.666666666666666,0.9610389610389611,7,0
2019,JAX,CharDJ00,DJ Chark,WR,22.937713894592743,pre2020,12,18.06,None,Full,Hamstring,soft_tissue,0,1,12.333333333333334,1.153846153846154,7,0
2019,JAX,CharDJ00,DJ Chark,WR,22.937713894592743,pre2020,14,16.508333333333333,None,Full,Back,other,0,1,8.666666666666666,0.9545454545454547,7,0
2019,JAX,CharDJ00,DJ Chark,WR,22.937713894592743,pre2020,15,16.507692307692306,Out,DNP,Ankle,ankle_foot,0,2,7.0,0.9361702127659575,7,1
2019,JAX,CharDJ00,DJ Chark,WR,22.937713894592743,pre2020,16,16.507692307692306,Questionable,Limited,Ankle,ankle_foot,1,3,7.0,0.9361702127659575,7,0
2019,JAX,CharDJ00,DJ Chark,WR,22.937713894592743,pre2020,17,15.6,None,Limited,Ankle,ankle_foot,0,4,7.333333333333333,0.9490909090909091,7,0
2019,JAX,FourLe00,Leonard Fournette,RB,24.618754277891856,pre2020,17,17.293333333333333,Doubtful,DNP,Neck,other,0,1,21.333333333333332,1.0681818181818181,7,1
2019,KC,HillTy00,Tyreek Hill,WR,25.503080082135522,pre2020,2,16.68125,Out,DNP,Shoulder,other,0,1,3.0,,7,1
2019,KC,HillTy00,Tyreek Hill,WR,25.503080082135522,pre2020,3,16.68125,Out,DNP,Shoulder,other,1,2,3.0,,7,1
2019,KC,HillTy00,Tyreek Hill,WR,25.503080082135522,pre2020,4,16.68125,Out,DNP,Shoulder,other,1,3,3.0,,7,1
2019,KC,HillTy00,Tyreek Hill,WR,25.503080082135522,pre2020,5,16.68125,Out,Limited,Shoulder,other,1,4,3.0,,7,1
2019,KC,HillTy00,Tyreek Hill,WR,25.503080082135522,pre2020,6,16.68125,Questionable,Limited,Shoulder,other,1,5,3.0,,7,0
2019,KC,HillTy00,Tyreek Hill,WR,25.503080082135522,pre2020,7,17.7125,None,Full,Shoulder,other,0,6,6.5,2.8333333333333335,4,0
2019,KC,HillTy00,Tyreek Hill,WR,25.503080082135522,pre2020,13,17.014285714285712,None,Full,Hamstring,soft_tissue,0,1,10.666666666666666,0.10948905109489053,13,0
2019,KC,HillTy00,Tyreek Hill,WR,25.503080082135522,pre2020,14,16.15,None,Full,Hamstring,soft_tissue,0,2,10.333333333333334,1.237113402061856,7,0
2019,KC,HillTy00,Tyreek Hill,WR,25.503080082135522,pre2020,16,16.6,None,Full,Shoulder,other,0,1,9.0,1.3922651933701655,7,0
2019,KC,KelcTr00,Travis Kelce,TE,29.905544147843944,pre2020,3,18.08125,None,Full,Knee,knee,0,1,8.5,1.1486486486486487,7,0
2019,KC,MahoPa00,Patrick Mahomes,QB,23.956194387405887,pre2020,2,26.380625000000002,None,Full,Ankle,ankle_foot,0,1,34.0,,7,0
2019,KC,MahoPa00,Patrick Mahomes,QB,23.956194387405887,pre2020,3,27.768749999999997,None,Full,Ankle,ankle_foot,0,2,39.5,1.1494252873563218,7,0
2019,KC,MahoPa00,Patrick Mahomes,QB,23.956194387405887,pre2020,4,28.216874999999998,None,Full,Ankle,ankle_foot,0,3,40.0,1.06951871657754,7,0
2019,KC,MahoPa00,Patrick Mahomes,QB,23.956194387405887,pre2020,5,26.2,None,Full,Ankle,ankle_foot,0,4,44.666666666666664,1.0452961672473868,7,0
2019,KC,MahoPa00,Patrick Mahomes,QB,23.956194387405887,pre2020,6,24.668,None,Full,Ankle,ankle_foot,0,5,43.666666666666664,1.0,7,0
2019,KC,MahoPa00,Patrick Mahomes,QB,23.956194387405887,pre2020,7,23.69333333333333,None,Full,Ankle,ankle_foot,0,6,42.0,1.0,4,0
2019,KC,MahoPa00,Patrick Mahomes,QB,23.956194387405887,pre2020,8,21.342857142857145,Out,Limited,Knee,knee,0,7,30.0,0.33,10,1
2019,KC,MahoPa00,Patrick Mahomes,QB,23.956194387405887,pre2020,9,21.342857142857145,Questionable,Limited,Knee,knee,1,8,30.0,0.33,7,1
2019,KC,MahoPa00,Patrick Mahomes,QB,23.956194387405887,pre2020,10,21.342857142857145,None,Full,Knee,knee,1,9,30.0,0.33,7,0
2019,KC,MahoPa00,Patrick Mahomes,QB,23.956194387405887,pre2020,11,22.405,None,Full,Knee,knee,0,10,32.666666666666664,1.2875536480686693,8,0
2019,KC,MahoPa00,Patrick Mahomes,QB,23.956194387405887,pre2020,13,21.60222222222222,None,Full,Knee,knee,0,11,33.0,1.2875536480686693,13,0
2019,KC,MahoPa00,Patrick Mahomes,QB,23.956194387405887,pre2020,14,21.392,None,Full,Knee,knee,0,12,39.666666666666664,1.261802575107296,7,0
2019,KC,MahoPa00,Patrick Mahomes,QB,23.956194387405887,pre2020,15,20.712727272727275,None,Full,Hand / Wrist,other,0,13,38.333333333333336,1.0067114093959733,7,0
2019,KC,MahoPa00,Patrick Mahomes,QB,23.956194387405887,pre2020,16,20.878333333333334,None,Full,Hand / Wrist,other,0,14,38.333333333333336,1.0067114093959733,7,0
2019,KC,McCoLe01,LeSean McCoy,RB,31.137577002053387,pre2020,4,11.92142857142857,None,Full,Ankle,ankle_foot,0,2,12.0,1.1014492753623188,7,0
2019,KC,McCoLe01,LeSean McCoy,RB,31.137577002053387,pre2020,5,13.875,None,Full,Ankle,ankle_foot,0,3,13.333333333333334,1.3177570093457944,7,0
2019,KC,WatkSa00,Sammy Watkins,WR,26.21492128678987,pre2020,5,18.875,Questionable,Limited,Shoulder,other,0,1,9.0,1.045774647887324,7,0
2019,KC,WatkSa00,Sammy Watkins,WR,26.21492128678987,pre2020,6,18.875,Doubtful,DNP,Hamstring,soft_tissue,0,2,4.666666666666667,0.0313588850174216,7,1
2019,KC,WatkSa00,Sammy Watkins,WR,26.21492128678987,pre2020,7,18.875,Out,Limited,Hamstring,soft_tissue,1,3,4.666666666666667,0.0313588850174216,4,1
2019,KC,WatkSa00,Sammy Watkins,WR,26.21492128678987,pre2020,8,18.875,None,Full,Hamstring,soft_tissue,1,4,4.666666666666667,0.0313588850174216,10,0
2019,KC,WatkSa00,Sammy Watkins,WR,26.21492128678987,pre2020,11,15.485714285714286,None,Full,Hip / Groin,soft_tissue,0,1,9.666666666666666,1.2905027932960893,8,0
2019,LA,GurlTo01,Todd Gurley,RB,25.078713210130047,pre2020,6,15.16,Doubtful,DNP,Quad / Thigh,soft_tissue,0,1,17.0,1.322274881516588,10,1
2019,LA,GurlTo01,Todd Gurley,RB,25.078713210130047,pre2020,7,15.16,None,Full,Quad / Thigh,soft_tissue,1,2,17.0,1.322274881516588,7,0
2019,LAC,AlleKe00,Keenan Allen,WR,27.345653661875428,pre2020,3,19.695,None,Full,Knee,knee,0,1,12.5,1.0963855421686748,7,0
2019,LAC,AlleKe00,Keenan Allen,WR,27.345653661875428,pre2020,8,16.95714285714286,Questionable,DNP,Hamstring,soft_tissue,0,1,7.666666666666667,1.0071428571428571,7,0
2019,LAC,AlleKe00,Keenan Allen,WR,27.345653661875428,pre2020,9,16.375,None,Full,Hamstring,soft_tissue,0,2,9.0,0.7137931034482758,7,0
2019,LAC,HenrHu00,Hunter Henry,TE,24.733744010951405,pre2020,5,10.0,Out,DNP,Knee,knee,1,4,5.0,,7,1
2019,LAC,HenrHu00,Hunter Henry,TE,24.733744010951405,pre2020,6,10.0,Questionable,Full,Knee,knee,1,5,5.0,,7,0
2019,MIA,ParkDe01,DeVante Parker,WR,26.611909650924023,pre2020,15,13.784615384615384,Questionable,Full,Head / Concussion,concussion,0,1,7.666666666666667,0.2767527675276753,7,0
2019,MIA,ParkDe01,DeVante Parker,WR,26.611909650924023,pre2020,16,14.457142857142857,None,Full,Hip / Groin,soft_tissue,0,2,6.333333333333333,1.3623188405797102,7,0
2019,MIA,WilsAl02,Albert Wilson,WR,27.137577002053387,pre2020,1,13.825714285714286,Questionable,Limited,Hip / Groin,soft_tissue,0,1,,,7,0
2019,MIN,CookDa01,Dalvin Cook,RB,24.060232717316907,pre2020,13,23.29090909090909,None,Full,Chest / Ribs,other,0,1,26.0,1.056521739130435,15,0
2019,MIN,CookDa01,Dalvin Cook,RB,24.060232717316907,pre2020,14,22.46666666666667,None,Full,Chest / Ribs,other,0,2,21.0,0.5499999999999999,6,0
2019,MIN,CookDa01,Dalvin Cook,RB,24.060232717316907,pre2020,15,21.930769230769233,None,Full,Chest / Ribs,other,0,3,16.666666666666668,0.6798029556650246,7,0
2019,MIN,CookDa01,Dalvin Cook,RB,24.060232717316907,pre2020,16,20.885714285714283,Out,DNP,Chest / Ribs,other,0,4,15.0,0.7543859649122807,8,1
2019,MIN,CookDa01,Dalvin Cook,RB,24.060232717316907,pre2020,17,20.885714285714283,Out,Limited,Shoulder,other,1,5,15.0,0.7543859649122807,6,1
2019,MIN,DiggSt00,Stefon Diggs,WR,25.754962354551676,pre2020,1,17.753333333333334,Questionable,Limited,Hamstring,soft_tissue,0,1,,,7,0
2019,MIN,ThieAd00,Adam Thielen,WR,29.026694045174537,pre2020,8,15.457142857142857,Out,DNP,Hamstring,soft_tissue,0,1,6.333333333333333,0.13740458015267176,4,1
2019,MIN,ThieAd00,Adam Thielen,WR,29.026694045174537,pre2020,9,15.457142857142857,Questionable,Limited,Hamstring,soft_tissue,1,2,6.333333333333333,0.13740458015267176,10,0
2019,MIN,ThieAd00,Adam Thielen,WR,29.026694045174537,pre2020,10,13.525,Out,DNP,Hamstring,soft_tissue,0,3,4.0,0.1675977653631285,7,1
2019,MIN,ThieAd00,Adam Thielen,WR,29.026694045174537,pre2020,11,13.525,Out,DNP,Hamstring,soft_tissue,1,4,4.0,0.1675977653631285,7,1
2019,MIN,ThieAd00,Adam Thielen,WR,29.026694045174537,pre2020,13,13.525,Questionable,Limited,Hamstring,soft_tissue,1,5,4.0,0.1675977653631285,15,1
2019,MIN,ThieAd00,Adam Thielen,WR,29.026694045174537,pre2020,14,13.525,Doubtful,DNP,Hamstring,soft_tissue,1,6,4.0,0.1675977653631285,6,1
2019,MIN,ThieAd00,Adam Thielen,WR,29.026694045174537,pre2020,15,13.525,None,Limited,Hamstring,soft_tissue,1,7,4.0,0.1675977653631285,7,0
2019,NE,BradTo00,Tom Brady,QB,42.078028747433265,pre2020,3,21.365625,None,Full,Lower Leg,soft_tissue,0,1,33.0,1.0,7,0
2019,NE,BradTo00,Tom Brady,QB,42.078028747433265,pre2020,4,22.0053125,None,Limited,Lower Leg,soft_tissue,0,2,36.666666666666664,0.95,7,0
2019,NE,BradTo00,Tom Brady,QB,42.078028747433265,pre2020,9,18.7925,None,Limited,Shoulder,other,0,1,43.0,1.0384615384615385,7,0
2019,NE,BurkRe00,Rex Burkhead,RB,29.166324435318277,pre2020,4,11.853125,Questionable,Limited,Foot / Toe,ankle_foot,0,1,13.666666666666666,2.1142857142857143,7,0
2019,NE,DorsPh00,Phillip Dorsett,WR,26.652977412731005,pre2020,6,13.7,Out,DNP,Hamstring,soft_tissue,0,1,6.333333333333333,0.07389162561576354,4,1
2019,NE,DorsPh00,Phillip Dorsett,WR,26.652977412731005,pre2020,7,13.7,Questionable,Limited,Hamstring,soft_tissue,1,2,6.333333333333333,0.07389162561576354,11,0
2019,NE,DorsPh00,Phillip Dorsett,WR,26.652977412731005,pre2020,8,13.680000000000001,None,Limited,Hamstring,soft_tissue,0,3,4.666666666666667,1.660377358490566,6,0
2019,NE,EdelJu00,Julian Edelman,WR,33.27857631759069,pre2020,4,15.51625,Questionable,Limited,Chest / Ribs,other,0,1,9.0,0.5396825396825397,7,0
2019,NE,EdelJu00,Julian Edelman,WR,33.27857631759069,pre2020,6,15.356,Questionable,Limited,Chest / Ribs,other,0,3,8.666666666666666,1.154811715481172,4,0
2019,NE,EdelJu00,Julian Edelman,WR,33.27857631759069,pre2020,7,16.18,Questionable,Limited,Chest / Ribs,other,0,4,10.333333333333334,1.1218487394957983,11,0
2019,NE,EdelJu00,Julian Edelman,WR,33.27857631759069,pre2020,8,15.825714285714286,Questionable,Limited,Chest / Ribs,other,0,5,13.0,0.967391304347826,6,0
2019,NE,EdelJu00,Julian Edelman,WR,33.27857631759069,pre2020,9,17.285,Questionable,Limited,Chest / Ribs,other,0,6,14.0,1.0444444444444443,7,0
2019,NE,EdelJu00,Julian Edelman,WR,33.27857631759069,pre2020,12,17.008,Questionable,Limited,Shoulder,other,0,1,11.0,0.9434628975265018,7,0
2019,NE,EdelJu00,Julian Edelman,WR,33.27857631759069,pre2020,13,17.034545454545455,Questionable,Limited,Shoulder,other,0,2,11.0,1.028268551236749,7,0
2019,NE,EdelJu00,Julian Edelman,WR,33.27857631759069,pre2020,14,17.44,Questionable,Limited,Shoulder,other,0,3,11.333333333333334,0.9650349650349649,7,0
2019,NE,EdelJu00,Julian Edelman,WR,33.27857631759069,pre2020,15,17.967692307692307,Questionable,Limited,Knee,knee,0,4,12.333333333333334,1.0575539568345325,7,0
2019,NE,EdelJu00,Julian Edelman,WR,33.27857631759069,pre2020,16,16.89142857142857,Questionable,Limited,Knee,knee,0,5,10.0,0.6480836236933798,7,0
2019,NE,EdelJu00,Julian Edelman,WR,33.27857631759069,pre2020,17,16.712,Questionable,Limited,Knee,knee,0,6,8.0,0.8452380952380952,7,0
2019,NE,WhitJa02,James White,RB,27.575633127994525,pre2020,9,12.914285714285715,Questionable,Limited,Foot / Toe,ankle_foot,0,1,10.333333333333334,0.916030534351145,7,0
2019,NO,BreeDr00,Drew Brees,QB,40.62696783025325,pre2020,15,18.95,None,Full,Arm / Elbow,other,0,1,37.0,0.9724137931034482,8,0
2019,NO,BreeDr00,Drew Brees,QB,40.62696783025325,pre2020,17,20.274,None,Full,Knee,knee,0,1,37.333333333333336,1.0392857142857144,7,0
2019,NO,CookJa02,Jared Cook,TE,32.40246406570842,pre2020,15,11.118181818181817,None,Full,Head / Concussion,concussion,0,1,5.333333333333333,0.17837837837837842,8,0
2019,NO,GinnTe00,Ted Ginn Jr.,WR,34.38740588637919,pre2020,3,17.1,None,Full,Quad / Thigh,soft_tissue,0,2,3.5,0.8108108108108107,7,0
2019,NO,KamaAl00,Alvin Kamara,RB,24.10403832991102,pre2020,6,19.364,Questionable,DNP,Ankle,ankle_foot,0,1,23.0,0.8869565217391305,7,0
2019,NO,KamaAl00,Alvin Kamara,RB,24.10403832991102,pre2020,7,18.403333333333336,Out,DNP,Ankle,ankle_foot,0,2,20.666666666666668,0.7531914893617021,7,1
2019,NO,KamaAl00,Alvin Kamara,RB,24.10403832991102,pre2020,8,18.403333333333336,Questionable,Limited,Ankle,ankle_foot,1,3,20.666666666666668,0.7531914893617021,7,1
2019,NO,KamaAl00,Alvin Kamara,RB,24.10403832991102,pre2020,10,18.403333333333336,None,Full,Ankle,ankle_foot,1,4,20.666666666666668,0.7531914893617021,14,0
2019,NO,ThomMi05,Michael Thomas,WR,26.496919917864478,pre2020,17,24.459999999999997,None,Full,Hand / Wrist,other,0,1,14.666666666666666,1.0481927710843373,7,0
2019,NYG,BarkSa00,Saquon Barkley,RB,22.55715263518138,pre2020,4,18.053125,Out,DNP,Ankle,ankle_foot,0,1,18.333333333333332,0.4431137724550898,7,1
2019,NYG,BarkSa00,Saquon Barkley,RB,22.55715263518138,pre2020,5,18.053125,Out,Limited,Ankle,ankle_foot,1,2,18.333333333333332,0.4431137724550898,7,1
2019,NYG,BarkSa00,Saquon Barkley,RB,22.55715263518138,pre2020,6,18.053125,Out,Limited,Ankle,ankle_foot,1,3,18.333333333333332,0.4431137724550898,4,1
2019,NYG,BarkSa00,Saquon Barkley,RB,22.55715263518138,pre2020,7,18.053125,None,Full,Ankle,ankle_foot,1,4,18.333333333333332,0.4431137724550898,10,0
2019,NYG,BarkSa00,Saquon Barkley,RB,22.55715263518138,pre2020,8,16.275,None,Full,Ankle,ankle_foot,0,5,20.333333333333332,1.2647058823529411,7,0
2019,NYG,EngrEv00,Evan Engram,TE,24.996577686516083,pre2020,6,16.56,Out,DNP,Knee,knee,0,1,9.333333333333334,1.0588235294117647,4,1
2019,NYG,EngrEv00,Evan Engram,TE,24.996577686516083,pre2020,7,16.56,None,Full,Knee,knee,1,2,9.333333333333334,1.0588235294117647,10,0
2019,NYG,EngrEv00,Evan Engram,TE,24.996577686516083,pre2020,10,13.675,Out,DNP,Foot / Toe,ankle_foot,0,1,7.0,0.8117647058823529,6,1
2019,NYG,EngrEv00,Evan Engram,TE,24.996577686516083,pre2020,12,13.675,Out,DNP,Foot / Toe,ankle_foot,1,2,7.0,0.8117647058823529,14,1
2019,NYG,EngrEv00,Evan Engram,TE,24.996577686516083,pre2020,13,13.675,Out,DNP,Foot / Toe,ankle_foot,1,3,7.0,0.8117647058823529,7,1
2019,NYG,EngrEv00,Evan Engram,TE,24.996577686516083,pre2020,14,13.675,Out,DNP,Foot / Toe,ankle_foot,1,4,7.0,0.8117647058823529,8,1
2019,NYG,EngrEv00,Evan Engram,TE,24.996577686516083,pre2020,15,13.675,Out,DNP,Foot / Toe,ankle_foot,1,5,7.0,0.8117647058823529,6,1
2019,NYG,ShepSt00,Sterling Shepard,WR,26.55441478439425,pre2020,6,15.975,Out,DNP,Head / Concussion,concussion,0,1,10.333333333333334,0.863157894736842,4,1
2019,NYG,ShepSt00,Sterling Shepard,WR,26.55441478439425,pre2020,7,15.975,Out,Limited,Head / Concussion,concussion,1,2,10.333333333333334,0.863157894736842,10,1
2019,NYG,ShepSt00,Sterling Shepard,WR,26.55441478439425,pre2020,8,15.975,Out,Limited,Head / Concussion,concussion,1,3,10.333333333333334,0.863157894736842,7,1
2019,NYG,ShepSt00,Sterling Shepard,WR,26.55441478439425,pre2020,9,15.975,None,Full,Head / Concussion,concussion,1,4,10.333333333333334,0.863157894736842,8,1
2019,NYG,ShepSt00,Sterling Shepard,WR,26.55441478439425,pre2020,10,15.975,Out,DNP,Head / Concussion,concussion,1,5,10.333333333333334,0.863157894736842,6,1
2019,NYG,ShepSt00,Sterling Shepard,WR,26.55441478439425,pre2020,12,15.975,None,Full,Head / Concussion,concussion,1,6,10.333333333333334,0.863157894736842,14,0
2019,NYG,TateGo00,Golden Tate,WR,31.080082135523615,pre2020,13,15.22857142857143,Out,DNP,Head / Concussion,concussion,0,1,7.333333333333333,0.8798586572438162,7,1
2019,NYG,TateGo00,Golden Tate,WR,31.080082135523615,pre2020,14,15.22857142857143,None,Full,Head / Concussion,concussion,1,2,7.333333333333333,0.8798586572438162,8,0
2019,NYG,TateGo00,Golden Tate,WR,31.080082135523615,pre2020,15,13.5875,None,Full,Foot / Toe,ankle_foot,0,3,6.666666666666667,0.967032967032967,6,0
2019,NYJ,BellLe00,Le'Veon Bell,RB,27.534565366187543,pre2020,2,23.200000000000003,Questionable,Limited,Shoulder,other,0,1,26.0,,8,0
2019,NYJ,BellLe00,Le'Veon Bell,RB,27.534565366187543,pre2020,10,14.7125,Questionable,Limited,Knee,knee,0,1,19.333333333333332,1.05,7,0
2019,OAK,JacoJo01,Josh Jacobs,RB,21.5523613963039,pre2020,3,17.1,None,Full,Hip / Groin,soft_tissue,0,1,18.0,0.6575342465753424,7,0
2019,OAK,JacoJo01,Josh Jacobs,RB,21.5523613963039,pre2020,5,12.850000000000001,None,Full,Arm / Elbow,other,0,1,14.333333333333334,0.9754601226993865,7,0
2019,OAK,JacoJo01,Josh Jacobs,RB,21.5523613963039,pre2020,7,16.14,None,Full,Arm / Elbow,other,0,2,20.0,1.426573426573427,14,0
2019,OAK,JacoJo01,Josh Jacobs,RB,21.5523613963039,pre2020,8,16.183333333333334,Questionable,Limited,Shoulder,other,0,3,24.0,1.030674846625767,7,0
2019,OAK,JacoJo01,Josh Jacobs,RB,21.5523613963039,pre2020,9,15.314285714285715,None,Limited,Shoulder,other,0,4,23.333333333333332,0.9322033898305085,7,0
2019,OAK,JacoJo01,Josh Jacobs,RB,21.5523613963039,pre2020,10,16.4,None,Full,Shoulder,other,0,5,23.666666666666668,1.0055865921787708,4,0
2019,OAK,JacoJo01,Josh Jacobs,RB,21.5523613963039,pre2020,11,16.700000000000003,None,Limited,Shoulder,other,0,6,22.666666666666668,0.912280701754386,10,0
2019,OAK,JacoJo01,Josh Jacobs,RB,21.5523613963039,pre2020,12,16.37,None,Limited,Shoulder,other,0,7,25.666666666666668,1.131736526946108,7,0
2019,OAK,JacoJo01,Josh Jacobs,RB,21.5523613963039,pre2020,13,15.3,None,Limited,Shoulder,other,0,8,19.333333333333332,0.6857142857142857,7,0
2019,OAK,JacoJo01,Josh Jacobs,RB,21.5523613963039,pre2020,14,14.891666666666667,Questionable,Limited,Shoulder,other,0,9,18.0,1.1225806451612903,7,1
2019,OAK,JacoJo01,Josh Jacobs,RB,21.5523613963039,pre2020,15,14.891666666666667,Questionable,Limited,Shoulder,other,1,10,18.0,1.1225806451612903,7,0
2019,OAK,JacoJo01,Josh Jacobs,RB,21.5523613963039,pre2020,16,14.738461538461538,Out,DNP,Shoulder,other,0,11,18.333333333333332,1.062111801242236,7,1
2019,OAK,JacoJo01,Josh Jacobs,RB,21.5523613963039,pre2020,17,14.738461538461538,Out,DNP,Shoulder,other,1,12,18.333333333333332,1.062111801242236,7,1
2019,OAK,WallDa01,Darren Waller,TE,26.965092402464066,pre2020,7,14.720000000000002,None,Full,Foot / Toe,ankle_foot,0,1,9.333333333333334,0.8478260869565217,14,0
2019,OAK,WillTy00,Tyrell Williams,WR,27.550992470910334,pre2020,3,14.118333333333334,None,Full,Hip / Groin,soft_tissue,0,2,7.0,0.9894736842105263,7,0
2019,OAK,WillTy00,Tyrell Williams,WR,27.550992470910334,pre2020,5,15.65,Questionable,DNP,Foot / Toe,ankle_foot,0,1,5.666666666666667,0.9650349650349651,7,1
2019,OAK,WillTy00,Tyrell Williams,WR,27.550992470910334,pre2020,7,15.65,Out,DNP,Foot / Toe,ankle_foot,1,2,5.666666666666667,0.9650349650349651,14,1
2019,OAK,WillTy00,Tyrell Williams,WR,27.550992470910334,pre2020,8,15.65,Questionable,Limited,Foot / Toe,ankle_foot,1,3,5.666666666666667,0.9650349650349651,7,0
2019,OAK,WillTy00,Tyrell Williams,WR,27.550992470910334,pre2020,9,16.14,None,Full,Foot / Toe,ankle_foot,0,4,5.333333333333333,0.9434628975265018,7,0
2019,PHI,ErtzZa00,Zach Ertz,TE,28.80766598220397,pre2020,13,14.2,Questionable,Limited,Hamstring,soft_tissue,0,1,12.0,1.0078125,7,0
2019,PHI,ErtzZa00,Zach Ertz,TE,28.80766598220397,pre2020,17,14.373333333333333,Out,DNP,Chest / Ribs,other,0,1,9.666666666666666,0.9681274900398408,7,1
2019,PHI,HowaJo00,Jordan Howard,RB,24.829568788501028,pre2020,11,12.377777777777778,Questionable,Limited,Shoulder,other,0,1,19.333333333333332,0.8620689655172414,14,1
2019,PHI,HowaJo00,Jordan Howard,RB,24.829568788501028,pre2020,12,12.377777777777778,Questionable,Limited,Shoulder,other,1,2,19.333333333333332,0.8620689655172414,7,1
2019,PHI,HowaJo00,Jordan Howard,RB,24.829568788501028,pre2020,13,12.377777777777778,Questionable,Limited,Shoulder,other,1,3,19.333333333333332,0.8620689655172414,7,1
2019,PHI,HowaJo00,Jordan Howard,RB,24.829568788501028,pre2020,14,12.377777777777778,Questionable,Limited,Shoulder,other,1,4,19.333333333333332,0.8620689655172414,8,1
2019,PHI,HowaJo00,Jordan Howard,RB,24.829568788501028,pre2020,15,12.377777777777778,Questionable,Limited,Shoulder,other,1,5,19.333333333333332,0.8620689655172414,6,1
2019,PHI,HowaJo00,Jordan Howard,RB,24.829568788501028,pre2020,16,12.377777777777778,Questionable,Limited,Shoulder,other,1,6,19.333333333333332,0.8620689655172414,7,1
2019,PHI,HowaJo00,Jordan Howard,RB,24.829568788501028,pre2020,17,12.377777777777778,None,Full,Shoulder,other,1,7,19.333333333333332,0.8620689655172414,7,0
2019,PHI,JackDe00,DeSean Jackson,WR,32.7501711156742,pre2020,3,18.30625,Out,DNP,Core / Abdomen,other,0,1,4.5,0.1884057971014493,7,1
2019,PHI,JackDe00,DeSean Jackson,WR,32.7501711156742,pre2020,4,18.30625,Out,DNP,Core / Abdomen,other,1,2,4.5,0.1884057971014493,4,1
2019,PHI,JackDe00,DeSean Jackson,WR,32.7501711156742,pre2020,5,18.30625,Out,DNP,Core / Abdomen,other,1,3,4.5,0.1884057971014493,10,1
2019,PHI,JackDe00,DeSean Jackson,WR,32.7501711156742,pre2020,6,18.30625,Out,DNP,Core / Abdomen,other,1,4,4.5,0.1884057971014493,7,1
2019,PHI,JackDe00,DeSean Jackson,WR,32.7501711156742,pre2020,7,18.30625,Out,DNP,Core / Abdomen,other,1,5,4.5,0.1884057971014493,7,1
2019,PHI,JackDe00,DeSean Jackson,WR,32.7501711156742,pre2020,8,18.30625,Out,DNP,Core / Abdomen,other,1,6,4.5,0.1884057971014493,7,1
2019,PHI,JackDe00,DeSean Jackson,WR,32.7501711156742,pre2020,9,18.30625,Questionable,Limited,Core / Abdomen,other,1,7,4.5,0.1884057971014493,7,0
2019,PHI,JeffAl00,Alshon Jeffery,WR,29.544147843942504,pre2020,1,14.253846153846155,None,Full,Arm / Elbow,other,0,1,,,7,0
2019,PHI,JeffAl00,Alshon Jeffery,WR,29.544147843942504,pre2020,3,16.215384615384615,Questionable,DNP,Lower Leg,soft_tissue,0,1,4.0,0.09999999999999999,7,1
2019,PHI,JeffAl00,Alshon Jeffery,WR,29.544147843942504,pre2020,4,16.215384615384615,None,Full,Lower Leg,soft_tissue,1,2,4.0,0.09999999999999999,4,0
2019,PHI,JeffAl00,Alshon Jeffery,WR,29.544147843942504,pre2020,11,13.357142857142858,Out,DNP,Ankle,ankle_foot,0,1,6.333333333333333,0.9150579150579151,14,1
2019,PHI,JeffAl00,Alshon Jeffery,WR,29.544147843942504,pre2020,12,13.357142857142858,Questionable,Limited,Ankle,ankle_foot,1,2,6.333333333333333,0.9150579150579151,7,1
2019,PHI,JeffAl00,Alshon Jeffery,WR,29.544147843942504,pre2020,15,13.577777777777778,None,DNP,Foot / Toe,ankle_foot,0,1,8.666666666666666,0.28750000000000003,6,1
2019,PIT,ConnJa00,James Conner,RB,24.32580424366872,pre2020,3,16.76923076923077,None,Full,Knee,knee,0,2,14.5,1.1956521739130435,7,0
2019,PIT,ConnJa00,James Conner,RB,24.32580424366872,pre2020,5,14.55,None,Full,Ankle,ankle_foot,0,1,16.666666666666668,1.1715976331360947,6,0
2019,PIT,ConnJa00,James Conner,RB,24.32580424366872,pre2020,9,17.8,Doubtful,DNP,Shoulder,other,0,1,21.333333333333332,1.2680412371134018,6,1
2019,PIT,ConnJa00,James Conner,RB,24.32580424366872,pre2020,10,17.8,Out,DNP,Shoulder,other,1,2,21.333333333333332,1.2680412371134018,7,1
2019,PIT,ConnJa00,James Conner,RB,24.32580424366872,pre2020,11,17.8,None,Full,Shoulder,other,1,3,21.333333333333332,1.2680412371134018,4,0
2019,PIT,ConnJa00,James Conner,RB,24.32580424366872,pre2020,12,15.9,Out,DNP,Shoulder,other,0,4,19.0,0.2571428571428571,10,1
2019,PIT,ConnJa00,James Conner,RB,24.32580424366872,pre2020,13,15.9,Doubtful,Limited,Shoulder,other,1,5,19.0,0.2571428571428571,7,1
2019,PIT,ConnJa00,James Conner,RB,24.32580424366872,pre2020,14,15.9,Out,Limited,Shoulder,other,1,6,19.0,0.2571428571428571,7,1
2019,PIT,ConnJa00,James Conner,RB,24.32580424366872,pre2020,15,15.9,Questionable,Full,Shoulder,other,1,7,19.0,0.2571428571428571,7,0
2019,PIT,ConnJa00,James Conner,RB,24.32580424366872,pre2020,17,14.55,Out,DNP,Quad / Thigh,soft_tissue,0,1,8.666666666666666,0.24683544303797467,7,1
2019,PIT,McDoVa00,Vance McDonald,TE,29.218343600273784,pre2020,3,11.633333333333333,None,Full,Back,other,0,1,5.5,1.263888888888889,7,0
2019,PIT,SmitJu00,JuJu Smith-Schuster,WR,22.77344284736482,pre2020,2,17.3671875,None,Full,Foot / Toe,ankle_foot,0,1,8.0,,7,0
2019,SEA,CarsCh00,Chris Carson,RB,24.958247775496236,pre2020,6,15.1,None,Full,Shoulder,other,0,1,23.666666666666668,1.4488636363636362,10,0
2019,SEA,DissWi00,Will Dissly,TE,23.148528405201915,pre2020,7,12.316666666666668,Out,DNP,Achilles,achilles,0,1,4.666666666666667,0.29729729729729726,7,1
2019,SEA,HollJa03,Jacob Hollister,TE,25.78507871321013,pre2020,13,10.58,None,Full,Foot / Toe,ankle_foot,0,2,6.666666666666667,1.072538860103627,8,0
2019,SEA,HollJa03,Jacob Hollister,TE,25.78507871321013,pre2020,14,10.549999999999999,None,Full,Quad / Thigh,soft_tissue,0,3,7.333333333333333,1.0704845814977975,6,0
2019,SEA,HollJa03,Jacob Hollister,TE,25.78507871321013,pre2020,15,10.1,None,Full,Quad / Thigh,soft_tissue,0,4,6.0,1.039473684210526,7,0
2019,SEA,LockTy00,Tyler Lockett,WR,26.924024640657084,pre2020,2,13.275,None,Full,Back,other,0,1,2.0,,7,0
2019,SEA,LockTy00,Tyler Lockett,WR,26.924024640657084,pre2020,10,18.98888888888889,None,Full,Hip / Groin,soft_tissue,0,4,10.666666666666666,0.9616724738675959,8,0
2019,SEA,LockTy00,Tyler Lockett,WR,26.924024640657084,pre2020,12,17.68,None,Limited,Lower Leg,soft_tissue,0,5,9.666666666666666,0.7526501766784451,13,0
2019,SEA,LockTy00,Tyler Lockett,WR,26.924024640657084,pre2020,13,16.509090909090908,None,DNP,Lower Leg,soft_tissue,0,6,8.333333333333334,1.0,8,0
2019,SEA,LockTy00,Tyler Lockett,WR,26.924024640657084,pre2020,15,14.607692307692307,None,Full,Lower Leg,soft_tissue,0,1,3.6666666666666665,1.0942622950819672,7,0
2019,SEA,WilsRu00,Russell Wilson,QB,30.754277891854894,pre2020,8,24.228571428571428,None,Full,Knee,knee,0,1,39.0,1.0,7,0
2019,SEA,WilsRu00,Russell Wilson,QB,30.754277891854894,pre2020,9,23.16,None,Full,Knee,knee,0,2,36.666666666666664,1.0,7,0
2019,SEA,WilsRu00,Russell Wilson,QB,30.754277891854894,pre2020,12,24.108,None,Full,Hamstring,soft_tissue,0,1,36.0,1.0,13,0
2019,SF,KittGe00,George Kittle,TE,25.894592744695416,pre2020,6,13.575,Questionable,Limited,Hip / Groin,soft_tissue,0,1,6.666666666666667,1.1046511627906976,6,0
2019,SF,KittGe00,George Kittle,TE,25.894592744695416,pre2020,7,14.52,None,Limited,Hip / Groin,soft_tissue,0,2,8.333333333333334,0.9503816793893128,7,0
2019,SF,KittGe00,George Kittle,TE,25.894592744695416,pre2020,8,13.233333333333334,None,Full,Hip / Groin,soft_tissue,0,3,8.0,1.025179856115108,7,0
2019,SF,KittGe00,George Kittle,TE,25.894592744695416,pre2020,10,14.2375,Doubtful,DNP,Knee,knee,0,1,7.333333333333333,0.8045977011494252,11,1
2019,SF,KittGe00,George Kittle,TE,25.894592744695416,pre2020,11,14.2375,Doubtful,DNP,Knee,knee,1,2,7.333333333333333,0.8045977011494252,6,1
2019,SF,KittGe00,George Kittle,TE,25.894592744695416,pre2020,12,14.2375,Questionable,Limited,Knee,knee,1,3,7.333333333333333,0.8045977011494252,7,0
2019,SF,KittGe00,George Kittle,TE,25.894592744695416,pre2020,13,15.422222222222224,None,Limited,Knee,knee,0,4,7.0,0.9556451612903227,7,0
2019,SF,KittGe00,George Kittle,TE,25.894592744695416,pre2020,14,14.219999999999999,None,Full,Knee,knee,0,5,6.333333333333333,1.293103448275862,7,0
2019,SF,SandEm00,Emmanuel Sanders,WR,32.459958932238195,pre2020,5,16.979583333333334,None,Limited,Quad / Thigh,soft_tissue,1,2,,,15,1
2019,SF,SandEm00,Emmanuel Sanders,WR,32.459958932238195,pre2020,6,13.74,None,Limited,Knee,knee,1,3,,,6,1
2019,TB,EvanMi00,Mike Evans,WR,26.028747433264886,pre2020,15,17.900000000000002,Out,DNP,Hamstring,soft_tissue,0,1,7.0,0.25461254612546125,7,1
2019,TB,EvanMi00,Mike Evans,WR,26.028747433264886,pre2020,16,17.900000000000002,None,DNP,Hamstring,soft_tissue,1,2,7.0,0.25461254612546125,7,1
2019,TB,GodwCh00,Chris Godwin,WR,23.509924709103355,pre2020,4,14.743750000000002,Questionable,Limited,Hip / Groin,soft_tissue,0,1,6.666666666666667,1.043010752688172,7,0
2019,TB,GodwCh00,Chris Godwin,WR,23.509924709103355,pre2020,5,22.150000000000002,None,Full,Hip / Groin,soft_tissue,0,2,9.333333333333334,1.007067137809187,7,0
2019,TB,GodwCh00,Chris Godwin,WR,23.509924709103355,pre2020,6,24.020000000000003,None,Full,Hip / Groin,soft_tissue,0,3,9.333333333333334,1.0034843205574913,7,0
2019,TB,GodwCh00,Chris Godwin,WR,23.509924709103355,pre2020,14,20.24166666666667,None,Full,Lower Leg,soft_tissue,0,1,6.666666666666667,0.9715302491103204,7,0
2019,TB,GodwCh00,Chris Godwin,WR,23.509924709103355,pre2020,16,19.72142857142857,Out,DNP,Hamstring,soft_tissue,0,1,7.666666666666667,0.667883211678832,7,1
2019,TB,GodwCh00,Chris Godwin,WR,23.509924709103355,pre2020,17,19.72142857142857,Out,DNP,Hamstring,soft_tissue,1,2,7.666666666666667,0.667883211678832,7,1
2019,TB,WinsJa00,Jameis Winston,QB,25.650924024640656,pre2020,14,17.696666666666665,None,Full,Knee,knee,0,1,42.666666666666664,0.99,7,0
2019,TB,WinsJa00,Jameis Winston,QB,25.650924024640656,pre2020,15,19.007692307692306,Questionable,Full,Hand / Wrist,other,0,2,42.0,0.9230769230769231,7,0
2019,TB,WinsJa00,Jameis Winston,QB,25.650924024640656,pre2020,16,19.987142857142857,Questionable,Full,Hand / Wrist,other,0,3,44.666666666666664,0.9793814432989689,7,0
2019,TB,WinsJa00,Jameis Winston,QB,25.650924024640656,pre2020,17,19.387999999999998,Questionable,Full,Hand / Wrist,other,0,4,48.333333333333336,1.0489510489510487,7,0
2019,TEN,HenrDe00,Derrick Henry,RB,25.65639972621492,pre2020,13,18.12727272727273,None,Full,Hamstring,soft_tissue,0,1,20.333333333333332,1.1780104712041886,7,0
2019,TEN,HenrDe00,Derrick Henry,RB,25.65639972621492,pre2020,14,18.583333333333332,None,Full,Hamstring,soft_tissue,0,2,24.666666666666668,1.125,7,0
2019,TEN,HenrDe00,Derrick Henry,RB,25.65639972621492,pre2020,15,18.992307692307694,Questionable,DNP,Hamstring,soft_tissue,0,3,22.666666666666668,0.8243243243243245,7,0
2019,TEN,HenrDe00,Derrick Henry,RB,25.65639972621492,pre2020,16,18.25,Questionable,Full,Hamstring,soft_tissue,0,4,23.333333333333332,0.8388625592417062,7,1
2019,TEN,HenrDe00,Derrick Henry,RB,25.65639972621492,pre2020,17,18.25,None,Full,Hamstring,soft_tissue,1,5,23.333333333333332,0.8388625592417062,7,0
2019,TEN,WalkHu00,Delanie Walker,TE,35.05270362765229,pre2020,4,14.6,None,Full,Knee,knee,0,1,7.0,1.1372549019607843,10,0
2019,TEN,WalkHu00,Delanie Walker,TE,35.05270362765229,pre2020,5,11.3,None,Full,Knee,knee,0,2,5.666666666666667,0.58125,7,0
2019,WAS,McLaTe00,Terry McLaurin,WR,23.96167008898015,pre2020,4,19.900000000000002,Questionable,DNP,Hamstring,soft_tissue,0,1,8.0,0.989010989010989,6,1
2019,WAS,McLaTe00,Terry McLaurin,WR,23.96167008898015,pre2020,5,19.900000000000002,Questionable,Limited,Hamstring,soft_tissue,1,2,8.0,0.989010989010989,7,0
2019,WAS,McLaTe00,Terry McLaurin,WR,23.96167008898015,pre2020,12,13.511111111111111,None,Full,Hand / Wrist,other,0,1,5.333333333333333,0.9381443298969072,7,0
2019,WAS,McLaTe00,Terry McLaurin,WR,23.96167008898015,pre2020,17,13.707142857142857,Out,DNP,Head / Concussion,concussion,0,1,7.0,0.9666666666666667,7,1
2020,ARI,DrakKe00,Kenyan Drake,RB,26.598220396988363,2020_21,10,12.157142857142857,Questionable,Limited,Ankle,ankle_foot,1,2,19.0,0.6030150753768844,7,0
2020,ARI,DrakKe00,Kenyan Drake,RB,26.598220396988363,2020_21,14,13.554545454545455,Questionable,Limited,Hip / Groin,soft_tissue,0,1,18.333333333333332,0.8653846153846154,7,0
2020,ARI,HopkDe00,DeAndre Hopkins,WR,28.238193018480494,2020_21,4,22.875666666666667,Questionable,DNP,Ankle,ankle_foot,0,4,12.333333333333334,0.9842931937172775,7,0
2020,ARI,HopkDe00,DeAndre Hopkins,WR,28.238193018480494,2020_21,7,19.85,Questionable,Limited,Ankle,ankle_foot,0,1,8.0,0.8400000000000001,6,0
2020,ARI,HopkDe00,DeAndre Hopkins,WR,28.238193018480494,2020_21,14,17.908333333333335,Questionable,Limited,Neck,other,0,7,9.333333333333334,1.0600706713780919,7,0
2020,ARI,HopkDe00,DeAndre Hopkins,WR,28.238193018480494,2020_21,17,18.686666666666667,None,Full,Hip / Groin,soft_tissue,0,10,11.666666666666666,0.9963503649635036,8,0
2020,ARI,MurrKy00,Kyler Murray,QB,23.069130732375086,2020_21,12,28.366000000000003,None,Full,Shoulder,other,0,1,42.333333333333336,1.0,10,0
2020,ARI,MurrKy00,Kyler Murray,QB,23.069130732375086,2020_21,13,26.505454545454544,None,Full,Shoulder,other,0,2,43.0,0.99,7,0
2020,ARI,MurrKy00,Kyler Murray,QB,23.069130732375086,2020_21,17,24.997333333333334,None,Full,Lower Leg,soft_tissue,0,1,50.0,1.0,8,0
2020,ATL,GurlTo01,Todd Gurley,RB,26.080766598220396,2020_21,12,13.920000000000002,Out,DNP,Knee,knee,0,3,16.333333333333332,0.6032608695652174,7,1
2020,ATL,GurlTo01,Todd Gurley,RB,26.080766598220396,2020_21,13,13.920000000000002,Questionable,Limited,Knee,knee,1,4,16.333333333333332,0.6032608695652174,7,0
2020,ATL,GurlTo01,Todd Gurley,RB,26.080766598220396,2020_21,14,12.92727272727273,None,DNP,Knee,knee,0,5,13.333333333333334,0.66,7,0
2020,ATL,HursHa00,Hayden Hurst,TE,27.02258726899384,2020_21,12,9.61,Questionable,Limited,Ankle,ankle_foot,0,1,5.666666666666667,1.16,7,0
2020,ATL,HursHa00,Hayden Hurst,TE,27.02258726899384,2020_21,13,9.536363636363637,None,Limited,Ankle,ankle_foot,0,2,6.0,0.5899581589958158,7,0
2020,ATL,JoneJu02,Julio Jones,WR,31.561943874058862,2020_21,1,18.273333333333333,None,Limited,Hamstring,soft_tissue,0,1,,,7,0
2020,ATL,JoneJu02,Julio Jones,WR,31.561943874058862,2020_21,2,19.880000000000003,None,Limited,Hamstring,soft_tissue,0,2,12.0,,7,0
2020,ATL,JoneJu02,Julio Jones,WR,31.561943874058862,2020_21,3,16.41166666666667,Questionable,DNP,Hamstring,soft_tissue,0,3,8.0,0.9753086419753086,7,1
2020,ATL,JoneJu02,Julio Jones,WR,31.561943874058862,2020_21,4,16.41166666666667,Questionable,Limited,Hamstring,soft_tissue,1,4,8.0,0.9753086419753086,8,0
2020,ATL,JoneJu02,Julio Jones,WR,31.561943874058862,2020_21,5,13.643333333333334,Questionable,DNP,Hamstring,soft_tissue,0,5,6.666666666666667,0.26249999999999996,6,1
2020,ATL,JoneJu02,Julio Jones,WR,31.561943874058862,2020_21,6,13.643333333333334,None,Limited,Hamstring,soft_tissue,1,6,6.666666666666667,0.26249999999999996,7,0
2020,ATL,JoneJu02,Julio Jones,WR,31.561943874058862,2020_21,7,17.5,None,Limited,Hamstring,soft_tissue,0,7,6.0,1.3259668508287292,7,0
2020,ATL,JoneJu02,Julio Jones,WR,31.561943874058862,2020_21,8,17.540000000000003,None,Full,Hip / Groin,soft_tissue,0,8,7.666666666666667,1.3166666666666669,4,0
2020,ATL,JoneJu02,Julio Jones,WR,31.561943874058862,2020_21,12,16.337500000000002,Questionable,DNP,Hamstring,soft_tissue,0,1,6.333333333333333,0.41832669322709154,7,1
2020,ATL,JoneJu02,Julio Jones,WR,31.561943874058862,2020_21,13,16.337500000000002,Questionable,Limited,Hamstring,soft_tissue,1,2,6.333333333333333,0.41832669322709154,7,0
2020,ATL,JoneJu02,Julio Jones,WR,31.561943874058862,2020_21,14,16.233333333333334,Out,DNP,Hamstring,soft_tissue,0,3,6.333333333333333,1.3623188405797102,7,1
2020,ATL,JoneJu02,Julio Jones,WR,31.561943874058862,2020_21,15,16.233333333333334,Out,DNP,Hamstring,soft_tissue,1,4,6.333333333333333,1.3623188405797102,7,1
2020,ATL,JoneJu02,Julio Jones,WR,31.561943874058862,2020_21,16,16.233333333333334,Out,DNP,Hamstring,soft_tissue,1,5,6.333333333333333,1.3623188405797102,7,1
2020,ATL,JoneJu02,Julio Jones,WR,31.561943874058862,2020_21,17,16.233333333333334,Out,DNP,Hamstring,soft_tissue,1,6,6.333333333333333,1.3623188405797102,7,1
2020,ATL,RidlCa00,Calvin Ridley,WR,25.700205338809035,2020_21,4,23.91346153846154,Questionable,Limited,Ankle,ankle_foot,0,1,12.333333333333334,1.1005917159763314,8,0
2020,ATL,RidlCa00,Calvin Ridley,WR,25.700205338809035,2020_21,5,20.125,None,Limited,Quad / Thigh,soft_tissue,0,2,9.666666666666666,0.732824427480916,6,0
2020,ATL,RidlCa00,Calvin Ridley,WR,25.700205338809035,2020_21,7,20.166666666666668,None,Limited,Arm / Elbow,other,0,1,7.666666666666667,0.961038961038961,7,0
2020,ATL,RidlCa00,Calvin Ridley,WR,25.700205338809035,2020_21,9,18.5125,Questionable,DNP,Foot / Toe,ankle_foot,0,1,6.333333333333333,0.44,10,1
2020,ATL,RidlCa00,Calvin Ridley,WR,25.700205338809035,2020_21,11,18.5125,None,Limited,Foot / Toe,ankle_foot,1,2,6.333333333333333,0.44,14,0
2020,ATL,RidlCa00,Calvin Ridley,WR,25.700205338809035,2020_21,12,18.01111111111111,None,Limited,Foot / Toe,ankle_foot,0,3,6.666666666666667,1.3369565217391302,7,0
2020,ATL,RidlCa00,Calvin Ridley,WR,25.700205338809035,2020_21,13,17.91,None,Limited,Foot / Toe,ankle_foot,0,4,7.333333333333333,1.125,7,0
2020,ATL,RidlCa00,Calvin Ridley,WR,25.700205338809035,2020_21,15,18.441666666666666,None,Limited,Foot / Toe,ankle_foot,0,1,10.333333333333334,1.0161290322580645,7,0
2020,BAL,AndrMa00,Mark Andrews,TE,24.98836413415469,2020_21,5,13.15,Questionable,Limited,Quad / Thigh,soft_tissue,0,1,4.666666666666667,0.9375,7,0
2020,BAL,AndrMa00,Mark Andrews,TE,24.98836413415469,2020_21,12,11.940000000000001,Questionable,Limited,Quad / Thigh,soft_tissue,0,1,7.0,1.3096446700507616,10,1
2020,BAL,JackLa00,Lamar Jackson,QB,23.64955509924709,2020_21,5,21.065,Questionable,Full,Knee,knee,0,1,35.0,0.8482758620689654,7,0
2020,BUF,AlleJo02,Josh Allen,QB,24.281998631074607,2020_21,5,29.834999999999997,None,Full,Shoulder,other,0,1,37.666666666666664,1.0,9,0
2020,BUF,AlleJo02,Josh Allen,QB,24.281998631074607,2020_21,6,27.131999999999998,None,Full,Shoulder,other,0,2,39.666666666666664,0.9,6,0
2020,BUF,AlleJo02,Josh Allen,QB,24.281998631074607,2020_21,7,25.12333333333333,None,Full,Shoulder,other,0,3,39.0,1.0344827586206897,6,0
2020,BUF,AlleJo02,Josh Allen,QB,24.281998631074607,2020_21,8,23.874285714285715,None,Full,Shoulder,other,0,4,44.666666666666664,1.0344827586206897,7,0
2020,BUF,AlleJo02,Josh Allen,QB,24.281998631074607,2020_21,9,22.447499999999998,None,Full,Shoulder,other,0,5,39.0,1.0344827586206897,7,0
2020,BUF,AlleJo02,Josh Allen,QB,24.281998631074607,2020_21,10,23.953333333333333,None,Full,Shoulder,other,0,6,42.333333333333336,1.0,7,0
2020,BUF,AlleJo02,Josh Allen,QB,24.281998631074607,2020_21,13,23.492727272727276,None,Full,Knee,knee,0,1,44.666666666666664,0.98,8,0
2020,BUF,AlleJo02,Josh Allen,QB,24.281998631074607,2020_21,14,24.043333333333333,None,Full,Knee,knee,0,2,45.0,1.0067114093959733,6,0
2020,BUF,AlleJo02,Josh Allen,QB,24.281998631074607,2020_21,15,23.60307692307692,None,Full,Knee,knee,0,3,42.666666666666664,1.0067114093959733,6,0
2020,BUF,AlleJo02,Josh Allen,QB,24.281998631074607,2020_21,16,24.607142857142858,None,Full,Knee,knee,0,4,46.0,0.9966442953020135,9,0
2020,BUF,BeasCo00,Cole Beasley,WR,31.351129363449694,2020_21,17,13.833333333333334,Out,DNP,Knee,knee,0,1,8.333333333333334,0.6743119266055045,6,1
2020,BUF,BrowJo02,John Brown,WR,30.414784394250514,2020_21,2,15.741,None,Full,Foot / Toe,ankle_foot,0,1,10.0,,7,0
2020,BUF,BrowJo02,John Brown,WR,30.414784394250514,2020_21,3,16.627333333333333,None,Full,Foot / Toe,ankle_foot,0,2,8.0,0.989247311827957,7,0
2020,BUF,BrowJo02,John Brown,WR,30.414784394250514,2020_21,4,12.963666666666667,None,Full,Lower Leg,soft_tissue,0,3,6.0,0.508108108108108,7,0
2020,BUF,DiggSt00,Stefon Diggs,WR,26.757015742642025,2020_21,16,19.464285714285715,None,Full,Foot / Toe,ankle_foot,0,1,12.666666666666666,0.968421052631579,9,0
2020,CAR,AndeRo04,Robbie Chosen,WR,27.315537303216974,2020_21,17,14.473333333333333,None,Full,Hip / Groin,soft_tissue,0,1,10.0,0.9105058365758756,7,0
2020,CAR,DaviMi01,Mike Davis,RB,27.531827515400412,2020_21,7,17.016666666666666,None,Full,Ankle,ankle_foot,0,1,23.0,1.1528384279475983,7,0
2020,CAR,DaviMi01,Mike Davis,RB,27.531827515400412,2020_21,10,14.233333333333333,None,Full,Foot / Toe,ankle_foot,0,1,11.333333333333334,0.3795918367346938,7,0
2020,CAR,DaviMi01,Mike Davis,RB,27.531827515400412,2020_21,11,13.65,None,Full,Hand / Wrist,other,0,2,11.333333333333334,0.8297872340425533,7,0
2020,CAR,DaviMi01,Mike Davis,RB,27.531827515400412,2020_21,17,13.766666666666667,Doubtful,DNP,Ankle,ankle_foot,0,1,15.666666666666666,0.9782608695652174,7,1
2020,CAR,McCaCh01,Christian McCaffrey,RB,24.23545516769336,2020_21,10,29.962500000000002,Out,DNP,Shoulder,other,0,1,26.0,0.8819875776397516,7,1
2020,CAR,McCaCh01,Christian McCaffrey,RB,24.23545516769336,2020_21,11,29.962500000000002,Out,DNP,Shoulder,other,1,2,26.0,0.8819875776397516,7,1
2020,CAR,McCaCh01,Christian McCaffrey,RB,24.23545516769336,2020_21,12,29.962500000000002,Questionable,Limited,Shoulder,other,1,3,26.0,0.8819875776397516,7,1
2020,CAR,McCaCh01,Christian McCaffrey,RB,24.23545516769336,2020_21,14,29.962500000000002,Doubtful,DNP,Shoulder,other,1,4,26.0,0.8819875776397516,14,1
2020,CAR,McCaCh01,Christian McCaffrey,RB,24.23545516769336,2020_21,15,29.962500000000002,Doubtful,DNP,Quad / Thigh,soft_tissue,1,5,26.0,0.8819875776397516,6,1
2020,CAR,McCaCh01,Christian McCaffrey,RB,24.23545516769336,2020_21,16,29.962500000000002,Doubtful,DNP,Quad / Thigh,soft_tissue,1,6,26.0,0.8819875776397516,8,1
2020,CAR,McCaCh01,Christian McCaffrey,RB,24.23545516769336,2020_21,17,29.962500000000002,Doubtful,DNP,Quad / Thigh,soft_tissue,1,7,26.0,0.8819875776397516,7,1
2020,CAR,MoorD.00,D.J. Moore,WR,23.38398357289528,2020_21,12,14.4,None,Full,Shoulder,other,0,1,7.333333333333333,0.9314079422382672,7,0
2020,CAR,SamuCu00,Curtis Samuel,WR,24.057494866529773,2020_21,15,13.616666666666667,Questionable,Limited,Hamstring,soft_tissue,0,2,9.333333333333334,1.1617647058823528,6,0
2020,CAR,SamuCu00,Curtis Samuel,WR,24.057494866529773,2020_21,16,13.246153846153845,None,Full,Hamstring,soft_tissue,0,3,9.333333333333334,1.1886792452830188,8,0
2020,CHI,MontDa01,David Montgomery,RB,23.236139630390145,2020_21,4,12.0375,None,Full,Hand / Wrist,other,0,1,17.333333333333332,1.1313131313131315,7,0
2020,CHI,MontDa01,David Montgomery,RB,23.236139630390145,2020_21,10,12.266666666666667,Out,DNP,Head / Concussion,concussion,0,1,20.666666666666668,0.7738095238095238,8,1
2020,CHI,MontDa01,David Montgomery,RB,23.236139630390145,2020_21,12,12.266666666666667,None,Full,Head / Concussion,concussion,1,2,20.666666666666668,0.7738095238095238,13,0
2020,CHI,RobiAl02,Allen Robinson,WR,27.02258726899384,2020_21,3,12.615625000000001,None,Full,Knee,knee,0,1,9.5,1.0,7,0
2020,CHI,RobiAl02,Allen Robinson,WR,27.02258726899384,2020_21,8,15.757142857142858,None,DNP,Head / Concussion,concussion,0,1,9.666666666666666,0.8977272727272728,6,0
2020,CHI,RobiAl02,Allen Robinson,WR,27.02258726899384,2020_21,10,16.233333333333334,Questionable,Limited,Knee,knee,0,1,6.666666666666667,1.0795454545454546,8,0
2020,CHI,RobiAl02,Allen Robinson,WR,27.02258726899384,2020_21,13,16.70909090909091,Questionable,Limited,Knee,knee,0,1,10.333333333333334,1.0,7,0
2020,CHI,RobiAl02,Allen Robinson,WR,27.02258726899384,2020_21,14,16.441666666666666,None,Full,Knee,knee,0,2,9.666666666666666,0.7956989247311828,7,0
2020,CHI,RobiAl02,Allen Robinson,WR,27.02258726899384,2020_21,16,16.92142857142857,Questionable,Limited,Hamstring,soft_tissue,0,1,8.333333333333334,1.0987654320987654,7,0
2020,CHI,RobiAl02,Allen Robinson,WR,27.02258726899384,2020_21,17,17.146666666666665,None,Limited,Hamstring,soft_tissue,0,2,10.333333333333334,0.8571428571428572,7,0
2020,CIN,BoydTy00,Tyler Boyd,WR,25.796030116358658,2020_21,16,13.602857142857143,Out,DNP,Head / Concussion,concussion,0,1,4.666666666666667,0.2857142857142857,6,1
2020,CIN,BoydTy00,Tyler Boyd,WR,25.796030116358658,2020_21,17,13.602857142857143,None,Full,Head / Concussion,concussion,1,2,4.666666666666667,0.2857142857142857,7,0
2020,CIN,HiggTe00,Tee Higgins,WR,21.620807665982205,2020_21,14,14.245454545454544,Questionable,Limited,Hamstring,soft_tissue,0,1,7.666666666666667,1.007462686567164,7,0
2020,CIN,HiggTe00,Tee Higgins,WR,21.620807665982205,2020_21,17,13.9,None,Full,Hamstring,soft_tissue,0,1,7.666666666666667,0.9,7,0
2020,CLE,BeckOd00,Odell Beckham Jr.,WR,27.822039698836413,2020_21,5,17.725,None,Full,Foot / Toe,ankle_foot,0,2,7.333333333333333,1.0224215246636772,7,0
2020,CLE,HuntKa00,Kareem Hunt,RB,25.073237508555785,2020_21,4,15.818750000000001,Questionable,Limited,Hip / Groin,soft_tissue,0,1,16.666666666666668,1.108433734939759,7,0
2020,CLE,HuntKa00,Kareem Hunt,RB,25.073237508555785,2020_21,5,17.425,None,Full,Hip / Groin,soft_tissue,0,2,14.0,0.7906976744186047,7,0
2020,CLE,HuntKa00,Kareem Hunt,RB,25.073237508555785,2020_21,6,17.6,None,Full,Quad / Thigh,soft_tissue,0,3,18.0,1.8421052631578942,7,0
2020,CLE,HuntKa00,Kareem Hunt,RB,25.073237508555785,2020_21,7,15.950000000000001,None,Full,Chest / Ribs,other,0,4,17.0,1.06,7,0
2020,CLE,HuntKa00,Kareem Hunt,RB,25.073237508555785,2020_21,8,16.414285714285715,None,Full,Chest / Ribs,other,0,5,20.666666666666668,1.7197452229299364,7,0
2020,CLE,HuntKa00,Kareem Hunt,RB,25.073237508555785,2020_21,13,14.154545454545456,None,Full,Quad / Thigh,soft_tissue,0,1,16.333333333333332,0.6363636363636364,7,0
2020,CLE,LandJa00,Jarvis Landry,WR,27.759069130732374,2020_21,2,13.903125000000001,Questionable,Limited,Hip / Groin,soft_tissue,0,1,6.0,,4,0
2020,DAL,CoopAm00,Amari Cooper,WR,26.209445585215605,2020_21,1,15.40625,None,Full,Hamstring,soft_tissue,0,1,,,7,0
2020,DAL,CoopAm00,Amari Cooper,WR,26.209445585215605,2020_21,2,16.0796875,None,Full,Foot / Toe,ankle_foot,0,2,14.0,,7,0
2020,DAL,ElliEz00,Ezekiel Elliott,RB,25.114305270362767,2020_21,9,17.262500000000003,Questionable,Limited,Hamstring,soft_tissue,0,1,19.0,1.1142857142857143,7,0
2020,DAL,ElliEz00,Ezekiel Elliott,RB,25.114305270362767,2020_21,11,16.333333333333332,None,Full,Hamstring,soft_tissue,0,2,18.666666666666668,0.9466019417475728,14,0
2020,DAL,ElliEz00,Ezekiel Elliott,RB,25.114305270362767,2020_21,12,16.64,None,Full,Hamstring,soft_tissue,0,3,21.666666666666668,0.9999999999999999,4,0
2020,DAL,ElliEz00,Ezekiel Elliott,RB,25.114305270362767,2020_21,14,15.233333333333334,Questionable,Limited,Lower Leg,soft_tissue,0,1,20.0,0.9402985074626865,5,0
2020,DAL,ElliEz00,Ezekiel Elliott,RB,25.114305270362767,2020_21,15,14.66923076923077,Questionable,DNP,Lower Leg,soft_tissue,0,2,17.333333333333332,0.9497487437185931,7,1
2020,DAL,ElliEz00,Ezekiel Elliott,RB,25.114305270362767,2020_21,16,14.66923076923077,Questionable,Limited,Lower Leg,soft_tissue,1,3,17.333333333333332,0.9497487437185931,7,0
2020,DEN,FantNo00,Noah Fant,TE,22.781656399726216,2020_21,6,13.725000000000001,Questionable,Limited,Ankle,ankle_foot,0,1,7.0,0.6355932203389831,17,1
2020,DEN,FantNo00,Noah Fant,TE,22.781656399726216,2020_21,7,13.725000000000001,None,Full,Ankle,ankle_foot,1,2,7.0,0.6355932203389831,7,0
2020,DEN,FantNo00,Noah Fant,TE,22.781656399726216,2020_21,8,12.34,None,Full,Ankle,ankle_foot,0,3,7.666666666666667,0.9859154929577465,7,0
2020,DEN,FantNo00,Noah Fant,TE,22.781656399726216,2020_21,10,11.557142857142859,None,Full,Ankle,ankle_foot,0,1,6.333333333333333,1.1818181818181819,7,0
2020,DEN,FantNo00,Noah Fant,TE,22.781656399726216,2020_21,11,10.7125,Questionable,Full,Chest / Ribs,other,0,2,6.333333333333333,1.1283185840707965,7,0
2020,DEN,FantNo00,Noah Fant,TE,22.781656399726216,2020_21,12,10.577777777777778,None,Full,Chest / Ribs,other,0,3,5.0,0.9336099585062241,7,0
2020,DEN,GordMe00,Melvin Gordon,RB,27.38672142368241,2020_21,15,12.116666666666667,Questionable,Limited,Shoulder,other,0,1,15.0,0.7419354838709677,6,0
2020,DEN,SuttCo00,Courtland Sutton,WR,24.895277207392198,2020_21,1,13.901250000000001,Questionable,DNP,Shoulder,other,0,1,,,7,1
2020,DEN,SuttCo00,Courtland Sutton,WR,24.895277207392198,2020_21,2,13.901250000000001,Questionable,Limited,Shoulder,other,1,2,,,6,0
2020,DET,GollKe00,Kenny Golladay,WR,26.82819986310746,2020_21,1,15.5,Doubtful,DNP,Hamstring,soft_tissue,0,1,,,7,1
2020,DET,GollKe00,Kenny Golladay,WR,26.82819986310746,2020_21,2,15.5,Out,DNP,Hamstring,soft_tissue,1,2,,,7,1
2020,DET,GollKe00,Kenny Golladay,WR,26.82819986310746,2020_21,3,15.5,Questionable,Limited,Hamstring,soft_tissue,1,3,,,7,0
2020,DET,GollKe00,Kenny Golladay,WR,26.82819986310746,2020_21,9,13.16,Out,DNP,Hip / Groin,soft_tissue,0,1,5.666666666666667,0.375,7,1
2020,DET,GollKe00,Kenny Golladay,WR,26.82819986310746,2020_21,12,13.16,Out,DNP,Hip / Groin,soft_tissue,1,4,5.666666666666667,0.375,4,1
2020,DET,GollKe00,Kenny Golladay,WR,26.82819986310746,2020_21,13,13.16,Out,DNP,Hip / Groin,soft_tissue,1,5,5.666666666666667,0.375,10,1
2020,DET,GollKe00,Kenny Golladay,WR,26.82819986310746,2020_21,14,13.16,Out,DNP,Hip / Groin,soft_tissue,1,6,5.666666666666667,0.375,7,1
2020,DET,GollKe00,Kenny Golladay,WR,26.82819986310746,2020_21,15,13.16,Out,DNP,Hip / Groin,soft_tissue,1,7,5.666666666666667,0.375,7,1
2020,DET,GollKe00,Kenny Golladay,WR,26.82819986310746,2020_21,16,13.16,Out,DNP,Hip / Groin,soft_tissue,1,8,5.666666666666667,0.375,6,1
2020,DET,GollKe00,Kenny Golladay,WR,26.82819986310746,2020_21,17,13.16,Out,DNP,Hip / Groin,soft_tissue,1,9,5.666666666666667,0.375,8,1
2020,DET,HockTJ00,T.J. Hockenson,TE,23.16495550992471,2020_21,9,12.442857142857141,None,Full,Foot / Toe,ankle_foot,0,1,7.0,1.062200956937799,7,0
2020,DET,HockTJ00,T.J. Hockenson,TE,23.16495550992471,2020_21,10,12.75,Questionable,Limited,Foot / Toe,ankle_foot,0,2,8.0,1.096153846153846,7,0
2020,DET,HockTJ00,T.J. Hockenson,TE,23.16495550992471,2020_21,11,11.7,None,Full,Foot / Toe,ankle_foot,0,3,7.333333333333333,0.8839285714285714,7,0
2020,DET,HockTJ00,T.J. Hockenson,TE,23.16495550992471,2020_21,12,11.61,None,Full,Shoulder,other,0,4,6.333333333333333,0.9166666666666666,4,0
2020,DET,SwifDA00,D'Andre Swift,RB,21.631759069130734,2020_21,11,14.177777777777777,Out,DNP,Head / Concussion,concussion,0,1,16.333333333333332,1.4797297297297296,7,1
2020,DET,SwifDA00,D'Andre Swift,RB,21.631759069130734,2020_21,12,14.177777777777777,Questionable,Limited,Head / Concussion,concussion,1,2,16.333333333333332,1.4797297297297296,4,1
2020,GB,AdamDa01,Davante Adams,WR,27.68788501026694,2020_21,3,20.9125,Doubtful,DNP,Hamstring,soft_tissue,0,1,10.0,0.5777777777777778,7,1
2020,GB,AdamDa01,Davante Adams,WR,27.68788501026694,2020_21,4,20.9125,Questionable,Limited,Hamstring,soft_tissue,1,2,10.0,0.5777777777777778,8,1
2020,GB,AdamDa01,Davante Adams,WR,27.68788501026694,2020_21,6,20.9125,None,Full,Hamstring,soft_tissue,1,3,10.0,0.5777777777777778,13,0
2020,GB,AdamDa01,Davante Adams,WR,27.68788501026694,2020_21,11,26.728571428571428,None,Limited,Ankle,ankle_foot,0,1,11.666666666666666,0.935361216730038,7,0
2020,GB,AdamDa01,Davante Adams,WR,27.68788501026694,2020_21,12,26.3375,None,Limited,Ankle,ankle_foot,0,2,11.0,1.1264822134387351,7,0
2020,GB,JoneAa00,Aaron Jones,RB,25.749486652977414,2020_21,7,23.0,Questionable,DNP,Lower Leg,soft_tissue,0,1,18.333333333333332,1.0,7,1
2020,GB,JoneAa00,Aaron Jones,RB,25.749486652977414,2020_21,8,23.0,Out,DNP,Lower Leg,soft_tissue,1,2,18.333333333333332,1.0,7,1
2020,GB,JoneAa00,Aaron Jones,RB,25.749486652977414,2020_21,9,23.0,Questionable,Limited,Lower Leg,soft_tissue,1,3,18.333333333333332,1.0,4,0
2020,GB,JoneAa00,Aaron Jones,RB,25.749486652977414,2020_21,10,21.316666666666666,None,Full,Lower Leg,soft_tissue,0,4,18.333333333333332,1.0166666666666666,10,0
2020,GB,JoneAa00,Aaron Jones,RB,25.749486652977414,2020_21,16,18.96666666666667,None,Limited,Foot / Toe,ankle_foot,0,1,20.0,1.4210526315789471,8,0
2020,GB,LazaAl00,Allen Lazard,WR,24.725530458590008,2020_21,4,15.166666666666668,Out,DNP,Core / Abdomen,other,0,1,6.333333333333333,1.1111111111111112,8,1
2020,GB,LazaAl00,Allen Lazard,WR,24.725530458590008,2020_21,11,15.166666666666668,Questionable,Limited,Core / Abdomen,other,1,1,6.333333333333333,1.1111111111111112,7,0
2020,GB,LazaAl00,Allen Lazard,WR,24.725530458590008,2020_21,12,13.975,None,Limited,Core / Abdomen,other,0,2,6.0,0.6766917293233082,7,0
2020,GB,LazaAl00,Allen Lazard,WR,24.725530458590008,2020_21,13,13.64,None,Limited,Core / Abdomen,other,0,3,6.333333333333333,0.5774058577405857,7,0
2020,GB,TonyRo00,Robert Tonyan,TE,26.340862422997947,2020_21,7,16.45,Questionable,Limited,Ankle,ankle_foot,0,1,5.0,0.9315789473684211,7,0
2020,GB,TonyRo00,Robert Tonyan,TE,26.340862422997947,2020_21,8,14.2,None,Full,Ankle,ankle_foot,0,2,4.0,0.7936507936507936,7,0
2020,GB,TonyRo00,Robert Tonyan,TE,26.340862422997947,2020_21,10,12.200000000000001,Questionable,DNP,Ankle,ankle_foot,0,1,3.3333333333333335,1.087719298245614,10,0
2020,GB,TonyRo00,Robert Tonyan,TE,26.340862422997947,2020_21,11,11.4625,None,Full,Ankle,ankle_foot,0,2,4.0,1.0689655172413792,7,0
2020,GB,TonyRo00,Robert Tonyan,TE,26.340862422997947,2020_21,12,11.899999999999999,None,Full,Ankle,ankle_foot,0,3,3.3333333333333335,1.1774193548387097,7,0
2020,HOU,CookBr00,Brandin Cooks,WR,26.934976043805612,2020_21,15,12.783333333333333,None,Full,Neck,other,1,2,6.0,0.9054545454545454,7,0
2020,IND,TaylJo02,Jonathan Taylor,RB,21.61806981519507,2020_21,9,13.142857142857142,None,Full,Ankle,ankle_foot,0,1,14.666666666666666,0.6375000000000001,7,0
2020,JAX,CharDJ00,DJ Chark,WR,23.939767282683093,2020_21,3,13.501666666666667,Questionable,DNP,Chest / Ribs,other,0,1,3.5,0.9285714285714286,4,1
2020,JAX,CharDJ00,DJ Chark,WR,23.939767282683093,2020_21,4,13.501666666666667,None,Full,Chest / Ribs,other,1,2,3.5,0.9285714285714286,10,0
2020,JAX,CharDJ00,DJ Chark,WR,23.939767282683093,2020_21,6,14.5,Questionable,Limited,Ankle,ankle_foot,0,1,5.666666666666667,0.8137651821862348,7,0
2020,JAX,CharDJ00,DJ Chark,WR,23.939767282683093,2020_21,7,13.9,None,Limited,Ankle,ankle_foot,0,2,9.0,1.1608695652173915,7,0
2020,JAX,RobiJa00,James Robinson,RB,22.064339493497606,2020_21,11,18.077777777777776,None,Full,Shoulder,other,0,1,27.666666666666668,1.077922077922078,7,0
2020,JAX,RobiJa00,James Robinson,RB,22.064339493497606,2020_21,14,18.650000000000002,None,Limited,Knee,knee,0,1,23.666666666666668,1.01593625498008,7,0
2020,JAX,RobiJa00,James Robinson,RB,22.064339493497606,2020_21,15,18.161538461538463,None,Full,Knee,knee,0,2,22.666666666666668,0.6640316205533598,7,0
2020,JAX,RobiJa00,James Robinson,RB,22.064339493497606,2020_21,16,17.885714285714286,Questionable,DNP,Ankle,ankle_foot,0,3,19.666666666666668,0.7815126050420168,7,1
2020,JAX,RobiJa00,James Robinson,RB,22.064339493497606,2020_21,17,17.885714285714286,Out,DNP,Ankle,ankle_foot,1,4,19.666666666666668,0.7815126050420168,7,1
2020,KC,EdwaCl00,Clyde Edwards-Helaire,RB,21.39356605065024,2020_21,16,13.538461538461538,Out,DNP,Ankle,ankle_foot,0,1,16.666666666666668,0.75,7,1
2020,KC,EdwaCl00,Clyde Edwards-Helaire,RB,21.39356605065024,2020_21,17,13.538461538461538,Out,DNP,Ankle,ankle_foot,1,2,16.666666666666668,0.75,7,1
2020,KC,HillTy00,Tyreek Hill,WR,26.50513347022587,2020_21,4,18.572916666666668,None,Full,Foot / Toe,ankle_foot,0,1,8.666666666666666,0.9090909090909092,7,0
2020,KC,HillTy00,Tyreek Hill,WR,26.50513347022587,2020_21,5,18.75,None,Full,Foot / Toe,ankle_foot,0,2,8.666666666666666,1.08984375,6,0
2020,KC,HillTy00,Tyreek Hill,WR,26.50513347022587,2020_21,6,18.660000000000004,None,Full,Foot / Toe,ankle_foot,0,3,7.666666666666667,1.0038022813688212,8,0
2020,KC,HillTy00,Tyreek Hill,WR,26.50513347022587,2020_21,15,23.153846153846153,None,Full,Hamstring,soft_tissue,0,2,11.666666666666666,1.010989010989011,7,0
2020,KC,HillTy00,Tyreek Hill,WR,26.50513347022587,2020_21,16,22.742857142857144,Questionable,Limited,Hamstring,soft_tissue,0,3,10.333333333333334,0.945054945054945,7,0
2020,KC,HillTy00,Tyreek Hill,WR,26.50513347022587,2020_21,17,21.92666666666667,Out,DNP,Hamstring,soft_tissue,0,4,8.333333333333334,0.7032967032967032,7,1
2020,KC,KelcTr00,Travis Kelce,TE,30.90759753593429,2020_21,1,15.89375,None,Full,Knee,knee,0,1,,,7,0
2020,KC,KelcTr00,Travis Kelce,TE,30.90759753593429,2020_21,12,19.576,None,Full,Chest / Ribs,other,0,1,11.333333333333334,1.0731707317073171,7,0
2020,LA,KuppCo00,Cooper Kupp,WR,27.21423682409309,2020_21,10,14.5,None,Full,Core / Abdomen,other,0,1,12.0,1.1192307692307693,14,0
2020,LA,WoodRo02,Robert Woods,WR,28.39425051334702,2020_21,7,15.25,None,Limited,Hip / Groin,soft_tissue,0,1,8.333333333333334,1.021505376344086,8,0
2020,LA,WoodRo02,Robert Woods,WR,28.39425051334702,2020_21,15,15.923076923076923,None,Full,Quad / Thigh,soft_tissue,0,1,11.0,0.8731343283582091,10,0
2020,LAC,AlleKe00,Keenan Allen,WR,28.347707049965777,2020_21,7,15.920000000000002,None,Full,Back,other,0,1,10.666666666666666,0.17708333333333334,13,0
2020,LAC,AlleKe00,Keenan Allen,WR,28.347707049965777,2020_21,15,18.653846153846153,Questionable,Limited,Hamstring,soft_tissue,0,1,10.666666666666666,0.850909090909091,4,0
2020,LAC,AlleKe00,Keenan Allen,WR,28.347707049965777,2020_21,16,17.507142857142856,Questionable,Limited,Hamstring,soft_tissue,0,2,8.666666666666666,0.41860465116279066,10,1
2020,LAC,AlleKe00,Keenan Allen,WR,28.347707049965777,2020_21,17,17.507142857142856,None,DNP,Hamstring,soft_tissue,1,3,8.666666666666666,0.41860465116279066,7,1
2020,LAC,EkelAu00,Austin Ekeler,RB,25.295003422313485,2020_21,5,15.55,None,DNP,Hamstring,soft_tissue,0,1,15.333333333333334,0.09137055837563451,8,1
2020,LAC,EkelAu00,Austin Ekeler,RB,25.295003422313485,2020_21,15,17.214285714285715,Questionable,Limited,Quad / Thigh,soft_tissue,0,1,23.666666666666668,1.3043478260869565,4,0
2020,LAC,HenrHu00,Hunter Henry,TE,25.73579739904175,2020_21,3,12.908333333333333,None,Full,Ankle,ankle_foot,0,1,8.0,1.075,7,0
2020,LAC,HenrHu00,Hunter Henry,TE,25.73579739904175,2020_21,15,9.830769230769231,None,Full,Hip / Groin,soft_tissue,0,1,6.666666666666667,1.115702479338843,4,0
2020,LAC,HerbJu00,Justin Herbert,QB,22.480492813141684,2020_21,9,24.5,None,Full,Shoulder,other,0,1,45.333333333333336,1.0067114093959733,7,0
2020,LV,JacoJo01,Josh Jacobs,RB,22.55441478439425,2020_21,2,20.028846153846153,None,Full,Ankle,ankle_foot,0,1,31.0,,8,0
2020,LV,JacoJo01,Josh Jacobs,RB,22.55441478439425,2020_21,3,19.71923076923077,Questionable,Limited,Hip / Groin,soft_tissue,0,2,30.5,0.8461538461538461,6,0
2020,LV,JacoJo01,Josh Jacobs,RB,22.55441478439425,2020_21,4,18.359615384615385,None,Full,Hip / Groin,soft_tissue,0,3,27.0,0.8194444444444444,7,0
2020,LV,JacoJo01,Josh Jacobs,RB,22.55441478439425,2020_21,5,17.25,None,Full,Hip / Groin,soft_tissue,0,4,23.0,1.0049261083743843,7,0
2020,LV,JacoJo01,Josh Jacobs,RB,22.55441478439425,2020_21,8,16.266666666666666,None,Limited,Knee,knee,0,1,19.666666666666668,0.7696335078534031,7,0
2020,LV,JacoJo01,Josh Jacobs,RB,22.55441478439425,2020_21,9,15.785714285714286,Questionable,Limited,Knee,knee,0,2,24.0,1.1104972375690607,7,0
2020,LV,JacoJo01,Josh Jacobs,RB,22.55441478439425,2020_21,12,16.73,None,Limited,Hip / Groin,soft_tissue,0,1,19.333333333333332,1.2228260869565217,7,0
2020,LV,JacoJo01,Josh Jacobs,RB,22.55441478439425,2020_21,13,15.7,Out,DNP,Ankle,ankle_foot,0,2,17.666666666666668,0.9375,7,1
2020,LV,JacoJo01,Josh Jacobs,RB,22.55441478439425,2020_21,14,15.7,Questionable,Limited,Ankle,ankle_foot,1,3,17.666666666666668,0.9375,7,0
2020,LV,JacoJo01,Josh Jacobs,RB,22.55441478439425,2020_21,15,15.258333333333333,None,Limited,Ankle,ankle_foot,0,4,15.333333333333334,0.6615384615384615,4,0
2020,LV,JacoJo01,Josh Jacobs,RB,22.55441478439425,2020_21,16,15.653846153846153,None,Full,Knee,knee,0,5,19.0,1.146067415730337,9,0
2020,LV,WallDa01,Darren Waller,TE,27.967145790554415,2020_21,3,16.65625,Questionable,Limited,Knee,knee,0,1,12.0,1.0449438202247192,6,0
2020,LV,WallDa01,Darren Waller,TE,27.967145790554415,2020_21,4,13.928125,None,Full,Knee,knee,0,2,9.333333333333334,1.0439560439560438,7,0
2020,LV,WallDa01,Darren Waller,TE,27.967145790554415,2020_21,5,14.425,None,Limited,Knee,knee,0,3,10.333333333333334,1.0288808664259927,7,0
2020,LV,WallDa01,Darren Waller,TE,27.967145790554415,2020_21,10,13.925,None,Full,Back,other,0,1,8.333333333333334,1.011494252873563,7,0
2020,LV,WallDa01,Darren Waller,TE,27.967145790554415,2020_21,11,13.122222222222222,None,Full,Back,other,0,2,7.0,1.0348837209302326,7,0
2020,MIA,GaskMy00,Myles Gaskin,RB,23.54277891854894,2020_21,9,14.071428571428571,None,DNP,Knee,knee,0,1,22.333333333333332,1.3333333333333333,7,1
2020,MIA,GaskMy00,Myles Gaskin,RB,23.54277891854894,2020_21,14,14.075000000000001,None,Full,Knee,knee,0,1,23.0,0.9638009049773755,7,1
2020,MIA,GesiMi00,Mike Gesicki,TE,24.914442162902123,2020_21,15,10.784615384615384,Questionable,Limited,Shoulder,other,0,1,7.333333333333333,0.7572815533980585,7,1
2020,MIA,GesiMi00,Mike Gesicki,TE,24.914442162902123,2020_21,16,10.784615384615384,Questionable,Limited,Shoulder,other,1,2,7.333333333333333,0.7572815533980585,6,0
2020,MIA,GesiMi00,Mike Gesicki,TE,24.914442162902123,2020_21,17,10.685714285714285,None,Full,Shoulder,other,0,3,8.0,1.109375,8,0
2020,MIA,ParkDe01,DeVante Parker,WR,27.613963039014372,2020_21,1,15.3875,None,Full,Hamstring,soft_tissue,0,1,,,7,0
2020,MIA,ParkDe01,DeVante Parker,WR,27.613963039014372,2020_21,2,13.715625,Questionable,Limited,Hamstring,soft_tissue,0,2,4.0,,7,0
2020,MIA,ParkDe01,DeVante Parker,WR,27.613963039014372,2020_21,3,13.94375,None,Full,Hamstring,soft_tissue,0,3,6.0,2.3783783783783785,4,0
2020,MIA,ParkDe01,DeVante Parker,WR,27.613963039014372,2020_21,5,14.475,None,Full,Ankle,ankle_foot,0,1,8.333333333333334,1.1059907834101383,7,0
2020,MIA,ParkDe01,DeVante Parker,WR,27.613963039014372,2020_21,6,14.180000000000001,None,Full,Ankle,ankle_foot,0,2,6.666666666666667,0.9115384615384615,7,0
2020,MIN,CookDa01,Dalvin Cook,RB,25.062286105407257,2020_21,6,22.660000000000004,Out,DNP,Hip / Groin,soft_tissue,0,1,26.0,0.5394736842105262,7,1
2020,MIN,CookDa01,Dalvin Cook,RB,25.062286105407257,2020_21,8,22.660000000000004,Questionable,Full,Hip / Groin,soft_tissue,1,2,26.0,0.5394736842105262,14,0
2020,MIN,CookDa01,Dalvin Cook,RB,25.062286105407257,2020_21,13,25.15,None,Full,Ankle,ankle_foot,0,1,29.333333333333332,0.836283185840708,7,0
2020,MIN,ThieAd00,Adam Thielen,WR,30.028747433264886,2020_21,5,18.9,None,Full,Shoulder,other,0,1,8.333333333333334,0.9462365591397849,7,0
2020,MIN,ThieAd00,Adam Thielen,WR,30.028747433264886,2020_21,8,19.833333333333332,None,Full,Shoulder,other,0,1,10.0,1.0145454545454546,14,0
2020,MIN,ThieAd00,Adam Thielen,WR,30.028747433264886,2020_21,9,17.814285714285713,None,Full,Shoulder,other,0,2,7.666666666666667,0.9854014598540145,7,0
2020,MIN,ThieAd00,Adam Thielen,WR,30.028747433264886,2020_21,10,16.3125,None,Full,Shoulder,other,0,3,4.666666666666667,0.9347826086956521,8,0
2020,NE,EdelJu00,Julian Edelman,WR,34.280629705681044,2020_21,1,16.0175,None,Limited,Knee,knee,0,1,,,7,0
2020,NE,EdelJu00,Julian Edelman,WR,34.280629705681044,2020_21,2,15.263124999999999,Questionable,Limited,Knee,knee,0,2,8.0,,7,0
2020,NE,EdelJu00,Julian Edelman,WR,34.280629705681044,2020_21,3,17.73375,Questionable,Limited,Knee,knee,0,3,9.5,1.2413793103448276,7,0
2020,NE,EdelJu00,Julian Edelman,WR,34.280629705681044,2020_21,4,14.779375,Questionable,Limited,Knee,knee,0,4,8.666666666666666,1.2461538461538464,8,0
2020,NO,KamaAl00,Alvin Kamara,RB,25.10609171800137,2020_21,9,27.95714285714286,None,Full,Foot / Toe,ankle_foot,0,1,22.666666666666668,1.0833333333333333,7,0
2020,NO,KamaAl00,Alvin Kamara,RB,25.10609171800137,2020_21,11,27.37777777777778,None,Full,Foot / Toe,ankle_foot,0,1,18.666666666666668,0.9801980198019802,7,0
2020,NO,KamaAl00,Alvin Kamara,RB,25.10609171800137,2020_21,12,25.689999999999998,None,Limited,Foot / Toe,ankle_foot,0,2,15.0,0.7538461538461538,7,0
2020,NO,KamaAl00,Alvin Kamara,RB,25.10609171800137,2020_21,13,23.91818181818182,None,Full,Foot / Toe,ankle_foot,0,3,14.333333333333334,0.8674698795180722,7,0
2020,NO,ThomMi05,Michael Thomas,WR,27.498973305954827,2020_21,2,18.734375000000004,Out,DNP,Ankle,ankle_foot,0,1,5.0,,8,1
2020,NO,ThomMi05,Michael Thomas,WR,27.498973305954827,2020_21,3,18.734375000000004,Out,DNP,Ankle,ankle_foot,1,2,5.0,,6,1
2020,NO,ThomMi05,Michael Thomas,WR,27.498973305954827,2020_21,4,18.734375000000004,Out,Limited,Ankle,ankle_foot,1,3,5.0,,7,1
2020,NO,ThomMi05,Michael Thomas,WR,27.498973305954827,2020_21,5,18.734375000000004,Questionable,Limited,Ankle,ankle_foot,1,4,5.0,,8,1
2020,NO,ThomMi05,Michael Thomas,WR,27.498973305954827,2020_21,7,18.734375000000004,Out,DNP,Ankle,ankle_foot,1,5,5.0,,13,1
2020,NO,ThomMi05,Michael Thomas,WR,27.498973305954827,2020_21,8,18.734375000000004,Out,Limited,Ankle,ankle_foot,1,6,5.0,,7,1
2020,NO,ThomMi05,Michael Thomas,WR,27.498973305954827,2020_21,9,18.734375000000004,Questionable,Limited,Ankle,ankle_foot,1,7,5.0,,7,0
2020,NO,ThomMi05,Michael Thomas,WR,27.498973305954827,2020_21,10,15.40625,None,Full,Ankle,ankle_foot,0,8,5.5,0.6790123456790124,7,0
2020,NYG,SlayDa01,Darius Slayton,WR,23.63586584531143,2020_21,6,13.9,Questionable,Limited,Foot / Toe,ankle_foot,0,1,8.333333333333334,0.9929577464788732,7,0
2020,NYG,SlayDa01,Darius Slayton,WR,23.63586584531143,2020_21,7,13.550000000000002,None,Limited,Foot / Toe,ankle_foot,0,2,7.666666666666667,0.8615916955017301,4,0
2020,NYG,TateGo00,Golden Tate,WR,32.082135523613964,2020_21,1,14.01818181818182,Questionable,Limited,Hamstring,soft_tissue,0,1,,,7,1
2020,NYG,TateGo00,Golden Tate,WR,32.082135523613964,2020_21,2,14.01818181818182,Questionable,Limited,Hamstring,soft_tissue,1,2,,,6,0
2020,NYJ,CrowJa00,Jamison Crowder,WR,27.208761122518823,2020_21,1,12.356250000000001,None,Full,Hamstring,soft_tissue,0,1,,,7,0
2020,NYJ,CrowJa00,Jamison Crowder,WR,27.208761122518823,2020_21,2,15.3921875,Out,DNP,Hamstring,soft_tissue,0,2,13.0,,7,1
2020,NYJ,CrowJa00,Jamison Crowder,WR,27.208761122518823,2020_21,3,15.3921875,Out,DNP,Hamstring,soft_tissue,1,3,13.0,,7,1
2020,NYJ,CrowJa00,Jamison Crowder,WR,27.208761122518823,2020_21,4,15.3921875,Questionable,Limited,Hamstring,soft_tissue,1,4,13.0,,4,0
2020,NYJ,CrowJa00,Jamison Crowder,WR,27.208761122518823,2020_21,5,16.653125,None,Full,Hamstring,soft_tissue,0,5,11.5,0.9767441860465116,10,0
2020,NYJ,CrowJa00,Jamison Crowder,WR,27.208761122518823,2020_21,7,19.825,Questionable,Limited,Hip / Groin,soft_tissue,0,1,11.0,1.089795918367347,7,1
2020,NYJ,CrowJa00,Jamison Crowder,WR,27.208761122518823,2020_21,8,19.825,Doubtful,DNP,Hip / Groin,soft_tissue,1,2,11.0,1.089795918367347,7,1
2020,NYJ,CrowJa00,Jamison Crowder,WR,27.208761122518823,2020_21,9,19.825,Questionable,Limited,Hip / Groin,soft_tissue,1,3,11.0,1.089795918367347,8,0
2020,NYJ,CrowJa00,Jamison Crowder,WR,27.208761122518823,2020_21,14,15.0375,Questionable,DNP,Lower Leg,soft_tissue,0,1,5.333333333333333,0.8499999999999999,7,0
2020,NYJ,CrowJa00,Jamison Crowder,WR,27.208761122518823,2020_21,15,13.666666666666666,Questionable,Limited,Lower Leg,soft_tissue,0,2,5.333333333333333,0.896265560165975,7,0
2020,NYJ,CrowJa00,Jamison Crowder,WR,27.208761122518823,2020_21,16,13.559999999999999,None,Full,Lower Leg,soft_tissue,0,3,6.333333333333333,1.0227272727272727,7,0
2020,PHI,GoedDa00,Dallas Goedert,TE,25.661875427789184,2020_21,17,10.581818181818182,Out,DNP,Lower Leg,soft_tissue,0,1,5.666666666666667,0.6511627906976745,7,1
2020,PHI,JeffAl00,Alshon Jeffery,WR,30.546201232032853,2020_21,1,13.577777777777778,Out,DNP,Foot / Toe,ankle_foot,0,1,,,7,1
2020,PHI,JeffAl00,Alshon Jeffery,WR,30.546201232032853,2020_21,2,13.577777777777778,Out,DNP,Foot / Toe,ankle_foot,1,2,,,7,1
2020,PHI,JeffAl00,Alshon Jeffery,WR,30.546201232032853,2020_21,3,13.577777777777778,Out,Limited,Foot / Toe,ankle_foot,1,3,,,7,1
2020,PHI,JeffAl00,Alshon Jeffery,WR,30.546201232032853,2020_21,4,13.577777777777778,Out,Limited,Foot / Toe,ankle_foot,1,4,,,7,1
2020,PHI,JeffAl00,Alshon Jeffery,WR,30.546201232032853,2020_21,6,13.577777777777778,Out,Limited,Foot / Toe,ankle_foot,1,6,,,7,1
2020,PHI,JeffAl00,Alshon Jeffery,WR,30.546201232032853,2020_21,7,13.577777777777778,Out,DNP,Lower Leg,soft_tissue,1,7,,,4,1
2020,PHI,JeffAl00,Alshon Jeffery,WR,30.546201232032853,2020_21,8,13.577777777777778,Out,DNP,Lower Leg,soft_tissue,1,8,,,10,1
2020,PHI,JeffAl00,Alshon Jeffery,WR,30.546201232032853,2020_21,10,13.577777777777778,None,Full,Lower Leg,soft_tissue,1,9,,,14,0
2020,PHI,SandMi01,Miles Sanders,RB,23.33744010951403,2020_21,1,13.668750000000001,Out,Limited,Hamstring,soft_tissue,0,1,,,7,1
2020,PHI,SandMi01,Miles Sanders,RB,23.33744010951403,2020_21,2,13.668750000000001,None,Full,Hamstring,soft_tissue,1,2,,,7,0
2020,PHI,SandMi01,Miles Sanders,RB,23.33744010951403,2020_21,4,15.534375,None,Full,Hip / Groin,soft_tissue,0,1,26.5,1.012987012987013,7,0
2020,PHI,SandMi01,Miles Sanders,RB,23.33744010951403,2020_21,7,16.1,Out,DNP,Knee,knee,0,1,14.333333333333334,0.5000000000000001,4,1
2020,PHI,SandMi01,Miles Sanders,RB,23.33744010951403,2020_21,8,16.1,Out,DNP,Knee,knee,1,2,14.333333333333334,0.5000000000000001,10,1
2020,PHI,SandMi01,Miles Sanders,RB,23.33744010951403,2020_21,10,16.1,None,Full,Knee,knee,1,3,14.333333333333334,0.5000000000000001,14,0
2020,PHI,SandMi01,Miles Sanders,RB,23.33744010951403,2020_21,17,14.200000000000001,Out,DNP,Knee,knee,0,1,19.666666666666668,1.0684931506849316,7,1
2020,PIT,ConnJa00,James Conner,RB,25.32785763175907,2020_21,15,12.345454545454546,Questionable,Limited,Quad / Thigh,soft_tissue,0,1,13.666666666666666,0.5911330049261083,8,1
2020,PIT,ConnJa00,James Conner,RB,25.32785763175907,2020_21,16,12.345454545454546,None,Full,Quad / Thigh,soft_tissue,1,2,13.666666666666666,0.5911330049261083,6,0
2020,PIT,JohnDi01,Diontae Johnson,WR,24.15879534565366,2020_21,3,13.884375000000002,None,Full,Foot / Toe,ankle_foot,0,3,11.5,0.9651162790697674,7,0
2020,PIT,SmitJu00,JuJu Smith-Schuster,WR,23.77549623545517,2020_21,3,13.891666666666667,None,Full,Knee,knee,0,2,7.0,1.058139534883721,7,0
2020,PIT,SmitJu00,JuJu Smith-Schuster,WR,23.77549623545517,2020_21,5,15.608333333333334,None,Full,Knee,knee,0,3,6.333333333333333,0.8248587570621468,14,0
2020,PIT,SmitJu00,JuJu Smith-Schuster,WR,23.77549623545517,2020_21,6,14.95,None,Full,Knee,knee,0,4,6.0,0.8999999999999999,7,0
2020,PIT,SmitJu00,JuJu Smith-Schuster,WR,23.77549623545517,2020_21,8,13.316666666666668,None,Full,Knee,knee,0,6,7.666666666666667,1.1549295774647887,7,0
2020,PIT,SmitJu00,JuJu Smith-Schuster,WR,23.77549623545517,2020_21,10,14.3625,None,Full,Knee,knee,0,1,9.666666666666666,1.2242152466367715,7,0
2020,PIT,SmitJu00,JuJu Smith-Schuster,WR,23.77549623545517,2020_21,12,14.35,None,Full,Foot / Toe,ankle_foot,0,3,8.333333333333334,0.9442231075697213,10,0
2020,SEA,CarsCh00,Chris Carson,RB,25.960301163586585,2020_21,4,17.626666666666665,Questionable,Full,Knee,knee,0,2,16.333333333333332,1.074074074074074,7,0
2020,SEA,CarsCh00,Chris Carson,RB,25.960301163586585,2020_21,5,20.0,None,Full,Knee,knee,0,3,19.0,1.0120481927710845,7,0
2020,SEA,CarsCh00,Chris Carson,RB,25.960301163586585,2020_21,8,17.5,Questionable,DNP,Foot / Toe,ankle_foot,0,1,14.0,0.31578947368421056,7,1
2020,SEA,CarsCh00,Chris Carson,RB,25.960301163586585,2020_21,9,17.5,Out,DNP,Foot / Toe,ankle_foot,1,2,14.0,0.31578947368421056,7,1
2020,SEA,CarsCh00,Chris Carson,RB,25.960301163586585,2020_21,10,17.5,Questionable,DNP,Foot / Toe,ankle_foot,1,3,14.0,0.31578947368421056,7,1
2020,SEA,CarsCh00,Chris Carson,RB,25.960301163586585,2020_21,11,17.5,Questionable,DNP,Foot / Toe,ankle_foot,1,4,14.0,0.31578947368421056,4,1
2020,SEA,CarsCh00,Chris Carson,RB,25.960301163586585,2020_21,12,17.5,None,Full,Foot / Toe,ankle_foot,1,5,14.0,0.31578947368421056,11,0
2020,SEA,CarsCh00,Chris Carson,RB,25.960301163586585,2020_21,13,16.985714285714288,None,Full,Foot / Toe,ankle_foot,0,6,10.666666666666666,0.8473282442748094,6,0
2020,SEA,CarsCh00,Chris Carson,RB,25.960301163586585,2020_21,14,17.3625,None,Full,Foot / Toe,ankle_foot,0,7,12.0,1.5535714285714284,7,0
2020,SEA,CarsCh00,Chris Carson,RB,25.960301163586585,2020_21,15,17.522222222222222,None,Full,Foot / Toe,ankle_foot,0,8,15.333333333333334,1.1946902654867257,7,0
2020,SEA,CarsCh00,Chris Carson,RB,25.960301163586585,2020_21,16,16.66,None,Full,Foot / Toe,ankle_foot,0,9,18.0,1.5,7,0
2020,SEA,CarsCh00,Chris Carson,RB,25.960301163586585,2020_21,17,16.136363636363637,None,Full,Foot / Toe,ankle_foot,0,10,18.0,1.092485549132948,7,0
2020,SEA,DissWi00,Will Dissly,TE,24.150581793292265,2020_21,1,12.316666666666668,None,Limited,Achilles,achilles,0,1,,,7,0
2020,SEA,LockTy00,Tyler Lockett,WR,27.926078028747433,2020_21,11,18.677777777777777,Questionable,Limited,Knee,knee,0,1,7.0,0.9490909090909091,4,0
2020,SEA,LockTy00,Tyler Lockett,WR,27.926078028747433,2020_21,12,18.98,None,Full,Knee,knee,0,2,8.333333333333334,0.8252788104089219,11,0
2020,SEA,LockTy00,Tyler Lockett,WR,27.926078028747433,2020_21,13,17.736363636363635,None,Full,Knee,knee,0,3,7.333333333333333,1.0546875000000002,6,0
2020,SEA,LockTy00,Tyler Lockett,WR,27.926078028747433,2020_21,14,17.283333333333335,None,Full,Hip / Groin,soft_tissue,0,4,7.333333333333333,1.0278884462151396,7,0
2020,SEA,MetcDK00,D.K. Metcalf,WR,22.715947980835043,2020_21,15,18.846153846153847,None,Full,Ankle,ankle_foot,0,1,9.666666666666666,0.6974169741697417,7,0
2020,SF,AiyuBr00,Brandon Aiyuk,WR,22.46132785763176,2020_21,17,15.375,Out,DNP,Ankle,ankle_foot,0,1,10.666666666666666,1.021978021978022,8,1
2020,SF,KittGe00,George Kittle,TE,26.89664613278576,2020_21,2,14.244642857142857,Out,DNP,Knee,knee,0,1,6.0,,7,1
2020,SF,KittGe00,George Kittle,TE,26.89664613278576,2020_21,3,14.244642857142857,Out,Limited,Knee,knee,1,2,6.0,,7,1
2020,SF,KittGe00,George Kittle,TE,26.89664613278576,2020_21,4,14.244642857142857,None,Full,Knee,knee,1,3,6.0,,7,0
2020,SF,KittGe00,George Kittle,TE,26.89664613278576,2020_21,9,16.349999999999998,Out,DNP,Foot / Toe,ankle_foot,0,1,7.0,0.6875000000000001,4,1
2020,SF,McKiJe00,Jerick McKinnon,RB,28.331279945242983,2020_21,4,14.6,None,Full,Chest / Ribs,other,0,1,10.0,2.346153846153846,7,0
2020,SF,MostRa00,Raheem Mostert,RB,28.396988364134156,2020_21,3,16.175,Out,DNP,Knee,knee,0,1,15.0,0.35,7,1
2020,SF,MostRa00,Raheem Mostert,RB,28.396988364134156,2020_21,4,16.175,Out,DNP,Knee,knee,1,2,15.0,0.35,7,1
2020,SF,MostRa00,Raheem Mostert,RB,28.396988364134156,2020_21,5,16.175,Questionable,Limited,Knee,knee,1,3,15.0,0.35,7,0
2020,SF,MostRa00,Raheem Mostert,RB,28.396988364134156,2020_21,7,17.075000000000003,Out,DNP,Ankle,ankle_foot,0,1,14.333333333333334,1.1162790697674418,7,1
2020,SF,MostRa00,Raheem Mostert,RB,28.396988364134156,2020_21,15,13.271428571428572,None,Full,Ankle,ankle_foot,0,1,15.333333333333334,1.1136363636363635,7,0
2020,SF,MostRa00,Raheem Mostert,RB,28.396988364134156,2020_21,16,12.4625,Out,DNP,Ankle,ankle_foot,0,2,14.0,0.6766917293233082,6,1
2020,SF,SamuDe00,Deebo Samuel,WR,24.629705681040384,2020_21,1,12.606666666666666,Out,DNP,Foot / Toe,ankle_foot,0,1,,,7,1
2020,SF,SamuDe00,Deebo Samuel,WR,24.629705681040384,2020_21,13,13.24,None,Full,Hamstring,soft_tissue,0,5,9.333333333333334,1.1330472103004292,8,0
2020,SF,SamuDe00,Deebo Samuel,WR,24.629705681040384,2020_21,14,13.299999999999999,None,Full,Foot / Toe,ankle_foot,0,6,10.333333333333334,1.228448275862069,6,0
2020,TB,EvanMi00,Mike Evans,WR,27.030800821355236,2020_21,1,17.900000000000002,Doubtful,Limited,Hamstring,soft_tissue,0,1,,,7,0
2020,TB,EvanMi00,Mike Evans,WR,27.030800821355236,2020_21,2,15.225000000000001,None,Full,Hamstring,soft_tissue,0,2,4.0,,7,0
2020,TB,EvanMi00,Mike Evans,WR,27.030800821355236,2020_21,5,17.5,Questionable,DNP,Ankle,ankle_foot,0,1,7.333333333333333,0.7888888888888889,4,0
2020,TB,EvanMi00,Mike Evans,WR,27.030800821355236,2020_21,6,17.02,None,Limited,Ankle,ankle_foot,0,2,7.0,1.028225806451613,10,0
2020,TB,EvanMi00,Mike Evans,WR,27.030800821355236,2020_21,7,14.516666666666666,None,Full,Ankle,ankle_foot,0,3,6.333333333333333,0.951219512195122,7,0
2020,TB,EvanMi00,Mike Evans,WR,27.030800821355236,2020_21,14,14.608333333333334,None,Full,Hamstring,soft_tissue,0,1,9.666666666666666,1.062992125984252,14,0
2020,TB,FourLe00,Leonard Fournette,RB,25.620807665982205,2020_21,4,12.998333333333335,Out,DNP,Ankle,ankle_foot,0,1,10.666666666666666,1.3214285714285714,7,1
2020,TB,FourLe00,Leonard Fournette,RB,25.620807665982205,2020_21,5,12.998333333333335,Doubtful,DNP,Ankle,ankle_foot,1,2,10.666666666666666,1.3214285714285714,4,0
2020,TB,FourLe00,Leonard Fournette,RB,25.620807665982205,2020_21,6,12.998333333333335,Questionable,Limited,Ankle,ankle_foot,0,3,8.666666666666666,0.03225806451612903,10,1
2020,TB,FourLe00,Leonard Fournette,RB,25.620807665982205,2020_21,7,12.998333333333335,None,Full,Ankle,ankle_foot,1,4,8.666666666666666,0.03225806451612903,7,0
2020,TB,GodwCh00,Chris Godwin,WR,24.511978097193705,2020_21,2,18.26607142857143,Doubtful,Limited,Head / Concussion,concussion,0,1,7.0,,7,1
2020,TB,GodwCh00,Chris Godwin,WR,24.511978097193705,2020_21,3,18.26607142857143,None,Full,Head / Concussion,concussion,1,2,7.0,,7,0
2020,TB,GodwCh00,Chris Godwin,WR,24.511978097193705,2020_21,4,17.685714285714283,Out,DNP,Hamstring,soft_tissue,0,3,6.5,0.8617021276595745,7,1
2020,TB,GodwCh00,Chris Godwin,WR,24.511978097193705,2020_21,5,17.685714285714283,Out,DNP,Hamstring,soft_tissue,1,4,6.5,0.8617021276595745,4,1
2020,TB,GodwCh00,Chris Godwin,WR,24.511978097193705,2020_21,6,17.685714285714283,None,Full,Hamstring,soft_tissue,1,5,6.5,0.8617021276595745,10,0
2020,TB,GodwCh00,Chris Godwin,WR,24.511978097193705,2020_21,7,15.205357142857142,None,Limited,Hamstring,soft_tissue,0,6,6.666666666666667,0.72,7,0
2020,TB,GodwCh00,Chris Godwin,WR,24.511978097193705,2020_21,8,16.225,Out,DNP,Hand / Wrist,other,0,7,7.333333333333333,1.0336134453781511,8,1
2020,TB,GodwCh00,Chris Godwin,WR,24.511978097193705,2020_21,9,16.225,Questionable,Full,Hand / Wrist,other,1,8,7.333333333333333,1.0336134453781511,6,0
2020,TB,GodwCh00,Chris Godwin,WR,24.511978097193705,2020_21,10,14.4,None,Full,Hand / Wrist,other,0,9,7.333333333333333,1.247787610619469,7,0
2020,TB,GodwCh00,Chris Godwin,WR,24.511978097193705,2020_21,11,14.533333333333333,None,Full,Hand / Wrist,other,0,10,7.0,1.1297071129707115,8,0
2020,TB,GodwCh00,Chris Godwin,WR,24.511978097193705,2020_21,12,15.071428571428571,None,Full,Hand / Wrist,other,0,11,7.333333333333333,1.1165413533834587,6,0
2020,TB,GodwCh00,Chris Godwin,WR,24.511978097193705,2020_21,14,15.4,None,Full,Hand / Wrist,other,0,12,8.333333333333334,0.9752650176678446,14,0
2020,TB,JoneRo01,Ronald Jones II,RB,23.080082135523615,2020_21,15,13.26923076923077,None,DNP,Hand / Wrist,other,0,1,14.0,1.534351145038168,7,1
2020,TB,JoneRo01,Ronald Jones II,RB,23.080082135523615,2020_21,17,13.26923076923077,None,Full,Hand / Wrist,other,1,1,14.0,1.534351145038168,8,0
2020,TEN,BrowAJ00,A.J. Brown,WR,23.173169062286107,2020_21,6,14.309375,None,Full,Knee,knee,0,4,8.5,0.8765432098765431,5,0
2020,TEN,BrowAJ00,A.J. Brown,WR,23.173169062286107,2020_21,7,16.6171875,None,Full,Knee,knee,0,5,8.0,1.1052631578947367,7,0
2020,TEN,BrowAJ00,A.J. Brown,WR,23.173169062286107,2020_21,8,20.05,None,Full,Knee,knee,0,6,8.0,1.1822033898305087,7,0
2020,TEN,BrowAJ00,A.J. Brown,WR,23.173169062286107,2020_21,9,18.520000000000003,None,Full,Knee,knee,0,7,7.333333333333333,1.1370967741935483,7,0
2020,TEN,BrowAJ00,A.J. Brown,WR,23.173169062286107,2020_21,10,18.783333333333335,None,Full,Knee,knee,0,8,8.0,0.9077490774907748,4,0
2020,TEN,BrowAJ00,A.J. Brown,WR,23.173169062286107,2020_21,11,16.54285714285714,None,Full,Knee,knee,0,9,6.666666666666667,0.8364312267657993,10,0
2020,TEN,BrowAJ00,A.J. Brown,WR,23.173169062286107,2020_21,12,16.5,None,Full,Knee,knee,0,10,6.666666666666667,0.9681274900398408,7,0
2020,TEN,BrowAJ00,A.J. Brown,WR,23.173169062286107,2020_21,13,17.533333333333335,None,Full,Hip / Groin,soft_tissue,0,11,5.666666666666667,1.0210084033613447,7,0
2020,TEN,BrowAJ00,A.J. Brown,WR,23.173169062286107,2020_21,14,16.85,None,Full,Ankle,ankle_foot,0,12,6.666666666666667,1.0886075949367089,7,0
2020,TEN,BrowAJ00,A.J. Brown,WR,23.173169062286107,2020_21,15,17.51818181818182,None,Full,Ankle,ankle_foot,0,13,7.333333333333333,0.6774193548387097,7,0
2020,TEN,BrowAJ00,A.J. Brown,WR,23.173169062286107,2020_21,16,17.34166666666667,None,Full,Ankle,ankle_foot,0,14,7.333333333333333,1.1300448430493273,7,0
2020,TEN,BrowAJ00,A.J. Brown,WR,23.173169062286107,2020_21,17,16.646153846153847,None,DNP,Ankle,ankle_foot,0,15,7.666666666666667,1.008849557522124,7,0
2020,TEN,SmitJo01,Jonnu Smith,TE,25.02943189596167,2020_21,3,12.99,None,Full,Ankle,ankle_foot,0,1,6.0,1.1917808219178083,7,0
2020,TEN,SmitJo01,Jonnu Smith,TE,25.02943189596167,2020_21,6,17.525,None,Full,Quad / Thigh,soft_tissue,0,1,6.666666666666667,1.0403225806451613,5,0
2020,TEN,SmitJo01,Jonnu Smith,TE,25.02943189596167,2020_21,7,14.48,None,Full,Ankle,ankle_foot,0,2,5.666666666666667,0.4482758620689655,7,0
2020,TEN,SmitJo01,Jonnu Smith,TE,25.02943189596167,2020_21,12,11.190000000000001,None,Full,Ankle,ankle_foot,0,1,5.0,0.9024390243902439,7,0
2020,TEN,SmitJo01,Jonnu Smith,TE,25.02943189596167,2020_21,13,11.190000000000001,Out,DNP,Knee,knee,0,2,4.333333333333333,0.9336099585062241,7,1
2020,TEN,SmitJo01,Jonnu Smith,TE,25.02943189596167,2020_21,14,11.190000000000001,None,Full,Knee,knee,1,3,4.333333333333333,0.9336099585062241,7,0
2020,TEN,SmitJo01,Jonnu Smith,TE,25.02943189596167,2020_21,16,10.533333333333333,None,Full,Knee,knee,0,1,2.6666666666666665,1.322274881516588,7,0
2020,WAS,GibsAn00,Antonio Gibson,RB,22.193018480492814,2020_21,6,12.9,None,Full,Foot / Toe,ankle_foot,0,1,15.333333333333334,1.1351351351351353,7,0
2020,WAS,GibsAn00,Antonio Gibson,RB,22.193018480492814,2020_21,10,13.1625,None,Full,Shoulder,other,0,1,14.666666666666666,0.9787234042553191,7,0
2020,WAS,GibsAn00,Antonio Gibson,RB,22.193018480492814,2020_21,12,14.52,None,Full,Ankle,ankle_foot,0,1,14.666666666666666,1.2045454545454548,4,0
2020,WAS,GibsAn00,Antonio Gibson,RB,22.193018480492814,2020_21,14,15.266666666666666,Out,DNP,Foot / Toe,ankle_foot,0,1,15.666666666666666,0.11538461538461538,6,1
2020,WAS,GibsAn00,Antonio Gibson,RB,22.193018480492814,2020_21,15,15.266666666666666,Doubtful,Limited,Foot / Toe,ankle_foot,1,2,15.666666666666666,0.11538461538461538,7,1
2020,WAS,GibsAn00,Antonio Gibson,RB,22.193018480492814,2020_21,16,15.266666666666666,Questionable,Limited,Foot / Toe,ankle_foot,1,3,15.666666666666666,0.11538461538461538,7,0
2020,WAS,GibsAn00,Antonio Gibson,RB,22.193018480492814,2020_21,17,14.853846153846153,Questionable,DNP,Foot / Toe,ankle_foot,0,4,14.333333333333334,0.7258064516129031,7,0
2020,WAS,McLaTe00,Terry McLaurin,WR,24.9637234770705,2020_21,4,15.726785714285715,Questionable,DNP,Quad / Thigh,soft_tissue,0,1,8.666666666666666,1.0481283422459893,7,0
2020,WAS,McLaTe00,Terry McLaurin,WR,24.9637234770705,2020_21,5,17.75,None,Full,Quad / Thigh,soft_tissue,0,2,11.0,0.9473684210526315,7,0
2020,WAS,McLaTe00,Terry McLaurin,WR,24.9637234770705,2020_21,12,16.81,Questionable,Full,Ankle,ankle_foot,0,1,8.333333333333334,0.9857142857142859,4,0
2020,WAS,McLaTe00,Terry McLaurin,WR,24.9637234770705,2020_21,13,16.754545454545454,Questionable,Full,Ankle,ankle_foot,0,2,8.666666666666666,0.9375000000000001,11,0
2020,WAS,McLaTe00,Terry McLaurin,WR,24.9637234770705,2020_21,14,15.641666666666667,None,Full,Ankle,ankle_foot,0,3,7.333333333333333,1.0071428571428571,6,0
2020,WAS,McLaTe00,Terry McLaurin,WR,24.9637234770705,2020_21,16,14.771428571428572,Doubtful,DNP,Ankle,ankle_foot,0,1,8.0,1.065217391304348,7,1
2020,WAS,McLaTe00,Terry McLaurin,WR,24.9637234770705,2020_21,17,14.771428571428572,Questionable,DNP,Ankle,ankle_foot,1,2,8.0,1.065217391304348,7,0
2021,ARI,ConnJa00,James Conner,RB,26.327173169062284,2020_21,15,17.03076923076923,Questionable,Limited,Ankle,ankle_foot,0,1,23.666666666666668,1.1294117647058823,6,0
2021,ARI,ConnJa00,James Conner,RB,26.327173169062284,2020_21,16,16.45714285714286,Questionable,DNP,Foot / Toe,ankle_foot,0,2,18.0,0.49070631970260226,6,1
2021,ARI,ConnJa00,James Conner,RB,26.327173169062284,2020_21,17,16.45714285714286,Questionable,Limited,Foot / Toe,ankle_foot,1,3,18.0,0.49070631970260226,8,1
2021,ARI,ConnJa00,James Conner,RB,26.327173169062284,2020_21,18,16.45714285714286,Questionable,Limited,Foot / Toe,ankle_foot,1,4,18.0,0.49070631970260226,7,0
2021,ARI,EdmoCh00,Chase Edmonds,RB,25.385352498288842,2020_21,5,14.875,Questionable,Limited,Shoulder,other,0,1,16.333333333333332,1.069148936170213,7,0
2021,ARI,EdmoCh00,Chase Edmonds,RB,25.385352498288842,2020_21,6,12.78,Questionable,Limited,Shoulder,other,0,2,15.333333333333334,0.9289340101522842,7,0
2021,ARI,EdmoCh00,Chase Edmonds,RB,25.385352498288842,2020_21,7,11.983333333333334,None,Full,Shoulder,other,0,3,11.666666666666666,0.5721649484536083,7,0
2021,ARI,EdmoCh00,Chase Edmonds,RB,25.385352498288842,2020_21,9,12.225,None,Full,Shoulder,other,0,1,12.333333333333334,1.0598802395209581,10,0
2021,ARI,EdmoCh00,Chase Edmonds,RB,25.385352498288842,2020_21,17,11.827272727272726,None,Full,Back,other,0,1,11.0,2.787878787878788,8,0
2021,ARI,EdmoCh00,Chase Edmonds,RB,25.385352498288842,2020_21,18,11.941666666666668,Out,DNP,Chest / Ribs,other,0,2,18.666666666666668,1.840909090909091,7,1
2021,ARI,HopkDe00,DeAndre Hopkins,WR,29.23750855578371,2020_21,3,19.418750000000003,Questionable,DNP,Chest / Ribs,other,0,2,6.0,1.1022727272727273,7,0
2021,ARI,HopkDe00,DeAndre Hopkins,WR,29.23750855578371,2020_21,4,16.196875,None,Full,Chest / Ribs,other,0,3,6.0,0.9837837837837837,7,0
2021,ARI,HopkDe00,DeAndre Hopkins,WR,29.23750855578371,2020_21,8,16.714285714285715,Questionable,DNP,Hamstring,soft_tissue,0,7,7.333333333333333,0.8989169675090252,4,0
2021,ARI,HopkDe00,DeAndre Hopkins,WR,29.23750855578371,2020_21,9,15.700000000000001,Questionable,DNP,Hamstring,soft_tissue,0,8,5.0,0.2840909090909091,10,1
2021,ARI,HopkDe00,DeAndre Hopkins,WR,29.23750855578371,2020_21,10,15.700000000000001,Questionable,DNP,Hamstring,soft_tissue,1,9,5.0,0.2840909090909091,7,1
2021,ARI,HopkDe00,DeAndre Hopkins,WR,29.23750855578371,2020_21,11,15.700000000000001,Out,DNP,Hamstring,soft_tissue,1,10,5.0,0.2840909090909091,7,1
2021,ARI,HopkDe00,DeAndre Hopkins,WR,29.23750855578371,2020_21,13,15.700000000000001,Questionable,DNP,Hamstring,soft_tissue,1,11,5.0,0.2840909090909091,14,0
2021,ARI,HopkDe00,DeAndre Hopkins,WR,29.23750855578371,2020_21,15,14.720000000000002,Out,DNP,Knee,knee,0,1,5.666666666666667,1.434065934065934,6,1
2021,ARI,KirkCh01,Christian Kirk,WR,24.78576317590691,2020_21,10,13.435555555555556,None,Full,Hand / Wrist,other,0,1,5.666666666666667,1.2255319148936172,7,0
2021,ARI,MurrKy00,Kyler Murray,QB,24.0684462696783,2020_21,6,24.296,None,Full,Shoulder,other,0,1,39.0,1.0101010101010102,7,0
2021,ARI,MurrKy00,Kyler Murray,QB,24.0684462696783,2020_21,8,24.09714285714286,None,Full,Hand / Wrist,other,0,1,36.333333333333336,0.9687500000000001,4,0
2021,ARI,MurrKy00,Kyler Murray,QB,24.0684462696783,2020_21,9,22.2175,Questionable,DNP,Ankle,ankle_foot,0,2,36.666666666666664,1.056338028169014,10,1
2021,ARI,MurrKy00,Kyler Murray,QB,24.0684462696783,2020_21,10,22.2175,Questionable,Limited,Ankle,ankle_foot,1,3,36.666666666666664,1.056338028169014,7,1
2021,ARI,MurrKy00,Kyler Murray,QB,24.0684462696783,2020_21,11,22.2175,Questionable,Limited,Ankle,ankle_foot,1,4,36.666666666666664,1.056338028169014,7,1
2021,ARI,MurrKy00,Kyler Murray,QB,24.0684462696783,2020_21,13,22.2175,Questionable,Limited,Ankle,ankle_foot,1,5,36.666666666666664,1.056338028169014,14,0
2021,ATL,PattCo00,Cordarrelle Patterson,RB,30.46132785763176,2020_21,11,17.62222222222222,Questionable,Limited,Ankle,ankle_foot,0,1,11.666666666666666,0.4444444444444445,4,1
2021,ATL,PattCo00,Cordarrelle Patterson,RB,30.46132785763176,2020_21,12,17.62222222222222,Questionable,Limited,Ankle,ankle_foot,1,2,11.666666666666666,0.4444444444444445,10,0
2021,ATL,PittKy00,Kyle Pitts,TE,20.903490759753595,2020_21,18,10.8625,Questionable,Limited,Hamstring,soft_tissue,0,1,5.666666666666667,0.7149532710280375,7,0
2021,BAL,BrowMa04,Marquise Brown,WR,24.243668720054757,2020_21,3,16.39375,Questionable,Limited,Ankle,ankle_foot,0,2,8.5,1.0434782608695652,7,0
2021,BAL,BrowMa04,Marquise Brown,WR,24.243668720054757,2020_21,10,18.8375,None,Full,Back,other,0,1,10.333333333333334,0.9839999999999999,4,0
2021,BAL,BrowMa04,Marquise Brown,WR,24.243668720054757,2020_21,11,17.822222222222223,Questionable,Limited,Quad / Thigh,soft_tissue,0,2,13.0,0.9297520661157025,10,1
2021,BAL,BrowMa04,Marquise Brown,WR,24.243668720054757,2020_21,12,17.822222222222223,Questionable,Limited,Quad / Thigh,soft_tissue,1,3,13.0,0.9297520661157025,7,0
2021,BAL,BrowMa04,Marquise Brown,WR,24.243668720054757,2020_21,18,14.84,None,Full,Ankle,ankle_foot,0,2,10.333333333333334,0.8260869565217392,7,0
2021,BAL,JackLa00,Lamar Jackson,QB,24.648870636550306,2020_21,4,22.931333333333335,Questionable,Full,Back,other,0,2,40.666666666666664,1.0,7,0
2021,BAL,JackLa00,Lamar Jackson,QB,24.648870636550306,2020_21,15,19.998333333333335,Questionable,DNP,Ankle,ankle_foot,0,1,33.333333333333336,0.14,7,1
2021,BAL,JackLa00,Lamar Jackson,QB,24.648870636550306,2020_21,16,19.998333333333335,Questionable,DNP,Ankle,ankle_foot,1,2,33.333333333333336,0.14,7,1
2021,BAL,JackLa00,Lamar Jackson,QB,24.648870636550306,2020_21,17,19.998333333333335,Questionable,DNP,Ankle,ankle_foot,1,3,33.333333333333336,0.14,7,1
2021,BAL,JackLa00,Lamar Jackson,QB,24.648870636550306,2020_21,18,19.998333333333335,Out,DNP,Ankle,ankle_foot,1,4,33.333333333333336,0.14,7,1
2021,BUF,AlleJo02,Josh Allen,QB,25.281314168377822,2020_21,15,23.543076923076924,None,Full,Foot / Toe,ankle_foot,0,1,46.0,1.056338028169014,7,0
2021,BUF,AlleJo02,Josh Allen,QB,25.281314168377822,2020_21,16,23.34714285714286,None,Full,Foot / Toe,ankle_foot,0,2,46.333333333333336,1.0169491525423728,7,0
2021,BUF,BeasCo00,Cole Beasley,WR,32.35044490075291,2020_21,9,12.9,Questionable,Limited,Chest / Ribs,other,0,2,8.0,1.2102272727272727,7,0
2021,BUF,BeasCo00,Cole Beasley,WR,32.35044490075291,2020_21,10,12.7,None,Limited,Chest / Ribs,other,0,3,11.0,1.0203045685279188,7,0
2021,BUF,KnoxDa00,Dawson Knox,TE,24.79671457905544,2020_21,8,13.6,Out,DNP,Hand / Wrist,other,0,1,5.0,0.9294117647058824,13,1
2021,BUF,KnoxDa00,Dawson Knox,TE,24.79671457905544,2020_21,9,13.6,Out,DNP,Hand / Wrist,other,1,2,5.0,0.9294117647058824,7,1
2021,BUF,KnoxDa00,Dawson Knox,TE,24.79671457905544,2020_21,10,13.6,None,Full,Hand / Wrist,other,1,3,5.0,0.9294117647058824,7,0
2021,CAR,McCaCh01,Christian McCaffrey,RB,25.234770704996578,2020_21,4,19.46666666666667,Out,DNP,Hamstring,soft_tissue,0,1,23.0,0.37499999999999994,10,1
2021,CAR,McCaCh01,Christian McCaffrey,RB,25.234770704996578,2020_21,5,19.46666666666667,Doubtful,Limited,Hamstring,soft_tissue,1,2,23.0,0.37499999999999994,7,1
2021,CAR,McCaCh01,Christian McCaffrey,RB,25.234770704996578,2020_21,6,19.46666666666667,Out,DNP,Hamstring,soft_tissue,1,3,23.0,0.37499999999999994,7,1
2021,CAR,MoorD.00,D.J. Moore,WR,24.383299110198493,2020_21,15,14.715384615384616,Questionable,Limited,Hamstring,soft_tissue,0,1,9.0,0.9925650557620819,7,0
2021,CAR,MoorD.00,D.J. Moore,WR,24.383299110198493,2020_21,16,14.578571428571427,Questionable,Limited,Hamstring,soft_tissue,0,2,10.333333333333334,0.978494623655914,7,0
2021,CHI,MontDa01,David Montgomery,RB,24.23545516769336,2020_21,5,14.950000000000001,Out,DNP,Knee,knee,0,1,20.333333333333332,0.8416289592760181,7,1
2021,CHI,MontDa01,David Montgomery,RB,24.23545516769336,2020_21,14,14.5,None,Full,Shoulder,other,0,1,21.666666666666668,0.7954545454545455,7,0
2021,CHI,MoonDa00,Darnell Mooney,WR,23.84120465434634,2020_21,12,12.46,None,Limited,Foot / Toe,ankle_foot,0,3,10.666666666666666,1.1311475409836065,4,0
2021,CIN,BurrJo01,Joe Burrow,QB,24.725530458590008,2020_21,17,18.626666666666665,None,Full,Hand / Wrist,other,0,4,37.0,1.0,7,0
2021,CIN,HiggTe00,Tee Higgins,WR,22.62012320328542,2020_21,3,14.436666666666667,Doubtful,Limited,Shoulder,other,0,1,7.5,1.2297297297297298,7,1
2021,CIN,HiggTe00,Tee Higgins,WR,22.62012320328542,2020_21,4,14.436666666666667,Out,DNP,Shoulder,other,1,2,7.5,1.2297297297297298,4,1
2021,CIN,HiggTe00,Tee Higgins,WR,22.62012320328542,2020_21,5,14.436666666666667,None,Full,Shoulder,other,1,3,7.5,1.2297297297297298,10,0
2021,CIN,HiggTe00,Tee Higgins,WR,22.62012320328542,2020_21,14,14.580000000000002,Questionable,Limited,Ankle,ankle_foot,0,1,8.333333333333334,1.082191780821918,7,0
2021,CIN,HiggTe00,Tee Higgins,WR,22.62012320328542,2020_21,15,14.745454545454544,None,Full,Ankle,ankle_foot,0,2,9.666666666666666,1.0135135135135134,7,0
2021,CIN,MixoJo00,Joe Mixon,RB,25.10609171800137,2020_21,5,14.3,Questionable,DNP,Ankle,ankle_foot,0,1,19.666666666666668,0.8771186440677965,10,0
2021,CIN,MixoJo00,Joe Mixon,RB,25.10609171800137,2020_21,6,13.540000000000001,Questionable,Limited,Ankle,ankle_foot,0,2,16.0,0.3700440528634361,7,0
2021,CIN,MixoJo00,Joe Mixon,RB,25.10609171800137,2020_21,16,17.2,None,Full,Ankle,ankle_foot,0,1,19.333333333333332,0.8787878787878787,7,0
2021,CLE,ChubNi00,Nick Chubb,RB,25.68104038329911,2020_21,6,16.560000000000002,Out,DNP,Lower Leg,soft_tissue,0,1,22.0,1.0980392156862746,7,1
2021,CLE,ChubNi00,Nick Chubb,RB,25.68104038329911,2020_21,7,16.560000000000002,Out,DNP,Lower Leg,soft_tissue,1,2,22.0,1.0980392156862746,4,1
2021,CLE,ChubNi00,Nick Chubb,RB,25.68104038329911,2020_21,8,16.560000000000002,None,Full,Lower Leg,soft_tissue,1,3,22.0,1.0980392156862746,10,0
2021,CLE,ChubNi00,Nick Chubb,RB,25.68104038329911,2020_21,18,16.023076923076925,None,Limited,Chest / Ribs,other,0,1,19.333333333333332,0.65625,6,0
2021,CLE,HuntKa00,Kareem Hunt,RB,26.072553045859,2020_21,6,18.68,Questionable,Limited,Hand / Wrist,other,0,1,17.666666666666668,1.0,7,0
2021,CLE,HuntKa00,Kareem Hunt,RB,26.072553045859,2020_21,7,17.366666666666667,None,DNP,Lower Leg,soft_tissue,0,2,17.666666666666668,1.5,4,1
2021,CLE,HuntKa00,Kareem Hunt,RB,26.072553045859,2020_21,12,17.366666666666667,Questionable,Unknown,Lower Leg,soft_tissue,1,1,17.666666666666668,1.5,7,0
2021,CLE,HuntKa00,Kareem Hunt,RB,26.072553045859,2020_21,15,13.75,Out,DNP,Ankle,ankle_foot,0,1,9.666666666666666,0.3973509933774835,7,1
2021,CLE,HuntKa00,Kareem Hunt,RB,26.072553045859,2020_21,17,13.75,Questionable,Limited,Ankle,ankle_foot,1,1,9.666666666666666,0.3973509933774835,9,1
2021,CLE,HuntKa00,Kareem Hunt,RB,26.072553045859,2020_21,18,13.75,Questionable,Limited,Ankle,ankle_foot,1,2,9.666666666666666,0.3973509933774835,6,1
2021,CLE,NjokDa00,David Njoku,TE,25.144421629021217,2020_21,6,11.5,None,Limited,Knee,knee,0,2,3.0,1.021276595744681,7,0
2021,DAL,CoopAm00,Amari Cooper,WR,27.208761122518823,2020_21,3,18.475,None,Full,Chest / Ribs,other,0,1,11.0,1.1022727272727273,8,0
2021,DAL,CoopAm00,Amari Cooper,WR,27.208761122518823,2020_21,5,16.45,Questionable,Limited,Hamstring,soft_tissue,0,1,4.0,0.5313653136531366,7,0
2021,DAL,CoopAm00,Amari Cooper,WR,27.208761122518823,2020_21,9,16.785714285714285,Questionable,Limited,Hamstring,soft_tissue,0,1,9.0,1.2344497607655502,7,0
2021,DAL,CoopAm00,Amari Cooper,WR,27.208761122518823,2020_21,10,15.4,None,Limited,Hamstring,soft_tissue,0,2,8.666666666666666,0.7044534412955465,7,0
2021,DAL,CoopAm00,Amari Cooper,WR,27.208761122518823,2020_21,11,14.700000000000001,None,Full,Hamstring,soft_tissue,0,3,7.333333333333333,0.8534482758620691,7,1
2021,DAL,ElliEz00,Ezekiel Elliott,RB,26.11362080766598,2020_21,5,17.625,Questionable,Limited,Knee,knee,0,1,19.666666666666668,1.0044642857142856,7,0
2021,DAL,ElliEz00,Ezekiel Elliott,RB,26.11362080766598,2020_21,6,19.14,Questionable,Limited,Chest / Ribs,other,0,2,21.666666666666668,0.8333333333333333,7,0
2021,DAL,ElliEz00,Ezekiel Elliott,RB,26.11362080766598,2020_21,10,17.3125,None,Full,Knee,knee,0,1,20.333333333333332,0.7718446601941749,7,0
2021,DAL,ElliEz00,Ezekiel Elliott,RB,26.11362080766598,2020_21,11,17.695555555555558,None,Full,Knee,knee,0,2,17.333333333333332,0.7386934673366834,7,0
2021,DAL,ElliEz00,Ezekiel Elliott,RB,26.11362080766598,2020_21,12,17.206,None,Full,Knee,knee,0,3,15.0,1.1694915254237288,4,0
2021,DAL,ElliEz00,Ezekiel Elliott,RB,26.11362080766598,2020_21,13,17.17818181818182,None,Full,Knee,knee,0,4,16.333333333333332,1.1228070175438598,7,0
2021,DAL,ElliEz00,Ezekiel Elliott,RB,26.11362080766598,2020_21,14,16.305,None,Full,Knee,knee,0,5,16.0,1.0549450549450552,10,0
2021,DAL,ElliEz00,Ezekiel Elliott,RB,26.11362080766598,2020_21,15,15.743076923076924,None,Full,Knee,knee,0,6,17.0,0.9746192893401014,7,0
2021,DAL,ElliEz00,Ezekiel Elliott,RB,26.11362080766598,2020_21,16,15.775714285714287,None,Full,Knee,knee,0,7,18.0,0.96875,7,0
2021,DAL,ElliEz00,Ezekiel Elliott,RB,26.11362080766598,2020_21,17,15.870666666666667,None,Full,Knee,knee,0,8,16.0,0.9157894736842105,7,0
2021,DAL,ElliEz00,Ezekiel Elliott,RB,26.11362080766598,2020_21,18,15.12875,None,Full,Knee,knee,0,9,13.666666666666666,1.141304347826087,7,0
2021,DAL,LambCe00,CeeDee Lamb,WR,22.401095140314855,2020_21,9,17.95714285714286,Questionable,Limited,Ankle,ankle_foot,0,1,9.0,1.068,7,0
2021,DAL,LambCe00,CeeDee Lamb,WR,22.401095140314855,2020_21,10,16.25,None,Full,Ankle,ankle_foot,0,2,9.666666666666666,0.8223938223938224,7,0
2021,DAL,LambCe00,CeeDee Lamb,WR,22.401095140314855,2020_21,11,17.62222222222222,None,Full,Arm / Elbow,other,0,3,8.333333333333334,0.5101214574898786,7,0
2021,DAL,LambCe00,CeeDee Lamb,WR,22.401095140314855,2020_21,12,16.3,Questionable,Limited,Head / Concussion,concussion,0,4,7.0,0.801980198019802,4,1
2021,DAL,LambCe00,CeeDee Lamb,WR,22.401095140314855,2020_21,13,16.3,None,Full,Head / Concussion,concussion,1,5,7.0,0.801980198019802,7,0
2021,DAL,PresDa01,Dak Prescott,QB,28.093086926762492,2020_21,8,21.58666666666667,Questionable,Limited,Lower Leg,soft_tissue,0,1,38.0,1.0135135135135136,14,1
2021,DAL,PresDa01,Dak Prescott,QB,28.093086926762492,2020_21,9,21.58666666666667,None,Full,Lower Leg,soft_tissue,1,2,38.0,1.0135135135135136,7,0
2021,DEN,FantNo00,Noah Fant,TE,23.78097193702943,2020_21,1,10.664285714285715,None,Full,Knee,knee,0,1,,,7,0
2021,DEN,FantNo00,Noah Fant,TE,23.78097193702943,2020_21,2,11.048214285714286,None,Full,Knee,knee,0,2,8.0,,7,0
2021,DEN,FantNo00,Noah Fant,TE,23.78097193702943,2020_21,3,11.707142857142857,None,Full,Ankle,ankle_foot,0,3,7.0,1.0,7,0
2021,DEN,FantNo00,Noah Fant,TE,23.78097193702943,2020_21,7,12.550000000000002,None,Full,Foot / Toe,ankle_foot,0,1,8.333333333333334,0.9638989169675091,4,0
2021,DEN,FantNo00,Noah Fant,TE,23.78097193702943,2020_21,18,10.426666666666668,None,Full,Quad / Thigh,soft_tissue,0,1,5.666666666666667,1.081967213114754,7,0
2021,DEN,GordMe00,Melvin Gordon,RB,28.386036960985628,2020_21,4,14.506666666666666,Questionable,Limited,Chest / Ribs,other,0,1,16.333333333333332,0.9908256880733947,7,0
2021,DEN,GordMe00,Melvin Gordon,RB,28.386036960985628,2020_21,5,13.375,Questionable,Limited,Lower Leg,soft_tissue,0,2,16.0,0.901840490797546,7,0
2021,DEN,GordMe00,Melvin Gordon,RB,28.386036960985628,2020_21,6,11.959999999999999,Questionable,Limited,Hip / Groin,soft_tissue,0,3,14.666666666666666,1.1111111111111112,7,0
2021,DEN,GordMe00,Melvin Gordon,RB,28.386036960985628,2020_21,7,11.683333333333332,None,Full,Hip / Groin,soft_tissue,0,4,12.333333333333334,0.9754601226993865,4,0
2021,DEN,GordMe00,Melvin Gordon,RB,28.386036960985628,2020_21,12,12.73,None,Full,Shoulder,other,0,1,16.333333333333332,0.7678571428571429,14,0
2021,DEN,GordMe00,Melvin Gordon,RB,28.386036960985628,2020_21,13,12.463636363636363,Doubtful,DNP,Shoulder,other,0,2,18.333333333333332,0.8235294117647058,7,1
2021,DEN,GordMe00,Melvin Gordon,RB,28.386036960985628,2020_21,14,12.463636363636363,Questionable,Limited,Hip / Groin,soft_tissue,1,3,18.333333333333332,0.8235294117647058,7,0
2021,DEN,GordMe00,Melvin Gordon,RB,28.386036960985628,2020_21,15,13.35,Questionable,Limited,Hand / Wrist,other,0,4,18.666666666666668,1.0869565217391306,7,0
2021,DEN,GordMe00,Melvin Gordon,RB,28.386036960985628,2020_21,16,12.86923076923077,None,Full,Hand / Wrist,other,0,5,19.666666666666668,0.911111111111111,7,0
2021,DEN,GordMe00,Melvin Gordon,RB,28.386036960985628,2020_21,17,12.021428571428572,Questionable,Limited,Hand / Wrist,other,0,6,16.0,1.2406015037593987,7,0
2021,DEN,GordMe00,Melvin Gordon,RB,28.386036960985628,2020_21,18,11.9,None,Full,Hand / Wrist,other,0,7,12.666666666666666,1.0273972602739727,7,0
2021,DEN,SuttCo00,Courtland Sutton,WR,25.894592744695416,2020_21,6,13.739999999999998,None,Full,Ankle,ankle_foot,0,2,8.0,1.088709677419355,7,0
2021,DEN,WillJa10,Javonte Williams,RB,21.352498288843258,2020_21,15,13.092307692307694,Questionable,Limited,Knee,knee,0,1,22.333333333333332,0.7616580310880829,7,0
2021,DEN,WillJa10,Javonte Williams,RB,21.352498288843258,2020_21,16,13.021428571428572,None,Full,Knee,knee,0,2,22.666666666666668,0.9567567567567569,7,0
2021,DEN,WillJa10,Javonte Williams,RB,21.352498288843258,2020_21,17,12.82,Questionable,Limited,Knee,knee,0,3,15.0,0.8387096774193549,7,0
2021,DEN,WillJa10,Javonte Williams,RB,21.352498288843258,2020_21,18,12.28125,None,Full,Knee,knee,0,4,14.333333333333334,0.9375,7,0
2021,DET,HockTJ00,T.J. Hockenson,TE,24.164271047227928,2020_21,1,10.95625,None,Full,Shoulder,other,0,1,,,7,0
2021,DET,HockTJ00,T.J. Hockenson,TE,24.164271047227928,2020_21,5,14.375,Questionable,Limited,Knee,knee,0,1,6.333333333333333,0.9389312977099236,7,0
2021,DET,HockTJ00,T.J. Hockenson,TE,24.164271047227928,2020_21,6,12.34,Questionable,Limited,Knee,knee,0,2,4.333333333333333,0.9382239382239383,7,0
2021,DET,HockTJ00,T.J. Hockenson,TE,24.164271047227928,2020_21,7,12.850000000000001,Questionable,Limited,Knee,knee,0,3,7.333333333333333,1.008097165991903,7,0
2021,DET,HockTJ00,T.J. Hockenson,TE,24.164271047227928,2020_21,8,12.557142857142859,None,Full,Ankle,ankle_foot,0,4,7.666666666666667,0.9756097560975611,7,0
2021,DET,HockTJ00,T.J. Hockenson,TE,24.164271047227928,2020_21,14,12.108333333333334,Doubtful,DNP,Hand / Wrist,other,0,1,6.333333333333333,0.9883720930232558,7,1
2021,DET,HockTJ00,T.J. Hockenson,TE,24.164271047227928,2020_21,15,12.108333333333334,None,DNP,Hand / Wrist,other,1,2,6.333333333333333,0.9883720930232558,7,1
2021,DET,JeffJe00,Jermar Jefferson,RB,21.37987679671458,2020_21,11,11.5,Out,DNP,Knee,knee,0,1,3.0,0.4444444444444445,7,1
2021,DET,JeffJe00,Jermar Jefferson,RB,21.37987679671458,2020_21,12,11.5,Questionable,Limited,Ankle,ankle_foot,1,2,3.0,0.4444444444444445,4,0
2021,DET,SwifDA00,D'Andre Swift,RB,22.63107460643395,2020_21,1,14.600000000000001,None,Full,Hip / Groin,soft_tissue,0,1,,,7,0
2021,DET,SwifDA00,D'Andre Swift,RB,22.63107460643395,2020_21,2,17.05,Questionable,Full,Hip / Groin,soft_tissue,0,2,22.0,,8,0
2021,DET,SwifDA00,D'Andre Swift,RB,22.63107460643395,2020_21,3,16.35,Questionable,Limited,Hip / Groin,soft_tissue,0,3,17.5,0.926470588235294,6,0
2021,DET,SwifDA00,D'Andre Swift,RB,22.63107460643395,2020_21,4,18.625,Questionable,Limited,Hip / Groin,soft_tissue,0,4,18.666666666666668,0.8549618320610688,7,0
2021,DET,SwifDA00,D'Andre Swift,RB,22.63107460643395,2020_21,5,17.2,Questionable,Limited,Hip / Groin,soft_tissue,0,5,16.0,1.1711229946524062,7,0
2021,DET,SwifDA00,D'Andre Swift,RB,22.63107460643395,2020_21,6,18.240000000000002,Questionable,Limited,Hip / Groin,soft_tissue,0,6,17.333333333333332,1.15625,7,0
2021,DET,SwifDA00,D'Andre Swift,RB,22.63107460643395,2020_21,7,18.150000000000002,Questionable,Limited,Hip / Groin,soft_tissue,0,7,17.0,1.1527093596059113,7,0
2021,DET,SwifDA00,D'Andre Swift,RB,22.63107460643395,2020_21,8,19.614285714285717,Questionable,Limited,Hip / Groin,soft_tissue,0,8,20.0,1.0,7,0
2021,DET,SwifDA00,D'Andre Swift,RB,22.63107460643395,2020_21,11,17.98888888888889,None,Full,Shoulder,other,0,1,26.333333333333332,1.2455357142857142,7,0
2021,DET,SwifDA00,D'Andre Swift,RB,22.63107460643395,2020_21,13,17.12727272727273,Out,DNP,Shoulder,other,0,1,21.0,0.25316455696202533,10,1
2021,DET,SwifDA00,D'Andre Swift,RB,22.63107460643395,2020_21,14,17.12727272727273,Out,DNP,Shoulder,other,1,2,21.0,0.25316455696202533,7,1
2021,DET,SwifDA00,D'Andre Swift,RB,22.63107460643395,2020_21,15,17.12727272727273,Out,DNP,Shoulder,other,1,3,21.0,0.25316455696202533,7,1
2021,DET,SwifDA00,D'Andre Swift,RB,22.63107460643395,2020_21,16,17.12727272727273,Questionable,Limited,Shoulder,other,1,4,21.0,0.25316455696202533,7,1
2021,DET,SwifDA00,D'Andre Swift,RB,22.63107460643395,2020_21,17,17.12727272727273,None,Full,Shoulder,other,1,5,21.0,0.25316455696202533,7,0
2021,DET,WillJa06,Jamaal Williams,RB,26.414784394250514,2020_21,2,13.058928571428572,None,Full,Chest / Ribs,other,0,1,18.0,,8,0
2021,DET,WillJa06,Jamaal Williams,RB,26.414784394250514,2020_21,5,13.25,Questionable,Limited,Hip / Groin,soft_tissue,0,1,12.666666666666666,0.7317073170731707,7,0
2021,DET,WillJa06,Jamaal Williams,RB,26.414784394250514,2020_21,6,12.3,Questionable,Limited,Hip / Groin,soft_tissue,0,2,14.333333333333334,0.8135593220338984,7,0
2021,GB,AdamDa01,Davante Adams,WR,28.687200547570157,2020_21,11,18.822222222222223,None,Full,Shoulder,other,0,1,10.666666666666666,1.0836501901140685,7,0
2021,GB,AdamDa01,Davante Adams,WR,28.687200547570157,2020_21,12,19.990000000000002,None,Full,Ankle,ankle_foot,0,2,11.0,0.967032967032967,7,0
2021,GB,AdamDa01,Davante Adams,WR,28.687200547570157,2020_21,14,19.845454545454547,None,Limited,Hamstring,soft_tissue,0,3,9.333333333333334,1.069090909090909,14,0
2021,GB,JoneAa00,Aaron Jones,RB,26.748802190280628,2020_21,4,20.448214285714286,None,Limited,Ankle,ankle_foot,0,1,17.0,1.2372881355932204,7,0
2021,GB,JoneAa00,Aaron Jones,RB,26.748802190280628,2020_21,5,18.55,None,Limited,Ankle,ankle_foot,0,2,21.0,0.9895287958115184,7,0
2021,GB,JoneAa00,Aaron Jones,RB,26.748802190280628,2020_21,6,17.82,None,Limited,Ankle,ankle_foot,0,3,19.666666666666668,1.0097560975609756,7,0
2021,GB,JoneAa00,Aaron Jones,RB,26.748802190280628,2020_21,11,16.09,Out,DNP,Knee,knee,0,1,17.666666666666668,0.6831683168316832,7,1
2021,GB,JoneAa00,Aaron Jones,RB,26.748802190280628,2020_21,12,16.09,Questionable,Limited,Knee,knee,1,2,17.666666666666668,0.6831683168316832,7,0
2021,GB,JoneAa00,Aaron Jones,RB,26.748802190280628,2020_21,15,15.391666666666667,None,Limited,Knee,knee,0,1,10.666666666666666,0.8544303797468353,7,0
2021,GB,JoneAa00,Aaron Jones,RB,26.748802190280628,2020_21,16,15.361538461538462,None,Limited,Knee,knee,0,2,11.333333333333334,1.35,6,0
2021,GB,JoneAa00,Aaron Jones,RB,26.748802190280628,2020_21,17,15.242857142857144,None,Limited,Knee,knee,0,3,13.666666666666666,1.0700636942675161,8,0
2021,GB,JoneAa00,Aaron Jones,RB,26.748802190280628,2020_21,18,15.266666666666667,Questionable,Limited,Knee,knee,0,4,15.666666666666666,0.7499999999999999,7,1
2021,GB,RodgAa00,Aaron Rodgers,QB,37.74948665297741,2020_21,11,18.39333333333333,None,Limited,Foot / Toe,ankle_foot,0,1,38.333333333333336,1.0,7,0
2021,GB,RodgAa00,Aaron Rodgers,QB,37.74948665297741,2020_21,12,19.904000000000003,None,DNP,Foot / Toe,ankle_foot,0,2,37.666666666666664,0.98,7,0
2021,GB,RodgAa00,Aaron Rodgers,QB,37.74948665297741,2020_21,14,20.483636363636364,None,Limited,Foot / Toe,ankle_foot,0,3,40.333333333333336,1.0067114093959733,14,0
2021,GB,RodgAa00,Aaron Rodgers,QB,37.74948665297741,2020_21,15,21.246666666666666,None,DNP,Foot / Toe,ankle_foot,0,4,40.0,0.9765100671140939,7,0
2021,GB,RodgAa00,Aaron Rodgers,QB,37.74948665297741,2020_21,16,21.444615384615386,None,DNP,Foot / Toe,ankle_foot,0,5,40.0,1.0169491525423728,6,0
2021,GB,RodgAa00,Aaron Rodgers,QB,37.74948665297741,2020_21,17,21.34,None,Limited,Foot / Toe,ankle_foot,0,6,36.0,1.0101010101010102,8,0
2021,GB,RodgAa00,Aaron Rodgers,QB,37.74948665297741,2020_21,18,21.272,None,Limited,Foot / Toe,ankle_foot,0,7,36.666666666666664,0.8484848484848485,7,0
2021,HOU,CookBr00,Brandin Cooks,WR,27.93429158110883,2020_21,14,13.275,Questionable,Limited,Back,other,0,9,5.0,0.9503816793893131,7,0
2021,HOU,JordBr00,Brevin Jordan,TE,21.127994524298426,2020_21,9,13.100000000000001,None,Full,Ankle,ankle_foot,0,1,4.0,,7,0
2021,HOU,TaylTy00,Tyrod Taylor,QB,32.07939767282683,2020_21,3,20.07,None,DNP,Quad / Thigh,soft_tissue,0,1,24.5,0.43,4,1
2021,IND,PittMi01,Michael Pittman Jr.,WR,23.906913073237508,2020_21,18,13.6375,None,Full,Chest / Ribs,other,0,1,8.0,1.261061946902655,7,0
2021,IND,TaylJo02,Jonathan Taylor,RB,22.61738535249829,2020_21,4,12.238333333333333,Questionable,Limited,Knee,knee,0,1,17.0,0.96,7,0
2021,IND,TaylJo02,Jonathan Taylor,RB,22.61738535249829,2020_21,8,18.74285714285714,None,Full,Chest / Ribs,other,0,1,18.666666666666668,1.232142857142857,7,0
2021,JAX,RobiJa00,James Robinson,RB,23.06365503080082,2020_21,9,15.642857142857142,Questionable,Limited,Foot / Toe,ankle_foot,0,1,15.333333333333334,0.13306451612903225,7,1
2021,JAX,RobiJa00,James Robinson,RB,23.06365503080082,2020_21,10,15.642857142857142,Questionable,Limited,Foot / Toe,ankle_foot,1,2,15.333333333333334,0.13306451612903225,7,0
2021,JAX,RobiJa00,James Robinson,RB,23.06365503080082,2020_21,11,15.9875,Questionable,Limited,Foot / Toe,ankle_foot,0,3,14.666666666666666,1.0792682926829267,7,0
2021,JAX,RobiJa00,James Robinson,RB,23.06365503080082,2020_21,12,15.522222222222224,None,Full,Foot / Toe,ankle_foot,0,4,12.666666666666666,1.2193548387096775,7,0
2021,JAX,RobiJa00,James Robinson,RB,23.06365503080082,2020_21,13,15.220000000000002,Questionable,Limited,Foot / Toe,ankle_foot,0,5,17.666666666666668,1.1729323308270676,7,0
2021,JAX,RobiJa00,James Robinson,RB,23.06365503080082,2020_21,14,14.063636363636364,None,Full,Foot / Toe,ankle_foot,0,6,16.0,0.7586206896551725,7,0
2021,JAX,RobiJa00,James Robinson,RB,23.06365503080082,2020_21,15,12.924999999999999,None,Full,Foot / Toe,ankle_foot,0,7,13.0,1.207547169811321,7,0
2021,JAX,RobiJa00,James Robinson,RB,23.06365503080082,2020_21,16,13.3,None,Full,Knee,knee,0,8,14.0,1.575,7,0
2021,KC,EdwaCl00,Clyde Edwards-Helaire,RB,22.392881587953458,2020_21,1,13.538461538461538,None,Full,Ankle,ankle_foot,0,1,,,7,0
2021,KC,EdwaCl00,Clyde Edwards-Helaire,RB,22.392881587953458,2020_21,2,12.703846153846154,None,Full,Ankle,ankle_foot,0,2,17.0,,7,0
2021,KC,EdwaCl00,Clyde Edwards-Helaire,RB,22.392881587953458,2020_21,17,11.76,Questionable,DNP,Shoulder,other,0,1,12.0,0.5732484076433121,7,1
2021,KC,EdwaCl00,Clyde Edwards-Helaire,RB,22.392881587953458,2020_21,18,11.76,Out,DNP,Shoulder,other,1,2,12.0,0.5732484076433121,7,1
2021,KC,HillTy00,Tyreek Hill,WR,27.50444900752909,2020_21,2,25.72,None,Full,Foot / Toe,ankle_foot,0,1,16.0,,7,0
2021,KC,HillTy00,Tyreek Hill,WR,27.50444900752909,2020_21,4,18.656666666666666,None,Full,Chest / Ribs,other,0,1,9.666666666666666,0.7849462365591399,7,0
2021,KC,HillTy00,Tyreek Hill,WR,27.50444900752909,2020_21,5,25.075000000000003,None,Full,Knee,knee,0,2,8.333333333333334,0.9382239382239383,7,0
2021,KC,HillTy00,Tyreek Hill,WR,27.50444900752909,2020_21,6,23.020000000000003,Questionable,Limited,Quad / Thigh,soft_tissue,0,3,11.333333333333334,1.0119047619047619,7,0
2021,KC,HillTy00,Tyreek Hill,WR,27.50444900752909,2020_21,7,22.950000000000003,Questionable,Limited,Quad / Thigh,soft_tissue,0,4,12.666666666666666,0.715481171548117,7,0
2021,KC,HillTy00,Tyreek Hill,WR,27.50444900752909,2020_21,9,22.225,None,Full,Ankle,ankle_foot,0,1,13.333333333333334,1.0794392523364487,6,0
2021,KC,HillTy00,Tyreek Hill,WR,27.50444900752909,2020_21,10,20.566666666666666,None,Full,Ankle,ankle_foot,0,2,13.333333333333334,1.2087378640776698,7,0
2021,KC,HillTy00,Tyreek Hill,WR,27.50444900752909,2020_21,11,21.259999999999998,None,Full,Hip / Groin,soft_tissue,0,3,13.666666666666666,0.9568965517241379,7,0
2021,KC,KelcTr00,Travis Kelce,TE,31.906913073237508,2020_21,7,18.133333333333333,None,Full,Neck,other,0,1,9.0,0.9389312977099236,7,0
2021,KC,KelcTr00,Travis Kelce,TE,31.906913073237508,2020_21,8,17.47142857142857,None,Full,Neck,other,0,2,11.0,0.8638132295719845,8,0
2021,KC,KelcTr00,Travis Kelce,TE,31.906913073237508,2020_21,9,15.875,None,Full,Neck,other,0,3,9.666666666666666,1.123456790123457,6,0
2021,KC,KelcTr00,Travis Kelce,TE,31.906913073237508,2020_21,10,16.08888888888889,None,Full,Neck,other,0,4,8.666666666666666,1.0445344129554655,7,0
2021,KC,KelcTr00,Travis Kelce,TE,31.906913073237508,2020_21,11,16.47,None,Full,Neck,other,0,5,8.0,0.9083665338645419,7,0
2021,LA,HendDa00,Darrell Henderson,RB,24.035592060232716,2020_21,3,12.568333333333335,Questionable,DNP,Chest / Ribs,other,0,1,17.5,0.723404255319149,7,1
2021,LA,HendDa00,Darrell Henderson,RB,24.035592060232716,2020_21,4,12.568333333333335,Questionable,Full,Chest / Ribs,other,1,2,17.5,0.723404255319149,7,0
2021,LA,HendDa00,Darrell Henderson,RB,24.035592060232716,2020_21,5,14.54666666666667,None,Full,Chest / Ribs,other,0,3,18.333333333333332,1.1111111111111112,4,0
2021,LA,HendDa00,Darrell Henderson,RB,24.035592060232716,2020_21,13,15.7,Questionable,Limited,Quad / Thigh,soft_tissue,0,1,15.333333333333334,1.239795918367347,7,1
2021,LA,HendDa00,Darrell Henderson,RB,24.035592060232716,2020_21,14,15.7,None,Limited,Quad / Thigh,soft_tissue,1,2,15.333333333333334,1.239795918367347,8,1
2021,LA,KuppCo00,Cooper Kupp,WR,28.213552361396303,2020_21,14,25.34166666666667,None,Full,Foot / Toe,ankle_foot,0,1,11.0,0.94,8,0
2021,LA,StafMa00,Matthew Stafford,QB,33.56605065023956,2020_21,9,22.935000000000002,None,Limited,Back,other,0,1,35.0,0.9157894736842105,7,0
2021,LA,WoodRo02,Robert Woods,WR,29.39356605065024,2020_21,9,14.975,Questionable,Limited,Foot / Toe,ankle_foot,0,1,7.666666666666667,0.9190140845070423,7,0
2021,LA,WoodRo02,Robert Woods,WR,29.39356605065024,2020_21,10,15.244444444444444,Out,DNP,Knee,knee,0,2,9.666666666666666,1.102941176470588,8,1
2021,LAC,AlleKe00,Keenan Allen,WR,29.347022587268995,2020_21,4,17.576785714285712,None,Full,Ankle,ankle_foot,0,1,11.0,0.9485714285714285,8,0
2021,LAC,AlleKe00,Keenan Allen,WR,29.347022587268995,2020_21,5,15.85,None,Full,Ankle,ankle_foot,0,2,10.333333333333334,1.0232558139534884,6,0
2021,LAC,AlleKe00,Keenan Allen,WR,29.347022587268995,2020_21,10,16.125,Questionable,Limited,Knee,knee,0,1,9.666666666666666,0.9642857142857144,7,0
2021,LAC,AlleKe00,Keenan Allen,WR,29.347022587268995,2020_21,11,16.311111111111114,None,Full,Knee,knee,0,2,11.666666666666666,1.0,7,0
2021,LAC,EkelAu00,Austin Ekeler,RB,26.2943189596167,2020_21,1,16.53,Questionable,Limited,Hamstring,soft_tissue,0,1,,,7,0
2021,LAC,EkelAu00,Austin Ekeler,RB,26.2943189596167,2020_21,3,16.815,None,Full,Ankle,ankle_foot,0,1,16.5,1.0862068965517242,7,0
2021,LAC,EkelAu00,Austin Ekeler,RB,26.2943189596167,2020_21,5,21.6,None,Full,Ankle,ankle_foot,0,1,18.333333333333332,0.923076923076923,6,0
2021,LAC,EkelAu00,Austin Ekeler,RB,26.2943189596167,2020_21,8,21.46666666666667,Questionable,DNP,Hip / Groin,soft_tissue,0,1,18.333333333333332,0.8926829268292684,14,0
2021,LAC,EkelAu00,Austin Ekeler,RB,26.2943189596167,2020_21,9,21.885714285714283,None,Full,Hip / Groin,soft_tissue,0,2,18.666666666666668,1.171875,7,0
2021,LAC,EkelAu00,Austin Ekeler,RB,26.2943189596167,2020_21,14,21.675,None,Full,Ankle,ankle_foot,0,1,19.0,1.0478468899521531,7,0
2021,LAC,EkelAu00,Austin Ekeler,RB,26.2943189596167,2020_21,15,21.26923076923077,Questionable,Limited,Ankle,ankle_foot,0,2,18.333333333333332,0.6540284360189574,4,0
2021,LAC,HerbJu00,Justin Herbert,QB,23.479808350444902,2020_21,9,21.122857142857146,None,Full,Hand / Wrist,other,0,1,41.666666666666664,1.0,7,0
2021,LAC,HerbJu00,Justin Herbert,QB,23.479808350444902,2020_21,11,21.27777777777778,None,Full,Core / Abdomen,other,0,1,38.666666666666664,1.0,7,0
2021,LAC,WillMi07,Mike Williams,WR,26.910335386721425,2020_21,6,23.220000000000002,Questionable,DNP,Knee,knee,0,1,9.666666666666666,0.9871794871794873,7,0
2021,LAC,WillMi07,Mike Williams,WR,26.910335386721425,2020_21,8,20.133333333333336,None,Full,Knee,knee,0,2,8.333333333333334,0.4595744680851064,14,0
2021,LAC,WillMi07,Mike Williams,WR,26.910335386721425,2020_21,15,15.115384615384615,None,Full,Foot / Toe,ankle_foot,0,1,7.0,0.9841897233201581,4,0
2021,LV,CarrDe02,Derek Carr,QB,30.431211498973305,2020_21,3,20.548750000000002,None,Full,Ankle,ankle_foot,0,1,50.5,1.0,7,0
2021,LV,JacoJo01,Josh Jacobs,RB,23.55373032169747,2020_21,1,15.42,None,Limited,Foot / Toe,ankle_foot,0,1,,,7,0
2021,LV,JacoJo01,Josh Jacobs,RB,23.55373032169747,2020_21,2,15.815,Out,DNP,Foot / Toe,ankle_foot,0,2,12.0,,6,1
2021,LV,JacoJo01,Josh Jacobs,RB,23.55373032169747,2020_21,3,15.815,Doubtful,DNP,Ankle,ankle_foot,1,3,12.0,,7,1
2021,LV,JacoJo01,Josh Jacobs,RB,23.55373032169747,2020_21,4,15.815,Questionable,Limited,Ankle,ankle_foot,1,4,12.0,,8,0
2021,LV,JacoJo01,Josh Jacobs,RB,23.55373032169747,2020_21,5,14.635,None,Full,Ankle,ankle_foot,0,5,15.0,1.2115384615384615,6,0
2021,LV,JacoJo01,Josh Jacobs,RB,23.55373032169747,2020_21,10,14.816666666666668,None,Full,Knee,knee,0,1,14.333333333333334,0.8698224852071006,7,0
2021,LV,JacoJo01,Josh Jacobs,RB,23.55373032169747,2020_21,11,13.928571428571429,None,Limited,Knee,knee,0,2,12.666666666666666,1.1476510067114094,7,0
2021,LV,JacoJo01,Josh Jacobs,RB,23.55373032169747,2020_21,13,14.200000000000001,Questionable,Limited,Ankle,ankle_foot,0,1,18.0,1.1511627906976745,10,0
2021,LV,JacoJo01,Josh Jacobs,RB,23.55373032169747,2020_21,14,15.180000000000001,None,Full,Ankle,ankle_foot,0,2,21.333333333333332,1.349206349206349,7,0
2021,LV,JacoJo01,Josh Jacobs,RB,23.55373032169747,2020_21,17,14.276923076923076,None,Full,Chest / Ribs,other,0,2,21.333333333333332,0.9333333333333332,7,0
2021,LV,JacoJo01,Josh Jacobs,RB,23.55373032169747,2020_21,18,14.542857142857143,Questionable,Limited,Chest / Ribs,other,0,3,23.0,0.8714285714285716,7,0
2021,LV,RenfHu00,Hunter Renfrow,WR,25.697467488021903,2020_21,5,14.725,None,Full,Ankle,ankle_foot,0,1,7.0,1.3311258278145697,6,0
2021,LV,RenfHu00,Hunter Renfrow,WR,25.697467488021903,2020_21,10,13.475,None,Full,Ankle,ankle_foot,0,1,7.333333333333333,1.0427807486631018,7,0
2021,LV,WallDa01,Darren Waller,TE,28.966461327857633,2020_21,5,15.85,None,Full,Knee,knee,0,1,7.0,1.0488721804511278,6,0
2021,LV,WallDa01,Darren Waller,TE,28.966461327857633,2020_21,7,13.799999999999999,Questionable,Limited,Ankle,ankle_foot,0,3,6.666666666666667,0.9144981412639405,7,1
2021,LV,WallDa01,Darren Waller,TE,28.966461327857633,2020_21,13,12.930000000000001,Doubtful,DNP,Back,other,0,1,6.666666666666667,0.26373626373626374,10,1
2021,LV,WallDa01,Darren Waller,TE,28.966461327857633,2020_21,14,12.930000000000001,Out,DNP,Knee,knee,1,2,6.666666666666667,0.26373626373626374,7,1
2021,LV,WallDa01,Darren Waller,TE,28.966461327857633,2020_21,15,12.930000000000001,Out,DNP,Knee,knee,1,3,6.666666666666667,0.26373626373626374,7,1
2021,LV,WallDa01,Darren Waller,TE,28.966461327857633,2020_21,16,12.930000000000001,Doubtful,DNP,Knee,knee,1,4,6.666666666666667,0.26373626373626374,7,1
2021,LV,WallDa01,Darren Waller,TE,28.966461327857633,2020_21,18,12.930000000000001,Questionable,Limited,Knee,knee,1,1,6.666666666666667,0.26373626373626374,7,0
2021,MIA,AhmeSa01,Salvon Ahmed,RB,22.67488021902806,2020_21,1,11.5,None,Full,Back,other,0,1,,,7,0
2021,MIA,FullWi01,Will Fuller,WR,27.378507871321013,2020_21,4,14.629545454545454,None,Full,Chest / Ribs,other,0,1,6.0,,7,0
2021,MIA,WaddJa00,Jaylen Waddle,WR,22.767967145790553,2020_21,13,15.266666666666667,None,Full,Hip / Groin,soft_tissue,0,1,8.666666666666666,0.8844621513944224,7,0
2021,MIN,CookDa01,Dalvin Cook,RB,26.06160164271047,2020_21,3,21.364285714285714,Questionable,DNP,Ankle,ankle_foot,0,1,26.0,1.0845070422535212,7,1
2021,MIN,CookDa01,Dalvin Cook,RB,26.06160164271047,2020_21,4,21.364285714285714,Questionable,Limited,Ankle,ankle_foot,1,2,26.0,1.0845070422535212,7,0
2021,MIN,CookDa01,Dalvin Cook,RB,26.06160164271047,2020_21,5,16.932142857142857,Questionable,Limited,Ankle,ankle_foot,0,3,22.333333333333332,0.6621621621621622,7,1
2021,MIN,CookDa01,Dalvin Cook,RB,26.06160164271047,2020_21,6,16.932142857142857,None,Full,Ankle,ankle_foot,1,4,22.333333333333332,0.6621621621621622,7,0
2021,MIN,CookDa01,Dalvin Cook,RB,26.06160164271047,2020_21,13,16.27777777777778,Out,DNP,Shoulder,other,0,1,24.0,0.6680672268907564,7,1
2021,MIN,CookDa01,Dalvin Cook,RB,26.06160164271047,2020_21,14,16.27777777777778,Questionable,Limited,Shoulder,other,1,2,24.0,0.6680672268907564,4,0
2021,MIN,CookDa01,Dalvin Cook,RB,26.06160164271047,2020_21,15,18.169999999999998,None,Full,Shoulder,other,0,3,24.333333333333332,1.0947867298578198,11,0
2021,MIN,CookDa01,Dalvin Cook,RB,26.06160164271047,2020_21,16,17.527272727272727,None,Full,Shoulder,other,0,4,26.0,1.296116504854369,6,1
2021,MIN,CousKi00,Kirk Cousins,QB,33.034907597535934,2020_21,16,18.724285714285713,None,Full,Chest / Ribs,other,0,1,33.666666666666664,1.0,6,0
2021,MIN,JeffJu00,Justin Jefferson,WR,22.21218343600274,2020_21,6,19.528,None,Limited,Ankle,ankle_foot,0,1,8.666666666666666,1.0465116279069768,7,0
2021,MIN,ThieAd00,Adam Thielen,WR,31.028062970568104,2020_21,6,15.34,None,Limited,Foot / Toe,ankle_foot,0,1,6.666666666666667,0.9457627118644067,7,0
2021,MIN,ThieAd00,Adam Thielen,WR,31.028062970568104,2020_21,8,17.75,None,Full,Foot / Toe,ankle_foot,0,2,8.333333333333334,1.0208333333333333,14,0
2021,MIN,ThieAd00,Adam Thielen,WR,31.028062970568104,2020_21,11,16.266666666666666,None,Full,Foot / Toe,ankle_foot,0,1,7.666666666666667,0.9473684210526315,7,0
2021,MIN,ThieAd00,Adam Thielen,WR,31.028062970568104,2020_21,14,16.066666666666666,Out,DNP,Ankle,ankle_foot,0,1,6.333333333333333,0.08571428571428573,4,1
2021,MIN,ThieAd00,Adam Thielen,WR,31.028062970568104,2020_21,15,16.066666666666666,Questionable,DNP,Ankle,ankle_foot,1,2,6.333333333333333,0.08571428571428573,11,1
2021,MIN,ThieAd00,Adam Thielen,WR,31.028062970568104,2020_21,16,16.066666666666666,Questionable,Limited,Ankle,ankle_foot,1,3,6.333333333333333,0.08571428571428573,6,0
2021,NE,HarrDa06,Damien Harris,RB,24.553045859000683,2020_21,10,12.222222222222221,Questionable,DNP,Head / Concussion,concussion,0,1,18.666666666666668,0.7959183673469388,7,1
2021,NE,HarrDa06,Damien Harris,RB,24.553045859000683,2020_21,11,12.222222222222221,None,Limited,Head / Concussion,concussion,1,2,18.666666666666668,0.7959183673469388,4,0
2021,NE,HarrDa06,Damien Harris,RB,24.553045859000683,2020_21,12,11.75,Questionable,Limited,Neck,other,0,3,17.0,0.8478260869565218,10,0
2021,NE,HarrDa06,Damien Harris,RB,24.553045859000683,2020_21,15,12.233333333333334,Questionable,Limited,Hamstring,soft_tissue,0,1,11.0,0.6521739130434783,13,1
2021,NE,HarrDa06,Damien Harris,RB,24.553045859000683,2020_21,16,12.233333333333334,Questionable,Limited,Hamstring,soft_tissue,1,2,11.0,0.6521739130434783,7,0
2021,NE,HarrDa06,Damien Harris,RB,24.553045859000683,2020_21,17,13.46923076923077,Questionable,Limited,Hamstring,soft_tissue,0,3,13.666666666666666,1.4257425742574257,7,0
2021,NE,HarrDa06,Damien Harris,RB,24.553045859000683,2020_21,18,13.771428571428572,Questionable,Limited,Hamstring,soft_tissue,0,4,13.0,0.6,7,0
2021,NE,SmitJo01,Jonnu Smith,TE,26.028747433264886,2020_21,2,9.960714285714285,Questionable,Limited,Hip / Groin,soft_tissue,0,1,6.0,,7,0
2021,NO,KamaAl00,Alvin Kamara,RB,26.105407255304584,2020_21,10,19.75,Out,DNP,Knee,knee,0,1,24.666666666666668,0.8607594936708861,7,1
2021,NO,KamaAl00,Alvin Kamara,RB,26.105407255304584,2020_21,11,19.75,Out,DNP,Knee,knee,1,2,24.666666666666668,0.8607594936708861,7,1
2021,NO,KamaAl00,Alvin Kamara,RB,26.105407255304584,2020_21,12,19.75,Out,DNP,Knee,knee,1,3,24.666666666666668,0.8607594936708861,4,1
2021,NO,KamaAl00,Alvin Kamara,RB,26.105407255304584,2020_21,13,19.75,Questionable,Limited,Knee,knee,1,4,24.666666666666668,0.8607594936708861,7,1
2021,NO,KamaAl00,Alvin Kamara,RB,26.105407255304584,2020_21,14,19.75,None,Full,Knee,knee,1,5,24.666666666666668,0.8607594936708861,10,0
2021,NYG,BarkSa00,Saquon Barkley,RB,24.55852156057495,2020_21,5,15.9,None,Full,Knee,knee,0,5,19.333333333333332,1.224770642201835,7,0
2021,NYG,BarkSa00,Saquon Barkley,RB,24.55852156057495,2020_21,6,12.9,Out,DNP,Ankle,ankle_foot,0,6,15.0,0.10424710424710425,7,1
2021,NYG,BarkSa00,Saquon Barkley,RB,24.55852156057495,2020_21,7,12.9,Out,DNP,Ankle,ankle_foot,1,7,15.0,0.10424710424710425,7,1
2021,NYG,BarkSa00,Saquon Barkley,RB,24.55852156057495,2020_21,8,12.9,Out,DNP,Ankle,ankle_foot,1,8,15.0,0.10424710424710425,8,1
2021,NYG,BarkSa00,Saquon Barkley,RB,24.55852156057495,2020_21,9,12.9,Out,DNP,Ankle,ankle_foot,1,9,15.0,0.10424710424710425,6,1
2021,NYG,BarkSa00,Saquon Barkley,RB,24.55852156057495,2020_21,11,12.9,Questionable,Limited,Ankle,ankle_foot,1,10,15.0,0.10424710424710425,15,0
2021,NYG,BarkSa00,Saquon Barkley,RB,24.55852156057495,2020_21,12,12.683333333333335,Questionable,Limited,Ankle,ankle_foot,0,11,11.333333333333334,1.0108695652173911,6,0
2021,NYG,BarkSa00,Saquon Barkley,RB,24.55852156057495,2020_21,14,12.350000000000001,None,Limited,Ankle,ankle_foot,0,1,16.666666666666668,1.4240506329113922,7,0
2021,NYG,BarkSa00,Saquon Barkley,RB,24.55852156057495,2020_21,15,13.033333333333335,None,Limited,Ankle,ankle_foot,0,2,19.0,0.7366071428571429,7,0
2021,NYG,BarkSa00,Saquon Barkley,RB,24.55852156057495,2020_21,16,12.67,None,Limited,Ankle,ankle_foot,0,3,20.666666666666668,0.815668202764977,7,0
2021,NYG,BarkSa00,Saquon Barkley,RB,24.55852156057495,2020_21,17,11.863636363636363,None,Limited,Ankle,ankle_foot,0,4,19.333333333333332,0.5396825396825398,7,0
2021,NYG,ShepSt00,Sterling Shepard,WR,28.555783709787818,2020_21,4,14.735416666666666,Out,DNP,Hamstring,soft_tissue,0,1,7.666666666666667,0.3617021276595745,7,1
2021,NYG,ShepSt00,Sterling Shepard,WR,28.555783709787818,2020_21,5,14.735416666666666,Out,DNP,Hamstring,soft_tissue,1,2,7.666666666666667,0.3617021276595745,7,1
2021,NYG,ShepSt00,Sterling Shepard,WR,28.555783709787818,2020_21,6,14.735416666666666,None,Limited,Hamstring,soft_tissue,1,3,7.666666666666667,0.3617021276595745,7,0
2021,NYG,ShepSt00,Sterling Shepard,WR,28.555783709787818,2020_21,7,15.75,Questionable,Limited,Hamstring,soft_tissue,0,4,9.333333333333334,1.22972972972973,7,1
2021,NYG,ShepSt00,Sterling Shepard,WR,28.555783709787818,2020_21,8,15.75,Questionable,Limited,Hamstring,soft_tissue,1,5,9.333333333333334,1.22972972972973,8,0
2021,NYG,ShepSt00,Sterling Shepard,WR,28.555783709787818,2020_21,9,13.9,Out,DNP,Quad / Thigh,soft_tissue,0,6,8.0,0.5229357798165137,6,1
2021,NYG,ShepSt00,Sterling Shepard,WR,28.555783709787818,2020_21,11,13.9,Out,DNP,Quad / Thigh,soft_tissue,1,7,8.0,0.5229357798165137,15,1
2021,NYG,ShepSt00,Sterling Shepard,WR,28.555783709787818,2020_21,12,13.9,Out,DNP,Quad / Thigh,soft_tissue,1,8,8.0,0.5229357798165137,6,1
2021,NYG,ShepSt00,Sterling Shepard,WR,28.555783709787818,2020_21,13,13.9,Doubtful,Limited,Quad / Thigh,soft_tissue,1,9,8.0,0.5229357798165137,7,1
2021,NYG,ShepSt00,Sterling Shepard,WR,28.555783709787818,2020_21,14,13.9,Questionable,Limited,Quad / Thigh,soft_tissue,1,10,8.0,0.5229357798165137,7,0
2021,NYG,ShepSt00,Sterling Shepard,WR,28.555783709787818,2020_21,15,12.366666666666667,Questionable,Limited,Lower Leg,soft_tissue,0,11,8.333333333333334,1.49079754601227,7,0
2021,NYJ,CartMi03,Michael Carter,RB,22.321697467488022,2020_21,12,12.780000000000001,Out,DNP,Ankle,ankle_foot,0,1,15.666666666666666,0.55,7,1
2021,NYJ,CartMi03,Michael Carter,RB,22.321697467488022,2020_21,18,11.73076923076923,None,Full,Head / Concussion,concussion,0,1,11.0,0.24223602484472048,7,0
2021,NYJ,CrowJa00,Jamison Crowder,WR,28.20807665982204,2020_21,2,14.335,Questionable,Limited,Hip / Groin,soft_tissue,1,1,,,7,1
2021,NYJ,CrowJa00,Jamison Crowder,WR,28.20807665982204,2020_21,3,14.335,Doubtful,DNP,Hip / Groin,soft_tissue,1,2,,,7,1
2021,NYJ,CrowJa00,Jamison Crowder,WR,28.20807665982204,2020_21,4,14.335,Questionable,Full,Hip / Groin,soft_tissue,1,3,,,7,0
2021,NYJ,DaviCo03,Corey Davis,WR,26.639288158795345,2020_21,8,13.816666666666668,Doubtful,DNP,Hip / Groin,soft_tissue,0,1,6.666666666666667,0.8437500000000001,7,1
2021,NYJ,DaviCo03,Corey Davis,WR,26.639288158795345,2020_21,9,13.816666666666668,Doubtful,DNP,Hip / Groin,soft_tissue,1,2,6.666666666666667,0.8437500000000001,4,1
2021,NYJ,DaviCo03,Corey Davis,WR,26.639288158795345,2020_21,10,13.816666666666668,Questionable,Full,Hip / Groin,soft_tissue,1,3,6.666666666666667,0.8437500000000001,10,0
2021,NYJ,DaviCo03,Corey Davis,WR,26.639288158795345,2020_21,12,12.7125,Questionable,Limited,Hip / Groin,soft_tissue,0,1,6.666666666666667,1.1822033898305087,7,1
2021,NYJ,DaviCo03,Corey Davis,WR,26.639288158795345,2020_21,13,12.7125,Questionable,Limited,Hip / Groin,soft_tissue,1,2,6.666666666666667,1.1822033898305087,7,0
2021,NYJ,MoorEl00,Elijah Moore,WR,21.43189596167009,2020_21,14,12.563636363636363,Questionable,DNP,Quad / Thigh,soft_tissue,0,1,11.333333333333334,1.1517857142857142,7,1
2021,PHI,HurtJa00,Jalen Hurts,QB,23.069130732375086,2020_21,13,21.241666666666667,Questionable,Limited,Ankle,ankle_foot,0,1,39.0,1.0,7,1
2021,PHI,HurtJa00,Jalen Hurts,QB,23.069130732375086,2020_21,15,21.241666666666667,None,Full,Ankle,ankle_foot,1,2,39.0,1.0,14,0
2021,PHI,HurtJa00,Jalen Hurts,QB,23.069130732375086,2020_21,16,21.733846153846155,None,Full,Ankle,ankle_foot,0,3,38.333333333333336,1.0,7,0
2021,PHI,HurtJa00,Jalen Hurts,QB,23.069130732375086,2020_21,17,21.37142857142857,None,Full,Ankle,ankle_foot,0,4,34.666666666666664,0.89,7,0
2021,PHI,HurtJa00,Jalen Hurts,QB,23.069130732375086,2020_21,18,20.81066666666667,None,Full,Ankle,ankle_foot,0,5,32.666666666666664,1.0380622837370241,7,1
2021,PHI,SandMi01,Miles Sanders,RB,24.33675564681725,2020_21,2,14.975000000000001,None,Full,Ankle,ankle_foot,0,1,20.0,,7,0
2021,PHI,SandMi01,Miles Sanders,RB,24.33675564681725,2020_21,3,13.150000000000002,None,Full,Chest / Ribs,other,0,2,17.5,1.0151515151515151,8,0
2021,PHI,SmitDe07,DeVonta Smith,WR,22.798083504449007,2020_21,11,12.63,None,Full,Arm / Elbow,other,0,2,5.0,1.086206896551724,7,0
2021,PIT,ClayCh01,Chase Claypool,WR,23.15400410677618,2020_21,6,15.575,None,Full,Hamstring,soft_tissue,0,3,10.333333333333334,0.6991525423728815,7,0
2021,PIT,ClayCh01,Chase Claypool,WR,23.15400410677618,2020_21,8,13.2,None,Full,Hamstring,soft_tissue,0,4,9.333333333333334,1.125,14,0
2021,PIT,ClayCh01,Chase Claypool,WR,23.15400410677618,2020_21,13,12.11111111111111,None,Full,Foot / Toe,ankle_foot,0,1,8.666666666666666,1.0929368029739777,7,0
2021,PIT,HarrNa00,Najee Harris,RB,23.482546201232033,2020_21,10,19.875,None,Full,Foot / Toe,ankle_foot,0,1,28.333333333333332,1.0557939914163088,6,0
2021,PIT,JohnDi01,Diontae Johnson,WR,25.15811088295688,2020_21,3,15.985,Out,DNP,Knee,knee,0,1,11.0,1.1578947368421053,7,1
2021,PIT,JohnDi01,Diontae Johnson,WR,25.15811088295688,2020_21,4,15.985,None,Full,Knee,knee,1,2,11.0,1.1578947368421053,7,0
2021,SEA,CarsCh00,Chris Carson,RB,26.9596167008898,2020_21,1,15.65,None,Full,Neck,other,0,1,,,7,0
2021,SEA,CarsCh00,Chris Carson,RB,26.9596167008898,2020_21,5,12.025,Questionable,DNP,Neck,other,0,1,13.666666666666666,0.733695652173913,4,1
2021,SEA,CarsCh00,Chris Carson,RB,26.9596167008898,2020_21,6,12.025,Out,DNP,Neck,other,1,2,13.666666666666666,0.733695652173913,10,1
2021,SEA,LockTy00,Tyler Lockett,WR,28.92539356605065,2020_21,4,20.371875000000003,Questionable,Full,Hip / Groin,soft_tissue,0,1,6.666666666666667,1.0337078651685394,7,0
2021,SEA,MetcDK00,D.K. Metcalf,WR,23.71526351813826,2020_21,1,16.95625,None,Limited,Lower Leg,soft_tissue,0,1,,,7,0
2021,SEA,MetcDK00,D.K. Metcalf,WR,23.71526351813826,2020_21,3,15.303125000000001,None,Full,Knee,knee,0,1,8.0,1.010752688172043,7,0
2021,SEA,MetcDK00,D.K. Metcalf,WR,23.71526351813826,2020_21,4,16.7390625,None,Limited,Foot / Toe,ankle_foot,0,2,8.333333333333334,0.9518716577540106,7,0
2021,SEA,MetcDK00,D.K. Metcalf,WR,23.71526351813826,2020_21,5,16.625,None,Limited,Foot / Toe,ankle_foot,0,3,9.333333333333334,0.8913043478260869,4,0
2021,SEA,MetcDK00,D.K. Metcalf,WR,23.71526351813826,2020_21,6,18.660000000000004,None,Limited,Ankle,ankle_foot,0,4,7.333333333333333,0.8377358490566038,10,0
2021,SEA,MetcDK00,D.K. Metcalf,WR,23.71526351813826,2020_21,7,17.51666666666667,None,Limited,Foot / Toe,ankle_foot,0,5,6.666666666666667,0.9183673469387754,8,0
2021,SEA,MetcDK00,D.K. Metcalf,WR,23.71526351813826,2020_21,8,17.52857142857143,None,Limited,Foot / Toe,ankle_foot,0,6,5.666666666666667,1.0649350649350648,6,0
2021,SEA,MetcDK00,D.K. Metcalf,WR,23.71526351813826,2020_21,10,18.125,None,Limited,Foot / Toe,ankle_foot,0,7,6.0,0.935064935064935,14,0
2021,SEA,MetcDK00,D.K. Metcalf,WR,23.71526351813826,2020_21,11,16.733333333333334,None,Limited,Foot / Toe,ankle_foot,0,8,6.333333333333333,0.9694323144104804,7,0
2021,SEA,MetcDK00,D.K. Metcalf,WR,23.71526351813826,2020_21,12,15.770000000000001,None,Limited,Foot / Toe,ankle_foot,0,9,7.333333333333333,1.2105263157894735,8,0
2021,SEA,MetcDK00,D.K. Metcalf,WR,23.71526351813826,2020_21,13,14.545454545454545,None,Limited,Foot / Toe,ankle_foot,0,10,6.666666666666667,1.184873949579832,6,0
2021,SEA,MetcDK00,D.K. Metcalf,WR,23.71526351813826,2020_21,14,14.25,None,Full,Foot / Toe,ankle_foot,0,11,6.666666666666667,1.0269230769230768,7,0
2021,SEA,MetcDK00,D.K. Metcalf,WR,23.71526351813826,2020_21,15,13.792307692307693,None,Full,Foot / Toe,ankle_foot,0,12,6.666666666666667,0.8072727272727273,7,0
2021,SEA,MetcDK00,D.K. Metcalf,WR,23.71526351813826,2020_21,16,13.607142857142858,None,Limited,Foot / Toe,ankle_foot,0,13,9.333333333333334,1.0856031128404668,7,0
2021,SEA,MetcDK00,D.K. Metcalf,WR,23.71526351813826,2020_21,17,13.506666666666668,None,Limited,Foot / Toe,ankle_foot,0,14,8.333333333333334,1.03125,7,0
2021,SEA,MetcDK00,D.K. Metcalf,WR,23.71526351813826,2020_21,18,14.59375,None,Limited,Foot / Toe,ankle_foot,0,15,9.0,0.7882352941176471,7,0
2021,SF,AiyuBr00,Brandon Aiyuk,WR,23.460643394934976,2020_21,1,15.375,None,Full,Hamstring,soft_tissue,0,1,,,7,0
2021,SF,KittGe00,George Kittle,TE,27.89596167008898,2020_21,4,12.559375,Questionable,Limited,Lower Leg,soft_tissue,0,1,6.333333333333333,1.0256410256410258,7,0
2021,SF,KittGe00,George Kittle,TE,27.89596167008898,2020_21,5,10.65,Doubtful,DNP,Lower Leg,soft_tissue,0,2,8.0,0.9355932203389831,7,1
2021,SF,KittGe00,George Kittle,TE,27.89596167008898,2020_21,10,12.540000000000001,None,Full,Lower Leg,soft_tissue,0,1,9.333333333333334,0.75,8,0
2021,SF,KittGe00,George Kittle,TE,27.89596167008898,2020_21,15,16.810000000000002,None,Full,Knee,knee,0,1,10.0,1.0706319702602232,7,0
2021,SF,MitcEl00,Elijah Mitchell,RB,23.3347022587269,2020_21,3,11.85,Doubtful,Limited,Shoulder,other,0,1,19.0,0.953125,7,1
2021,SF,MitcEl00,Elijah Mitchell,RB,23.3347022587269,2020_21,4,11.85,Questionable,Limited,Shoulder,other,1,2,19.0,0.953125,7,1
2021,SF,MitcEl00,Elijah Mitchell,RB,23.3347022587269,2020_21,5,11.85,None,Full,Shoulder,other,1,3,19.0,0.953125,7,0
2021,SF,MitcEl00,Elijah Mitchell,RB,23.3347022587269,2020_21,9,13.660000000000002,Questionable,Limited,Chest / Ribs,other,0,1,15.666666666666666,0.9846153846153846,7,0
2021,SF,MitcEl00,Elijah Mitchell,RB,23.3347022587269,2020_21,10,13.533333333333333,None,Full,Chest / Ribs,other,0,2,16.333333333333332,1.0,8,0
2021,SF,MitcEl00,Elijah Mitchell,RB,23.3347022587269,2020_21,11,12.900000000000002,Doubtful,DNP,Chest / Ribs,other,0,3,19.333333333333332,0.8112244897959184,6,1
2021,SF,MitcEl00,Elijah Mitchell,RB,23.3347022587269,2020_21,12,12.900000000000002,Questionable,Limited,Chest / Ribs,other,1,4,19.333333333333332,0.8112244897959184,7,0
2021,SF,MitcEl00,Elijah Mitchell,RB,23.3347022587269,2020_21,13,14.762500000000001,None,Full,Chest / Ribs,other,0,5,24.333333333333332,1.1475409836065573,7,0
2021,SF,MitcEl00,Elijah Mitchell,RB,23.3347022587269,2020_21,14,15.055555555555555,Out,DNP,Head / Concussion,concussion,0,6,28.333333333333332,1.3333333333333333,7,1
2021,SF,MitcEl00,Elijah Mitchell,RB,23.3347022587269,2020_21,15,15.055555555555555,Out,DNP,Head / Concussion,concussion,1,7,28.333333333333332,1.3333333333333333,7,1
2021,SF,MitcEl00,Elijah Mitchell,RB,23.3347022587269,2020_21,16,15.055555555555555,Out,DNP,Knee,knee,1,8,28.333333333333332,1.3333333333333333,4,1
2021,SF,MitcEl00,Elijah Mitchell,RB,23.3347022587269,2020_21,17,15.055555555555555,Questionable,Limited,Knee,knee,1,9,28.333333333333332,1.3333333333333333,10,0
2021,SF,MitcEl00,Elijah Mitchell,RB,23.3347022587269,2020_21,18,15.65,None,Full,Knee,knee,0,10,27.0,0.8405797101449275,7,0
2021,SF,SamuDe00,Deebo Samuel,WR,25.6290212183436,2020_21,8,21.833333333333332,None,Full,Lower Leg,soft_tissue,0,1,11.666666666666666,0.9735849056603774,7,0
2021,SF,SamuDe00,Deebo Samuel,WR,25.6290212183436,2020_21,9,22.014285714285716,Questionable,Limited,Lower Leg,soft_tissue,0,2,10.0,0.9425287356321839,7,0
2021,SF,SamuDe00,Deebo Samuel,WR,25.6290212183436,2020_21,11,21.744444444444447,None,Full,Lower Leg,soft_tissue,0,1,9.333333333333334,0.8307692307692307,6,0
2021,SF,SamuDe00,Deebo Samuel,WR,25.6290212183436,2020_21,13,21.172727272727272,Out,DNP,Hip / Groin,soft_tissue,0,1,10.0,0.8114754098360655,7,1
2021,SF,SamuDe00,Deebo Samuel,WR,25.6290212183436,2020_21,14,21.172727272727272,Questionable,Limited,Hip / Groin,soft_tissue,1,2,10.0,0.8114754098360655,7,0
2021,TB,BradTo00,Tom Brady,QB,44.07939767282683,2020_21,6,26.856,None,Full,Hand / Wrist,other,0,1,49.0,0.8542372881355932,4,0
2021,TB,BradTo00,Tom Brady,QB,44.07939767282683,2020_21,7,25.376666666666665,None,Full,Hand / Wrist,other,0,2,45.0,1.056338028169014,10,0
2021,TB,BrowAn04,Antonio Brown,WR,33.14442162902122,2020_21,1,14.6375,None,Full,Knee,knee,0,1,,,7,0
2021,TB,BrowAn04,Antonio Brown,WR,33.14442162902122,2020_21,2,16.903125,None,DNP,Knee,knee,0,2,8.0,,10,0
2021,TB,BrowAn04,Antonio Brown,WR,33.14442162902122,2020_21,5,13.584375000000001,None,DNP,Knee,knee,0,1,7.333333333333333,0.9357798165137614,7,0
2021,TB,BrowAn04,Antonio Brown,WR,33.14442162902122,2020_21,6,17.775,None,Full,Knee,knee,0,2,7.333333333333333,1.0687499999999999,4,0
2021,TB,BrowAn04,Antonio Brown,WR,33.14442162902122,2020_21,7,19.080000000000002,Out,DNP,Ankle,ankle_foot,0,3,10.666666666666666,0.9671052631578947,10,1
2021,TB,BrowAn04,Antonio Brown,WR,33.14442162902122,2020_21,8,19.080000000000002,Out,DNP,Ankle,ankle_foot,1,4,10.666666666666666,0.9671052631578947,7,1
2021,TB,BrowAn04,Antonio Brown,WR,33.14442162902122,2020_21,10,19.080000000000002,Out,DNP,Ankle,ankle_foot,1,5,10.666666666666666,0.9671052631578947,14,1
2021,TB,BrowAn04,Antonio Brown,WR,33.14442162902122,2020_21,11,19.080000000000002,Out,DNP,Ankle,ankle_foot,1,6,10.666666666666666,0.9671052631578947,8,1
2021,TB,BrowAn04,Antonio Brown,WR,33.14442162902122,2020_21,12,19.080000000000002,Out,DNP,Ankle,ankle_foot,1,7,10.666666666666666,0.9671052631578947,6,1
2021,TB,BrowAn04,Antonio Brown,WR,33.14442162902122,2020_21,13,19.080000000000002,None,DNP,Ankle,ankle_foot,1,8,10.666666666666666,0.9671052631578947,7,1
2021,TB,BrowAn04,Antonio Brown,WR,33.14442162902122,2020_21,16,19.080000000000002,None,Limited,Ankle,ankle_foot,1,1,10.666666666666666,0.9671052631578947,7,0
2021,TB,BrowAn04,Antonio Brown,WR,33.14442162902122,2020_21,17,19.25,Questionable,DNP,Ankle,ankle_foot,0,2,12.0,1.5095541401273886,7,0
2021,TB,EvanMi00,Mike Evans,WR,28.030116358658454,2020_21,12,17.59,None,Full,Back,other,0,1,6.333333333333333,0.9044117647058824,6,0
2021,TB,EvanMi00,Mike Evans,WR,28.030116358658454,2020_21,16,15.778571428571428,Out,DNP,Hamstring,soft_tissue,0,1,5.666666666666667,0.24210526315789474,7,1
2021,TB,EvanMi00,Mike Evans,WR,28.030116358658454,2020_21,17,15.778571428571428,Questionable,Limited,Hamstring,soft_tissue,1,2,5.666666666666667,0.24210526315789474,7,0
2021,TB,EvanMi00,Mike Evans,WR,28.030116358658454,2020_21,18,15.706666666666667,None,Full,Hamstring,soft_tissue,0,3,4.666666666666667,1.0909090909090908,7,0
2021,TB,FourLe00,Leonard Fournette,RB,26.62012320328542,2020_21,15,18.607692307692307,Questionable,Limited,Ankle,ankle_foot,0,1,24.0,1.0572687224669604,7,0
2021,TB,FourLe00,Leonard Fournette,RB,26.62012320328542,2020_21,16,18.25714285714286,None,DNP,Hamstring,soft_tissue,0,2,21.0,0.5443548387096774,7,1
2021,TB,GodwCh00,Chris Godwin,WR,25.51129363449692,2020_21,1,15.916666666666666,None,Full,Quad / Thigh,soft_tissue,0,1,,,7,0
2021,TB,GodwCh00,Chris Godwin,WR,25.51129363449692,2020_21,4,18.804166666666667,None,Full,Hand / Wrist,other,0,1,8.666666666666666,1.0267379679144384,7,0
2021,TB,GodwCh00,Chris Godwin,WR,25.51129363449692,2020_21,5,16.95,None,Full,Hand / Wrist,other,0,2,6.0,0.9964664310954062,7,0
2021,TB,GodwCh00,Chris Godwin,WR,25.51129363449692,2020_21,6,16.36,None,Full,Knee,knee,0,3,8.0,0.7419354838709676,4,0
2021,TB,GodwCh00,Chris Godwin,WR,25.51129363449692,2020_21,10,18.025,Questionable,Limited,Foot / Toe,ankle_foot,0,1,9.333333333333334,1.1926229508196722,14,0
2021,TB,GodwCh00,Chris Godwin,WR,25.51129363449692,2020_21,11,17.433333333333334,None,Full,Foot / Toe,ankle_foot,0,2,10.333333333333334,1.0588235294117647,8,0
2021,TB,GodwCh00,Chris Godwin,WR,25.51129363449692,2020_21,12,17.61,None,Full,Foot / Toe,ankle_foot,0,3,9.0,0.8555956678700362,6,0
2021,TB,GronRo00,Rob Gronkowski,TE,32.30116358658453,2020_21,4,16.932812499999997,Doubtful,DNP,Chest / Ribs,other,0,4,7.0,0.7337278106508875,7,1
2021,TB,GronRo00,Rob Gronkowski,TE,32.30116358658453,2020_21,5,16.932812499999997,Out,DNP,Chest / Ribs,other,1,5,7.0,0.7337278106508875,7,1
2021,TB,GronRo00,Rob Gronkowski,TE,32.30116358658453,2020_21,6,16.932812499999997,Out,DNP,Chest / Ribs,other,1,6,7.0,0.7337278106508875,4,1
2021,TB,GronRo00,Rob Gronkowski,TE,32.30116358658453,2020_21,7,16.932812499999997,Out,DNP,Chest / Ribs,other,1,7,7.0,0.7337278106508875,10,1
2021,TB,GronRo00,Rob Gronkowski,TE,32.30116358658453,2020_21,8,16.932812499999997,Questionable,Limited,Chest / Ribs,other,1,8,7.0,0.7337278106508875,7,0
2021,TB,GronRo00,Rob Gronkowski,TE,32.30116358658453,2020_21,10,14.6,Out,DNP,Back,other,0,9,4.666666666666667,0.12987012987012989,14,1
2021,TB,GronRo00,Rob Gronkowski,TE,32.30116358658453,2020_21,11,14.6,Questionable,DNP,Back,other,1,10,4.666666666666667,0.12987012987012989,8,0
2021,TB,GronRo00,Rob Gronkowski,TE,32.30116358658453,2020_21,12,14.3,None,DNP,Back,other,0,11,5.666666666666667,1.1568627450980389,6,0
2021,TEN,BrowAJ00,A.J. Brown,WR,24.17248459958932,2020_21,1,17.678571428571427,None,Full,Knee,knee,0,1,,,7,0
2021,TEN,BrowAJ00,A.J. Brown,WR,24.17248459958932,2020_21,2,16.98392857142857,None,Full,Knee,knee,0,2,8.0,,7,0
2021,TEN,BrowAJ00,A.J. Brown,WR,24.17248459958932,2020_21,3,14.389285714285712,None,Full,Knee,knee,0,3,8.5,1.037037037037037,7,0
2021,TEN,BrowAJ00,A.J. Brown,WR,24.17248459958932,2020_21,9,14.885714285714286,Questionable,DNP,Knee,knee,0,9,9.666666666666666,1.346341463414634,7,0
2021,TEN,BrowAJ00,A.J. Brown,WR,24.17248459958932,2020_21,10,14.175,None,DNP,Knee,knee,0,10,10.333333333333334,1.004291845493562,7,0
2021,TEN,BrowAJ00,A.J. Brown,WR,24.17248459958932,2020_21,12,12.65,Out,DNP,Chest / Ribs,other,0,12,8.333333333333334,0.6190476190476191,7,1
2021,TEN,BrowAJ00,A.J. Brown,WR,24.17248459958932,2020_21,17,14.363636363636363,None,Full,Lower Leg,soft_tissue,0,1,10.0,1.0471698113207548,10,0
2021,WAS,GibsAn00,Antonio Gibson,RB,23.19233401779603,2020_21,2,13.782142857142855,None,Full,Shoulder,other,0,1,25.0,,4,0
2021,WAS,GibsAn00,Antonio Gibson,RB,23.19233401779603,2020_21,3,12.49642857142857,None,Full,Shoulder,other,0,2,20.0,0.9384615384615385,10,0
2021,WAS,GibsAn00,Antonio Gibson,RB,23.19233401779603,2020_21,4,13.235714285714286,Questionable,Limited,Lower Leg,soft_tissue,0,3,18.0,0.9047619047619047,7,0
2021,WAS,GibsAn00,Antonio Gibson,RB,23.19233401779603,2020_21,5,13.5,Questionable,Limited,Lower Leg,soft_tissue,0,4,15.0,0.9016393442622952,7,0
2021,WAS,GibsAn00,Antonio Gibson,RB,23.19233401779603,2020_21,6,15.040000000000001,Questionable,Limited,Lower Leg,soft_tissue,0,5,17.333333333333332,0.9884393063583814,7,0
2021,WAS,GibsAn00,Antonio Gibson,RB,23.19233401779603,2020_21,7,13.266666666666666,Questionable,Limited,Lower Leg,soft_tissue,0,6,17.0,0.6923076923076923,7,0
2021,WAS,GibsAn00,Antonio Gibson,RB,23.19233401779603,2020_21,8,12.457142857142857,None,Full,Lower Leg,soft_tissue,0,7,17.0,0.834437086092715,7,0
2021,WAS,GibsAn00,Antonio Gibson,RB,23.19233401779603,2020_21,10,11.95,None,Limited,Lower Leg,soft_tissue,0,8,13.333333333333334,0.7173913043478262,14,0
2021,WAS,GibsAn00,Antonio Gibson,RB,23.19233401779603,2020_21,11,13.044444444444444,None,Limited,Lower Leg,soft_tissue,0,9,17.666666666666668,1.657894736842105,7,0
2021,WAS,GibsAn00,Antonio Gibson,RB,23.19233401779603,2020_21,12,12.49,None,Limited,Lower Leg,soft_tissue,0,10,18.666666666666668,1.065217391304348,8,0
2021,WAS,GibsAn00,Antonio Gibson,RB,23.19233401779603,2020_21,13,13.5,None,Full,Lower Leg,soft_tissue,0,11,27.0,1.406896551724138,6,0
2021,WAS,GibsAn00,Antonio Gibson,RB,23.19233401779603,2020_21,16,13.8,Questionable,DNP,Foot / Toe,ankle_foot,0,1,21.0,1.073394495412844,7,0
2021,WAS,GibsAn00,Antonio Gibson,RB,23.19233401779603,2020_21,17,13.8,None,DNP,Hip / Groin,soft_tissue,0,2,14.666666666666666,0.4868421052631578,7,1
2021,WAS,GibsAn00,Antonio Gibson,RB,23.19233401779603,2020_21,18,13.8,None,Full,Hip / Groin,soft_tissue,1,3,14.666666666666666,0.4868421052631578,7,0
2021,WAS,McKiJ.00,J.D. McKissic,RB,28.046543463381244,2020_21,13,11.627272727272727,Out,DNP,Head / Concussion,concussion,0,2,9.0,0.9,6,1
2021,WAS,McKiJ.00,J.D. McKissic,RB,28.046543463381244,2020_21,14,11.627272727272727,Questionable,Limited,Head / Concussion,concussion,1,3,9.0,0.9,7,1
2021,WAS,McLaTe00,Terry McLaurin,WR,25.963039014373717,2020_21,6,17.4,Questionable,DNP,Hamstring,soft_tissue,0,1,10.333333333333334,0.8600682593856656,7,0
2021,WAS,McLaTe00,Terry McLaurin,WR,25.963039014373717,2020_21,7,15.633333333333335,None,Full,Hamstring,soft_tissue,0,2,10.666666666666666,1.0288808664259927,7,0
2021,WAS,McLaTe00,Terry McLaurin,WR,25.963039014373717,2020_21,8,17.0,None,Full,Hamstring,soft_tissue,0,3,10.333333333333334,1.0000000000000002,7,0
2021,WAS,McLaTe00,Terry McLaurin,WR,25.963039014373717,2020_21,11,15.266666666666667,None,Full,Shoulder,other,0,1,9.333333333333334,1.0510948905109487,7,0
2021,WAS,McLaTe00,Terry McLaurin,WR,25.963039014373717,2020_21,15,13.307692307692308,None,Limited,Head / Concussion,concussion,0,1,5.0,0.5326086956521738,7,0
2021,WAS,SamuCu00,Curtis Samuel,WR,25.05681040383299,2020_21,1,14.139999999999999,None,DNP,Hip / Groin,soft_tissue,0,1,,,7,1
2022,ARI,BrowMa04,Marquise Brown,WR,25.242984257357975,2022plus,4,17.3421875,Questionable,Limited,Foot / Toe,ankle_foot,0,3,11.333333333333334,1.0106382978723405,7,0
2022,ARI,BrowMa04,Marquise Brown,WR,25.242984257357975,2022plus,5,18.975,None,Full,Foot / Toe,ankle_foot,0,4,13.0,0.9858657243816255,7,0
2022,ARI,BrowMa04,Marquise Brown,WR,25.242984257357975,2022plus,7,18.25,Out,DNP,Foot / Toe,ankle_foot,0,1,10.0,1.0105263157894737,4,1
2022,ARI,BrowMa04,Marquise Brown,WR,25.242984257357975,2022plus,16,14.822222222222223,Questionable,Limited,Hip / Groin,soft_tissue,0,2,8.0,0.9238754325259516,7,0
2022,ARI,BrowMa04,Marquise Brown,WR,25.242984257357975,2022plus,18,14.02727272727273,None,Full,Hand / Wrist,other,0,1,8.0,1.0876494023904382,7,0
2022,ARI,ConnJa00,James Conner,RB,27.326488706365502,2022plus,3,14.49,Questionable,Limited,Ankle,ankle_foot,0,1,13.5,0.2916666666666667,7,0
2022,ARI,ConnJa00,James Conner,RB,27.326488706365502,2022plus,4,12.37,None,Full,Knee,knee,0,2,15.0,1.2903225806451613,7,0
2022,ARI,ConnJa00,James Conner,RB,27.326488706365502,2022plus,18,15.399999999999999,Out,DNP,Knee,knee,0,2,21.0,0.5830388692579506,7,1
2022,ARI,DortGr01,Greg Dortch,WR,24.26009582477755,2022plus,4,15.266666666666666,None,Full,Back,other,0,1,7.666666666666667,1.0,7,0
2022,ARI,ErtzZa00,Zach Ertz,TE,31.808350444900753,2022plus,1,10.629411764705884,Questionable,Limited,Lower Leg,soft_tissue,0,1,,,7,0
2022,ARI,ErtzZa00,Zach Ertz,TE,31.808350444900753,2022plus,2,10.822058823529412,None,Full,Lower Leg,soft_tissue,0,2,4.0,,7,0
2022,ARI,ErtzZa00,Zach Ertz,TE,31.808350444900753,2022plus,11,11.56,Out,DNP,Knee,knee,0,1,4.666666666666667,0.1471698113207547,8,1
2022,ARI,ErtzZa00,Zach Ertz,TE,31.808350444900753,2022plus,12,11.56,Out,DNP,Knee,knee,1,2,4.666666666666667,0.1471698113207547,6,1
2022,ARI,HopkDe00,DeAndre Hopkins,WR,30.236824093086927,2022plus,11,21.9,Questionable,Limited,Hamstring,soft_tissue,0,1,10.666666666666666,0.986013986013986,8,0
2022,ARI,HopkDe00,DeAndre Hopkins,WR,30.236824093086927,2022plus,17,16.855555555555554,Questionable,DNP,Knee,knee,0,1,10.666666666666666,1.111553784860558,7,1
2022,ARI,HopkDe00,DeAndre Hopkins,WR,30.236824093086927,2022plus,18,16.855555555555554,Out,DNP,Knee,knee,1,2,10.666666666666666,1.111553784860558,7,1
2022,ARI,MurrKy00,Kyler Murray,QB,25.06776180698152,2022plus,10,19.40222222222222,Questionable,Limited,Hamstring,soft_tissue,0,1,43.0,1.0,7,1
2022,ARI,MurrKy00,Kyler Murray,QB,25.06776180698152,2022plus,11,19.40222222222222,Questionable,Limited,Hamstring,soft_tissue,1,2,43.0,1.0,8,1
2022,ARI,MurrKy00,Kyler Murray,QB,25.06776180698152,2022plus,12,19.40222222222222,None,Full,Hamstring,soft_tissue,1,3,43.0,1.0,6,0
2022,ATL,PattCo00,Cordarrelle Patterson,RB,31.460643394934976,2022plus,4,15.915625,Questionable,Limited,Knee,knee,0,1,18.666666666666668,0.9838709677419355,7,0
2022,BAL,AndrMa00,Mark Andrews,TE,26.986995208761122,2022plus,7,19.133333333333333,Questionable,Limited,Knee,knee,0,1,8.666666666666666,0.989247311827957,7,0
2022,BAL,AndrMa00,Mark Andrews,TE,26.986995208761122,2022plus,8,16.45714285714286,Questionable,DNP,Knee,knee,0,2,8.0,0.9395017793594306,4,0
2022,BAL,AndrMa00,Mark Andrews,TE,26.986995208761122,2022plus,9,15.1875,Doubtful,DNP,Knee,knee,0,3,6.333333333333333,0.14181818181818182,11,1
2022,BAL,AndrMa00,Mark Andrews,TE,26.986995208761122,2022plus,11,15.1875,Questionable,Full,Knee,knee,1,4,6.333333333333333,0.14181818181818182,13,0
2022,BAL,DobbJK00,J.K. Dobbins,RB,23.707049965776864,2022plus,5,14.15,None,Full,Chest / Ribs,other,0,5,13.0,1.1111111111111112,7,0
2022,BAL,EdwaGu00,Gus Edwards,RB,27.38672142368241,2022plus,8,18.6,Questionable,Limited,Knee,knee,0,1,17.0,,4,0
2022,BAL,EdwaGu00,Gus Edwards,RB,27.38672142368241,2022plus,9,12.55,Doubtful,DNP,Hamstring,soft_tissue,0,2,14.0,0.5833333333333334,11,1
2022,BAL,EdwaGu00,Gus Edwards,RB,27.38672142368241,2022plus,11,12.55,Questionable,Limited,Hamstring,soft_tissue,1,3,14.0,0.5833333333333334,13,1
2022,BAL,EdwaGu00,Gus Edwards,RB,27.38672142368241,2022plus,12,12.55,Questionable,Full,Hamstring,soft_tissue,1,4,14.0,0.5833333333333334,7,0
2022,BAL,JackLa00,Lamar Jackson,QB,25.648186173853524,2022plus,3,25.70916666666667,None,Full,Arm / Elbow,other,0,1,37.0,1.0,7,0
2022,BAL,JackLa00,Lamar Jackson,QB,25.648186173853524,2022plus,7,24.363333333333333,None,Full,Hip / Groin,soft_tissue,0,1,41.0,1.0,7,0
2022,BAL,JackLa00,Lamar Jackson,QB,25.648186173853524,2022plus,12,21.168,None,Full,Hip / Groin,soft_tissue,0,2,41.333333333333336,1.0,7,0
2022,BAL,JackLa00,Lamar Jackson,QB,25.648186173853524,2022plus,13,21.34,None,Full,Quad / Thigh,soft_tissue,0,3,41.0,1.0,7,0
2022,BAL,JackLa00,Lamar Jackson,QB,25.648186173853524,2022plus,14,19.673333333333336,Doubtful,DNP,Knee,knee,0,4,31.666666666666668,0.14,7,1
2022,BAL,JackLa00,Lamar Jackson,QB,25.648186173853524,2022plus,15,19.673333333333336,Out,DNP,Knee,knee,1,5,31.666666666666668,0.14,6,1
2022,BAL,JackLa00,Lamar Jackson,QB,25.648186173853524,2022plus,16,19.673333333333336,Out,DNP,Knee,knee,1,6,31.666666666666668,0.14,7,1
2022,BAL,JackLa00,Lamar Jackson,QB,25.648186173853524,2022plus,17,19.673333333333336,Out,DNP,Knee,knee,1,7,31.666666666666668,0.14,8,1
2022,BAL,JackLa00,Lamar Jackson,QB,25.648186173853524,2022plus,18,19.673333333333336,Out,DNP,Knee,knee,1,8,31.666666666666668,0.14,7,1
2022,BUF,AlleJo02,Josh Allen,QB,26.28062970568104,2022plus,10,26.915,Questionable,Limited,Arm / Elbow,other,0,1,42.0,1.048951048951049,7,0
2022,BUF,AlleJo02,Josh Allen,QB,26.28062970568104,2022plus,11,26.102222222222224,None,Limited,Arm / Elbow,other,0,2,41.0,1.0,7,0
2022,BUF,AlleJo02,Josh Allen,QB,26.28062970568104,2022plus,12,24.75,None,Limited,Arm / Elbow,other,0,3,40.666666666666664,1.0,4,0
2022,BUF,AlleJo02,Josh Allen,QB,26.28062970568104,2022plus,13,25.220000000000002,None,Full,Arm / Elbow,other,0,4,43.666666666666664,1.0,7,0
2022,BUF,AlleJo02,Josh Allen,QB,26.28062970568104,2022plus,14,24.528333333333336,None,Full,Arm / Elbow,other,0,5,41.0,1.0,10,0
2022,BUF,AlleJo02,Josh Allen,QB,26.28062970568104,2022plus,15,24.224615384615387,None,Full,Arm / Elbow,other,0,6,43.333333333333336,1.0,6,0
2022,BUF,AlleJo02,Josh Allen,QB,26.28062970568104,2022plus,16,25.055714285714284,None,Full,Arm / Elbow,other,0,7,42.666666666666664,1.0,7,0
2022,BUF,AlleJo02,Josh Allen,QB,26.28062970568104,2022plus,18,24.917333333333332,None,Full,Ankle,ankle_foot,0,8,39.666666666666664,1.0,6,0
2022,CAR,McCaCh01,Christian McCaffrey,RB,26.234086242299796,2022plus,1,18.214285714285715,None,Full,Lower Leg,soft_tissue,0,1,,,7,0
2022,CAR,McCaCh01,Christian McCaffrey,RB,26.234086242299796,2022plus,3,17.232142857142858,None,Full,Ankle,ankle_foot,0,3,17.5,1.1234567901234567,7,0
2022,CAR,McCaCh01,Christian McCaffrey,RB,26.234086242299796,2022plus,4,16.05357142857143,Questionable,Limited,Quad / Thigh,soft_tissue,0,4,21.333333333333332,0.9302325581395349,7,0
2022,CHI,FielJu00,Justin Fields,QB,23.49349760438056,2022plus,12,20.643636363636364,Questionable,Limited,Shoulder,other,0,1,38.333333333333336,1.0135135135135136,7,1
2022,CHI,FielJu00,Justin Fields,QB,23.49349760438056,2022plus,13,20.643636363636364,None,Full,Shoulder,other,1,2,38.333333333333336,1.0135135135135136,7,0
2022,CHI,FielJu00,Justin Fields,QB,23.49349760438056,2022plus,18,19.732000000000003,Out,DNP,Hip / Groin,soft_tissue,0,1,32.333333333333336,1.0344827586206897,7,1
2022,CIN,BurrJo01,Joe Burrow,QB,25.724845995893222,2022plus,15,22.36923076923077,None,Full,Arm / Elbow,other,0,1,42.333333333333336,1.0,7,0
2022,CIN,ChasJa00,Ja'Marr Chase,WR,22.50239561943874,2022plus,7,18.116666666666667,None,Full,Hip / Groin,soft_tissue,0,1,9.666666666666666,1.0462633451957295,7,0
2022,CIN,ChasJa00,Ja'Marr Chase,WR,22.50239561943874,2022plus,8,20.24285714285714,Out,DNP,Hip / Groin,soft_tissue,0,2,11.333333333333334,0.9554794520547947,8,1
2022,CIN,ChasJa00,Ja'Marr Chase,WR,22.50239561943874,2022plus,9,20.24285714285714,Out,DNP,Hip / Groin,soft_tissue,1,3,11.333333333333334,0.9554794520547947,6,1
2022,CIN,ChasJa00,Ja'Marr Chase,WR,22.50239561943874,2022plus,11,20.24285714285714,Out,DNP,Hip / Groin,soft_tissue,1,4,11.333333333333334,0.9554794520547947,14,1
2022,CIN,ChasJa00,Ja'Marr Chase,WR,22.50239561943874,2022plus,12,20.24285714285714,Questionable,Limited,Hip / Groin,soft_tissue,1,5,11.333333333333334,0.9554794520547947,7,1
2022,CIN,ChasJa00,Ja'Marr Chase,WR,22.50239561943874,2022plus,13,20.24285714285714,Questionable,Full,Hip / Groin,soft_tissue,1,6,11.333333333333334,0.9554794520547947,7,0
2022,CIN,HiggTe00,Tee Higgins,WR,23.619438740588638,2022plus,2,12.912500000000001,Questionable,Full,Head / Concussion,concussion,0,1,2.0,,7,0
2022,CIN,HiggTe00,Tee Higgins,WR,23.619438740588638,2022plus,3,13.775,None,Full,Foot / Toe,ankle_foot,0,2,6.0,3.0,7,0
2022,CIN,HiggTe00,Tee Higgins,WR,23.619438740588638,2022plus,4,13.4375,None,Full,Foot / Toe,ankle_foot,0,3,6.333333333333333,1.1826086956521742,4,0
2022,CIN,HiggTe00,Tee Higgins,WR,23.619438740588638,2022plus,5,15.875,Questionable,Limited,Ankle,ankle_foot,0,4,8.666666666666666,1.2622950819672132,10,0
2022,CIN,HiggTe00,Tee Higgins,WR,23.619438740588638,2022plus,6,15.875,Questionable,Limited,Ankle,ankle_foot,0,5,5.333333333333333,0.20512820512820515,7,0
2022,CIN,HiggTe00,Tee Higgins,WR,23.619438740588638,2022plus,7,14.84,None,Full,Ankle,ankle_foot,0,6,6.0,1.6024844720496891,7,0
2022,CIN,HiggTe00,Tee Higgins,WR,23.619438740588638,2022plus,14,16.009090909090908,None,Limited,Hamstring,soft_tissue,0,1,9.0,1.2455357142857142,7,0
2022,CIN,HiggTe00,Tee Higgins,WR,23.619438740588638,2022plus,15,16.009090909090908,Questionable,Full,Hamstring,soft_tissue,0,2,4.666666666666667,0.011764705882352941,7,0
2022,CIN,HiggTe00,Tee Higgins,WR,23.619438740588638,2022plus,16,16.033333333333335,None,Full,Hamstring,soft_tissue,0,3,4.333333333333333,1.3559322033898307,6,0
2022,CIN,MixoJo00,Joe Mixon,RB,26.105407255304584,2022plus,4,14.3984375,None,Full,Ankle,ankle_foot,0,1,26.0,0.8859060402684564,4,0
2022,CIN,MixoJo00,Joe Mixon,RB,26.105407255304584,2022plus,12,18.09,Out,DNP,Head / Concussion,concussion,0,1,18.0,0.3014354066985646,7,1
2022,CIN,MixoJo00,Joe Mixon,RB,26.105407255304584,2022plus,13,18.09,Questionable,Limited,Head / Concussion,concussion,1,2,18.0,0.3014354066985646,7,1
2022,CIN,MixoJo00,Joe Mixon,RB,26.105407255304584,2022plus,14,18.09,None,Full,Head / Concussion,concussion,1,3,18.0,0.3014354066985646,7,0
2022,CLE,ChubNi00,Nick Chubb,RB,26.680355920602327,2022plus,16,16.742857142857144,None,Limited,Foot / Toe,ankle_foot,0,1,19.333333333333332,1.2138728323699421,7,0
2022,CLE,NjokDa00,David Njoku,TE,26.143737166324435,2022plus,5,10.375,None,Full,Knee,knee,0,2,7.666666666666667,1.018450184501845,7,0
2022,CLE,NjokDa00,David Njoku,TE,26.143737166324435,2022plus,8,11.314285714285715,Out,DNP,Ankle,ankle_foot,0,2,6.333333333333333,0.7237354085603112,8,1
2022,CLE,NjokDa00,David Njoku,TE,26.143737166324435,2022plus,10,11.314285714285715,Out,DNP,Ankle,ankle_foot,1,3,6.333333333333333,0.7237354085603112,13,1
2022,CLE,NjokDa00,David Njoku,TE,26.143737166324435,2022plus,11,11.314285714285715,Questionable,Limited,Ankle,ankle_foot,1,4,6.333333333333333,0.7237354085603112,7,0
2022,CLE,NjokDa00,David Njoku,TE,26.143737166324435,2022plus,12,10.3625,None,Limited,Ankle,ankle_foot,0,5,5.333333333333333,0.48898678414096913,7,0
2022,CLE,NjokDa00,David Njoku,TE,26.143737166324435,2022plus,13,10.755555555555555,Out,DNP,Knee,knee,0,6,5.666666666666667,1.3575418994413408,7,1
2022,CLE,NjokDa00,David Njoku,TE,26.143737166324435,2022plus,14,10.755555555555555,None,Limited,Knee,knee,1,7,5.666666666666667,1.3575418994413408,7,0
2022,CLE,NjokDa00,David Njoku,TE,26.143737166324435,2022plus,15,11.55,None,Full,Knee,knee,0,8,6.666666666666667,1.6,6,0
2022,CLE,NjokDa00,David Njoku,TE,26.143737166324435,2022plus,16,11.027272727272727,None,Full,Knee,knee,0,9,7.666666666666667,1.3177570093457942,7,0
2022,DAL,ElliEz00,Ezekiel Elliott,RB,27.1129363449692,2022plus,8,11.071428571428571,Doubtful,DNP,Knee,knee,0,1,17.0,0.7736842105263159,7,1
2022,DAL,ElliEz00,Ezekiel Elliott,RB,27.1129363449692,2022plus,10,11.071428571428571,Questionable,Limited,Knee,knee,1,2,17.0,0.7736842105263159,14,1
2022,DAL,ElliEz00,Ezekiel Elliott,RB,27.1129363449692,2022plus,11,11.071428571428571,Questionable,Limited,Knee,knee,1,3,17.0,0.7736842105263159,7,0
2022,DAL,ElliEz00,Ezekiel Elliott,RB,27.1129363449692,2022plus,12,11.9,None,Full,Knee,knee,0,4,15.0,0.49714285714285705,4,0
2022,DAL,LambCe00,CeeDee Lamb,WR,23.40041067761807,2022plus,5,16.1,Questionable,Limited,Hip / Groin,soft_tissue,0,1,10.666666666666666,0.9930313588850174,7,0
2022,DAL,LambCe00,CeeDee Lamb,WR,23.40041067761807,2022plus,6,14.940000000000001,Questionable,DNP,Hip / Groin,soft_tissue,0,2,9.333333333333334,0.9789473684210528,7,0
2022,DAL,LambCe00,CeeDee Lamb,WR,23.40041067761807,2022plus,7,14.566666666666668,None,Full,Hip / Groin,soft_tissue,0,3,9.333333333333334,0.9858657243816255,7,0
2022,DAL,PollTo00,Tony Pollard,RB,25.338809034907598,2022plus,17,16.46,Questionable,DNP,Quad / Thigh,soft_tissue,0,1,18.666666666666668,1.0324675324675325,5,1
2022,DAL,PollTo00,Tony Pollard,RB,25.338809034907598,2022plus,18,16.46,None,Full,Quad / Thigh,soft_tissue,1,2,18.666666666666668,1.0324675324675325,10,0
2022,DAL,PresDa01,Dak Prescott,QB,29.09240246406571,2022plus,1,20.035,None,Full,Ankle,ankle_foot,0,1,,,7,0
2022,DEN,EdmoCh00,Chase Edmonds,RB,26.38466803559206,2022plus,1,11.941666666666668,None,Full,Hip / Groin,soft_tissue,0,1,,,7,1
2022,DEN,JeudJe00,Jerry Jeudy,WR,23.356605065023956,2022plus,17,13.00769230769231,Questionable,Limited,Ankle,ankle_foot,0,1,9.0,1.3846153846153846,7,0
2022,DEN,JeudJe00,Jerry Jeudy,WR,23.356605065023956,2022plus,18,12.85,None,Full,Ankle,ankle_foot,0,2,8.666666666666666,1.0809716599190284,7,0
2022,DEN,MurrLa00,Latavius Murray,RB,32.61875427789185,2022plus,12,11.5,None,Full,Hand / Wrist,other,0,2,16.333333333333332,1.3157894736842104,7,0
2022,DEN,MurrLa00,Latavius Murray,RB,32.61875427789185,2022plus,16,11.72,Questionable,Limited,Foot / Toe,ankle_foot,0,1,19.666666666666668,0.9458128078817734,7,0
2022,DEN,WilsRu00,Russell Wilson,QB,33.75496235455168,2022plus,5,16.35,None,Limited,Shoulder,other,0,1,33.666666666666664,1.0,4,0
2022,DET,HockTJ00,T.J. Hockenson,TE,25.163586584531142,2022plus,5,16.025000000000002,None,Full,Hip / Groin,soft_tissue,0,3,7.666666666666667,1.03125,7,0
2022,DET,HockTJ00,T.J. Hockenson,TE,25.163586584531142,2022plus,8,12.41666666666667,None,Full,Knee,knee,0,1,7.0,0.9999999999999999,7,0
2022,DET,ReynJo00,Josh Reynolds,WR,27.540041067761805,2022plus,5,13.325000000000001,Questionable,Limited,Ankle,ankle_foot,0,2,7.0,1.0909090909090908,7,0
2022,DET,ReynJo00,Josh Reynolds,WR,27.540041067761805,2022plus,7,13.7,Questionable,Limited,Knee,knee,0,3,9.333333333333334,1.1617021276595745,14,0
2022,DET,StxxAm00,Amon-Ra St. Brown,WR,22.855578370978783,2022plus,4,21.8265625,Out,DNP,Ankle,ankle_foot,0,1,11.666666666666666,0.8439306358381503,7,1
2022,DET,StxxAm00,Amon-Ra St. Brown,WR,22.855578370978783,2022plus,5,21.8265625,Questionable,Limited,Ankle,ankle_foot,1,2,11.666666666666666,0.8439306358381503,7,0
2022,DET,StxxAm00,Amon-Ra St. Brown,WR,22.855578370978783,2022plus,7,19.725,None,Full,Ankle,ankle_foot,0,3,9.666666666666666,0.3902439024390244,14,0
2022,DET,StxxAm00,Amon-Ra St. Brown,WR,22.855578370978783,2022plus,8,16.060000000000002,Questionable,Full,Head / Concussion,concussion,0,4,5.333333333333333,0.26842105263157895,7,0
2022,DET,SwifDA00,D'Andre Swift,RB,23.630390143737166,2022plus,2,18.676923076923078,Questionable,Limited,Ankle,ankle_foot,0,1,18.0,,7,0
2022,DET,SwifDA00,D'Andre Swift,RB,23.630390143737166,2022plus,3,18.834615384615386,Questionable,Limited,Ankle,ankle_foot,0,2,14.0,0.7611940298507462,7,0
2022,DET,SwifDA00,D'Andre Swift,RB,23.630390143737166,2022plus,4,16.717307692307692,Out,DNP,Shoulder,other,0,3,13.0,0.694915254237288,7,1
2022,DET,SwifDA00,D'Andre Swift,RB,23.630390143737166,2022plus,5,16.717307692307692,Out,DNP,Shoulder,other,1,4,13.0,0.694915254237288,7,1
2022,DET,SwifDA00,D'Andre Swift,RB,23.630390143737166,2022plus,7,16.717307692307692,Questionable,Limited,Ankle,ankle_foot,1,5,13.0,0.694915254237288,14,1
2022,DET,SwifDA00,D'Andre Swift,RB,23.630390143737166,2022plus,8,16.717307692307692,None,Full,Shoulder,other,1,6,13.0,0.694915254237288,7,0
2022,DET,SwifDA00,D'Andre Swift,RB,23.630390143737166,2022plus,9,16.275000000000002,Questionable,Limited,Shoulder,other,0,7,10.333333333333334,1.0377358490566038,7,0
2022,DET,SwifDA00,D'Andre Swift,RB,23.630390143737166,2022plus,10,14.620000000000001,None,Full,Ankle,ankle_foot,0,8,9.0,0.326530612244898,7,0
2022,DET,SwifDA00,D'Andre Swift,RB,23.630390143737166,2022plus,11,13.550000000000002,None,Full,Shoulder,other,0,9,8.333333333333334,0.8303571428571429,7,0
2022,DET,SwifDA00,D'Andre Swift,RB,23.630390143737166,2022plus,12,13.357142857142858,None,Full,Shoulder,other,0,10,7.666666666666667,0.9117647058823529,4,0
2022,DET,SwifDA00,D'Andre Swift,RB,23.630390143737166,2022plus,14,13.877777777777778,None,Full,Ankle,ankle_foot,0,1,13.666666666666666,1.59375,7,0
2022,DET,WillJa06,Jamaal Williams,RB,27.41409993155373,2022plus,14,14.466666666666667,None,Full,Hand / Wrist,other,0,1,15.333333333333334,0.6923076923076923,7,0
2022,GB,JoneAa00,Aaron Jones,RB,27.748117727583846,2022plus,10,15.0,None,Limited,Ankle,ankle_foot,0,1,18.0,0.6243654822335024,7,0
2022,GB,JoneAa00,Aaron Jones,RB,27.748117727583846,2022plus,11,15.860000000000003,None,Limited,Lower Leg,soft_tissue,0,2,20.666666666666668,1.1538461538461537,4,0
2022,GB,JoneAa00,Aaron Jones,RB,27.748117727583846,2022plus,12,15.690909090909093,None,Limited,Lower Leg,soft_tissue,0,3,18.666666666666668,1.1123595505617978,10,0
2022,GB,JoneAa00,Aaron Jones,RB,27.748117727583846,2022plus,13,15.958333333333334,None,Limited,Lower Leg,soft_tissue,0,4,20.333333333333332,1.2033898305084745,7,0
2022,GB,JoneAa00,Aaron Jones,RB,27.748117727583846,2022plus,15,15.5,None,Limited,Ankle,ankle_foot,0,5,16.333333333333332,0.5507246376811594,15,0
2022,GB,JoneAa00,Aaron Jones,RB,27.748117727583846,2022plus,16,15.864285714285716,None,Limited,Knee,knee,0,6,17.333333333333332,0.9600000000000001,6,0
2022,GB,JoneAa00,Aaron Jones,RB,27.748117727583846,2022plus,17,15.166666666666666,None,Limited,Knee,knee,0,7,14.666666666666666,0.690909090909091,7,0
2022,GB,JoneAa00,Aaron Jones,RB,27.748117727583846,2022plus,18,15.05,None,Limited,Knee,knee,0,8,15.666666666666666,0.9090909090909092,7,0
2022,GB,LazaAl00,Allen Lazard,WR,26.72416153319644,2022plus,5,12.894642857142859,None,Limited,Ankle,ankle_foot,0,5,5.666666666666667,1.1228070175438596,7,0
2022,GB,LazaAl00,Allen Lazard,WR,26.72416153319644,2022plus,8,14.0,Out,DNP,Shoulder,other,0,1,8.0,0.6167247386759581,7,1
2022,GB,LazaAl00,Allen Lazard,WR,26.72416153319644,2022plus,9,14.0,Questionable,Limited,Shoulder,other,1,2,8.0,0.6167247386759581,7,0
2022,GB,LazaAl00,Allen Lazard,WR,26.72416153319644,2022plus,10,14.671428571428573,None,Limited,Shoulder,other,0,3,8.666666666666666,1.056,7,0
2022,GB,LazaAl00,Allen Lazard,WR,26.72416153319644,2022plus,11,13.775,None,Limited,Shoulder,other,0,4,7.0,1.2049180327868851,4,0
2022,GB,LazaAl00,Allen Lazard,WR,26.72416153319644,2022plus,12,13.433333333333334,None,Limited,Shoulder,other,0,5,8.333333333333334,1.126530612244898,10,0
2022,GB,WatsCh00,Christian Watson,WR,23.307323750855577,2022plus,17,12.116666666666667,Questionable,Limited,Hip / Groin,soft_tissue,0,1,7.333333333333333,0.42066420664206644,7,0
2022,HOU,PierDa01,Dameon Pierce,RB,22.532511978097194,2022plus,10,15.200000000000001,None,Full,Chest / Ribs,other,0,1,23.666666666666668,1.1196172248803828,10,0
2022,HOU,PierDa01,Dameon Pierce,RB,22.532511978097194,2022plus,15,12.8,Out,DNP,Ankle,ankle_foot,0,1,18.0,0.804878048780488,7,1
2022,IND,JackDe02,Deon Jackson,RB,23.534565366187543,2022plus,7,13.633333333333333,None,Full,Quad / Thigh,soft_tissue,0,1,13.0,3.0,7,0
2022,IND,PittMi01,Michael Pittman Jr.,WR,24.906228610540726,2022plus,2,17.301470588235297,Questionable,DNP,Quad / Thigh,soft_tissue,0,1,13.0,,7,1
2022,IND,PittMi01,Michael Pittman Jr.,WR,24.906228610540726,2022plus,3,17.301470588235297,None,Full,Quad / Thigh,soft_tissue,1,2,13.0,,7,0
2022,IND,TaylJo02,Jonathan Taylor,RB,23.616700889801507,2022plus,4,17.211764705882352,None,Full,Foot / Toe,ankle_foot,0,1,24.666666666666668,1.0133333333333334,7,0
2022,IND,TaylJo02,Jonathan Taylor,RB,23.616700889801507,2022plus,5,12.55,Out,DNP,Ankle,ankle_foot,0,2,19.666666666666668,1.168141592920354,4,1
2022,IND,TaylJo02,Jonathan Taylor,RB,23.616700889801507,2022plus,6,12.55,Questionable,Limited,Ankle,ankle_foot,1,3,19.666666666666668,1.168141592920354,10,1
2022,IND,TaylJo02,Jonathan Taylor,RB,23.616700889801507,2022plus,7,12.55,None,Full,Ankle,ankle_foot,1,4,19.666666666666668,1.168141592920354,7,0
2022,IND,TaylJo02,Jonathan Taylor,RB,23.616700889801507,2022plus,9,11.883333333333333,Out,DNP,Ankle,ankle_foot,0,1,19.333333333333332,0.9452054794520546,7,1
2022,IND,TaylJo02,Jonathan Taylor,RB,23.616700889801507,2022plus,10,11.883333333333333,None,Full,Ankle,ankle_foot,1,2,19.333333333333332,0.9452054794520546,7,0
2022,JAX,EtieTr00,Travis Etienne,RB,23.59753593429158,2022plus,13,12.636363636363637,Questionable,Limited,Foot / Toe,ankle_foot,0,1,15.333333333333334,0.10084033613445378,7,0
2022,JAX,JoneZa00,Zay Jones,WR,27.42505133470226,2022plus,13,12.43,Questionable,Limited,Chest / Ribs,other,0,1,9.666666666666666,0.9407665505226481,7,0
2022,JAX,LawrTr00,Trevor Lawrence,QB,22.90485968514716,2022plus,15,18.144615384615385,Questionable,Limited,Foot / Toe,ankle_foot,0,2,39.666666666666664,1.023890784982935,7,0
2022,JAX,LawrTr00,Trevor Lawrence,QB,22.90485968514716,2022plus,16,18.764285714285712,Questionable,Limited,Foot / Toe,ankle_foot,0,3,41.666666666666664,1.023890784982935,4,0
2022,JAX,LawrTr00,Trevor Lawrence,QB,22.90485968514716,2022plus,17,18.730666666666668,Questionable,Limited,Foot / Toe,ankle_foot,0,4,42.666666666666664,0.9829351535836177,10,0
2022,JAX,LawrTr00,Trevor Lawrence,QB,22.90485968514716,2022plus,18,17.84,Questionable,Limited,Foot / Toe,ankle_foot,0,5,35.333333333333336,0.7094594594594594,6,0
2022,KC,KelcTr00,Travis Kelce,TE,32.90622861054072,2022plus,6,22.360000000000003,None,Full,Hip / Groin,soft_tissue,0,1,9.0,0.9034749034749036,6,0
2022,KC,KelcTr00,Travis Kelce,TE,32.90622861054072,2022plus,10,20.925,None,Full,Neck,other,0,1,12.0,1.064102564102564,7,0
2022,KC,MahoPa00,Patrick Mahomes,QB,26.95687885010267,2022plus,2,24.680588235294117,None,Full,Hand / Wrist,other,0,1,42.0,,4,0
2022,KC,MahoPa00,Patrick Mahomes,QB,26.95687885010267,2022plus,14,25.051666666666666,None,Full,Foot / Toe,ankle_foot,0,1,37.666666666666664,1.0,7,0
2022,KC,MahoPa00,Patrick Mahomes,QB,26.95687885010267,2022plus,15,24.646153846153844,None,Full,Hand / Wrist,other,0,2,40.0,1.0,7,0
2022,KC,SmitJu00,JuJu Smith-Schuster,WR,25.7741273100616,2022plus,11,13.055555555555555,Out,DNP,Head / Concussion,concussion,0,1,8.0,0.504424778761062,7,1
2022,KC,SmitJu00,JuJu Smith-Schuster,WR,25.7741273100616,2022plus,12,13.055555555555555,None,Full,Head / Concussion,concussion,1,2,8.0,0.504424778761062,7,0
2022,KC,SmitJu00,JuJu Smith-Schuster,WR,25.7741273100616,2022plus,15,12.766666666666666,None,Full,Foot / Toe,ankle_foot,0,1,6.0,1.5986842105263157,7,0
2022,LA,HigbTy00,Tyler Higbee,TE,29.66461327857632,2022plus,6,12.400000000000002,Questionable,Limited,Ankle,ankle_foot,0,1,9.333333333333334,1.0246478873239437,7,0
2022,LA,HigbTy00,Tyler Higbee,TE,29.66461327857632,2022plus,12,9.1,Questionable,Limited,Knee,knee,0,1,5.666666666666667,1.2105263157894735,7,0
2022,LA,KuppCo00,Cooper Kupp,WR,29.21286789869952,2022plus,6,26.419999999999998,Questionable,Limited,Foot / Toe,ankle_foot,0,1,12.333333333333334,0.9865771812080537,7,0
2022,LA,KuppCo00,Cooper Kupp,WR,29.21286789869952,2022plus,9,24.52857142857143,None,Full,Ankle,ankle_foot,0,1,11.666666666666666,0.9661016949152541,7,0
2022,LAC,AlleKe00,Keenan Allen,WR,30.34633812457221,2022plus,2,14.734375000000002,Out,DNP,Hamstring,soft_tissue,0,1,4.0,,4,1
2022,LAC,AlleKe00,Keenan Allen,WR,30.34633812457221,2022plus,3,14.734375000000002,Questionable,DNP,Hamstring,soft_tissue,1,2,4.0,,10,1
2022,LAC,AlleKe00,Keenan Allen,WR,30.34633812457221,2022plus,4,14.734375000000002,Out,DNP,Hamstring,soft_tissue,1,3,4.0,,7,1
2022,LAC,AlleKe00,Keenan Allen,WR,30.34633812457221,2022plus,5,14.734375000000002,Out,DNP,Hamstring,soft_tissue,1,4,4.0,,7,1
2022,LAC,AlleKe00,Keenan Allen,WR,30.34633812457221,2022plus,6,14.734375000000002,Doubtful,Limited,Hamstring,soft_tissue,1,5,4.0,,8,1
2022,LAC,AlleKe00,Keenan Allen,WR,30.34633812457221,2022plus,7,14.734375000000002,Questionable,Limited,Hamstring,soft_tissue,1,6,4.0,,6,0
2022,LAC,EkelAu00,Austin Ekeler,RB,27.293634496919918,2022plus,9,24.957142857142856,None,Full,Core / Abdomen,other,0,1,23.666666666666668,1.2554347826086958,14,0
2022,LAC,EkelAu00,Austin Ekeler,RB,27.293634496919918,2022plus,17,22.10666666666667,None,Full,Knee,knee,0,1,20.0,0.9574468085106383,6,0
2022,LAC,EverGe00,Gerald Everett,TE,28.186173853524984,2022plus,5,12.275,None,Full,Hamstring,soft_tissue,0,1,7.333333333333333,0.951923076923077,7,0
2022,LAC,EverGe00,Gerald Everett,TE,28.186173853524984,2022plus,12,9.155555555555557,None,Full,Hip / Groin,soft_tissue,1,2,6.666666666666667,0.28491620111731847,7,0
2022,LAC,HerbJu00,Justin Herbert,QB,24.479123887748116,2022plus,3,22.878823529411765,Questionable,DNP,Chest / Ribs,other,0,1,44.0,0.99,10,0
2022,LAC,HerbJu00,Justin Herbert,QB,24.479123887748116,2022plus,4,20.424411764705887,None,Full,Chest / Ribs,other,0,2,44.666666666666664,1.0050251256281406,7,0
2022,LAC,HerbJu00,Justin Herbert,QB,24.479123887748116,2022plus,5,20.1,None,Full,Chest / Ribs,other,0,3,46.333333333333336,1.0033444816053512,7,0
2022,LAC,HerbJu00,Justin Herbert,QB,24.479123887748116,2022plus,6,18.964000000000002,None,Full,Chest / Ribs,other,0,4,42.666666666666664,1.0033444816053512,8,0
2022,LAC,WillMi07,Mike Williams,WR,27.90965092402464,2022plus,9,14.928571428571429,Out,DNP,Ankle,ankle_foot,0,1,9.333333333333334,0.8382352941176471,14,1
2022,LAC,WillMi07,Mike Williams,WR,27.90965092402464,2022plus,10,14.928571428571429,Out,DNP,Ankle,ankle_foot,1,2,9.333333333333334,0.8382352941176471,7,1
2022,LAC,WillMi07,Mike Williams,WR,27.90965092402464,2022plus,11,14.928571428571429,Questionable,Full,Ankle,ankle_foot,1,3,9.333333333333334,0.8382352941176471,7,0
2022,LAC,WillMi07,Mike Williams,WR,27.90965092402464,2022plus,12,13.375,Out,DNP,Ankle,ankle_foot,0,4,5.333333333333333,0.10588235294117647,7,1
2022,LAC,WillMi07,Mike Williams,WR,27.90965092402464,2022plus,13,13.375,Out,DNP,Ankle,ankle_foot,1,5,5.333333333333333,0.10588235294117647,7,1
2022,LAC,WillMi07,Mike Williams,WR,27.90965092402464,2022plus,14,13.375,None,Full,Ankle,ankle_foot,1,6,5.333333333333333,0.10588235294117647,7,0
2022,LAC,WillMi07,Mike Williams,WR,27.90965092402464,2022plus,15,14.511111111111111,None,Full,Ankle,ankle_foot,0,7,5.333333333333333,1.089385474860335,7,0
2022,LV,AdamDa01,Davante Adams,WR,29.686516084873375,2022plus,11,20.366666666666667,Questionable,Limited,Core / Abdomen,other,0,1,12.333333333333334,1.0608365019011408,7,0
2022,LV,JacoJo01,Josh Jacobs,RB,24.553045859000683,2022plus,8,22.233333333333334,None,Full,Foot / Toe,ankle_foot,0,1,28.0,1.0256410256410258,7,0
2022,LV,JacoJo01,Josh Jacobs,RB,24.553045859000683,2022plus,12,19.410000000000004,Questionable,Limited,Lower Leg,soft_tissue,0,1,25.666666666666668,1.1822660098522166,7,0
2022,LV,JacoJo01,Josh Jacobs,RB,24.553045859000683,2022plus,13,22.036363636363635,Questionable,Limited,Lower Leg,soft_tissue,0,2,32.333333333333336,1.039473684210526,7,0
2022,LV,JacoJo01,Josh Jacobs,RB,24.553045859000683,2022plus,14,21.95,Questionable,Limited,Quad / Thigh,soft_tissue,0,3,32.0,0.9453781512605042,4,0
2022,LV,JacoJo01,Josh Jacobs,RB,24.553045859000683,2022plus,15,21.753846153846155,Questionable,Limited,Quad / Thigh,soft_tissue,0,4,32.333333333333336,1.064102564102564,10,0
2022,LV,JacoJo01,Josh Jacobs,RB,24.553045859000683,2022plus,18,20.08125,Questionable,DNP,Hip / Groin,soft_tissue,0,1,21.0,0.8410041841004183,6,0
2022,LV,WallDa01,Darren Waller,TE,29.965776865160848,2022plus,7,9.875,Out,DNP,Hamstring,soft_tissue,0,2,3.3333333333333335,0.1875,13,1
2022,LV,WallDa01,Darren Waller,TE,29.965776865160848,2022plus,10,9.875,None,Limited,Hamstring,soft_tissue,1,5,3.3333333333333335,0.1875,7,1
2022,MIA,EdmoCh00,Chase Edmonds,RB,26.38466803559206,2022plus,1,11.941666666666668,None,Full,Hip / Groin,soft_tissue,0,1,,,7,0
2022,MIA,HillTy00,Tyreek Hill,WR,28.503764544832308,2022plus,5,22.8,Questionable,Limited,Quad / Thigh,soft_tissue,0,1,10.666666666666666,1.2314410480349345,10,0
2022,MIA,HillTy00,Tyreek Hill,WR,28.503764544832308,2022plus,6,20.84,None,Full,Quad / Thigh,soft_tissue,0,2,9.333333333333334,0.75,7,0
2022,MIA,HillTy00,Tyreek Hill,WR,28.503764544832308,2022plus,15,21.923076923076923,None,Full,Ankle,ankle_foot,0,2,11.333333333333334,0.9348837209302326,6,0
2022,MIA,TagoTu00,Tua Tagovailoa,QB,24.501026694045173,2022plus,4,19.754230769230773,Questionable,Limited,Back,other,0,1,35.0,0.93,4,0
2022,MIA,TagoTu00,Tua Tagovailoa,QB,24.501026694045173,2022plus,5,16.875,Out,DNP,Head / Concussion,concussion,0,2,28.0,0.3993174061433447,10,1
2022,MIA,TagoTu00,Tua Tagovailoa,QB,24.501026694045173,2022plus,6,16.875,Out,Full,Head / Concussion,concussion,1,3,28.0,0.3993174061433447,7,1
2022,MIA,TagoTu00,Tua Tagovailoa,QB,24.501026694045173,2022plus,8,16.688,None,Full,Hand / Wrist,other,0,1,24.0,1.2931034482758619,7,0
2022,MIA,TagoTu00,Tua Tagovailoa,QB,24.501026694045173,2022plus,13,19.56222222222222,None,Full,Ankle,ankle_foot,0,1,34.666666666666664,0.7448275862068965,7,0
2022,MIA,TagoTu00,Tua Tagovailoa,QB,24.501026694045173,2022plus,14,18.986,None,Full,Ankle,ankle_foot,0,2,34.0,1.1221374045801527,7,0
2022,MIA,TagoTu00,Tua Tagovailoa,QB,24.501026694045173,2022plus,17,17.763076923076923,Out,DNP,Head / Concussion,concussion,0,1,29.333333333333332,1.0067114093959733,7,1
2022,MIA,TagoTu00,Tua Tagovailoa,QB,24.501026694045173,2022plus,18,17.763076923076923,Out,DNP,Head / Concussion,concussion,1,2,29.333333333333332,1.0067114093959733,7,1
2022,MIA,WaddJa00,Jaylen Waddle,WR,23.76728268309377,2022plus,1,15.4875,None,Full,Quad / Thigh,soft_tissue,0,1,,,7,0
2022,MIA,WaddJa00,Jaylen Waddle,WR,23.76728268309377,2022plus,4,22.096875,Questionable,Limited,Hip / Groin,soft_tissue,0,1,10.666666666666666,1.0068027210884352,4,0
2022,MIA,WaddJa00,Jaylen Waddle,WR,23.76728268309377,2022plus,5,19.700000000000003,Questionable,Limited,Hip / Groin,soft_tissue,0,2,10.333333333333334,1.1674208144796379,10,0
2022,MIA,WaddJa00,Jaylen Waddle,WR,23.76728268309377,2022plus,6,16.82,None,Full,Hip / Groin,soft_tissue,0,3,5.333333333333333,0.9500000000000001,7,0
2022,MIA,WaddJa00,Jaylen Waddle,WR,23.76728268309377,2022plus,7,16.833333333333332,Questionable,Limited,Shoulder,other,0,4,6.333333333333333,1.0042372881355932,7,0
2022,MIA,WaddJa00,Jaylen Waddle,WR,23.76728268309377,2022plus,8,16.25714285714286,None,Full,Shoulder,other,0,5,6.333333333333333,0.9834024896265561,7,0
2022,MIA,WaddJa00,Jaylen Waddle,WR,23.76728268309377,2022plus,9,18.05,None,Full,Shoulder,other,0,6,8.0,0.9743589743589745,7,0
2022,MIA,WaddJa00,Jaylen Waddle,WR,23.76728268309377,2022plus,10,18.211111111111112,None,Full,Shoulder,other,0,7,7.0,0.9230769230769231,7,0
2022,MIA,WaddJa00,Jaylen Waddle,WR,23.76728268309377,2022plus,12,17.45,None,Full,Shoulder,other,0,8,7.0,0.9779735682819383,14,0
2022,MIA,WaddJa00,Jaylen Waddle,WR,23.76728268309377,2022plus,14,15.825000000000001,None,Full,Lower Leg,soft_tissue,0,1,6.666666666666667,0.75,7,0
2022,MIA,WaddJa00,Jaylen Waddle,WR,23.76728268309377,2022plus,18,15.55625,None,Full,Shoulder,other,0,1,6.0,1.0044052863436126,7,0
2022,MIA,WilsJe01,Jeff Wilson,RB,26.792607802874745,2022plus,6,12.500000000000002,None,Full,Shoulder,other,1,1,,,7,1
2022,MIN,CookDa01,Dalvin Cook,RB,27.06091718001369,2022plus,4,12.717307692307692,None,Full,Shoulder,other,0,1,18.0,0.8356164383561644,7,0
2022,MIN,HockTJ00,T.J. Hockenson,TE,25.163586584531142,2022plus,5,16.025000000000002,None,Full,Hip / Groin,soft_tissue,1,3,,,7,1
2022,MIN,HockTJ00,T.J. Hockenson,TE,25.163586584531142,2022plus,8,13.14,None,Full,Knee,knee,1,1,,,14,1
2022,MIN,JeffJu00,Justin Jefferson,WR,23.211498973305954,2022plus,11,23.24666666666667,None,Full,Foot / Toe,ankle_foot,0,1,12.666666666666666,1.0238907849829353,7,0
2022,MIN,JeffJu00,Justin Jefferson,WR,23.211498973305954,2022plus,12,21.552,None,Full,Foot / Toe,ankle_foot,0,2,11.666666666666666,0.7926421404682275,4,0
2022,NE,HarrDa06,Damien Harris,RB,25.5523613963039,2022plus,6,10.940000000000001,Questionable,Limited,Hamstring,soft_tissue,0,1,12.666666666666666,0.24390243902439027,7,1
2022,NE,HarrDa06,Damien Harris,RB,25.5523613963039,2022plus,7,10.940000000000001,None,Full,Hamstring,soft_tissue,1,2,12.666666666666666,0.24390243902439027,8,0
2022,NE,MeyeJa01,Jakobi Meyers,WR,25.809719370294317,2022plus,3,12.996875,Questionable,Limited,Knee,knee,0,1,10.0,0.9318181818181818,7,1
2022,NE,MeyeJa01,Jakobi Meyers,WR,25.809719370294317,2022plus,4,12.996875,Questionable,Limited,Knee,knee,1,2,10.0,0.9318181818181818,7,1
2022,NE,MeyeJa01,Jakobi Meyers,WR,25.809719370294317,2022plus,5,12.996875,Questionable,Limited,Knee,knee,1,3,10.0,0.9318181818181818,7,0
2022,NE,MeyeJa01,Jakobi Meyers,WR,25.809719370294317,2022plus,6,16.1109375,Questionable,Limited,Knee,knee,0,4,9.333333333333334,0.9411764705882354,7,0
2022,NE,MeyeJa01,Jakobi Meyers,WR,25.809719370294317,2022plus,13,13.444444444444445,Questionable,Limited,Shoulder,other,0,1,5.666666666666667,0.33852140077821,7,0
2022,NE,MeyeJa01,Jakobi Meyers,WR,25.809719370294317,2022plus,14,12.620000000000001,Out,DNP,Head / Concussion,concussion,0,2,5.0,0.8341463414634147,11,1
2022,NE,MeyeJa01,Jakobi Meyers,WR,25.809719370294317,2022plus,15,12.620000000000001,Questionable,Limited,Head / Concussion,concussion,1,3,5.0,0.8341463414634147,6,0
2022,NE,MeyeJa01,Jakobi Meyers,WR,25.809719370294317,2022plus,16,12.081818181818182,Questionable,Limited,Shoulder,other,0,4,5.0,1.027624309392265,6,0
2022,NE,MeyeJa01,Jakobi Meyers,WR,25.809719370294317,2022plus,18,13.084615384615384,Questionable,Limited,Shoulder,other,0,1,7.333333333333333,1.1232876712328768,7,0
2022,NE,StevRh00,Rhamondre Stevenson,RB,24.520191649555098,2022plus,15,15.43846153846154,Questionable,Limited,Ankle,ankle_foot,0,1,13.666666666666666,0.2558139534883721,6,0
2022,NE,StevRh00,Rhamondre Stevenson,RB,24.520191649555098,2022plus,16,16.107142857142858,Questionable,Limited,Ankle,ankle_foot,0,2,15.333333333333334,0.9801980198019802,6,0
2022,NE,StevRh00,Rhamondre Stevenson,RB,24.520191649555098,2022plus,17,15.253333333333334,Questionable,Limited,Ankle,ankle_foot,0,3,15.333333333333334,1.467741935483871,8,0
2022,NO,HillTa00,Taysom Hill,TE,32.02464065708419,2022plus,6,14.719999999999999,None,Full,Chest / Ribs,other,0,4,5.666666666666667,1.6363636363636362,7,0
2022,NO,KamaAl00,Alvin Kamara,RB,27.104722792607802,2022plus,2,15.440384615384618,Questionable,DNP,Chest / Ribs,other,0,1,13.0,,7,1
2022,NO,KamaAl00,Alvin Kamara,RB,27.104722792607802,2022plus,3,15.440384615384618,Questionable,Limited,Chest / Ribs,other,1,2,13.0,,7,0
2022,NO,KamaAl00,Alvin Kamara,RB,27.104722792607802,2022plus,4,12.751923076923077,Questionable,Limited,Chest / Ribs,other,0,3,17.5,1.129032258064516,7,1
2022,NO,KamaAl00,Alvin Kamara,RB,27.104722792607802,2022plus,5,12.751923076923077,Questionable,Limited,Chest / Ribs,other,1,4,17.5,1.129032258064516,7,0
2022,NO,OlavCh00,Chris Olave,WR,22.17932922655715,2022plus,6,15.180000000000001,Questionable,Full,Head / Concussion,concussion,0,1,8.666666666666666,0.5454545454545454,7,1
2022,NO,OlavCh00,Chris Olave,WR,22.17932922655715,2022plus,16,13.461538461538462,Out,DNP,Hamstring,soft_tissue,0,1,6.333333333333333,0.7945945945945946,6,1
2022,NO,OlavCh00,Chris Olave,WR,22.17932922655715,2022plus,17,13.461538461538462,Questionable,Limited,Hamstring,soft_tissue,1,2,6.333333333333333,0.7945945945945946,8,0
2022,NO,ThomMi05,Michael Thomas,WR,29.49760438056126,2022plus,4,17.033333333333335,Out,DNP,Foot / Toe,ankle_foot,0,1,7.333333333333333,0.9927007299270073,7,1
2022,NO,ThomMi05,Michael Thomas,WR,29.49760438056126,2022plus,5,17.033333333333335,Out,DNP,Foot / Toe,ankle_foot,1,2,7.333333333333333,0.9927007299270073,7,1
2022,NO,ThomMi05,Michael Thomas,WR,29.49760438056126,2022plus,6,17.033333333333335,Out,DNP,Foot / Toe,ankle_foot,1,3,7.333333333333333,0.9927007299270073,7,1
2022,NO,ThomMi05,Michael Thomas,WR,29.49760438056126,2022plus,7,17.033333333333335,Out,DNP,Foot / Toe,ankle_foot,1,4,7.333333333333333,0.9927007299270073,4,1
2022,NO,ThomMi05,Michael Thomas,WR,29.49760438056126,2022plus,8,17.033333333333335,Out,DNP,Foot / Toe,ankle_foot,1,5,7.333333333333333,0.9927007299270073,10,1
2022,NO,ThomMi05,Michael Thomas,WR,29.49760438056126,2022plus,9,17.033333333333335,None,DNP,Foot / Toe,ankle_foot,1,6,7.333333333333333,0.9927007299270073,8,1
2022,NO,WinsJa00,Jameis Winston,QB,28.65160848733744,2022plus,2,17.99357142857143,Questionable,Limited,Back,other,0,1,36.0,,7,0
2022,NYG,BarkSa00,Saquon Barkley,RB,25.557837097878167,2022plus,6,21.12,None,Limited,Shoulder,other,0,1,23.333333333333332,0.7666666666666666,7,0
2022,NYG,BarkSa00,Saquon Barkley,RB,25.557837097878167,2022plus,7,20.683333333333334,None,Full,Shoulder,other,0,2,25.666666666666668,1.035294117647059,7,0
2022,NYG,BarkSa00,Saquon Barkley,RB,25.557837097878167,2022plus,14,18.3,Questionable,Limited,Neck,other,0,1,20.0,1.1478260869565218,7,0
2022,NYJ,DaviCo03,Corey Davis,WR,27.638603696098563,2022plus,3,13.344444444444445,Questionable,Limited,Knee,knee,0,1,7.0,1.1617647058823528,7,0
2022,NYJ,HallBr03,Breece Hall,RB,21.253935660506503,2022plus,5,13.525,None,Full,Knee,knee,0,1,16.666666666666668,1.6097560975609757,7,0
2022,NYJ,KnigZo00,Zonovan Knight,RB,21.39082819986311,2022plus,16,12.025,Questionable,Full,Ankle,ankle_foot,0,1,17.333333333333332,0.96,4,0
2022,NYJ,WhitMi01,Mike White,QB,27.43874058863792,2022plus,15,17.66,Out,DNP,Chest / Ribs,other,0,1,45.0,0.91,7,1
2022,NYJ,WhitMi01,Mike White,QB,27.43874058863792,2022plus,16,17.66,Out,Limited,Chest / Ribs,other,1,2,45.0,0.91,4,1
2022,NYJ,WhitMi01,Mike White,QB,27.43874058863792,2022plus,17,17.66,None,Full,Chest / Ribs,other,1,3,45.0,0.91,10,0
2022,PHI,BrowAJ00,A.J. Brown,WR,25.17180013689254,2022plus,11,16.944444444444443,None,Full,Ankle,ankle_foot,0,8,6.666666666666667,0.9750000000000001,6,0
2022,PHI,BrowAJ00,A.J. Brown,WR,25.17180013689254,2022plus,17,17.759999999999998,None,Full,Knee,knee,0,14,10.0,1.078125,8,0
2022,PHI,HurtJa00,Jalen Hurts,QB,24.0684462696783,2022plus,16,26.398571428571426,Out,DNP,Shoulder,other,0,1,45.333333333333336,1.0676156583629894,6,1
2022,PHI,HurtJa00,Jalen Hurts,QB,24.0684462696783,2022plus,17,26.398571428571426,Doubtful,Limited,Shoulder,other,1,2,45.333333333333336,1.0676156583629894,8,1
2022,PHI,HurtJa00,Jalen Hurts,QB,24.0684462696783,2022plus,18,26.398571428571426,Questionable,Limited,Shoulder,other,1,3,45.333333333333336,1.0676156583629894,7,0
2022,PHI,SandMi01,Miles Sanders,RB,25.336071184120467,2022plus,4,11.316666666666666,None,Full,Hip / Groin,soft_tissue,0,1,17.0,1.1238095238095238,7,0
2022,PHI,SandMi01,Miles Sanders,RB,25.336071184120467,2022plus,17,13.82,None,Full,Knee,knee,0,1,18.0,0.9310344827586208,8,0
2022,PHI,SandMi01,Miles Sanders,RB,25.336071184120467,2022plus,18,13.3375,None,Full,Knee,knee,0,2,15.333333333333334,0.6857142857142857,7,0
2022,PHI,SmitDe07,DeVonta Smith,WR,23.797399041752225,2022plus,4,14.204411764705885,None,Full,Back,other,0,1,7.666666666666667,0.9128205128205129,7,0
2022,PHI,SmitDe07,DeVonta Smith,WR,23.797399041752225,2022plus,11,12.455555555555556,None,Full,Knee,knee,0,1,6.0,1.0238095238095237,6,0
2022,PHI,SmitDe07,DeVonta Smith,WR,23.797399041752225,2022plus,12,12.59,None,Full,Knee,knee,0,2,6.333333333333333,1.1325301204819278,7,0
2022,PHI,SmitDe07,DeVonta Smith,WR,23.797399041752225,2022plus,13,12.263636363636364,None,Full,Hip / Groin,soft_tissue,0,3,8.666666666666666,1.0371747211895912,7,0
2022,PIT,FreiPa00,Pat Freiermuth,TE,23.852156057494867,2022plus,6,9.9,Out,Limited,Head / Concussion,concussion,0,1,5.0,0.6391304347826088,7,1
2022,PIT,FreiPa00,Pat Freiermuth,TE,23.852156057494867,2022plus,7,9.9,None,Full,Head / Concussion,concussion,1,2,5.0,0.6391304347826088,7,0
2022,PIT,FreiPa00,Pat Freiermuth,TE,23.852156057494867,2022plus,8,10.833333333333334,None,Full,Ankle,ankle_foot,0,3,6.666666666666667,0.8939393939393938,7,0
2022,PIT,FreiPa00,Pat Freiermuth,TE,23.852156057494867,2022plus,15,10.666666666666666,None,Limited,Hip / Groin,soft_tissue,0,1,5.0,0.852791878172589,7,0
2022,PIT,FreiPa00,Pat Freiermuth,TE,23.852156057494867,2022plus,16,10.666666666666666,None,Full,Foot / Toe,ankle_foot,0,2,3.6666666666666665,0.9230769230769231,6,0
2022,PIT,HarrNa00,Najee Harris,RB,24.48186173853525,2022plus,2,15.916176470588235,None,Full,Foot / Toe,ankle_foot,0,1,12.0,,7,0
2022,PIT,HarrNa00,Najee Harris,RB,24.48186173853525,2022plus,11,11.04,None,Full,Knee,knee,0,1,18.666666666666668,0.8294930875576038,7,0
2022,PIT,HarrNa00,Najee Harris,RB,24.48186173853525,2022plus,13,12.532727272727273,None,Limited,Core / Abdomen,other,0,1,19.333333333333332,0.3901345291479821,6,0
2022,PIT,HarrNa00,Najee Harris,RB,24.48186173853525,2022plus,14,12.338333333333333,None,Full,Core / Abdomen,other,0,2,18.333333333333332,1.0939226519337015,7,0
2022,PIT,HarrNa00,Najee Harris,RB,24.48186173853525,2022plus,15,12.38923076923077,None,Full,Hip / Groin,soft_tissue,0,3,14.666666666666666,0.8983957219251336,7,0
2022,PIT,HarrNa00,Najee Harris,RB,24.48186173853525,2022plus,16,12.547142857142857,None,Full,Hip / Groin,soft_tissue,0,4,19.0,1.3112582781456956,6,0
2022,PIT,JohnDi01,Diontae Johnson,WR,26.157426420260094,2022plus,1,17.150000000000002,None,Full,Shoulder,other,0,1,,,7,0
2022,SEA,LockTy00,Tyler Lockett,WR,29.924709103353866,2022plus,6,16.919999999999998,None,Full,Hamstring,soft_tissue,0,1,8.333333333333334,1.1428571428571428,7,0
2022,SEA,LockTy00,Tyler Lockett,WR,29.924709103353866,2022plus,7,14.716666666666667,Questionable,DNP,Hamstring,soft_tissue,0,2,6.333333333333333,0.94921875,7,0
2022,SEA,LockTy00,Tyler Lockett,WR,29.924709103353866,2022plus,8,14.257142857142856,Questionable,Limited,Hamstring,soft_tissue,0,3,6.333333333333333,0.7647058823529412,7,0
2022,SEA,LockTy00,Tyler Lockett,WR,29.924709103353866,2022plus,9,14.3875,None,Full,Hamstring,soft_tissue,0,4,7.0,0.8553719008264462,7,0
2022,SEA,LockTy00,Tyler Lockett,WR,29.924709103353866,2022plus,10,14.755555555555556,None,Full,Hamstring,soft_tissue,0,5,7.0,1.0325581395348837,7,0
2022,SEA,LockTy00,Tyler Lockett,WR,29.924709103353866,2022plus,16,15.742857142857144,Out,DNP,Hand / Wrist,other,0,1,10.0,0.9925650557620819,9,1
2022,SEA,LockTy00,Tyler Lockett,WR,29.924709103353866,2022plus,17,15.742857142857144,Questionable,Full,Hand / Wrist,other,1,2,10.0,0.9925650557620819,8,0
2022,SEA,LockTy00,Tyler Lockett,WR,29.924709103353866,2022plus,18,14.926666666666668,Questionable,Limited,Lower Leg,soft_tissue,0,3,6.666666666666667,0.35555555555555557,7,0
2022,SEA,MetcDK00,D.K. Metcalf,WR,24.71457905544148,2022plus,9,12.2875,None,Full,Knee,knee,0,2,6.333333333333333,0.9219512195121953,7,0
2022,SEA,MetcDK00,D.K. Metcalf,WR,24.71457905544148,2022plus,10,12.555555555555555,None,Full,Knee,knee,0,3,6.0,1.4127906976744187,7,0
2022,SEA,MetcDK00,D.K. Metcalf,WR,24.71457905544148,2022plus,14,14.4,Questionable,DNP,Hip / Groin,soft_tissue,0,1,10.666666666666666,0.9961832061068702,7,0
2022,SEA,MetcDK00,D.K. Metcalf,WR,24.71457905544148,2022plus,15,14.684615384615386,None,Full,Hip / Groin,soft_tissue,0,2,11.0,1.0186567164179103,4,0
2022,SEA,MetcDK00,D.K. Metcalf,WR,24.71457905544148,2022plus,17,14.566666666666666,None,Limited,Knee,knee,0,1,9.333333333333334,1.0,8,0
2022,SEA,MetcDK00,D.K. Metcalf,WR,24.71457905544148,2022plus,18,13.7375,None,Full,Knee,knee,0,2,7.666666666666667,0.8880866425992779,7,0
2022,SEA,PennRa00,Rashaad Penny,RB,26.579055441478438,2022plus,5,11.700000000000001,None,Full,Shoulder,other,0,1,13.0,1.139664804469274,7,0
2022,SEA,SmitGe00,Geno Smith,QB,31.89322381930185,2022plus,14,18.755,None,Full,Shoulder,other,0,1,40.0,1.0,7,0
2022,SEA,WalkKe00,Kenneth Walker III,RB,21.864476386036962,2022plus,14,13.590909090909092,Questionable,DNP,Ankle,ankle_foot,0,1,12.333333333333334,0.2680851063829787,7,1
2022,SEA,WalkKe00,Kenneth Walker III,RB,21.864476386036962,2022plus,15,13.590909090909092,None,Full,Ankle,ankle_foot,1,2,12.333333333333334,0.2680851063829787,4,0
2022,SEA,WalkKe00,Kenneth Walker III,RB,21.864476386036962,2022plus,16,13.450000000000001,Questionable,DNP,Ankle,ankle_foot,0,3,12.0,1.2569832402234637,9,0
2022,SEA,WalkKe00,Kenneth Walker III,RB,21.864476386036962,2022plus,17,13.376923076923077,Questionable,Limited,Ankle,ankle_foot,0,4,16.333333333333332,0.9520958083832336,8,0
2022,SEA,WalkKe00,Kenneth Walker III,RB,21.864476386036962,2022plus,18,13.507142857142856,None,Full,Ankle,ankle_foot,0,5,23.0,1.1476510067114094,7,0
2022,SF,KittGe00,George Kittle,TE,28.895277207392198,2022plus,1,14.142857142857142,Questionable,DNP,Hip / Groin,soft_tissue,0,1,,,7,1
2022,SF,KittGe00,George Kittle,TE,28.895277207392198,2022plus,2,14.142857142857142,Questionable,Limited,Hip / Groin,soft_tissue,1,2,,,7,1
2022,SF,KittGe00,George Kittle,TE,28.895277207392198,2022plus,3,14.142857142857142,None,Full,Hip / Groin,soft_tissue,1,3,,,7,0
2022,SF,McCaCh01,Christian McCaffrey,RB,26.234086242299796,2022plus,1,18.214285714285715,None,Full,Lower Leg,soft_tissue,0,1,,,7,1
2022,SF,McCaCh01,Christian McCaffrey,RB,26.234086242299796,2022plus,3,17.232142857142858,None,Full,Ankle,ankle_foot,1,3,,,7,1
2022,SF,McCaCh01,Christian McCaffrey,RB,26.234086242299796,2022plus,4,16.05357142857143,Questionable,Limited,Quad / Thigh,soft_tissue,1,4,,,8,1
2022,SF,McCaCh01,Christian McCaffrey,RB,26.234086242299796,2022plus,13,19.150909090909092,None,Full,Knee,knee,0,1,17.0,0.8915094339622641,7,0
2022,SF,McCaCh01,Christian McCaffrey,RB,26.234086242299796,2022plus,14,19.938333333333336,None,Full,Knee,knee,0,2,19.333333333333332,1.268041237113402,7,0
2022,SF,McCaCh01,Christian McCaffrey,RB,26.234086242299796,2022plus,15,20.658461538461538,None,Full,Knee,knee,0,3,20.333333333333332,0.9952606635071091,4,0
2022,SF,McCaCh01,Christian McCaffrey,RB,26.234086242299796,2022plus,16,21.025714285714287,None,Full,Knee,knee,0,4,26.0,1.241860465116279,9,0
2022,SF,McCaCh01,Christian McCaffrey,RB,26.234086242299796,2022plus,17,20.544,None,Full,Knee,knee,0,5,22.666666666666668,0.9336099585062241,8,0
2022,SF,McCaCh01,Christian McCaffrey,RB,26.234086242299796,2022plus,18,21.216250000000002,None,Full,Ankle,ankle_foot,0,6,26.333333333333332,1.0897435897435899,7,0
2022,SF,SamuDe00,Deebo Samuel,WR,26.628336755646817,2022plus,8,14.357142857142858,Out,DNP,Hamstring,soft_tissue,0,1,10.333333333333334,1.0661157024793388,7,1
2022,SF,SamuDe00,Deebo Samuel,WR,26.628336755646817,2022plus,10,14.357142857142858,None,Full,Hamstring,soft_tissue,1,2,10.333333333333334,1.0661157024793388,14,0
2022,SF,SamuDe00,Deebo Samuel,WR,26.628336755646817,2022plus,12,14.444444444444445,Questionable,Limited,Hamstring,soft_tissue,0,1,10.0,0.6914062499999999,6,0
2022,SF,SamuDe00,Deebo Samuel,WR,26.628336755646817,2022plus,13,13.73,Questionable,Limited,Quad / Thigh,soft_tissue,0,2,10.333333333333334,1.021551724137931,7,0
2022,SF,SamuDe00,Deebo Samuel,WR,26.628336755646817,2022plus,14,13.6,None,Full,Quad / Thigh,soft_tissue,0,3,11.666666666666666,1.0933333333333333,7,0
2022,SF,SamuDe00,Deebo Samuel,WR,26.628336755646817,2022plus,15,13.666666666666666,Out,DNP,Ankle,ankle_foot,0,4,10.666666666666666,0.5863636363636364,4,1
2022,SF,SamuDe00,Deebo Samuel,WR,26.628336755646817,2022plus,16,13.666666666666666,Out,DNP,Ankle,ankle_foot,1,5,10.666666666666666,0.5863636363636364,9,1
2022,SF,SamuDe00,Deebo Samuel,WR,26.628336755646817,2022plus,17,13.666666666666666,Out,Limited,Ankle,ankle_foot,1,6,10.666666666666666,0.5863636363636364,8,1
2022,SF,SamuDe00,Deebo Samuel,WR,26.628336755646817,2022plus,18,13.666666666666666,None,Full,Ankle,ankle_foot,1,7,10.666666666666666,0.5863636363636364,7,0
2022,SF,WilsJe01,Jeff Wilson,RB,26.792607802874745,2022plus,6,12.500000000000002,None,Full,Shoulder,other,0,1,17.333333333333332,0.9255319148936171,7,0
2022,TB,EvanMi00,Mike Evans,WR,29.02943189596167,2022plus,2,16.8296875,Questionable,Limited,Lower Leg,soft_tissue,0,2,7.0,,7,0
2022,TB,EvanMi00,Mike Evans,WR,29.02943189596167,2022plus,8,16.066666666666666,None,Limited,Ankle,ankle_foot,0,4,9.0,0.9705882352941178,4,0
2022,TB,EvanMi00,Mike Evans,WR,29.02943189596167,2022plus,9,16.385714285714286,None,DNP,Ankle,ankle_foot,0,5,10.0,1.0483271375464684,10,0
2022,TB,EvanMi00,Mike Evans,WR,29.02943189596167,2022plus,10,15.4625,None,Limited,Chest / Ribs,other,0,6,12.333333333333334,0.9496402877697842,7,0
2022,TB,FourLe00,Leonard Fournette,RB,27.619438740588638,2022plus,2,17.617857142857144,Questionable,Limited,Hamstring,soft_tissue,0,1,23.0,,7,0
2022,TB,FourLe00,Leonard Fournette,RB,27.619438740588638,2022plus,3,15.40357142857143,Questionable,Limited,Hamstring,soft_tissue,0,2,25.5,1.144736842105263,7,0
2022,TB,FourLe00,Leonard Fournette,RB,27.619438740588638,2022plus,12,15.469999999999999,Doubtful,Limited,Hip / Groin,soft_tissue,0,1,14.333333333333334,0.4484536082474227,14,1
2022,TB,FourLe00,Leonard Fournette,RB,27.619438740588638,2022plus,13,15.469999999999999,Questionable,Full,Hip / Groin,soft_tissue,1,2,14.333333333333334,0.4484536082474227,8,0
2022,TB,FourLe00,Leonard Fournette,RB,27.619438740588638,2022plus,14,15.345454545454546,Questionable,DNP,Foot / Toe,ankle_foot,0,3,16.0,1.1042944785276074,6,0
2022,TB,GageRu00,Russell Gage,WR,26.60917180013689,2022plus,1,12.538461538461538,Questionable,Limited,Hamstring,soft_tissue,0,1,,,7,0
2022,TB,GodwCh00,Chris Godwin,WR,26.510609171800137,2022plus,1,17.314285714285713,Questionable,Full,Knee,knee,0,1,,,7,0
2022,TB,GodwCh00,Chris Godwin,WR,26.510609171800137,2022plus,2,14.610714285714284,Out,DNP,Hamstring,soft_tissue,0,2,3.0,,7,1
2022,TB,GodwCh00,Chris Godwin,WR,26.510609171800137,2022plus,3,14.610714285714284,Out,DNP,Hamstring,soft_tissue,1,3,3.0,,7,1
2022,TB,GodwCh00,Chris Godwin,WR,26.510609171800137,2022plus,4,14.610714285714284,Questionable,Limited,Hamstring,soft_tissue,1,4,3.0,,7,0
2022,TB,GodwCh00,Chris Godwin,WR,26.510609171800137,2022plus,5,13.507142857142856,None,Limited,Knee,knee,0,5,6.5,2.6774193548387095,7,0
2022,TEN,HenrDe00,Derrick Henry,RB,28.657084188911703,2022plus,17,19.264,Doubtful,Limited,Hip / Groin,soft_tissue,0,9,24.0,1.1044776119402986,5,1
2022,TEN,HenrDe00,Derrick Henry,RB,28.657084188911703,2022plus,18,19.264,None,Full,Hip / Groin,soft_tissue,1,10,24.0,1.1044776119402986,9,0
2022,TEN,HillDo00,Dontrell Hilliard,RB,27.512662559890487,2022plus,2,12.290625,Out,DNP,Hamstring,soft_tissue,0,1,6.0,,8,1
2022,TEN,HillDo00,Dontrell Hilliard,RB,27.512662559890487,2022plus,3,12.290625,None,Full,Hamstring,soft_tissue,1,2,6.0,,6,0
2022,TEN,PhilKy01,Kyle Philips,WR,23.208761122518823,2022plus,2,12.600000000000001,Questionable,Limited,Shoulder,other,0,1,9.0,,8,0
2022,WAS,DotsJa00,Jahan Dotson,WR,22.444900752908968,2022plus,5,13.05,Out,DNP,Hamstring,soft_tissue,0,1,5.666666666666667,0.645985401459854,7,1
2022,WAS,DotsJa00,Jahan Dotson,WR,22.444900752908968,2022plus,6,13.05,Out,DNP,Hamstring,soft_tissue,1,2,5.666666666666667,0.645985401459854,4,1
2022,WAS,DotsJa00,Jahan Dotson,WR,22.444900752908968,2022plus,7,13.05,Questionable,DNP,Hamstring,soft_tissue,1,3,5.666666666666667,0.645985401459854,10,1
2022,WAS,DotsJa00,Jahan Dotson,WR,22.444900752908968,2022plus,8,13.05,Out,DNP,Hamstring,soft_tissue,1,4,5.666666666666667,0.645985401459854,7,1
2022,WAS,DotsJa00,Jahan Dotson,WR,22.444900752908968,2022plus,9,13.05,Out,DNP,Hamstring,soft_tissue,1,5,5.666666666666667,0.645985401459854,7,1
2022,WAS,DotsJa00,Jahan Dotson,WR,22.444900752908968,2022plus,10,13.05,None,Full,Hamstring,soft_tissue,1,6,5.666666666666667,0.645985401459854,8,0
2022,WAS,GibsAn00,Antonio Gibson,RB,24.191649555099247,2022plus,11,12.65,None,Full,Knee,knee,0,1,15.0,1.0827067669172932,6,0
2022,WAS,GibsAn00,Antonio Gibson,RB,24.191649555099247,2022plus,13,12.350000000000001,Questionable,Limited,Foot / Toe,ankle_foot,0,1,16.666666666666668,0.7241379310344827,7,0
2022,WAS,GibsAn00,Antonio Gibson,RB,24.191649555099247,2022plus,15,12.007692307692308,None,Limited,Foot / Toe,ankle_foot,0,2,15.333333333333334,0.9303797468354429,14,0
2022,WAS,GibsAn00,Antonio Gibson,RB,24.191649555099247,2022plus,16,11.485714285714286,None,Full,Foot / Toe,ankle_foot,0,3,11.333333333333334,1.1320754716981132,6,0
2022,WAS,GibsAn00,Antonio Gibson,RB,24.191649555099247,2022plus,17,11.06,Out,DNP,Knee,knee,0,4,10.0,0.5761589403973509,8,1
2022,WAS,GibsAn00,Antonio Gibson,RB,24.191649555099247,2022plus,18,11.06,None,DNP,Knee,knee,1,5,10.0,0.5761589403973509,7,1
2022,WAS,SamuCu00,Curtis Samuel,WR,26.05612594113621,2022plus,11,12.47,None,Full,Lower Leg,soft_tissue,0,1,7.0,0.8495575221238939,6,0
2022,WAS,WentCa00,Carson Wentz,QB,29.67008898015058,2022plus,6,18.66,None,Full,Shoulder,other,0,1,44.0,1.0,4,0
2023,ARI,BrowMa04,Marquise Brown,WR,26.24229979466119,2022plus,1,13.0,Questionable,Limited,Hamstring,soft_tissue,0,1,,,7,0
2023,ARI,BrowMa04,Marquise Brown,WR,26.24229979466119,2022plus,4,14.05,Questionable,Limited,Hand / Wrist,other,0,1,7.666666666666667,1.0674157303370788,7,0
2023,ARI,ConnJa00,James Conner,RB,28.32580424366872,2022plus,2,14.549999999999999,None,Full,Lower Leg,soft_tissue,0,1,19.0,,7,0
2023,ARI,ConnJa00,James Conner,RB,28.32580424366872,2022plus,4,15.9,None,Full,Back,other,0,1,19.666666666666668,0.8205128205128205,7,0
2023,ARI,ConnJa00,James Conner,RB,28.32580424366872,2022plus,10,11.88,Questionable,Limited,Knee,knee,1,1,11.666666666666666,0.3181818181818182,7,0
2023,ARI,ErtzZa00,Zach Ertz,TE,32.80766598220397,2022plus,1,11.56,Questionable,Limited,Knee,knee,0,1,,,7,0
2023,ARI,MurrKy00,Kyler Murray,QB,26.067077344284737,2022plus,7,18.22909090909091,Out,Limited,Knee,knee,1,1,,,7,1
2023,ARI,MurrKy00,Kyler Murray,QB,26.067077344284737,2022plus,8,18.22909090909091,Doubtful,Full,Knee,knee,1,2,,,7,1
2023,ARI,MurrKy00,Kyler Murray,QB,26.067077344284737,2022plus,9,18.22909090909091,Questionable,Full,Knee,knee,1,3,,,7,1
2023,ATL,PattCo00,Cordarrelle Patterson,RB,32.459958932238195,2022plus,1,11.900000000000002,Questionable,Limited,Quad / Thigh,soft_tissue,0,1,,,7,1
2023,ATL,PattCo00,Cordarrelle Patterson,RB,32.459958932238195,2022plus,2,11.900000000000002,None,Full,Quad / Thigh,soft_tissue,1,2,,,7,1
2023,ATL,PattCo00,Cordarrelle Patterson,RB,32.459958932238195,2022plus,3,11.900000000000002,Questionable,Limited,Quad / Thigh,soft_tissue,1,3,,,7,1
2023,ATL,PattCo00,Cordarrelle Patterson,RB,32.459958932238195,2022plus,4,11.900000000000002,Questionable,Limited,Quad / Thigh,soft_tissue,1,4,,,7,0
2023,BAL,AndrMa00,Mark Andrews,TE,27.98631074606434,2022plus,1,12.7,Questionable,Limited,Quad / Thigh,soft_tissue,0,1,,,7,1
2023,BAL,AndrMa00,Mark Andrews,TE,27.98631074606434,2022plus,2,12.7,Questionable,Full,Quad / Thigh,soft_tissue,1,2,,,7,0
2023,BAL,AndrMa00,Mark Andrews,TE,27.98631074606434,2022plus,12,13.540000000000001,Out,DNP,Ankle,ankle_foot,0,1,5.333333333333333,0.1609756097560976,10,1
2023,BAL,FlowZa00,Zay Flowers,WR,22.97056810403833,2022plus,18,12.9,Doubtful,DNP,Lower Leg,soft_tissue,0,3,6.0,0.6486486486486488,6,1
2023,BUF,AlleJo02,Josh Allen,QB,27.279945242984258,2022plus,7,22.02333333333333,None,Full,Shoulder,other,0,1,35.0,1.0777777777777777,7,0
2023,BUF,AlleJo02,Josh Allen,QB,27.279945242984258,2022plus,8,22.34857142857143,None,Full,Shoulder,other,0,2,41.333333333333336,1.0600706713780919,4,0
2023,BUF,AlleJo02,Josh Allen,QB,27.279945242984258,2022plus,9,23.1875,None,Full,Shoulder,other,0,3,42.333333333333336,1.0101010101010102,10,0
2023,BUF,AlleJo02,Josh Allen,QB,27.279945242984258,2022plus,10,23.357777777777777,None,Full,Shoulder,other,0,4,47.0,1.0101010101010102,8,0
2023,BUF,AlleJo02,Josh Allen,QB,27.279945242984258,2022plus,11,22.46,None,Full,Shoulder,other,0,5,41.0,1.0,6,0
2023,BUF,AlleJo02,Josh Allen,QB,27.279945242984258,2022plus,12,22.463636363636365,None,Full,Shoulder,other,0,6,37.666666666666664,0.95,7,0
2023,BUF,AlleJo02,Josh Allen,QB,27.279945242984258,2022plus,14,23.896666666666665,None,Full,Shoulder,other,0,7,42.333333333333336,1.0169491525423728,14,0
2023,BUF,AlleJo02,Josh Allen,QB,27.279945242984258,2022plus,15,23.63692307692308,None,Full,Shoulder,other,0,8,49.666666666666664,1.0169491525423728,7,0
2023,BUF,AlleJo02,Josh Allen,QB,27.279945242984258,2022plus,16,23.102857142857143,None,Full,Shoulder,other,0,9,45.0,0.9152542372881356,6,0
2023,BUF,AlleJo02,Josh Allen,QB,27.279945242984258,2022plus,18,23.09875,None,Full,Neck,other,0,1,30.0,1.0034482758620689,7,0
2023,BUF,DiggSt00,Stefon Diggs,WR,29.754962354551676,2022plus,10,21.711111111111112,None,Limited,Back,other,0,1,10.333333333333334,1.021505376344086,8,0
2023,BUF,KincDa00,Dalton Kincaid,TE,23.871321013004792,2022plus,14,10.30909090909091,None,Full,Hand / Wrist,other,0,1,6.333333333333333,0.7854077253218883,14,0
2023,BUF,KincDa00,Dalton Kincaid,TE,23.871321013004792,2022plus,15,10.041666666666666,None,Limited,Hand / Wrist,other,0,2,7.0,1.1470588235294117,7,0
2023,CAR,SandMi01,Miles Sanders,RB,26.33538672142368,2022plus,3,11.248529411764707,None,Full,Chest / Ribs,other,0,1,21.5,1.087719298245614,6,0
2023,CAR,SandMi01,Miles Sanders,RB,26.33538672142368,2022plus,4,12.361764705882354,Questionable,DNP,Hip / Groin,soft_tissue,0,2,20.333333333333332,1.092436974789916,7,0
2023,CHI,FielJu00,Justin Fields,QB,24.49281314168378,2022plus,8,17.62333333333333,Out,DNP,Hand / Wrist,other,1,2,32.333333333333336,0.53,7,1
2023,CHI,FielJu00,Justin Fields,QB,24.49281314168378,2022plus,9,17.62333333333333,Doubtful,Limited,Hand / Wrist,other,1,3,32.333333333333336,0.53,7,1
2023,CHI,FielJu00,Justin Fields,QB,24.49281314168378,2022plus,10,17.62333333333333,Doubtful,Limited,Hand / Wrist,other,1,4,32.333333333333336,0.53,4,1
2023,CHI,ForeDO00,D'Onta Foreman,RB,27.353867214236825,2022plus,11,12.533333333333333,Questionable,Limited,Ankle,ankle_foot,0,1,18.0,1.1605839416058394,10,0
2023,CHI,KmetCo00,Cole Kmet,TE,24.479123887748116,2022plus,6,12.84,None,Full,Hamstring,soft_tissue,0,1,5.666666666666667,1.1422018348623855,10,0
2023,CHI,KmetCo00,Cole Kmet,TE,24.479123887748116,2022plus,10,12.055555555555555,None,Full,Knee,knee,0,1,6.0,0.9550561797752809,4,0
2023,CHI,KmetCo00,Cole Kmet,TE,24.479123887748116,2022plus,16,11.37857142857143,Questionable,Limited,Quad / Thigh,soft_tissue,0,1,6.666666666666667,1.0238095238095237,7,0
2023,CHI,KmetCo00,Cole Kmet,TE,24.479123887748116,2022plus,17,11.6,Questionable,Limited,Knee,knee,0,2,6.0,0.4980694980694981,7,0
2023,CHI,KmetCo00,Cole Kmet,TE,24.479123887748116,2022plus,18,11.6,Questionable,Full,Knee,knee,0,3,4.0,0.2523364485981308,7,0
2023,CHI,MoorD.00,D.J. Moore,WR,26.38193018480493,2022plus,15,17.784615384615385,Questionable,Full,Ankle,ankle_foot,0,1,11.666666666666666,0.9752650176678446,7,0
2023,CHI,MoorD.00,D.J. Moore,WR,26.38193018480493,2022plus,18,17.25625,None,Full,Ankle,ankle_foot,0,1,9.0,0.9566929133858268,7,0
2023,CIN,BurrJo01,Joe Burrow,QB,26.72416153319644,2022plus,1,21.91875,None,Full,Lower Leg,soft_tissue,0,1,,,7,0
2023,CIN,BurrJo01,Joe Burrow,QB,26.72416153319644,2022plus,2,17.2340625,None,Full,Lower Leg,soft_tissue,0,2,32.0,,7,0
2023,CIN,ChasJa00,Ja'Marr Chase,WR,23.50171115674196,2022plus,10,19.637500000000003,Questionable,Limited,Back,other,0,1,11.666666666666666,0.989010989010989,7,0
2023,CIN,ChasJa00,Ja'Marr Chase,WR,23.50171115674196,2022plus,15,18.40923076923077,None,Full,Ankle,ankle_foot,0,1,7.333333333333333,0.9255319148936171,6,0
2023,CIN,ChasJa00,Ja'Marr Chase,WR,23.50171115674196,2022plus,16,17.837142857142858,Out,DNP,Shoulder,other,0,2,6.666666666666667,0.7859778597785978,7,1
2023,CIN,ChasJa00,Ja'Marr Chase,WR,23.50171115674196,2022plus,17,17.837142857142858,Questionable,Limited,Shoulder,other,1,3,6.666666666666667,0.7859778597785978,8,0
2023,CIN,ChasJa00,Ja'Marr Chase,WR,23.50171115674196,2022plus,18,17.121333333333332,None,Full,Shoulder,other,0,4,5.0,0.8622047244094487,7,0
2023,CIN,MixoJo00,Joe Mixon,RB,27.104722792607802,2022plus,9,12.714285714285714,Questionable,Full,Chest / Ribs,other,0,1,21.333333333333332,0.995575221238938,7,0
2023,CIN,MixoJo00,Joe Mixon,RB,27.104722792607802,2022plus,17,14.906666666666666,None,Limited,Ankle,ankle_foot,0,1,17.666666666666668,0.8676470588235293,8,0
2023,CLE,CoopAm00,Amari Cooper,WR,29.207392197125255,2022plus,2,12.52794117647059,Questionable,Limited,Hip / Groin,soft_tissue,0,2,7.0,,8,0
2023,CLE,CoopAm00,Amari Cooper,WR,29.207392197125255,2022plus,3,12.910294117647059,None,Limited,Hip / Groin,soft_tissue,0,3,8.5,1.161290322580645,6,0
2023,CLE,CoopAm00,Amari Cooper,WR,29.207392197125255,2022plus,14,11.825000000000001,Questionable,Limited,Head / Concussion,concussion,0,13,6.333333333333333,0.3764705882352941,7,0
2023,CLE,FlacJo00,Joe Flacco,QB,38.62286105407255,2022plus,16,17.786666666666665,None,Full,Lower Leg,soft_tissue,0,1,46.0,1.0050761421319796,7,0
2023,CLE,FlacJo00,Joe Flacco,QB,38.62286105407255,2022plus,17,19.544999999999998,None,Full,Lower Leg,soft_tissue,0,2,46.0,0.902027027027027,4,0
2023,CLE,FlacJo00,Joe Flacco,QB,38.62286105407255,2022plus,18,20.168,None,Full,Lower Leg,soft_tissue,0,3,40.0,1.0526315789473684,10,1
2023,CLE,FordJe00,Jerome Ford,RB,23.969883641341546,2022plus,4,11.223076923076924,None,Full,Shoulder,other,0,1,16.0,1.2444444444444447,7,0
2023,CLE,FordJe00,Jerome Ford,RB,23.969883641341546,2022plus,6,13.575000000000001,None,Full,Knee,knee,0,2,16.0,1.273972602739726,14,0
2023,CLE,FordJe00,Jerome Ford,RB,23.969883641341546,2022plus,8,13.800000000000002,Questionable,Limited,Ankle,ankle_foot,0,1,16.333333333333332,0.7678571428571428,7,0
2023,CLE,FordJe00,Jerome Ford,RB,23.969883641341546,2022plus,9,12.528571428571428,None,Full,Ankle,ankle_foot,0,2,15.0,0.6387096774193548,7,0
2023,CLE,FordJe00,Jerome Ford,RB,23.969883641341546,2022plus,15,12.576923076923077,None,Full,Hand / Wrist,other,0,1,15.333333333333334,1.0058823529411764,7,0
2023,CLE,FordJe00,Jerome Ford,RB,23.969883641341546,2022plus,16,12.185714285714285,None,Full,Hand / Wrist,other,0,2,14.333333333333334,0.8595505617977529,7,0
2023,CLE,FordJe00,Jerome Ford,RB,23.969883641341546,2022plus,17,11.993333333333334,None,Full,Hand / Wrist,other,0,3,16.0,0.8113207547169811,4,0
2023,DAL,LambCe00,CeeDee Lamb,WR,24.399726214921287,2022plus,12,21.47,None,Full,Ankle,ankle_foot,0,1,13.666666666666666,0.9404761904761906,4,0
2023,DAL,PollTo00,Tony Pollard,RB,26.338124572210816,2022plus,6,14.920000000000002,None,Full,Shoulder,other,0,1,17.666666666666668,1.0197044334975367,8,0
2023,DAL,PollTo00,Tony Pollard,RB,26.338124572210816,2022plus,16,13.914285714285715,None,Full,Hand / Wrist,other,0,1,20.666666666666668,0.9557522123893806,7,0
2023,DEN,JeudJe00,Jerry Jeudy,WR,24.355920602327174,2022plus,1,13.613333333333335,Questionable,Limited,Hamstring,soft_tissue,0,1,,,7,1
2023,DEN,JeudJe00,Jerry Jeudy,WR,24.355920602327174,2022plus,2,13.613333333333335,None,Full,Hamstring,soft_tissue,1,2,,,7,0
2023,DEN,SuttCo00,Courtland Sutton,WR,27.89322381930185,2022plus,17,12.6,Out,DNP,Head / Concussion,concussion,0,1,3.6666666666666665,0.15354330708661418,7,1
2023,DEN,SuttCo00,Courtland Sutton,WR,27.89322381930185,2022plus,18,12.6,None,Full,Head / Concussion,concussion,1,2,3.6666666666666665,0.15354330708661418,7,0
2023,DET,LaPoSa01,Sam LaPorta,TE,22.633812457221083,2022plus,6,14.38,Questionable,Limited,Lower Leg,soft_tissue,0,1,6.666666666666667,1.1059322033898304,7,0
2023,DET,LaPoSa01,Sam LaPorta,TE,22.633812457221083,2022plus,7,13.25,None,Full,Lower Leg,soft_tissue,0,2,6.666666666666667,1.0331950207468878,7,0
2023,DET,LaPoSa01,Sam LaPorta,TE,22.633812457221083,2022plus,18,14.0875,None,Full,Ankle,ankle_foot,0,1,7.0,1.0869565217391306,8,0
2023,DET,MontDa01,David Montgomery,RB,26.234086242299796,2022plus,3,12.003125,Doubtful,DNP,Quad / Thigh,soft_tissue,0,1,19.0,0.569620253164557,7,1
2023,DET,MontDa01,David Montgomery,RB,26.234086242299796,2022plus,4,12.003125,Questionable,Limited,Quad / Thigh,soft_tissue,1,2,19.0,0.569620253164557,4,0
2023,DET,MontDa01,David Montgomery,RB,26.234086242299796,2022plus,7,17.02,Out,DNP,Chest / Ribs,other,0,1,22.0,0.4083769633507854,7,1
2023,DET,MontDa01,David Montgomery,RB,26.234086242299796,2022plus,8,17.02,Out,DNP,Chest / Ribs,other,1,2,22.0,0.4083769633507854,8,1
2023,DET,MontDa01,David Montgomery,RB,26.234086242299796,2022plus,10,17.02,None,Full,Chest / Ribs,other,1,3,22.0,0.4083769633507854,13,0
2023,DET,MontDa01,David Montgomery,RB,26.234086242299796,2022plus,13,16.95,None,Full,Foot / Toe,ankle_foot,0,1,14.0,0.7788461538461539,10,0
2023,DET,ReynJo00,Josh Reynolds,WR,28.539356605065024,2022plus,3,13.229166666666668,Questionable,Full,Hip / Groin,soft_tissue,0,1,6.5,1.142857142857143,7,0
2023,DET,ReynJo00,Josh Reynolds,WR,28.539356605065024,2022plus,5,13.539583333333333,Questionable,Full,Hip / Groin,soft_tissue,0,1,4.0,0.9647577092511013,10,0
2023,DET,StxxAm00,Amon-Ra St. Brown,WR,23.854893908281998,2022plus,3,16.6875,Questionable,Full,Foot / Toe,ankle_foot,0,1,8.0,0.7872340425531915,7,0
2023,DET,StxxAm00,Amon-Ra St. Brown,WR,23.854893908281998,2022plus,5,17.375,Doubtful,DNP,Core / Abdomen,other,0,1,9.0,1.0076335877862594,10,1
2023,DET,StxxAm00,Amon-Ra St. Brown,WR,23.854893908281998,2022plus,6,17.375,None,Full,Core / Abdomen,other,1,2,9.0,1.0076335877862594,7,0
2023,GB,JoneAa00,Aaron Jones,RB,28.747433264887064,2022plus,2,17.64264705882353,Questionable,DNP,Hamstring,soft_tissue,0,1,13.0,,7,1
2023,GB,JoneAa00,Aaron Jones,RB,28.747433264887064,2022plus,3,17.64264705882353,Questionable,Limited,Hamstring,soft_tissue,1,2,13.0,,7,1
2023,GB,JoneAa00,Aaron Jones,RB,28.747433264887064,2022plus,4,17.64264705882353,Questionable,Limited,Hamstring,soft_tissue,1,3,13.0,,4,0
2023,GB,JoneAa00,Aaron Jones,RB,28.747433264887064,2022plus,5,14.586764705882354,Questionable,Limited,Hamstring,soft_tissue,0,4,10.0,0.7446808510638298,11,1
2023,GB,JoneAa00,Aaron Jones,RB,28.747433264887064,2022plus,7,14.586764705882354,Questionable,Limited,Hamstring,soft_tissue,1,5,10.0,0.7446808510638298,13,0
2023,GB,JoneAa00,Aaron Jones,RB,28.747433264887064,2022plus,8,13.105882352941178,None,Limited,Hamstring,soft_tissue,0,6,11.0,0.8780487804878049,7,0
2023,GB,JoneAa00,Aaron Jones,RB,28.747433264887064,2022plus,9,11.600000000000001,None,Limited,Hamstring,soft_tissue,0,7,10.666666666666666,1.2966101694915255,7,0
2023,GB,JoneAa00,Aaron Jones,RB,28.747433264887064,2022plus,10,12.860000000000003,None,Limited,Hamstring,soft_tissue,0,8,17.0,1.401639344262295,7,0
2023,GB,JoneAa00,Aaron Jones,RB,28.747433264887064,2022plus,11,12.283333333333333,None,Limited,Hamstring,soft_tissue,0,9,19.0,1.1666666666666667,7,0
2023,GB,JoneAa00,Aaron Jones,RB,28.747433264887064,2022plus,17,11.311111111111112,None,Limited,Knee,knee,0,15,15.666666666666666,1.248,7,0
2023,GB,JoneAa00,Aaron Jones,RB,28.747433264887064,2022plus,18,11.580000000000002,None,Limited,Knee,knee,0,16,20.666666666666668,1.4132231404958677,7,0
2023,GB,ReedJa03,Jayden Reed,WR,23.342915811088297,2022plus,13,11.981818181818182,Questionable,Limited,Chest / Ribs,other,0,2,8.0,1.3773584905660379,10,0
2023,GB,ReedJa03,Jayden Reed,WR,23.342915811088297,2022plus,15,12.146153846153847,None,Limited,Ankle,ankle_foot,0,4,9.666666666666666,1.0952380952380951,6,0
2023,GB,ReedJa03,Jayden Reed,WR,23.342915811088297,2022plus,16,12.507142857142856,Questionable,DNP,Foot / Toe,ankle_foot,0,5,9.0,0.6666666666666666,7,1
2023,GB,ReedJa03,Jayden Reed,WR,23.342915811088297,2022plus,17,12.507142857142856,None,Limited,Foot / Toe,ankle_foot,1,6,9.0,0.6666666666666666,7,0
2023,GB,ReedJa03,Jayden Reed,WR,23.342915811088297,2022plus,18,13.466666666666667,Questionable,Limited,Chest / Ribs,other,0,7,10.0,0.5886075949367089,7,0
2023,GB,WatsCh00,Christian Watson,WR,24.306639288158795,2022plus,1,11.721428571428573,Out,DNP,Hamstring,soft_tissue,0,1,,,7,1
2023,GB,WatsCh00,Christian Watson,WR,24.306639288158795,2022plus,2,11.721428571428573,Questionable,Limited,Hamstring,soft_tissue,1,2,,,7,1
2023,HOU,BrowNo00,Noah Brown,WR,27.652292950034223,2022plus,11,14.16,Questionable,DNP,Knee,knee,0,1,6.333333333333333,1.125,7,1
2023,HOU,BrowNo00,Noah Brown,WR,27.652292950034223,2022plus,12,14.16,Out,DNP,Knee,knee,1,2,6.333333333333333,1.125,7,1
2023,HOU,BrowNo00,Noah Brown,WR,27.652292950034223,2022plus,13,14.16,Questionable,DNP,Knee,knee,1,3,6.333333333333333,1.125,7,0
2023,HOU,BrowNo00,Noah Brown,WR,27.652292950034223,2022plus,14,11.799999999999999,Questionable,DNP,Knee,knee,0,4,5.333333333333333,1.1095890410958904,7,0
2023,HOU,CollNi00,Nico Collins,WR,24.45448323066393,2022plus,10,15.3875,Out,DNP,Lower Leg,soft_tissue,0,1,5.666666666666667,1.0171673819742488,7,1
2023,HOU,CollNi00,Nico Collins,WR,24.45448323066393,2022plus,11,15.3875,None,Full,Lower Leg,soft_tissue,1,2,5.666666666666667,1.0171673819742488,7,0
2023,HOU,CollNi00,Nico Collins,WR,24.45448323066393,2022plus,15,16.366666666666667,Questionable,DNP,Lower Leg,soft_tissue,0,1,7.333333333333333,0.06410256410256411,7,1
2023,HOU,CollNi00,Nico Collins,WR,24.45448323066393,2022plus,16,16.366666666666667,Questionable,Limited,Lower Leg,soft_tissue,1,2,7.333333333333333,0.06410256410256411,7,0
2023,HOU,CollNi00,Nico Collins,WR,24.45448323066393,2022plus,17,16.16923076923077,None,Full,Lower Leg,soft_tissue,0,3,6.333333333333333,0.8650306748466258,7,0
2023,HOU,DellNa00,Tank Dell,WR,23.84120465434634,2022plus,3,13.3,None,Full,Quad / Thigh,soft_tissue,0,1,7.0,1.6458333333333335,7,0
2023,HOU,DellNa00,Tank Dell,WR,23.84120465434634,2022plus,6,12.86,Questionable,Limited,Head / Concussion,concussion,0,1,6.0,0.5142857142857143,7,1
2023,HOU,DellNa00,Tank Dell,WR,23.84120465434634,2022plus,8,12.86,None,Full,Head / Concussion,concussion,1,2,6.0,0.5142857142857143,14,0
2023,HOU,DellNa00,Tank Dell,WR,23.84120465434634,2022plus,13,16.5,Questionable,Limited,Lower Leg,soft_tissue,0,1,11.333333333333334,0.9338521400778209,7,0
2023,HOU,SchuDa00,Dalton Schultz,TE,27.140314852840522,2022plus,11,11.233333333333333,None,Full,Hamstring,soft_tissue,0,1,7.333333333333333,1.2,7,0
2023,HOU,SchuDa00,Dalton Schultz,TE,27.140314852840522,2022plus,13,10.318181818181818,Out,DNP,Hamstring,soft_tissue,0,1,3.6666666666666665,0.5714285714285714,7,1
2023,HOU,SchuDa00,Dalton Schultz,TE,27.140314852840522,2022plus,14,10.318181818181818,Out,DNP,Hamstring,soft_tissue,1,2,3.6666666666666665,0.5714285714285714,7,1
2023,HOU,SchuDa00,Dalton Schultz,TE,27.140314852840522,2022plus,15,10.318181818181818,None,Full,Hamstring,soft_tissue,1,3,3.6666666666666665,0.5714285714285714,7,0
2023,HOU,StroCJ00,C.J. Stroud,QB,21.911019849418206,2022plus,13,20.258181818181818,None,Full,Quad / Thigh,soft_tissue,0,1,40.333333333333336,1.0033444816053512,7,0
2023,HOU,StroCJ00,C.J. Stroud,QB,21.911019849418206,2022plus,15,18.656923076923075,Doubtful,DNP,Head / Concussion,concussion,0,1,32.666666666666664,0.8716216216216216,7,1
2023,HOU,StroCJ00,C.J. Stroud,QB,21.911019849418206,2022plus,16,18.656923076923075,Out,DNP,Head / Concussion,concussion,1,2,32.666666666666664,0.8716216216216216,7,1
2023,HOU,StroCJ00,C.J. Stroud,QB,21.911019849418206,2022plus,17,18.656923076923075,None,Full,Head / Concussion,concussion,1,3,32.666666666666664,0.8716216216216216,7,0
2023,IND,DownJo00,Josh Downs,WR,22.053388090349078,2022plus,9,12.4125,Questionable,Limited,Knee,knee,0,1,7.666666666666667,1.0909090909090908,7,0
2023,IND,MossZa00,Zack Moss,RB,25.711156741957563,2022plus,8,18.466666666666665,Questionable,DNP,Arm / Elbow,other,0,1,19.666666666666668,0.7042253521126761,7,0
2023,IND,MossZa00,Zack Moss,RB,25.711156741957563,2022plus,9,17.885714285714286,None,DNP,Foot / Toe,ankle_foot,0,2,15.333333333333334,0.65,7,0
2023,IND,MossZa00,Zack Moss,RB,25.711156741957563,2022plus,16,12.815384615384614,Questionable,DNP,Arm / Elbow,other,0,1,16.666666666666668,0.3835616438356165,8,1
2023,IND,MossZa00,Zack Moss,RB,25.711156741957563,2022plus,17,12.815384615384614,Out,DNP,Arm / Elbow,other,1,2,16.666666666666668,0.3835616438356165,7,1
2023,IND,MossZa00,Zack Moss,RB,25.711156741957563,2022plus,18,12.815384615384614,Questionable,Full,Arm / Elbow,other,1,3,16.666666666666668,0.3835616438356165,6,0
2023,IND,PittMi01,Michael Pittman Jr.,WR,25.905544147843944,2022plus,16,16.65714285714286,Questionable,Limited,Shoulder,other,0,1,10.666666666666666,0.33453237410071945,8,1
2023,IND,PittMi01,Michael Pittman Jr.,WR,25.905544147843944,2022plus,17,16.65714285714286,Questionable,Full,Head / Concussion,concussion,1,2,10.666666666666666,0.33453237410071945,7,0
2023,IND,RichAn03,Anthony Richardson,QB,21.27857631759069,2022plus,3,19.330000000000002,Out,DNP,Head / Concussion,concussion,0,1,30.0,0.33333333333333337,7,1
2023,IND,RichAn03,Anthony Richardson,QB,21.27857631759069,2022plus,4,19.330000000000002,None,Full,Head / Concussion,concussion,1,2,30.0,0.33333333333333337,7,0
2023,IND,TaylJo02,Jonathan Taylor,RB,24.61601642710472,2022plus,5,13.30909090909091,Questionable,Full,Ankle,ankle_foot,1,1,,,7,0
2023,IND,TaylJo02,Jonathan Taylor,RB,24.61601642710472,2022plus,13,14.442857142857141,Out,DNP,Hand / Wrist,other,0,1,20.666666666666668,0.7802690582959642,7,1
2023,IND,TaylJo02,Jonathan Taylor,RB,24.61601642710472,2022plus,14,14.442857142857141,Out,DNP,Hand / Wrist,other,1,2,20.666666666666668,0.7802690582959642,7,1
2023,IND,TaylJo02,Jonathan Taylor,RB,24.61601642710472,2022plus,15,14.442857142857141,Out,DNP,Hand / Wrist,other,1,3,20.666666666666668,0.7802690582959642,6,1
2023,IND,TaylJo02,Jonathan Taylor,RB,24.61601642710472,2022plus,16,14.442857142857141,None,Full,Hand / Wrist,other,1,4,20.666666666666668,0.7802690582959642,8,0
2023,JAX,EtieTr00,Travis Etienne,RB,24.5968514715948,2022plus,13,17.436363636363637,Questionable,Limited,Chest / Ribs,other,0,1,18.666666666666668,0.861111111111111,8,0
2023,JAX,EtieTr00,Travis Etienne,RB,24.5968514715948,2022plus,14,17.474999999999998,Questionable,Limited,Chest / Ribs,other,0,2,19.333333333333332,0.9841269841269841,6,0
2023,JAX,EtieTr00,Travis Etienne,RB,24.5968514715948,2022plus,15,17.453846153846154,None,Limited,Chest / Ribs,other,0,3,19.666666666666668,1.231578947368421,7,0
2023,JAX,KirkCh01,Christian Kirk,WR,26.784394250513348,2022plus,14,12.521666666666667,None,DNP,Hip / Groin,soft_tissue,0,1,4.666666666666667,0.012448132780082988,6,1
2023,JAX,KirkCh01,Christian Kirk,WR,26.784394250513348,2022plus,18,12.521666666666667,Questionable,Limited,Hip / Groin,soft_tissue,1,1,4.666666666666667,0.012448132780082988,7,1
2023,KC,KelcTr00,Travis Kelce,TE,33.90554414784394,2022plus,1,18.605882352941176,Questionable,DNP,Knee,knee,0,1,,,7,1
2023,KC,KelcTr00,Travis Kelce,TE,33.90554414784394,2022plus,2,18.605882352941176,Questionable,Limited,Knee,knee,1,2,,,10,0
2023,KC,KelcTr00,Travis Kelce,TE,33.90554414784394,2022plus,6,16.8,Questionable,Limited,Ankle,ankle_foot,0,1,9.333333333333334,0.8676470588235293,4,0
2023,KC,KelcTr00,Travis Kelce,TE,33.90554414784394,2022plus,7,17.72,None,Full,Ankle,ankle_foot,0,2,9.666666666666666,1.0402010050251258,10,0
2023,KC,KelcTr00,Travis Kelce,TE,33.90554414784394,2022plus,16,15.8,None,Full,Neck,other,0,1,7.333333333333333,0.9094488188976378,8,0
2023,KC,KelcTr00,Travis Kelce,TE,33.90554414784394,2022plus,18,14.626666666666667,None,Limited,Neck,other,0,1,6.0,0.9878048780487806,7,1
2023,KC,MahoPa00,Patrick Mahomes,QB,27.956194387405887,2022plus,4,22.743235294117646,None,Full,Ankle,ankle_foot,0,1,43.0,0.73,7,0
2023,KC,MahoPa00,Patrick Mahomes,QB,27.956194387405887,2022plus,9,19.46,None,Full,Hand / Wrist,other,0,1,44.333333333333336,1.0,7,0
2023,KC,MahoPa00,Patrick Mahomes,QB,27.956194387405887,2022plus,14,18.515,None,Full,Chest / Ribs,other,0,1,41.666666666666664,1.0,7,0
2023,KC,PachIs00,Isiah Pacheco,RB,24.501026694045173,2022plus,14,14.483333333333334,Out,DNP,Shoulder,other,0,1,20.666666666666668,1.0144927536231882,7,1
2023,KC,PachIs00,Isiah Pacheco,RB,24.501026694045173,2022plus,15,14.483333333333334,Out,DNP,Shoulder,other,1,2,20.666666666666668,1.0144927536231882,7,1
2023,KC,PachIs00,Isiah Pacheco,RB,24.501026694045173,2022plus,16,14.483333333333334,None,Full,Shoulder,other,1,3,20.666666666666668,1.0144927536231882,8,0
2023,KC,PachIs00,Isiah Pacheco,RB,24.501026694045173,2022plus,17,14.184615384615386,Questionable,Limited,Head / Concussion,concussion,0,4,19.0,0.8181818181818181,6,0
2023,KC,PachIs00,Isiah Pacheco,RB,24.501026694045173,2022plus,18,15.278571428571428,Questionable,Limited,Quad / Thigh,soft_tissue,0,5,20.666666666666668,1.3609756097560979,7,1
2023,KC,RiceRa01,Rashee Rice,WR,23.359342915811087,2022plus,16,13.078571428571427,None,Full,Hamstring,soft_tissue,0,1,9.333333333333334,1.248868778280543,8,0
2023,KC,RiceRa01,Rashee Rice,WR,23.359342915811087,2022plus,18,13.28125,Out,DNP,Hamstring,soft_tissue,0,1,9.0,0.9285714285714286,7,1
2023,LA,HigbTy00,Tyler Higbee,TE,30.663928815879533,2022plus,4,8.425,Questionable,Limited,Achilles,achilles,0,1,5.0,1.0434782608695652,6,0
2023,LA,KuppCo00,Cooper Kupp,WR,30.21218343600274,2022plus,1,22.37777777777778,Questionable,DNP,Hamstring,soft_tissue,0,1,,,7,1
2023,LA,KuppCo00,Cooper Kupp,WR,30.21218343600274,2022plus,5,22.37777777777778,None,Full,Hamstring,soft_tissue,1,1,,,7,0
2023,LA,NacuPu00,Puka Nacua,WR,22.258726899383984,2022plus,2,21.9,Questionable,Limited,Core / Abdomen,other,0,1,15.0,,7,0
2023,LA,NacuPu00,Puka Nacua,WR,22.258726899383984,2022plus,3,26.0,Questionable,Limited,Core / Abdomen,other,0,2,18.5,1.1025641025641024,8,0
2023,LA,NacuPu00,Puka Nacua,WR,22.258726899383984,2022plus,4,21.400000000000002,None,Full,Core / Abdomen,other,0,3,14.666666666666666,1.170731707317073,6,0
2023,LA,NacuPu00,Puka Nacua,WR,22.258726899383984,2022plus,9,19.1125,Questionable,Limited,Knee,knee,0,1,8.666666666666666,0.9550173010380623,7,0
2023,LA,NacuPu00,Puka Nacua,WR,22.258726899383984,2022plus,11,17.677777777777777,None,Full,Knee,knee,0,2,8.666666666666666,0.8647686832740215,14,0
2023,LA,NacuPu00,Puka Nacua,WR,22.258726899383984,2022plus,12,17.78,None,Full,Shoulder,other,0,3,7.333333333333333,0.9924812030075187,7,0
2023,LA,NacuPu00,Puka Nacua,WR,22.258726899383984,2022plus,14,17.366666666666667,None,Full,Shoulder,other,0,1,8.333333333333334,0.756,7,0
2023,LA,NacuPu00,Puka Nacua,WR,22.258726899383984,2022plus,17,17.71333333333333,Questionable,DNP,Hip / Groin,soft_tissue,0,1,11.0,1.1556420233463036,10,0
2023,LA,WillKy02,Kyren Williams,RB,23.014373716632445,2022plus,5,20.4,None,Full,Hip / Groin,soft_tissue,0,1,23.0,0.8307692307692307,7,0
2023,LA,WillKy02,Kyren Williams,RB,23.014373716632445,2022plus,7,18.516666666666666,Out,DNP,Ankle,ankle_foot,0,1,21.0,0.9609374999999999,7,1
2023,LA,WillKy02,Kyren Williams,RB,23.014373716632445,2022plus,12,18.516666666666666,None,Full,Ankle,ankle_foot,1,1,21.0,0.9609374999999999,7,0
2023,LAC,AlleKe00,Keenan Allen,WR,31.345653661875428,2022plus,4,26.79,None,Limited,Hip / Groin,soft_tissue,0,1,13.666666666666666,0.9621621621621621,7,0
2023,LAC,AlleKe00,Keenan Allen,WR,31.345653661875428,2022plus,8,22.326666666666668,None,Limited,Back,other,0,2,8.333333333333334,1.0846153846153845,7,0
2023,LAC,AlleKe00,Keenan Allen,WR,31.345653661875428,2022plus,11,22.784444444444446,Questionable,Full,Shoulder,other,0,1,11.0,0.8653846153846153,7,0
2023,LAC,AlleKe00,Keenan Allen,WR,31.345653661875428,2022plus,12,23.266,None,Full,Shoulder,other,0,2,13.0,1.1701244813278007,7,0
2023,LAC,AlleKe00,Keenan Allen,WR,31.345653661875428,2022plus,13,23.205454545454543,Questionable,Limited,Quad / Thigh,soft_tissue,0,3,15.333333333333334,1.1529411764705881,7,0
2023,LAC,AlleKe00,Keenan Allen,WR,31.345653661875428,2022plus,15,21.450769230769232,Out,DNP,Foot / Toe,ankle_foot,0,5,12.333333333333334,1.0249110320284698,4,1
2023,LAC,AlleKe00,Keenan Allen,WR,31.345653661875428,2022plus,16,21.450769230769232,Out,DNP,Foot / Toe,ankle_foot,1,6,12.333333333333334,1.0249110320284698,9,1
2023,LAC,AlleKe00,Keenan Allen,WR,31.345653661875428,2022plus,17,21.450769230769232,Out,DNP,Foot / Toe,ankle_foot,1,7,12.333333333333334,1.0249110320284698,8,1
2023,LAC,AlleKe00,Keenan Allen,WR,31.345653661875428,2022plus,18,21.450769230769232,Out,DNP,Foot / Toe,ankle_foot,1,8,12.333333333333334,1.0249110320284698,7,1
2023,LAC,EkelAu00,Austin Ekeler,RB,28.292950034223136,2022plus,2,23.04264705882353,Doubtful,DNP,Ankle,ankle_foot,0,1,21.0,,7,1
2023,LAC,EkelAu00,Austin Ekeler,RB,28.292950034223136,2022plus,3,23.04264705882353,Out,DNP,Ankle,ankle_foot,1,2,21.0,,7,1
2023,LAC,EkelAu00,Austin Ekeler,RB,28.292950034223136,2022plus,4,23.04264705882353,Doubtful,Limited,Ankle,ankle_foot,1,3,21.0,,7,1
2023,LAC,EkelAu00,Austin Ekeler,RB,28.292950034223136,2022plus,6,23.04264705882353,None,Full,Ankle,ankle_foot,1,4,21.0,,15,0
2023,LAC,EkelAu00,Austin Ekeler,RB,28.292950034223136,2022plus,8,16.030882352941177,None,Full,Ankle,ankle_foot,0,1,19.0,1.0588235294117647,7,0
2023,LAC,HerbJu00,Justin Herbert,QB,25.478439425051334,2022plus,6,23.935000000000002,None,Full,Hand / Wrist,other,0,1,42.333333333333336,1.0,15,0
2023,LAC,HerbJu00,Justin Herbert,QB,25.478439425051334,2022plus,7,22.964,None,Full,Hand / Wrist,other,0,2,42.666666666666664,1.0,6,0
2023,LAC,HerbJu00,Justin Herbert,QB,25.478439425051334,2022plus,8,20.94666666666667,None,Full,Hand / Wrist,other,0,3,37.0,1.0,7,0
2023,LAC,HerbJu00,Justin Herbert,QB,25.478439425051334,2022plus,9,21.385714285714283,None,Full,Hand / Wrist,other,0,4,38.666666666666664,1.0,8,0
2023,LAC,HerbJu00,Justin Herbert,QB,25.478439425051334,2022plus,10,19.605,None,Full,Hand / Wrist,other,0,5,35.333333333333336,1.0,6,0
2023,LAC,HerbJu00,Justin Herbert,QB,25.478439425051334,2022plus,12,21.096,None,Full,Hand / Wrist,other,0,1,40.333333333333336,1.0,7,0
2023,LAC,WillMi07,Mike Williams,WR,28.908966461327857,2022plus,3,13.063461538461539,None,Full,Ankle,ankle_foot,0,1,9.5,1.1688311688311688,7,0
2023,LV,AdamDa01,Davante Adams,WR,30.68583162217659,2022plus,2,17.951470588235296,None,Full,Foot / Toe,ankle_foot,0,1,9.0,,7,0
2023,LV,AdamDa01,Davante Adams,WR,30.68583162217659,2022plus,3,18.11764705882353,None,Full,Head / Concussion,concussion,0,2,8.5,1.0333333333333334,7,0
2023,LV,AdamDa01,Davante Adams,WR,30.68583162217659,2022plus,5,22.675,Questionable,Limited,Shoulder,other,0,1,13.666666666666666,0.9214285714285715,8,0
2023,LV,AdamDa01,Davante Adams,WR,30.68583162217659,2022plus,6,19.84,None,Full,Shoulder,other,0,2,12.333333333333334,1.0217391304347827,6,0
2023,LV,AdamDa01,Davante Adams,WR,30.68583162217659,2022plus,7,17.35,None,Full,Shoulder,other,0,3,7.333333333333333,0.9855595667870036,7,0
2023,LV,AdamDa01,Davante Adams,WR,30.68583162217659,2022plus,8,16.685714285714287,None,Full,Shoulder,other,0,4,7.0,0.8302583025830258,8,0
2023,LV,JacoJo01,Josh Jacobs,RB,25.5523613963039,2022plus,15,13.930769230769231,Questionable,DNP,Quad / Thigh,soft_tissue,0,1,18.666666666666668,0.8008474576271186,4,1
2023,LV,JacoJo01,Josh Jacobs,RB,25.5523613963039,2022plus,16,13.930769230769231,Questionable,DNP,Quad / Thigh,soft_tissue,1,2,18.666666666666668,0.8008474576271186,11,1
2023,LV,JacoJo01,Josh Jacobs,RB,25.5523613963039,2022plus,17,13.930769230769231,Doubtful,DNP,Quad / Thigh,soft_tissue,1,3,18.666666666666668,0.8008474576271186,6,1
2023,LV,JacoJo01,Josh Jacobs,RB,25.5523613963039,2022plus,18,13.930769230769231,Out,DNP,Quad / Thigh,soft_tissue,1,4,18.666666666666668,0.8008474576271186,7,1
2023,LV,MeyeJa01,Jakobi Meyers,WR,26.809034907597535,2022plus,2,17.041071428571428,Out,DNP,Head / Concussion,concussion,0,1,10.0,,7,1
2023,LV,MeyeJa01,Jakobi Meyers,WR,26.809034907597535,2022plus,3,17.041071428571428,None,Full,Head / Concussion,concussion,1,2,10.0,,7,0
2023,LV,MeyeJa01,Jakobi Meyers,WR,26.809034907597535,2022plus,6,17.6,None,Full,Hand / Wrist,other,0,1,9.0,1.0877862595419845,6,0
2023,MIA,AchaDe00,De'Von Achane,RB,21.883641341546884,2022plus,11,25.424999999999997,Questionable,Limited,Knee,knee,1,1,15.666666666666666,1.2972972972972974,14,0
2023,MIA,AchaDe00,De'Von Achane,RB,21.883641341546884,2022plus,12,20.639999999999997,Questionable,Limited,Knee,knee,0,2,9.0,0.08053691275167786,5,1
2023,MIA,AchaDe00,De'Von Achane,RB,21.883641341546884,2022plus,13,20.639999999999997,None,Full,Knee,knee,1,3,9.0,0.08053691275167786,9,0
2023,MIA,AchaDe00,De'Von Achane,RB,21.883641341546884,2022plus,14,21.416666666666668,None,Full,Chest / Ribs,other,0,4,11.666666666666666,1.6339285714285714,8,0
2023,MIA,AchaDe00,De'Von Achane,RB,21.883641341546884,2022plus,15,20.085714285714285,Questionable,Limited,Foot / Toe,ankle_foot,0,5,13.0,1.2212389380530975,6,0
2023,MIA,AchaDe00,De'Von Achane,RB,21.883641341546884,2022plus,16,18.725,None,Limited,Foot / Toe,ankle_foot,0,6,16.333333333333332,1.054054054054054,7,0
2023,MIA,AchaDe00,De'Von Achane,RB,21.883641341546884,2022plus,17,17.1,None,Full,Foot / Toe,ankle_foot,0,7,12.666666666666666,1.13013698630137,7,0
2023,MIA,AchaDe00,De'Von Achane,RB,21.883641341546884,2022plus,18,17.759999999999998,None,Full,Foot / Toe,ankle_foot,0,8,13.666666666666666,1.0285714285714285,7,0
2023,MIA,HillTy00,Tyreek Hill,WR,29.503080082135522,2022plus,3,24.91029411764706,None,Full,Ankle,ankle_foot,0,1,12.0,1.303030303030303,7,0
2023,MIA,HillTy00,Tyreek Hill,WR,29.503080082135522,2022plus,8,26.657142857142855,None,Limited,Hip / Groin,soft_tissue,0,1,11.333333333333334,1.3371428571428572,7,0
2023,MIA,HillTy00,Tyreek Hill,WR,29.503080082135522,2022plus,11,24.922222222222224,None,Limited,Foot / Toe,ankle_foot,0,1,13.0,1.2857142857142856,14,0
2023,MIA,HillTy00,Tyreek Hill,WR,29.503080082135522,2022plus,12,25.490000000000002,None,Limited,Hand / Wrist,other,0,2,11.666666666666666,0.728395061728395,5,0
2023,MIA,HillTy00,Tyreek Hill,WR,29.503080082135522,2022plus,13,25.481818181818184,None,Limited,Ankle,ankle_foot,0,3,11.666666666666666,0.8437500000000001,9,0
2023,MIA,HillTy00,Tyreek Hill,WR,29.503080082135522,2022plus,14,26.05,None,Limited,Ankle,ankle_foot,0,4,11.0,0.7216981132075472,8,0
2023,MIA,HillTy00,Tyreek Hill,WR,29.503080082135522,2022plus,15,24.823076923076922,Questionable,DNP,Ankle,ankle_foot,0,5,9.0,0.815028901734104,6,1
2023,MIA,HillTy00,Tyreek Hill,WR,29.503080082135522,2022plus,16,24.823076923076922,Questionable,Limited,Ankle,ankle_foot,1,6,9.0,0.815028901734104,7,0
2023,MIA,HillTy00,Tyreek Hill,WR,29.503080082135522,2022plus,17,24.400000000000002,None,Full,Ankle,ankle_foot,0,7,9.333333333333334,1.5838509316770184,7,0
2023,MIA,HillTy00,Tyreek Hill,WR,29.503080082135522,2022plus,18,23.68,None,Full,Ankle,ankle_foot,0,8,10.666666666666666,1.180327868852459,7,0
2023,MIA,MostRa00,Raheem Mostert,RB,31.394934976043807,2022plus,2,11.139062500000001,None,Full,Knee,knee,0,1,12.0,,7,0
2023,MIA,MostRa00,Raheem Mostert,RB,31.394934976043807,2022plus,8,20.785714285714285,Questionable,Limited,Ankle,ankle_foot,0,1,14.666666666666666,0.9754601226993865,7,0
2023,MIA,MostRa00,Raheem Mostert,RB,31.394934976043807,2022plus,9,19.512500000000003,None,Limited,Ankle,ankle_foot,0,2,15.0,0.9710982658959538,7,0
2023,MIA,MostRa00,Raheem Mostert,RB,31.394934976043807,2022plus,11,18.95555555555556,None,Limited,Ankle,ankle_foot,0,3,12.666666666666666,0.988235294117647,14,0
2023,MIA,MostRa00,Raheem Mostert,RB,31.394934976043807,2022plus,12,18.09,None,Limited,Ankle,ankle_foot,0,4,16.666666666666668,1.4363636363636363,5,0
2023,MIA,MostRa00,Raheem Mostert,RB,31.394934976043807,2022plus,13,18.39090909090909,None,Limited,Ankle,ankle_foot,0,5,19.333333333333332,0.9424083769633507,9,0
2023,MIA,MostRa00,Raheem Mostert,RB,31.394934976043807,2022plus,14,17.866666666666667,None,Limited,Knee,knee,0,6,19.0,0.5846153846153846,8,0
2023,MIA,MostRa00,Raheem Mostert,RB,31.394934976043807,2022plus,15,18.26153846153846,None,Limited,Knee,knee,0,7,18.333333333333332,1.0847457627118644,6,0
2023,MIA,MostRa00,Raheem Mostert,RB,31.394934976043807,2022plus,16,18.264285714285716,None,Full,Knee,knee,0,8,17.0,1.0,7,0
2023,MIA,MostRa00,Raheem Mostert,RB,31.394934976043807,2022plus,17,17.846666666666668,Questionable,Limited,Knee,knee,0,9,17.0,0.5576923076923076,7,1
2023,MIA,MostRa00,Raheem Mostert,RB,31.394934976043807,2022plus,18,17.846666666666668,Questionable,Limited,Knee,knee,1,10,17.0,0.5576923076923076,7,1
2023,MIA,WaddJa00,Jaylen Waddle,WR,24.76659822039699,2022plus,1,15.24705882352941,None,Full,Core / Abdomen,other,0,1,,,7,0
2023,MIA,WaddJa00,Jaylen Waddle,WR,24.76659822039699,2022plus,2,14.385294117647057,None,Full,Core / Abdomen,other,0,2,5.0,,7,0
2023,MIA,WaddJa00,Jaylen Waddle,WR,24.76659822039699,2022plus,3,13.673529411764706,Questionable,Limited,Head / Concussion,concussion,0,3,6.0,1.140625,7,1
2023,MIA,WaddJa00,Jaylen Waddle,WR,24.76659822039699,2022plus,4,13.673529411764706,None,Full,Head / Concussion,concussion,1,4,6.0,1.140625,7,0
2023,MIA,WaddJa00,Jaylen Waddle,WR,24.76659822039699,2022plus,8,12.950000000000001,None,Limited,Back,other,0,1,8.333333333333334,0.6,7,0
2023,MIA,WaddJa00,Jaylen Waddle,WR,24.76659822039699,2022plus,9,14.685714285714287,None,Full,Back,other,0,2,9.0,1.1538461538461537,7,0
2023,MIA,WaddJa00,Jaylen Waddle,WR,24.76659822039699,2022plus,11,13.9,None,Full,Knee,knee,0,3,8.333333333333334,0.8571428571428572,14,0
2023,MIA,WaddJa00,Jaylen Waddle,WR,24.76659822039699,2022plus,17,14.185714285714287,Out,DNP,Ankle,ankle_foot,0,1,7.333333333333333,0.6142857142857142,7,1
2023,MIA,WaddJa00,Jaylen Waddle,WR,24.76659822039699,2022plus,18,14.185714285714287,Questionable,Limited,Ankle,ankle_foot,1,2,7.333333333333333,0.6142857142857142,7,1
2023,MIN,AddiJo00,Jordan Addison,WR,21.593429158110883,2022plus,6,12.379999999999999,None,Full,Ankle,ankle_foot,0,1,6.0,1.1363636363636362,7,0
2023,MIN,AddiJo00,Jordan Addison,WR,21.593429158110883,2022plus,17,13.32,Questionable,Limited,Ankle,ankle_foot,0,1,4.333333333333333,0.4028268551236749,7,0
2023,MIN,HockTJ00,T.J. Hockenson,TE,26.16290212183436,2022plus,8,13.714285714285714,None,Full,Foot / Toe,ankle_foot,0,1,9.333333333333334,1.024390243902439,6,0
2023,MIN,HockTJ00,T.J. Hockenson,TE,26.16290212183436,2022plus,10,14.522222222222224,Questionable,Limited,Chest / Ribs,other,0,1,11.0,1.0161290322580645,7,0
2023,MIN,HockTJ00,T.J. Hockenson,TE,26.16290212183436,2022plus,11,16.110000000000003,None,Full,Chest / Ribs,other,0,2,12.0,0.7470355731225297,7,0
2023,MIN,HockTJ00,T.J. Hockenson,TE,26.16290212183436,2022plus,12,15.509090909090911,None,Full,Chest / Ribs,other,0,3,11.333333333333334,0.9051724137931034,8,0
2023,MIN,JeffJu00,Justin Jefferson,WR,24.210814510609172,2022plus,10,21.82,Questionable,Limited,Hamstring,soft_tissue,1,1,9.333333333333334,0.726962457337884,7,1
2023,MIN,JeffJu00,Justin Jefferson,WR,24.210814510609172,2022plus,11,21.82,Questionable,Limited,Hamstring,soft_tissue,1,2,9.333333333333334,0.726962457337884,7,1
2023,MIN,JeffJu00,Justin Jefferson,WR,24.210814510609172,2022plus,12,21.82,Questionable,Limited,Hamstring,soft_tissue,1,3,9.333333333333334,0.726962457337884,8,1
2023,MIN,JeffJu00,Justin Jefferson,WR,24.210814510609172,2022plus,14,21.82,None,Full,Hamstring,soft_tissue,1,4,9.333333333333334,0.726962457337884,13,0
2023,MIN,JeffJu00,Justin Jefferson,WR,24.210814510609172,2022plus,15,18.966666666666665,Questionable,Full,Chest / Ribs,other,0,5,6.0,0.20454545454545456,6,0
2023,NE,StevRh00,Rhamondre Stevenson,RB,25.519507186858316,2022plus,7,10.583333333333334,None,Limited,Ankle,ankle_foot,0,1,14.333333333333334,1.089385474860335,7,0
2023,NE,StevRh00,Rhamondre Stevenson,RB,25.519507186858316,2022plus,14,12.141666666666667,Out,DNP,Ankle,ankle_foot,0,1,20.333333333333332,0.3894230769230769,4,1
2023,NE,StevRh00,Rhamondre Stevenson,RB,25.519507186858316,2022plus,15,12.141666666666667,Out,DNP,Ankle,ankle_foot,1,2,20.333333333333332,0.3894230769230769,10,1
2023,NE,StevRh00,Rhamondre Stevenson,RB,25.519507186858316,2022plus,16,12.141666666666667,Out,DNP,Ankle,ankle_foot,1,3,20.333333333333332,0.3894230769230769,7,1
2023,NO,KamaAl00,Alvin Kamara,RB,28.10403832991102,2022plus,18,17.923076923076923,Questionable,DNP,Ankle,ankle_foot,0,2,16.0,0.553072625698324,7,1
2023,NO,OlavCh00,Chris Olave,WR,23.17864476386037,2022plus,6,12.56,None,Full,Foot / Toe,ankle_foot,0,1,7.333333333333333,0.9834024896265561,7,0
2023,NO,OlavCh00,Chris Olave,WR,23.17864476386037,2022plus,7,13.233333333333334,None,Full,Foot / Toe,ankle_foot,0,2,7.0,1.0954356846473028,4,0
2023,NO,OlavCh00,Chris Olave,WR,23.17864476386037,2022plus,13,14.372727272727273,Questionable,Full,Head / Concussion,concussion,0,1,8.666666666666666,0.6238938053097345,7,0
2023,NO,OlavCh00,Chris Olave,WR,23.17864476386037,2022plus,15,14.446153846153846,Questionable,DNP,Ankle,ankle_foot,0,3,7.333333333333333,1.0317460317460319,7,1
2023,NO,OlavCh00,Chris Olave,WR,23.17864476386037,2022plus,16,14.446153846153846,None,Full,Ankle,ankle_foot,1,4,7.333333333333333,1.0317460317460319,4,0
2023,NO,OlavCh00,Chris Olave,WR,23.17864476386037,2022plus,17,15.078571428571427,None,Limited,Ankle,ankle_foot,0,5,8.666666666666666,1.300578034682081,10,0
2023,NO,OlavCh00,Chris Olave,WR,23.17864476386037,2022plus,18,14.446666666666667,None,Full,Ankle,ankle_foot,0,6,8.0,1.0000000000000002,7,0
2023,NYG,BarkSa00,Saquon Barkley,RB,26.55715263518138,2022plus,3,18.0,Out,DNP,Ankle,ankle_foot,0,1,20.0,1.515625,4,1
2023,NYG,BarkSa00,Saquon Barkley,RB,26.55715263518138,2022plus,4,18.0,Doubtful,Limited,Ankle,ankle_foot,1,2,20.0,1.515625,11,1
2023,NYG,BarkSa00,Saquon Barkley,RB,26.55715263518138,2022plus,5,18.0,Questionable,Limited,Ankle,ankle_foot,1,3,20.0,1.515625,6,1
2023,NYG,BarkSa00,Saquon Barkley,RB,26.55715263518138,2022plus,6,18.0,Questionable,Limited,Ankle,ankle_foot,1,4,20.0,1.515625,7,0
2023,NYG,BarkSa00,Saquon Barkley,RB,26.55715263518138,2022plus,7,17.012500000000003,None,Limited,Ankle,ankle_foot,0,5,23.0,0.9689440993788822,7,0
2023,NYG,BarkSa00,Saquon Barkley,RB,26.55715263518138,2022plus,8,17.275000000000002,None,Full,Arm / Elbow,other,0,6,26.0,1.0543933054393306,7,0
2023,NYG,BarkSa00,Saquon Barkley,RB,26.55715263518138,2022plus,9,16.98,None,Full,Ankle,ankle_foot,0,7,31.666666666666668,1.030888030888031,7,0
2023,NYG,BarkSa00,Saquon Barkley,RB,26.55715263518138,2022plus,11,15.185714285714287,None,Limited,Ankle,ankle_foot,0,1,25.666666666666668,0.7379032258064516,7,0
2023,NYG,BarkSa00,Saquon Barkley,RB,26.55715263518138,2022plus,17,15.891666666666667,None,Full,Arm / Elbow,other,0,1,21.333333333333332,1.230414746543779,6,0
2023,NYG,WallDa01,Darren Waller,TE,30.965092402464066,2022plus,1,10.6,Questionable,Limited,Hamstring,soft_tissue,0,1,,,7,0
2023,NYG,WallDa01,Darren Waller,TE,30.965092402464066,2022plus,2,9.6,None,Limited,Hamstring,soft_tissue,0,2,5.0,,7,0
2023,NYG,WallDa01,Darren Waller,TE,30.965092402464066,2022plus,6,9.38,Questionable,Limited,Hip / Groin,soft_tissue,0,1,7.0,1.0454545454545454,7,0
2023,NYG,WallDa01,Darren Waller,TE,30.965092402464066,2022plus,8,11.285714285714286,Questionable,Limited,Hamstring,soft_tissue,0,1,8.666666666666666,0.8913043478260869,7,0
2023,NYG,WallDa01,Darren Waller,TE,30.965092402464066,2022plus,9,10.05,Out,DNP,Hamstring,soft_tissue,0,2,5.666666666666667,0.2593984962406015,7,1
2023,NYG,WallDa01,Darren Waller,TE,30.965092402464066,2022plus,15,10.05,Questionable,Limited,Hamstring,soft_tissue,1,1,5.666666666666667,0.2593984962406015,6,0
2023,NYG,WallDa01,Darren Waller,TE,30.965092402464066,2022plus,16,9.822222222222223,None,Full,Hamstring,soft_tissue,0,2,5.333333333333333,0.6395939086294417,8,0
2023,NYJ,HallBr03,Breece Hall,RB,22.253251197809718,2022plus,1,16.442857142857143,Questionable,Full,Knee,knee,0,1,,,7,0
2023,NYJ,HallBr03,Breece Hall,RB,22.253251197809718,2022plus,2,16.257142857142856,Questionable,Full,Knee,knee,0,2,12.0,,6,0
2023,NYJ,HallBr03,Breece Hall,RB,22.253251197809718,2022plus,3,12.371428571428572,None,Full,Knee,knee,0,3,9.0,1.0967741935483872,7,0
2023,NYJ,HallBr03,Breece Hall,RB,22.253251197809718,2022plus,13,13.718181818181819,Questionable,Full,Hamstring,soft_tissue,0,1,16.0,1.0259067357512957,9,0
2023,NYJ,HallBr03,Breece Hall,RB,22.253251197809718,2022plus,14,13.450000000000001,Questionable,Limited,Ankle,ankle_foot,0,2,17.666666666666668,1.0251256281407035,7,0
2023,NYJ,HallBr03,Breece Hall,RB,22.253251197809718,2022plus,15,14.461538461538462,None,Full,Ankle,ankle_foot,0,3,18.666666666666668,0.9441624365482233,7,0
2023,NYJ,WilsGa00,Garrett Wilson,WR,23.110198494182068,2022plus,11,14.422222222222224,Questionable,Limited,Arm / Elbow,other,0,1,13.666666666666666,1.0254545454545454,7,0
2023,NYJ,WilsGa00,Garrett Wilson,WR,23.110198494182068,2022plus,12,13.069999999999999,None,Full,Arm / Elbow,other,0,2,11.666666666666666,1.0142348754448398,5,0
2023,PHI,BrowAJ00,A.J. Brown,WR,26.171115674195757,2022plus,12,20.53,None,Full,Quad / Thigh,soft_tissue,0,1,7.0,1.0288808664259927,6,0
2023,PHI,BrowAJ00,A.J. Brown,WR,26.171115674195757,2022plus,13,20.0,None,Full,Quad / Thigh,soft_tissue,0,2,7.333333333333333,0.9724137931034482,7,0
2023,PHI,GoedDa00,Dallas Goedert,TE,28.659822039698838,2022plus,7,9.450000000000001,None,Limited,Hip / Groin,soft_tissue,0,1,7.0,0.8020833333333334,7,0
2023,PHI,GoedDa00,Dallas Goedert,TE,28.659822039698838,2022plus,11,10.11111111111111,Out,DNP,Arm / Elbow,other,0,1,5.333333333333333,0.9314516129032259,15,1
2023,PHI,GoedDa00,Dallas Goedert,TE,28.659822039698838,2022plus,12,10.11111111111111,Out,DNP,Arm / Elbow,other,1,2,5.333333333333333,0.9314516129032259,6,1
2023,PHI,GoedDa00,Dallas Goedert,TE,28.659822039698838,2022plus,13,10.11111111111111,Doubtful,Limited,Arm / Elbow,other,1,3,5.333333333333333,0.9314516129032259,7,1
2023,PHI,GoedDa00,Dallas Goedert,TE,28.659822039698838,2022plus,14,10.11111111111111,None,Full,Arm / Elbow,other,1,4,5.333333333333333,0.9314516129032259,7,0
2023,PHI,SmitDe07,DeVonta Smith,WR,24.79671457905544,2022plus,3,17.74705882352941,None,Full,Hamstring,soft_tissue,0,1,7.5,1.0204081632653061,11,0
2023,PHI,SmitDe07,DeVonta Smith,WR,24.79671457905544,2022plus,12,13.520000000000001,None,DNP,Knee,knee,0,1,6.0,0.9930313588850174,6,0
2023,PHI,SmitDe07,DeVonta Smith,WR,24.79671457905544,2022plus,13,14.436363636363637,None,Full,Knee,knee,0,2,6.333333333333333,1.0279720279720281,7,0
2023,PHI,SmitDe07,DeVonta Smith,WR,24.79671457905544,2022plus,16,14.55,None,Limited,Knee,knee,0,1,8.666666666666666,0.9829351535836178,7,0
2023,PHI,SmitDe07,DeVonta Smith,WR,24.79671457905544,2022plus,18,14.225,Out,DNP,Ankle,ankle_foot,0,1,5.0,0.9295774647887324,7,1
2023,PHI,SwifDA00,D'Andre Swift,RB,24.629705681040384,2022plus,12,14.970000000000002,None,Full,Ankle,ankle_foot,0,1,18.0,0.9458128078817735,6,0
2023,PHI,SwifDA00,D'Andre Swift,RB,24.629705681040384,2022plus,13,14.463636363636363,None,Full,Ankle,ankle_foot,0,2,16.666666666666668,0.9648241206030149,7,0
2023,PIT,FreiPa00,Pat Freiermuth,TE,24.851471594798085,2022plus,2,9.235,None,Full,Chest / Ribs,other,0,1,4.0,,8,0
2023,PIT,JohnDi01,Diontae Johnson,WR,27.156741957563312,2022plus,11,12.38,None,Full,Hand / Wrist,other,0,1,9.0,1.004081632653061,7,0
2023,SEA,LockTy00,Tyler Lockett,WR,30.924024640657084,2022plus,7,12.42,None,DNP,Hamstring,soft_tissue,0,1,7.0,0.978813559322034,7,0
2023,SEA,LockTy00,Tyler Lockett,WR,30.924024640657084,2022plus,9,13.142857142857142,None,Full,Hamstring,soft_tissue,0,3,7.333333333333333,1.1666666666666665,7,0
2023,SEA,LockTy00,Tyler Lockett,WR,30.924024640657084,2022plus,10,12.275,None,Full,Hamstring,soft_tissue,0,4,7.333333333333333,1.1688311688311688,7,0
2023,SEA,LockTy00,Tyler Lockett,WR,30.924024640657084,2022plus,11,13.488888888888889,Questionable,DNP,Hamstring,soft_tissue,0,5,9.0,0.9713114754098361,7,0
2023,SEA,LockTy00,Tyler Lockett,WR,30.924024640657084,2022plus,12,13.15,None,Full,Hamstring,soft_tissue,0,6,8.333333333333334,0.6521739130434783,4,0
2023,SEA,MetcDK00,D.K. Metcalf,WR,25.713894592744694,2022plus,3,13.470588235294118,Questionable,Full,Chest / Ribs,other,0,1,5.5,0.8829787234042553,7,0
2023,SEA,MetcDK00,D.K. Metcalf,WR,25.713894592744694,2022plus,4,14.43529411764706,None,Full,Chest / Ribs,other,0,2,6.333333333333333,0.8135593220338982,8,0
2023,SEA,MetcDK00,D.K. Metcalf,WR,25.713894592744694,2022plus,6,14.200000000000001,None,Full,Chest / Ribs,other,0,3,6.0,0.8554216867469878,13,0
2023,SEA,MetcDK00,D.K. Metcalf,WR,25.713894592744694,2022plus,7,13.540000000000001,Questionable,Limited,Chest / Ribs,other,0,4,7.0,1.0353982300884956,7,1
2023,SEA,MetcDK00,D.K. Metcalf,WR,25.713894592744694,2022plus,8,13.540000000000001,None,Full,Chest / Ribs,other,1,5,7.0,1.0353982300884956,7,0
2023,SEA,MetcDK00,D.K. Metcalf,WR,25.713894592744694,2022plus,9,13.233333333333334,None,Full,Hip / Groin,soft_tissue,0,6,9.0,1.0588235294117647,7,0
2023,SEA,MetcDK00,D.K. Metcalf,WR,25.713894592744694,2022plus,10,12.200000000000001,None,Full,Hip / Groin,soft_tissue,0,7,9.0,1.1365638766519823,7,0
2023,SEA,MetcDK00,D.K. Metcalf,WR,25.713894592744694,2022plus,12,13.622222222222222,None,Full,Foot / Toe,ankle_foot,0,1,8.333333333333334,0.8418972332015809,4,0
2023,SEA,MetcDK00,D.K. Metcalf,WR,25.713894592744694,2022plus,17,14.842857142857143,Questionable,DNP,Back,other,0,1,5.666666666666667,0.9816176470588235,7,0
2023,SEA,WalkKe00,Kenneth Walker III,RB,22.863791923340177,2022plus,1,13.5,None,Limited,Hip / Groin,soft_tissue,0,1,,,7,0
2023,SEA,WalkKe00,Kenneth Walker III,RB,22.863791923340177,2022plus,8,17.433333333333334,None,Full,Lower Leg,soft_tissue,0,1,22.666666666666668,1.2121212121212122,7,0
2023,SEA,WalkKe00,Kenneth Walker III,RB,22.863791923340177,2022plus,10,14.4125,None,Full,Chest / Ribs,other,0,1,16.666666666666668,0.7461928934010152,7,0
2023,SEA,WalkKe00,Kenneth Walker III,RB,22.863791923340177,2022plus,12,13.76,Doubtful,DNP,Core / Abdomen,other,0,1,12.333333333333334,0.2391304347826087,4,1
2023,SEA,WalkKe00,Kenneth Walker III,RB,22.863791923340177,2022plus,13,13.76,Doubtful,DNP,Core / Abdomen,other,1,2,12.333333333333334,0.2391304347826087,7,1
2023,SEA,WalkKe00,Kenneth Walker III,RB,22.863791923340177,2022plus,14,13.76,Questionable,Full,Core / Abdomen,other,1,3,12.333333333333334,0.2391304347826087,10,0
2023,SEA,WalkKe00,Kenneth Walker III,RB,22.863791923340177,2022plus,16,13.933333333333335,Questionable,Limited,Shoulder,other,0,1,13.333333333333334,1.4608695652173915,6,0
2023,SEA,WalkKe00,Kenneth Walker III,RB,22.863791923340177,2022plus,17,13.36923076923077,Questionable,Limited,Shoulder,other,0,2,17.666666666666668,1.4146341463414633,7,0
2023,SEA,WalkKe00,Kenneth Walker III,RB,22.863791923340177,2022plus,18,13.592857142857143,None,Full,Shoulder,other,0,3,17.666666666666668,0.7588235294117646,7,0
2023,SF,AiyuBr00,Brandon Aiyuk,WR,25.45927446954141,2022plus,3,16.75,Questionable,Limited,Shoulder,other,0,1,7.0,0.6235294117647059,4,1
2023,SF,AiyuBr00,Brandon Aiyuk,WR,25.45927446954141,2022plus,4,16.75,None,Full,Shoulder,other,1,2,7.0,0.6235294117647059,10,0
2023,SF,KittGe00,George Kittle,TE,29.894592744695416,2022plus,1,13.366666666666667,Questionable,Limited,Hip / Groin,soft_tissue,0,1,,,7,0
2023,SF,KittGe00,George Kittle,TE,29.894592744695416,2022plus,2,11.25,None,Full,Hip / Groin,soft_tissue,0,2,6.0,,7,0
2023,SF,McCaCh01,Christian McCaffrey,RB,27.23340177960301,2022plus,7,24.666666666666668,Questionable,Limited,Core / Abdomen,other,0,1,21.333333333333332,0.7945205479452054,8,0
2023,SF,McCaCh01,Christian McCaffrey,RB,27.23340177960301,2022plus,8,24.37142857142857,None,Full,Core / Abdomen,other,0,2,18.0,1.3888888888888886,6,0
2023,SF,McCaCh01,Christian McCaffrey,RB,27.23340177960301,2022plus,18,24.45625,Out,DNP,Lower Leg,soft_tissue,0,2,22.0,0.6090225563909775,7,1
2023,SF,PurdBr00,Brock Purdy,QB,23.679671457905545,2022plus,17,18.533333333333335,None,Full,Shoulder,other,0,1,29.0,0.7963636363636364,6,0
2023,SF,SamuDe00,Deebo Samuel,WR,27.627652292950035,2022plus,4,17.86346153846154,Questionable,Limited,Chest / Ribs,other,0,1,12.0,0.9318181818181818,10,0
2023,SF,SamuDe00,Deebo Samuel,WR,27.627652292950035,2022plus,5,14.775,None,Full,Chest / Ribs,other,0,2,10.0,1.0116279069767442,7,0
2023,SF,SamuDe00,Deebo Samuel,WR,27.627652292950035,2022plus,17,16.946153846153848,None,Full,Neck,other,0,1,10.666666666666666,1.1659919028340082,6,0
2023,TB,EvanMi00,Mike Evans,WR,30.028747433264886,2022plus,6,17.925,None,Full,Hamstring,soft_tissue,0,1,7.0,0.49115044247787615,14,0
2023,TB,EvanMi00,Mike Evans,WR,30.028747433264886,2022plus,11,16.96666666666667,None,DNP,Quad / Thigh,soft_tissue,0,3,7.0,0.8780487804878049,7,0
2023,TB,GodwCh00,Chris Godwin,WR,27.509924709103355,2022plus,8,12.466666666666667,Questionable,Full,Neck,other,0,1,10.0,0.8536585365853658,4,0
2023,TB,WhitRa01,Rachaad White,RB,24.635181382614647,2022plus,12,15.030000000000001,Questionable,Unknown,Knee,knee,0,1,21.0,1.0300429184549356,7,0
2023,TEN,HenrDe00,Derrick Henry,RB,29.65639972621492,2022plus,3,17.56125,None,Full,Foot / Toe,ankle_foot,0,1,23.5,1.4791666666666667,7,0
2023,TEN,HenrDe00,Derrick Henry,RB,29.65639972621492,2022plus,4,13.330625,None,Full,Foot / Toe,ankle_foot,0,2,19.333333333333332,0.638655462184874,7,0
2023,TEN,HenrDe00,Derrick Henry,RB,29.65639972621492,2022plus,9,14.782857142857143,None,Full,Ankle,ankle_foot,0,6,18.666666666666668,1.120689655172414,4,0
2023,TEN,HenrDe00,Derrick Henry,RB,29.65639972621492,2022plus,12,13.108,None,Full,Ankle,ankle_foot,0,9,15.0,1.2038216560509554,7,0
2023,TEN,HopkDe00,DeAndre Hopkins,WR,31.236139630390145,2022plus,2,16.016666666666666,Questionable,DNP,Ankle,ankle_foot,0,2,13.0,,7,0
2023,TEN,HopkDe00,DeAndre Hopkins,WR,31.236139630390145,2022plus,3,13.802777777777777,Questionable,DNP,Ankle,ankle_foot,0,3,9.0,0.7692307692307692,7,0
2023,TEN,HopkDe00,DeAndre Hopkins,WR,31.236139630390145,2022plus,9,14.200000000000001,Questionable,DNP,Foot / Toe,ankle_foot,0,8,7.333333333333333,0.8475336322869955,4,0
2023,TEN,LeviWi00,Will Levis,QB,24.18069815195072,2022plus,10,17.65,None,Full,Foot / Toe,ankle_foot,0,1,38.0,1.0309278350515465,10,0
2023,WAS,McLaTe00,Terry McLaurin,WR,27.96167008898015,2022plus,1,13.470588235294118,None,Full,Foot / Toe,ankle_foot,0,1,,,7,0
2023,WAS,RobiBr01,Brian Robinson Jr.,RB,24.44626967830253,2022plus,3,15.320833333333333,None,Full,Hip / Groin,soft_tissue,0,1,21.0,0.8524590163934427,7,0
2023,WAS,RobiBr01,Brian Robinson Jr.,RB,24.44626967830253,2022plus,15,13.538461538461538,Out,DNP,Hamstring,soft_tissue,0,1,17.0,0.37931034482758624,14,1
2023,WAS,RobiBr01,Brian Robinson Jr.,RB,24.44626967830253,2022plus,16,13.538461538461538,Out,DNP,Hamstring,soft_tissue,1,2,17.0,0.37931034482758624,7,1
2023,WAS,RobiBr01,Brian Robinson Jr.,RB,24.44626967830253,2022plus,17,13.538461538461538,None,Limited,Hamstring,soft_tissue,1,3,17.0,0.37931034482758624,7,0
2023,WAS,ThomLo00,Logan Thomas,TE,32.16974674880219,2022plus,9,10.457142857142857,None,Full,Foot / Toe,ankle_foot,0,1,5.0,0.9866666666666667,7,0
2024,ARI,ConnJa00,James Conner,RB,29.32785763175907,2022plus,10,14.233333333333333,None,Full,Hand / Wrist,other,0,1,22.333333333333332,0.75,7,0
2024,ARI,ConnJa00,James Conner,RB,29.32785763175907,2022plus,17,16.733333333333334,Questionable,Limited,Knee,knee,0,1,20.666666666666668,0.6376811594202899,6,0
2024,ARI,HarrMa09,Marvin Harrison Jr.,WR,22.05886379192334,2022plus,4,15.933333333333332,None,Full,Quad / Thigh,soft_tissue,0,1,7.333333333333333,1.0999999999999999,7,0
2024,ARI,McBrTr01,Trey McBride,TE,24.777549623545518,2022plus,4,9.219117647058823,Out,DNP,Head / Concussion,concussion,0,1,7.0,1.0119047619047619,7,1
2024,ARI,McBrTr01,Trey McBride,TE,24.777549623545518,2022plus,5,9.219117647058823,Questionable,Full,Chest / Ribs,other,1,2,7.0,1.0119047619047619,7,0
2024,ARI,McBrTr01,Trey McBride,TE,24.777549623545518,2022plus,15,14.275,None,Full,Knee,knee,0,1,13.666666666666666,1.0763358778625953,7,0
2024,ARI,MurrKy00,Kyler Murray,QB,27.069130732375086,2022plus,2,17.26625,None,Full,Knee,knee,0,1,36.0,,7,0
2024,ATL,LondDr00,Drake London,WR,23.107460643394933,2022plus,10,15.688888888888888,Questionable,Limited,Hip / Groin,soft_tissue,0,1,5.333333333333333,0.19999999999999998,7,0
2024,ATL,LondDr00,Drake London,WR,23.107460643394933,2022plus,11,15.89,None,Full,Hip / Groin,soft_tissue,0,2,7.0,1.4423076923076923,7,0
2024,ATL,LondDr00,Drake London,WR,23.107460643394933,2022plus,13,15.272727272727273,None,Full,Hip / Groin,soft_tissue,0,3,7.333333333333333,1.0410958904109588,14,0
2024,ATL,LondDr00,Drake London,WR,23.107460643394933,2022plus,16,15.114285714285714,None,Limited,Knee,knee,0,1,10.0,1.069090909090909,6,0
2024,ATL,LondDr00,Drake London,WR,23.107460643394933,2022plus,17,14.833333333333334,None,Full,Knee,knee,0,2,7.0,0.7373737373737375,7,0
2024,ATL,LondDr00,Drake London,WR,23.107460643394933,2022plus,18,15.00625,None,Full,Knee,knee,0,3,8.0,1.07380073800738,7,0
2024,ATL,MoonDa00,Darnell Mooney,WR,26.84188911704312,2022plus,6,15.0,None,Full,Knee,knee,0,1,10.0,1.0173010380622838,10,0
2024,ATL,MoonDa00,Darnell Mooney,WR,26.84188911704312,2022plus,11,14.440000000000001,None,Limited,Achilles,achilles,0,1,8.0,1.0531914893617023,7,0
2024,ATL,MoonDa00,Darnell Mooney,WR,26.84188911704312,2022plus,13,13.554545454545456,None,DNP,Achilles,achilles,0,2,7.333333333333333,0.5938566552901025,14,0
2024,ATL,MoonDa00,Darnell Mooney,WR,26.84188911704312,2022plus,14,12.841666666666669,None,Limited,Achilles,achilles,0,3,6.333333333333333,1.0972762645914398,7,0
2024,ATL,MoonDa00,Darnell Mooney,WR,26.84188911704312,2022plus,15,13.407692307692308,None,Limited,Foot / Toe,ankle_foot,0,4,5.666666666666667,1.1354581673306774,8,0
2024,ATL,RobiBi01,Bijan Robinson,RB,22.587268993839835,2022plus,4,14.99705882352941,None,Full,Shoulder,other,0,1,20.0,0.9999999999999999,7,0
2024,ATL,RobiBi01,Bijan Robinson,RB,22.587268993839835,2022plus,5,14.225000000000001,None,Full,Hamstring,soft_tissue,0,2,16.0,0.7804878048780488,4,0
2024,ATL,RobiBi01,Bijan Robinson,RB,22.587268993839835,2022plus,6,13.520000000000001,None,Full,Hamstring,soft_tissue,0,3,14.666666666666666,0.9095022624434389,10,0
2024,BAL,FlowZa00,Zay Flowers,WR,23.972621492128678,2022plus,8,12.271428571428572,Questionable,Limited,Ankle,ankle_foot,0,1,8.333333333333334,0.9594594594594595,6,0
2024,BAL,FlowZa00,Zay Flowers,WR,23.972621492128678,2022plus,17,13.42,Questionable,Limited,Shoulder,other,0,1,8.0,1.0357142857142858,4,0
2024,BAL,JackLa00,Lamar Jackson,QB,27.64955509924709,2022plus,9,25.2575,None,Full,Back,other,0,1,38.0,1.0169491525423728,7,0
2024,BAL,JackLa00,Lamar Jackson,QB,27.64955509924709,2022plus,10,25.073333333333338,None,Full,Knee,knee,0,2,33.0,0.9050847457627118,4,0
2024,BAL,JohnDi01,Diontae Johnson,WR,28.15879534565366,2022plus,5,13.975000000000001,None,Limited,Ankle,ankle_foot,1,2,,,7,1
2024,BAL,JohnDi01,Diontae Johnson,WR,28.15879534565366,2022plus,6,12.360000000000001,Questionable,Limited,Ankle,ankle_foot,1,3,,,7,1
2024,BAL,JohnDi01,Diontae Johnson,WR,28.15879534565366,2022plus,7,13.6,Questionable,Limited,Chest / Ribs,other,1,4,,,8,1
2024,BAL,JohnDi01,Diontae Johnson,WR,28.15879534565366,2022plus,8,12.042857142857143,Out,DNP,Chest / Ribs,other,1,5,,,6,1
2024,BUF,AlleJo02,Josh Allen,QB,28.281998631074607,2022plus,2,25.11735294117647,None,Full,Hand / Wrist,other,0,1,32.0,,4,0
2024,BUF,AlleJo02,Josh Allen,QB,28.281998631074607,2022plus,3,21.783235294117645,None,Full,Hand / Wrist,other,0,2,26.5,0.91,11,0
2024,BUF,AlleJo02,Josh Allen,QB,28.281998631074607,2022plus,4,23.739117647058823,None,Full,Hand / Wrist,other,0,3,29.666666666666668,0.9214659685863874,6,0
2024,BUF,AlleJo02,Josh Allen,QB,28.281998631074607,2022plus,5,19.79,None,Full,Hand / Wrist,other,0,4,30.333333333333332,0.9247311827956989,7,0
2024,BUF,AlleJo02,Josh Allen,QB,28.281998631074607,2022plus,6,18.759999999999998,None,Full,Ankle,ankle_foot,0,5,34.666666666666664,1.109433962264151,8,0
2024,BUF,AlleJo02,Josh Allen,QB,28.281998631074607,2022plus,7,19.7,None,Full,Hand / Wrist,other,0,6,34.0,1.1029411764705883,6,0
2024,BUF,AlleJo02,Josh Allen,QB,28.281998631074607,2022plus,8,19.888571428571428,None,Full,Hand / Wrist,other,0,7,34.666666666666664,1.056338028169014,7,0
2024,BUF,AlleJo02,Josh Allen,QB,28.281998631074607,2022plus,9,19.880000000000003,None,Full,Hand / Wrist,other,0,8,37.0,0.9161073825503356,7,0
2024,BUF,AlleJo02,Josh Allen,QB,28.281998631074607,2022plus,10,20.12666666666667,None,Full,Hand / Wrist,other,0,9,39.333333333333336,1.0309278350515463,7,0
2024,BUF,AlleJo02,Josh Allen,QB,28.281998631074607,2022plus,11,19.934,None,Full,Hand / Wrist,other,0,10,42.333333333333336,1.0206185567010309,7,0
2024,BUF,AlleJo02,Josh Allen,QB,28.281998631074607,2022plus,17,23.737333333333332,None,Full,Arm / Elbow,other,0,1,42.333333333333336,1.0948905109489049,7,0
2024,BUF,AlleJo02,Josh Allen,QB,28.281998631074607,2022plus,18,23.69,None,Full,Arm / Elbow,other,0,2,37.333333333333336,0.86,7,0
2024,BUF,CookJa01,James Cook,RB,24.93634496919918,2022plus,6,16.84,Questionable,Limited,Foot / Toe,ankle_foot,0,1,16.333333333333332,1.156862745098039,8,1
2024,BUF,CookJa01,James Cook,RB,24.93634496919918,2022plus,7,16.84,None,Full,Foot / Toe,ankle_foot,1,2,16.333333333333332,1.156862745098039,6,0
2024,BUF,ShakKh00,Khalil Shakir,WR,24.577686516084874,2022plus,5,13.3,Out,DNP,Ankle,ankle_foot,0,1,5.666666666666667,1.0,7,1
2024,BUF,ShakKh00,Khalil Shakir,WR,24.577686516084874,2022plus,6,13.3,Questionable,Limited,Ankle,ankle_foot,1,2,5.666666666666667,1.0,8,0
2024,CAR,HubbCh01,Chuba Hubbard,RB,25.22655715263518,2022plus,17,16.10666666666667,Questionable,Limited,Knee,knee,0,3,25.0,0.9298892988929889,7,1
2024,CAR,JohnDi01,Diontae Johnson,WR,28.15879534565366,2022plus,5,13.975000000000001,None,Limited,Ankle,ankle_foot,0,2,11.0,1.046218487394958,7,0
2024,CAR,JohnDi01,Diontae Johnson,WR,28.15879534565366,2022plus,6,12.360000000000001,Questionable,Limited,Ankle,ankle_foot,0,3,11.666666666666666,0.9411764705882354,7,0
2024,CAR,JohnDi01,Diontae Johnson,WR,28.15879534565366,2022plus,7,13.6,Questionable,Limited,Chest / Ribs,other,0,4,10.333333333333334,1.107883817427386,7,0
2024,CAR,JohnDi01,Diontae Johnson,WR,28.15879534565366,2022plus,8,12.042857142857143,Out,DNP,Chest / Ribs,other,0,5,7.0,0.8333333333333333,7,1
2024,CAR,ThieAd00,Adam Thielen,WR,34.02874743326489,2022plus,2,12.166176470588235,None,Full,Shoulder,other,0,1,4.0,,7,0
2024,CHI,AlleKe00,Keenan Allen,WR,32.34770704996578,2022plus,1,21.450769230769232,Questionable,Full,Foot / Toe,ankle_foot,0,1,,,7,0
2024,CHI,AlleKe00,Keenan Allen,WR,32.34770704996578,2022plus,2,17.813076923076927,Questionable,DNP,Foot / Toe,ankle_foot,0,2,11.0,,7,1
2024,CHI,AlleKe00,Keenan Allen,WR,32.34770704996578,2022plus,3,17.813076923076927,Out,DNP,Foot / Toe,ankle_foot,1,3,11.0,,7,1
2024,CHI,AlleKe00,Keenan Allen,WR,32.34770704996578,2022plus,4,17.813076923076927,Questionable,Full,Foot / Toe,ankle_foot,1,4,11.0,,7,0
2024,CHI,KmetCo00,Cole Kmet,TE,25.481177275838466,2022plus,5,10.05,None,Full,Knee,knee,0,1,6.333333333333333,1.3106796116504855,7,0
2024,CHI,MoorD.00,D.J. Moore,WR,27.38398357289528,2022plus,14,13.658333333333333,Questionable,Limited,Quad / Thigh,soft_tissue,0,1,10.666666666666666,1.0034482758620689,10,0
2024,CHI,SwifDA00,D'Andre Swift,RB,25.631759069130734,2022plus,12,14.780000000000001,Questionable,Full,Hip / Groin,soft_tissue,0,1,18.333333333333332,0.8465346534653465,7,0
2024,CHI,SwifDA00,D'Andre Swift,RB,25.631759069130734,2022plus,14,13.891666666666666,Questionable,Limited,Quad / Thigh,soft_tissue,0,1,15.666666666666666,1.1564245810055864,10,0
2024,CHI,SwifDA00,D'Andre Swift,RB,25.631759069130734,2022plus,15,13.207692307692307,Questionable,Limited,Hip / Groin,soft_tissue,0,2,15.666666666666666,1.30939226519337,8,0
2024,CIN,BrowCh10,Chase Brown,RB,24.449007529089666,2022plus,10,12.966666666666667,None,Full,Chest / Ribs,other,0,1,21.666666666666668,1.4285714285714288,4,0
2024,CIN,BrowCh10,Chase Brown,RB,24.449007529089666,2022plus,18,15.9375,Questionable,DNP,Ankle,ankle_foot,0,1,24.333333333333332,0.8868613138686131,7,1
2024,CIN,BurrJo01,Joe Burrow,QB,27.72621492128679,2022plus,4,16.339,None,Full,Hand / Wrist,other,0,4,38.0,1.0,6,0
2024,CIN,BurrJo01,Joe Burrow,QB,27.72621492128679,2022plus,6,20.14,None,Full,Hand / Wrist,other,0,6,37.333333333333336,1.0,7,0
2024,CIN,BurrJo01,Joe Burrow,QB,27.72621492128679,2022plus,7,20.08666666666667,None,Full,Hand / Wrist,other,0,7,35.0,1.0,7,0
2024,CIN,BurrJo01,Joe Burrow,QB,27.72621492128679,2022plus,8,19.351428571428574,None,Full,Hand / Wrist,other,0,8,33.666666666666664,1.0,7,0
2024,CIN,BurrJo01,Joe Burrow,QB,27.72621492128679,2022plus,9,18.54,None,Full,Hand / Wrist,other,0,9,33.333333333333336,0.95,7,0
2024,CIN,BurrJo01,Joe Burrow,QB,27.72621492128679,2022plus,10,19.71777777777778,None,Full,Hand / Wrist,other,0,10,36.666666666666664,1.006779661016949,4,0
2024,CIN,BurrJo01,Joe Burrow,QB,27.72621492128679,2022plus,11,21.118000000000002,None,Full,Hand / Wrist,other,0,11,46.666666666666664,1.0204081632653061,10,0
2024,CIN,BurrJo01,Joe Burrow,QB,27.72621492128679,2022plus,13,21.83818181818182,None,Full,Hand / Wrist,other,0,12,50.666666666666664,1.0204081632653061,14,0
2024,CIN,BurrJo01,Joe Burrow,QB,27.72621492128679,2022plus,14,21.623333333333335,None,Full,Hand / Wrist,other,0,13,50.0,1.0033444816053512,8,0
2024,CIN,BurrJo01,Joe Burrow,QB,27.72621492128679,2022plus,15,21.849230769230772,None,Full,Hand / Wrist,other,0,14,46.0,1.0,6,0
2024,CIN,BurrJo01,Joe Burrow,QB,27.72621492128679,2022plus,16,21.49142857142857,None,Limited,Hand / Wrist,other,0,15,41.0,1.0,7,0
2024,CIN,BurrJo01,Joe Burrow,QB,27.72621492128679,2022plus,17,21.524,None,Limited,Hand / Wrist,other,0,16,38.333333333333336,0.98,6,0
2024,CIN,BurrJo01,Joe Burrow,QB,27.72621492128679,2022plus,18,22.490000000000002,None,Full,Hand / Wrist,other,0,17,40.666666666666664,1.0067114093959733,7,0
2024,CIN,ChasJa00,Ja'Marr Chase,WR,24.503764544832308,2022plus,4,16.48,None,Full,Shoulder,other,0,1,6.0,1.1136363636363635,6,0
2024,CIN,ChasJa00,Ja'Marr Chase,WR,24.503764544832308,2022plus,14,22.691666666666666,None,Full,Ankle,ankle_foot,0,1,13.0,1.0355871886120998,8,0
2024,CIN,HiggTe00,Tee Higgins,WR,25.620807665982205,2022plus,3,11.466666666666667,None,Full,Hamstring,soft_tissue,1,3,,,8,0
2024,CIN,HiggTe00,Tee Higgins,WR,25.620807665982205,2022plus,8,16.220000000000002,Questionable,Limited,Quad / Thigh,soft_tissue,0,1,9.666666666666666,1.1131221719457012,7,1
2024,CIN,HiggTe00,Tee Higgins,WR,25.620807665982205,2022plus,9,16.220000000000002,Doubtful,DNP,Quad / Thigh,soft_tissue,1,2,9.666666666666666,1.1131221719457012,7,1
2024,CIN,HiggTe00,Tee Higgins,WR,25.620807665982205,2022plus,10,16.220000000000002,Doubtful,DNP,Quad / Thigh,soft_tissue,1,3,9.666666666666666,1.1131221719457012,4,1
2024,CIN,HiggTe00,Tee Higgins,WR,25.620807665982205,2022plus,11,16.220000000000002,None,Limited,Quad / Thigh,soft_tissue,1,4,9.666666666666666,1.1131221719457012,10,0
2024,CIN,HiggTe00,Tee Higgins,WR,25.620807665982205,2022plus,17,17.270000000000003,Questionable,Limited,Ankle,ankle_foot,0,9,8.0,0.8068181818181818,6,0
2024,CIN,HiggTe00,Tee Higgins,WR,25.620807665982205,2022plus,18,19.345454545454547,Questionable,Limited,Ankle,ankle_foot,0,10,10.333333333333334,0.8448979591836733,7,0
2024,CIN,MossZa00,Zack Moss,RB,26.713210130047912,2022plus,2,12.610714285714286,None,Full,Neck,other,0,1,13.0,,7,0
2024,CIN,MossZa00,Zack Moss,RB,26.713210130047912,2022plus,6,13.3,None,Full,Foot / Toe,ankle_foot,0,1,16.666666666666668,0.9305555555555555,7,0
2024,CLE,FordJe00,Jerome Ford,RB,24.971937029431896,2022plus,4,12.180882352941175,None,Full,Knee,knee,0,1,14.0,1.327731092436975,7,0
2024,CLE,JeudJe00,Jerry Jeudy,WR,25.357973990417523,2022plus,14,13.666666666666666,None,Full,Knee,knee,0,13,10.0,1.0186567164179103,6,0
2024,CLE,JeudJe00,Jerry Jeudy,WR,25.357973990417523,2022plus,15,13.953846153846154,None,Full,Knee,knee,0,14,8.333333333333334,1.0656370656370657,7,0
2024,CLE,JeudJe00,Jerry Jeudy,WR,25.357973990417523,2022plus,16,14.514285714285714,None,Full,Knee,knee,0,15,11.0,1.0714285714285714,7,0
2024,CLE,JeudJe00,Jerry Jeudy,WR,25.357973990417523,2022plus,17,13.813333333333333,None,Limited,Knee,knee,0,16,7.666666666666667,0.9820143884892086,7,0
2024,CLE,JeudJe00,Jerry Jeudy,WR,25.357973990417523,2022plus,18,14.2875,None,Full,Knee,knee,0,17,11.666666666666666,1.0467625899280575,6,0
2024,CLE,NjokDa00,David Njoku,TE,28.145106091718002,2022plus,2,11.531249999999998,Out,DNP,Ankle,ankle_foot,0,1,5.0,,7,1
2024,CLE,NjokDa00,David Njoku,TE,28.145106091718002,2022plus,3,11.531249999999998,Out,DNP,Ankle,ankle_foot,1,2,5.0,,7,1
2024,CLE,NjokDa00,David Njoku,TE,28.145106091718002,2022plus,4,11.531249999999998,Out,DNP,Ankle,ankle_foot,1,3,5.0,,7,1
2024,CLE,NjokDa00,David Njoku,TE,28.145106091718002,2022plus,5,11.531249999999998,Questionable,Limited,Ankle,ankle_foot,1,4,5.0,,7,0
2024,CLE,NjokDa00,David Njoku,TE,28.145106091718002,2022plus,9,11.92,None,Limited,Ankle,ankle_foot,0,1,9.333333333333334,1.2727272727272727,7,0
2024,CLE,NjokDa00,David Njoku,TE,28.145106091718002,2022plus,12,12.37142857142857,None,Full,Knee,knee,0,1,7.666666666666667,1.0617283950617284,4,0
2024,CLE,NjokDa00,David Njoku,TE,28.145106091718002,2022plus,15,13.39,Questionable,DNP,Hamstring,soft_tissue,0,1,11.666666666666666,0.9782608695652175,7,1
2024,CLE,NjokDa00,David Njoku,TE,28.145106091718002,2022plus,16,13.39,Questionable,Limited,Hamstring,soft_tissue,1,2,11.666666666666666,0.9782608695652175,7,0
2024,CLE,NjokDa00,David Njoku,TE,28.145106091718002,2022plus,17,13.5,Out,DNP,Knee,knee,0,3,13.333333333333334,0.6642857142857144,7,1
2024,CLE,NjokDa00,David Njoku,TE,28.145106091718002,2022plus,18,13.5,Out,DNP,Knee,knee,1,4,13.333333333333334,0.6642857142857144,6,1
2024,DAL,DowdRi01,Rico Dowdle,RB,26.217659137577,2022plus,15,12.383333333333335,None,Full,Knee,knee,0,1,22.333333333333332,1.2833333333333334,6,0
2024,DAL,DowdRi01,Rico Dowdle,RB,26.217659137577,2022plus,16,12.576923076923077,None,Full,Knee,knee,0,2,23.333333333333332,1.0673076923076923,7,0
2024,DAL,LambCe00,CeeDee Lamb,WR,25.401779603011637,2022plus,3,20.008823529411764,None,Full,Ankle,ankle_foot,0,1,10.0,1.1690140845070423,7,0
2024,DAL,LambCe00,CeeDee Lamb,WR,25.401779603011637,2022plus,4,16.254411764705882,None,Full,Ankle,ankle_foot,0,2,9.0,1.155844155844156,4,0
2024,DAL,LambCe00,CeeDee Lamb,WR,25.401779603011637,2022plus,10,18.525000000000002,None,Full,Shoulder,other,0,1,15.333333333333334,1.0080971659919027,7,0
2024,DAL,LambCe00,CeeDee Lamb,WR,25.401779603011637,2022plus,11,17.4,Questionable,Limited,Back,other,0,2,14.0,1.0246913580246912,8,0
2024,DAL,LambCe00,CeeDee Lamb,WR,25.401779603011637,2022plus,12,17.520000000000003,None,Full,Back,other,0,3,12.666666666666666,0.9411764705882354,6,0
2024,DAL,LambCe00,CeeDee Lamb,WR,25.401779603011637,2022plus,13,17.454545454545453,None,Full,Back,other,0,4,12.333333333333334,1.146341463414634,4,0
2024,DAL,LambCe00,CeeDee Lamb,WR,25.401779603011637,2022plus,14,16.491666666666667,None,Limited,Shoulder,other,0,5,10.666666666666666,0.7821011673151752,11,0
2024,DAL,LambCe00,CeeDee Lamb,WR,25.401779603011637,2022plus,15,16.86923076923077,None,Full,Shoulder,other,0,6,9.0,1.2074688796680497,6,0
2024,DAL,LambCe00,CeeDee Lamb,WR,25.401779603011637,2022plus,16,17.564285714285713,None,Full,Shoulder,other,0,7,9.0,0.813953488372093,7,0
2024,DAL,LambCe00,CeeDee Lamb,WR,25.401779603011637,2022plus,17,17.560000000000002,Out,DNP,Shoulder,other,0,8,9.666666666666666,0.7051282051282053,7,1
2024,DEN,NixxBo00,Bo Nix,QB,24.517453798767967,2022plus,13,17.926666666666666,None,Full,Back,other,0,1,37.0,1.0169491525423728,8,0
2024,DEN,VeleDe00,Devaughn Vele,WR,26.72142368240931,2022plus,3,11.9,None,Full,Chest / Ribs,other,1,2,8.0,,7,1
2024,DET,MontDa01,David Montgomery,RB,27.236139630390145,2022plus,13,16.310909090909092,Questionable,Full,Shoulder,other,0,1,14.333333333333334,0.6444444444444444,4,0
2024,DET,MontDa01,David Montgomery,RB,27.236139630390145,2022plus,16,15.837142857142856,Out,DNP,Knee,knee,0,1,17.333333333333332,0.7031249999999999,7,1
2024,DET,MontDa01,David Montgomery,RB,27.236139630390145,2022plus,17,15.837142857142856,Out,DNP,Knee,knee,1,2,17.333333333333332,0.7031249999999999,8,1
2024,DET,MontDa01,David Montgomery,RB,27.236139630390145,2022plus,18,15.837142857142856,Out,DNP,Knee,knee,1,3,17.333333333333332,0.7031249999999999,6,1
2024,DET,StxxAm00,Amon-Ra St. Brown,WR,24.856947296372347,2022plus,3,17.140625,None,Full,Quad / Thigh,soft_tissue,0,1,12.0,0.9387755102040817,7,0
2024,DET,StxxAm00,Amon-Ra St. Brown,WR,24.856947296372347,2022plus,13,18.507272727272728,Questionable,Full,Knee,knee,0,1,9.0,1.040590405904059,4,0
2024,GB,JacoJo01,Josh Jacobs,RB,26.55441478439425,2022plus,2,13.548076923076923,None,Limited,Back,other,0,1,19.0,,9,0
2024,GB,JacoJo01,Josh Jacobs,RB,26.55441478439425,2022plus,3,13.340384615384615,None,Limited,Back,other,0,2,25.5,0.9178082191780823,7,0
2024,GB,JacoJo01,Josh Jacobs,RB,26.55441478439425,2022plus,9,14.65,Questionable,Limited,Ankle,ankle_foot,0,1,21.666666666666668,0.9365853658536587,7,0
2024,GB,JacoJo01,Josh Jacobs,RB,26.55441478439425,2022plus,11,14.444444444444445,None,Full,Quad / Thigh,soft_tissue,0,2,20.0,0.8505154639175259,14,0
2024,GB,JacoJo01,Josh Jacobs,RB,26.55441478439425,2022plus,12,15.34,None,Limited,Quad / Thigh,soft_tissue,0,3,22.0,1.2903225806451615,7,0
2024,GB,JacoJo01,Josh Jacobs,RB,26.55441478439425,2022plus,14,16.975,None,Limited,Lower Leg,soft_tissue,0,5,24.333333333333332,1.2446808510638299,7,0
2024,GB,JacoJo01,Josh Jacobs,RB,26.55441478439425,2022plus,18,17.59375,None,Full,Hand / Wrist,other,0,1,21.333333333333332,0.9642857142857143,7,0
2024,GB,KrafTu00,Tucker Kraft,TE,23.82751540041068,2022plus,6,11.16,None,Limited,Hip / Groin,soft_tissue,0,1,5.666666666666667,1.094420600858369,7,0
2024,GB,KrafTu00,Tucker Kraft,TE,23.82751540041068,2022plus,7,9.883333333333335,None,Limited,Hip / Groin,soft_tissue,0,2,6.333333333333333,1.0336134453781511,7,0
2024,GB,LoveJo03,Jordan Love,QB,25.831622176591377,2022plus,2,18.17617647058824,Questionable,DNP,Knee,knee,0,1,34.0,,9,1
2024,GB,LoveJo03,Jordan Love,QB,25.831622176591377,2022plus,3,18.17617647058824,Questionable,Limited,Knee,knee,1,2,34.0,,7,1
2024,GB,LoveJo03,Jordan Love,QB,25.831622176591377,2022plus,4,18.17617647058824,Questionable,Limited,Knee,knee,1,3,34.0,,7,0
2024,GB,LoveJo03,Jordan Love,QB,25.831622176591377,2022plus,5,20.524117647058823,None,Full,Knee,knee,0,4,44.5,1.0309278350515465,7,0
2024,GB,LoveJo03,Jordan Love,QB,25.831622176591377,2022plus,9,18.113333333333333,Questionable,Limited,Hip / Groin,soft_tissue,0,1,31.0,0.63,7,0
2024,GB,LoveJo03,Jordan Love,QB,25.831622176591377,2022plus,11,17.085714285714285,None,Full,Hip / Groin,soft_tissue,0,2,32.666666666666664,1.140684410646388,14,0
2024,GB,ReedJa03,Jayden Reed,WR,24.344969199178646,2022plus,2,18.45625,Questionable,Limited,Lower Leg,soft_tissue,0,1,7.0,,9,0
2024,GB,ReedJa03,Jayden Reed,WR,24.344969199178646,2022plus,3,16.712500000000002,None,Limited,Lower Leg,soft_tissue,0,2,5.5,0.7777777777777779,7,0
2024,GB,ReedJa03,Jayden Reed,WR,24.344969199178646,2022plus,4,16.04375,None,Full,Lower Leg,soft_tissue,0,3,6.333333333333333,0.8906249999999999,7,0
2024,GB,ReedJa03,Jayden Reed,WR,24.344969199178646,2022plus,7,17.7,None,Limited,Ankle,ankle_foot,0,1,8.0,0.7535545023696681,7,0
2024,GB,ReedJa03,Jayden Reed,WR,24.344969199178646,2022plus,8,15.6,None,Full,Ankle,ankle_foot,0,2,6.666666666666667,1.072463768115942,7,0
2024,HOU,CollNi00,Nico Collins,WR,25.456536618754278,2022plus,3,19.98,None,Full,Hip / Groin,soft_tissue,0,2,9.0,1.0499999999999998,7,0
2024,HOU,CollNi00,Nico Collins,WR,25.456536618754278,2022plus,4,18.790000000000003,None,Full,Hamstring,soft_tissue,0,3,9.333333333333334,0.9999999999999999,7,0
2024,HOU,CollNi00,Nico Collins,WR,25.456536618754278,2022plus,10,21.34,Questionable,Limited,Hamstring,soft_tissue,1,1,9.0,0.156,10,1
2024,HOU,CollNi00,Nico Collins,WR,25.456536618754278,2022plus,11,21.34,None,Full,Hamstring,soft_tissue,1,2,9.0,0.156,8,0
2024,HOU,DiggSt00,Stefon Diggs,WR,30.757015742642025,2022plus,9,15.24,None,DNP,Knee,knee,0,2,8.0,0.6558704453441295,4,1
2024,HOU,JohnDi01,Diontae Johnson,WR,28.15879534565366,2022plus,5,13.975000000000001,None,Limited,Ankle,ankle_foot,1,2,,,7,1
2024,HOU,JohnDi01,Diontae Johnson,WR,28.15879534565366,2022plus,6,12.360000000000001,Questionable,Limited,Ankle,ankle_foot,1,3,,,7,1
2024,HOU,JohnDi01,Diontae Johnson,WR,28.15879534565366,2022plus,7,13.6,Questionable,Limited,Chest / Ribs,other,1,4,,,7,1
2024,HOU,JohnDi01,Diontae Johnson,WR,28.15879534565366,2022plus,8,12.042857142857143,Out,DNP,Chest / Ribs,other,1,5,,,7,1
2024,HOU,MixoJo00,Joe Mixon,RB,28.10677618069815,2022plus,3,16.552941176470586,Doubtful,DNP,Ankle,ankle_foot,0,1,23.5,0.6527777777777778,7,1
2024,HOU,MixoJo00,Joe Mixon,RB,28.10677618069815,2022plus,4,16.552941176470586,Questionable,Limited,Ankle,ankle_foot,1,2,23.5,0.6527777777777778,7,1
2024,HOU,MixoJo00,Joe Mixon,RB,28.10677618069815,2022plus,5,16.552941176470586,Out,DNP,Ankle,ankle_foot,1,3,23.5,0.6527777777777778,7,1
2024,HOU,MixoJo00,Joe Mixon,RB,28.10677618069815,2022plus,6,16.552941176470586,Questionable,Limited,Ankle,ankle_foot,1,4,23.5,0.6527777777777778,7,0
2024,HOU,MixoJo00,Joe Mixon,RB,28.10677618069815,2022plus,7,19.426470588235293,None,Full,Ankle,ankle_foot,0,5,21.0,0.7058823529411765,7,0
2024,HOU,MixoJo00,Joe Mixon,RB,28.10677618069815,2022plus,16,20.245454545454546,None,Limited,Ankle,ankle_foot,0,2,21.333333333333332,0.8240343347639485,6,0
2024,IND,DownJo00,Josh Downs,WR,23.055441478439427,2022plus,6,13.13529411764706,Questionable,Full,Foot / Toe,ankle_foot,0,1,8.666666666666666,1.0252100840336136,7,0
2024,IND,DownJo00,Josh Downs,WR,23.055441478439427,2022plus,7,15.700000000000001,Questionable,Limited,Foot / Toe,ankle_foot,0,2,10.333333333333334,1.3166666666666669,7,0
2024,IND,DownJo00,Josh Downs,WR,23.055441478439427,2022plus,8,12.820000000000002,None,Full,Hip / Groin,soft_tissue,0,3,8.333333333333334,0.905940594059406,7,0
2024,IND,DownJo00,Josh Downs,WR,23.055441478439427,2022plus,9,14.383333333333335,None,Full,Foot / Toe,ankle_foot,0,4,7.333333333333333,1.0447761194029852,7,0
2024,IND,DownJo00,Josh Downs,WR,23.055441478439427,2022plus,12,14.655555555555557,None,Full,Lower Leg,soft_tissue,0,1,8.0,1.0952380952380951,7,0
2024,IND,DownJo00,Josh Downs,WR,23.055441478439427,2022plus,13,13.76,Out,DNP,Shoulder,other,0,2,7.333333333333333,0.845744680851064,7,1
2024,IND,DownJo00,Josh Downs,WR,23.055441478439427,2022plus,15,13.76,Questionable,Full,Shoulder,other,1,3,7.333333333333333,0.845744680851064,14,0
2024,IND,TaylJo02,Jonathan Taylor,RB,25.61806981519507,2022plus,5,18.15,Out,DNP,Ankle,ankle_foot,0,1,22.0,0.9279661016949153,7,1
2024,IND,TaylJo02,Jonathan Taylor,RB,25.61806981519507,2022plus,6,18.15,Out,DNP,Ankle,ankle_foot,1,2,22.0,0.9279661016949153,7,1
2024,IND,TaylJo02,Jonathan Taylor,RB,25.61806981519507,2022plus,7,18.15,Out,DNP,Ankle,ankle_foot,1,3,22.0,0.9279661016949153,7,1
2024,IND,TaylJo02,Jonathan Taylor,RB,25.61806981519507,2022plus,8,18.15,None,Full,Ankle,ankle_foot,1,4,22.0,0.9279661016949153,7,0
2024,JAX,EngrEv00,Evan Engram,TE,29.998631074606433,2022plus,3,10.535294117647059,Out,DNP,Hamstring,soft_tissue,1,1,4.0,,8,1
2024,JAX,EngrEv00,Evan Engram,TE,29.998631074606433,2022plus,4,10.535294117647059,Out,DNP,Hamstring,soft_tissue,1,2,4.0,,6,1
2024,JAX,EngrEv00,Evan Engram,TE,29.998631074606433,2022plus,5,10.535294117647059,Questionable,Limited,Hamstring,soft_tissue,1,3,4.0,,7,1
2024,JAX,EngrEv00,Evan Engram,TE,29.998631074606433,2022plus,6,10.535294117647059,Questionable,Limited,Hamstring,soft_tissue,1,4,4.0,,7,0
2024,JAX,EngrEv00,Evan Engram,TE,29.998631074606433,2022plus,7,11.698529411764707,None,Full,Hamstring,soft_tissue,0,5,7.0,0.8970588235294117,7,0
2024,JAX,EngrEv00,Evan Engram,TE,29.998631074606433,2022plus,8,10.436764705882354,None,Full,Hamstring,soft_tissue,0,6,6.333333333333333,0.868217054263566,7,0
2024,JAX,ThomBr06,Brian Thomas,WR,21.900068446269678,2022plus,9,15.475,Questionable,Limited,Chest / Ribs,other,0,1,5.666666666666667,0.7320574162679425,7,0
2024,JAX,ThomBr06,Brian Thomas,WR,21.900068446269678,2022plus,10,14.444444444444445,Questionable,Limited,Chest / Ribs,other,0,2,5.0,1.3928571428571428,7,0
2024,JAX,ThomBr06,Brian Thomas,WR,21.900068446269678,2022plus,11,13.319999999999999,None,Limited,Chest / Ribs,other,0,3,3.6666666666666665,1.2403846153846154,7,0
2024,KC,HopkDe00,DeAndre Hopkins,WR,32.238193018480494,2022plus,1,13.152941176470588,Questionable,Limited,Knee,knee,0,1,,,7,1
2024,KC,HuntKa00,Kareem Hunt,RB,29.073237508555785,2022plus,8,14.85,None,Full,Hip / Groin,soft_tissue,0,1,23.0,1.1851851851851851,7,0
2024,KC,HuntKa00,Kareem Hunt,RB,29.073237508555785,2022plus,9,16.200000000000003,None,Full,Quad / Thigh,soft_tissue,0,2,24.666666666666668,1.011627906976744,8,0
2024,KC,HuntKa00,Kareem Hunt,RB,29.073237508555785,2022plus,10,16.7,None,Full,Quad / Thigh,soft_tissue,0,3,24.666666666666668,0.9405405405405405,6,0
2024,KC,HuntKa00,Kareem Hunt,RB,29.073237508555785,2022plus,11,16.75,None,Full,Knee,knee,0,4,24.666666666666668,1.0833333333333335,7,0
2024,KC,HuntKa00,Kareem Hunt,RB,29.073237508555785,2022plus,12,15.214285714285714,None,Full,Knee,knee,0,5,22.0,1.1436464088397789,7,0
2024,KC,HuntKa00,Kareem Hunt,RB,29.073237508555785,2022plus,13,14.775,None,Full,Foot / Toe,ankle_foot,0,6,19.333333333333332,0.859375,5,0
2024,KC,MahoPa00,Patrick Mahomes,QB,28.958247775496236,2022plus,16,16.665714285714284,None,Full,Ankle,ankle_foot,0,1,43.0,0.89,6,0
2024,KC,MahoPa00,Patrick Mahomes,QB,28.958247775496236,2022plus,17,17.134666666666664,None,Full,Ankle,ankle_foot,0,2,42.333333333333336,1.0380622837370241,4,0
2024,KC,MahoPa00,Patrick Mahomes,QB,28.958247775496236,2022plus,18,17.68875,Doubtful,Limited,Ankle,ankle_foot,0,3,41.666666666666664,1.0380622837370241,11,1
2024,KC,PachIs00,Isiah Pacheco,RB,25.503080082135522,2022plus,11,15.614285714285714,Out,Limited,Ankle,ankle_foot,1,1,21.0,0.825,7,1
2024,KC,PachIs00,Isiah Pacheco,RB,25.503080082135522,2022plus,12,15.614285714285714,Out,Limited,Ankle,ankle_foot,1,2,21.0,0.825,7,1
2024,KC,PachIs00,Isiah Pacheco,RB,25.503080082135522,2022plus,13,15.614285714285714,None,Full,Ankle,ankle_foot,1,3,21.0,0.825,5,0
2024,KC,RiceRa01,Rashee Rice,WR,24.361396303901437,2022plus,4,19.5453125,None,Full,Ankle,ankle_foot,0,1,10.0,0.9192546583850932,7,0
2024,KC,WortXa00,Xavier Worthy,WR,21.349760438056126,2022plus,3,12.5,None,Full,Quad / Thigh,soft_tissue,0,1,4.5,1.0793650793650795,7,0
2024,LA,KuppCo00,Cooper Kupp,WR,31.21423682409309,2022plus,3,16.775000000000002,Out,DNP,Ankle,ankle_foot,0,1,14.5,0.52,7,1
2024,LA,KuppCo00,Cooper Kupp,WR,31.21423682409309,2022plus,4,16.775000000000002,Out,DNP,Ankle,ankle_foot,1,2,14.5,0.52,7,1
2024,LA,KuppCo00,Cooper Kupp,WR,31.21423682409309,2022plus,5,16.775000000000002,Out,DNP,Ankle,ankle_foot,1,3,14.5,0.52,7,1
2024,LA,KuppCo00,Cooper Kupp,WR,31.21423682409309,2022plus,7,16.775000000000002,Questionable,Limited,Ankle,ankle_foot,1,4,14.5,0.52,14,1
2024,LA,KuppCo00,Cooper Kupp,WR,31.21423682409309,2022plus,8,16.775000000000002,None,Full,Ankle,ankle_foot,1,5,14.5,0.52,4,0
2024,LA,NacuPu00,Puka Nacua,WR,23.260780287474333,2022plus,1,17.558823529411764,None,Full,Knee,knee,0,1,,,7,0
2024,LA,NacuPu00,Puka Nacua,WR,23.260780287474333,2022plus,8,15.219117647058823,Questionable,Limited,Knee,knee,1,1,5.0,,4,0
2024,LA,NacuPu00,Puka Nacua,WR,23.260780287474333,2022plus,9,15.354411764705883,Questionable,DNP,Knee,knee,0,2,8.0,1.7812499999999998,10,0
2024,LAC,DobbJK00,J.K. Dobbins,RB,25.70841889117043,2022plus,13,15.090909090909092,Out,DNP,Knee,knee,0,5,13.666666666666666,0.4225352112676056,6,1
2024,LAC,DobbJK00,J.K. Dobbins,RB,25.70841889117043,2022plus,17,15.090909090909092,Questionable,Full,Knee,knee,1,1,13.666666666666666,0.4225352112676056,9,0
2024,LAC,HerbJu00,Justin Herbert,QB,26.480492813141684,2022plus,1,18.012307692307694,None,Full,Foot / Toe,ankle_foot,0,1,,,7,0
2024,LAC,McCoLa00,Ladd McConkey,WR,22.806297056810404,2022plus,9,13.085714285714287,None,Full,Hip / Groin,soft_tissue,0,3,7.0,0.8230088495575222,7,0
2024,LAC,McCoLa00,Ladd McConkey,WR,22.806297056810404,2022plus,12,12.85,Questionable,Limited,Shoulder,other,0,1,6.0,0.9776785714285714,8,0
2024,LAC,McCoLa00,Ladd McConkey,WR,22.806297056810404,2022plus,14,13.625,Questionable,Limited,Knee,knee,0,1,9.0,0.7974683544303797,7,1
2024,LAC,McCoLa00,Ladd McConkey,WR,22.806297056810404,2022plus,15,13.625,Questionable,Limited,Knee,knee,1,2,9.0,0.7974683544303797,7,0
2024,LAC,McCoLa00,Ladd McConkey,WR,22.806297056810404,2022plus,18,14.96,None,Full,Foot / Toe,ankle_foot,0,1,7.666666666666667,1.0087336244541485,8,0
2024,LV,AdamDa01,Davante Adams,WR,31.68788501026694,2022plus,4,15.12794117647059,Out,DNP,Hamstring,soft_tissue,0,1,9.0,0.9947643979057592,7,1
2024,LV,AdamDa01,Davante Adams,WR,31.68788501026694,2022plus,5,15.12794117647059,Out,DNP,Hamstring,soft_tissue,1,2,9.0,0.9947643979057592,7,1
2024,LV,AdamDa01,Davante Adams,WR,31.68788501026694,2022plus,6,15.12794117647059,Out,DNP,Hamstring,soft_tissue,1,3,9.0,0.9947643979057592,7,1
2024,LV,BoweBr01,Brock Bowers,TE,21.71937029431896,2022plus,2,11.8,None,Full,Foot / Toe,ankle_foot,0,2,8.0,,7,0
2024,LV,BoweBr01,Brock Bowers,TE,21.71937029431896,2022plus,5,10.700000000000001,None,Limited,Hip / Groin,soft_tissue,0,1,5.666666666666667,1.202970297029703,7,0
2024,LV,BoweBr01,Brock Bowers,TE,21.71937029431896,2022plus,9,14.0875,None,Full,Chest / Ribs,other,0,1,9.666666666666666,1.1280991735537191,7,0
2024,LV,MeyeJa01,Jakobi Meyers,WR,27.811088295687885,2022plus,7,12.120000000000001,Doubtful,DNP,Ankle,ankle_foot,1,2,9.333333333333334,1.028268551236749,7,1
2024,LV,MeyeJa01,Jakobi Meyers,WR,27.811088295687885,2022plus,8,12.120000000000001,Questionable,Full,Core / Abdomen,other,1,3,9.333333333333334,1.028268551236749,7,0
2024,LV,MeyeJa01,Jakobi Meyers,WR,27.811088295687885,2022plus,9,12.966666666666667,None,Full,Ankle,ankle_foot,0,4,8.666666666666666,0.8496503496503496,7,0
2024,LV,MeyeJa01,Jakobi Meyers,WR,27.811088295687885,2022plus,11,13.757142857142856,None,Full,Hamstring,soft_tissue,0,5,9.0,1.0581818181818181,14,0
2024,LV,MeyeJa01,Jakobi Meyers,WR,27.811088295687885,2022plus,14,14.290000000000001,Questionable,Limited,Ankle,ankle_foot,0,1,11.0,0.9823943661971831,9,0
2024,LV,MeyeJa01,Jakobi Meyers,WR,27.811088295687885,2022plus,15,14.236363636363636,None,Full,Ankle,ankle_foot,0,2,12.0,0.9749999999999999,8,0
2024,LV,MeyeJa01,Jakobi Meyers,WR,27.811088295687885,2022plus,16,13.958333333333334,None,Full,Ankle,ankle_foot,0,3,10.0,0.9540636042402827,6,0
2024,MIA,AchaDe00,De'Von Achane,RB,22.885694729637233,2022plus,2,18.752272727272725,Questionable,Limited,Ankle,ankle_foot,0,1,17.0,,4,0
2024,MIA,AchaDe00,De'Von Achane,RB,22.885694729637233,2022plus,7,13.98,None,Full,Head / Concussion,concussion,0,1,11.0,0.20095693779904308,14,0
2024,MIA,AchaDe00,De'Von Achane,RB,22.885694729637233,2022plus,16,17.5,None,Full,Hip / Groin,soft_tissue,0,1,18.666666666666668,0.9658536585365856,7,0
2024,MIA,HillTy00,Tyreek Hill,WR,30.50513347022587,2022plus,12,11.9,None,Limited,Hand / Wrist,other,0,5,6.333333333333333,0.838235294117647,7,0
2024,MIA,HillTy00,Tyreek Hill,WR,30.50513347022587,2022plus,15,13.63076923076923,None,Full,Hand / Wrist,other,0,8,10.0,1.2652173913043478,7,0
2024,MIA,HillTy00,Tyreek Hill,WR,30.50513347022587,2022plus,16,13.057142857142859,Questionable,Limited,Hand / Wrist,other,0,9,10.333333333333334,1.111553784860558,7,0
2024,MIA,HillTy00,Tyreek Hill,WR,30.50513347022587,2022plus,17,12.979999999999999,Questionable,Limited,Hand / Wrist,other,0,10,9.666666666666666,0.9333333333333332,7,0
2024,MIA,HillTy00,Tyreek Hill,WR,30.50513347022587,2022plus,18,13.3875,Questionable,DNP,Hand / Wrist,other,0,11,7.666666666666667,0.9635036496350367,7,0
2024,MIA,MostRa00,Raheem Mostert,RB,32.39698836413415,2022plus,2,14.360000000000001,Out,DNP,Chest / Ribs,other,0,1,9.0,,4,1
2024,MIA,MostRa00,Raheem Mostert,RB,32.39698836413415,2022plus,3,14.360000000000001,Doubtful,Limited,Chest / Ribs,other,1,2,9.0,,10,1
2024,MIA,MostRa00,Raheem Mostert,RB,32.39698836413415,2022plus,4,14.360000000000001,Questionable,Limited,Chest / Ribs,other,1,3,9.0,,8,1
2024,MIA,MostRa00,Raheem Mostert,RB,32.39698836413415,2022plus,5,14.360000000000001,None,Full,Chest / Ribs,other,1,4,9.0,,6,0
2024,MIA,TagoTu00,Tua Tagovailoa,QB,26.50239561943874,2022plus,16,16.908,None,Full,Hip / Groin,soft_tissue,0,1,45.333333333333336,1.0101010101010102,7,0
2024,MIN,AddiJo00,Jordan Addison,WR,22.595482546201232,2022plus,1,13.01764705882353,None,Full,Ankle,ankle_foot,0,1,,,7,0
2024,MIN,AddiJo00,Jordan Addison,WR,22.595482546201232,2022plus,3,11.388235294117647,Out,DNP,Ankle,ankle_foot,1,3,4.0,,7,1
2024,MIN,DarnSa00,Sam Darnold,QB,27.241615331964407,2022plus,5,19.57,None,Full,Knee,knee,0,2,31.333333333333332,1.0101010101010102,7,0
2024,MIN,HockTJ00,T.J. Hockenson,TE,27.16495550992471,2022plus,5,14.6,Out,Limited,Knee,knee,1,1,,,7,1
2024,MIN,HockTJ00,T.J. Hockenson,TE,27.16495550992471,2022plus,7,14.6,Questionable,Limited,Knee,knee,1,2,,,14,1
2024,MIN,HockTJ00,T.J. Hockenson,TE,27.16495550992471,2022plus,8,14.6,Questionable,Limited,Knee,knee,1,3,,,4,1
2024,MIN,HockTJ00,T.J. Hockenson,TE,27.16495550992471,2022plus,9,14.6,None,Full,Knee,knee,1,4,,,10,0
2024,MIN,JeffJu00,Justin Jefferson,WR,25.21286789869952,2022plus,3,19.91,None,Full,Quad / Thigh,soft_tissue,0,1,6.5,0.8333333333333333,7,0
2024,MIN,JoneAa00,Aaron Jones,RB,29.749486652977414,2022plus,3,13.306818181818182,None,Full,Hip / Groin,soft_tissue,0,1,15.5,1.109090909090909,7,0
2024,MIN,JoneAa00,Aaron Jones,RB,29.749486652977414,2022plus,8,16.55,None,Full,Hamstring,soft_tissue,0,2,17.333333333333332,1.3170731707317074,4,0
2024,MIN,JoneAa00,Aaron Jones,RB,29.749486652977414,2022plus,11,15.011111111111111,None,Full,Chest / Ribs,other,0,1,22.0,0.6527196652719665,7,0
2024,MIN,JoneAa00,Aaron Jones,RB,29.749486652977414,2022plus,12,14.040000000000001,None,Full,Chest / Ribs,other,0,2,20.333333333333332,0.726027397260274,7,0
2024,MIN,JoneAa00,Aaron Jones,RB,29.749486652977414,2022plus,15,14.346153846153847,None,Full,Back,other,0,1,16.666666666666668,1.0216216216216216,8,0
2024,MIN,JoneAa00,Aaron Jones,RB,29.749486652977414,2022plus,18,14.31875,None,Full,Quad / Thigh,soft_tissue,0,1,20.333333333333332,0.7427184466019418,7,0
2024,MIN,NailJa00,Jalen Nailor,WR,25.503080082135522,2022plus,3,11.75,None,Full,Ankle,ankle_foot,0,3,2.5,1.9787234042553195,7,0
2024,NE,BourKe00,Kendrick Bourne,WR,29.078713210130047,2022plus,5,12.5,Questionable,Limited,Knee,knee,1,1,,,7,0
2024,NE,HenrHu00,Hunter Henry,TE,29.73579739904175,2022plus,4,8.705769230769231,None,Full,Ankle,ankle_foot,0,1,6.0,0.7544910179640719,10,0
2024,NE,StevRh00,Rhamondre Stevenson,RB,26.521560574948666,2022plus,6,13.260000000000002,Out,DNP,Foot / Toe,ankle_foot,0,1,13.333333333333334,0.815028901734104,7,1
2024,NE,StevRh00,Rhamondre Stevenson,RB,26.521560574948666,2022plus,7,13.260000000000002,Questionable,Full,Foot / Toe,ankle_foot,1,2,13.333333333333334,0.815028901734104,7,0
2024,NE,StevRh00,Rhamondre Stevenson,RB,26.521560574948666,2022plus,8,11.800000000000002,None,Full,Foot / Toe,ankle_foot,0,3,14.666666666666666,1.0135135135135136,7,0
2024,NO,CarrDe02,Derek Carr,QB,33.43189596167009,2022plus,4,16.32088235294118,None,Full,Hip / Groin,soft_tissue,0,1,23.0,1.1049723756906078,7,0
2024,NO,HillTa00,Taysom Hill,TE,34.026009582477755,2022plus,14,12.7925,Out,DNP,Knee,knee,0,1,11.666666666666666,1.2464788732394365,7,1
2024,NO,KamaAl00,Alvin Kamara,RB,29.10609171800137,2022plus,4,24.90576923076923,Questionable,Limited,Hip / Groin,soft_tissue,0,1,24.0,1.4956521739130435,7,0
2024,NO,KamaAl00,Alvin Kamara,RB,29.10609171800137,2022plus,5,26.65,None,Full,Hip / Groin,soft_tissue,0,2,26.666666666666668,1.2238805970149254,8,0
2024,NO,KamaAl00,Alvin Kamara,RB,29.10609171800137,2022plus,6,23.84,None,Limited,Hip / Groin,soft_tissue,0,3,25.333333333333332,1.155844155844156,6,0
2024,NO,KamaAl00,Alvin Kamara,RB,29.10609171800137,2022plus,7,22.766666666666666,None,Limited,Hand / Wrist,other,0,4,22.666666666666668,0.8638132295719845,4,0
2024,NO,KamaAl00,Alvin Kamara,RB,29.10609171800137,2022plus,8,20.714285714285715,None,Limited,Hand / Wrist,other,0,5,18.0,0.6979591836734692,10,0
2024,NO,KamaAl00,Alvin Kamara,RB,29.10609171800137,2022plus,9,20.4,None,Limited,Hand / Wrist,other,0,6,18.666666666666668,0.7500000000000001,7,0
2024,NO,KamaAl00,Alvin Kamara,RB,29.10609171800137,2022plus,10,21.188888888888886,None,Full,Hand / Wrist,other,0,7,24.333333333333332,1.2419354838709677,7,0
2024,NO,KamaAl00,Alvin Kamara,RB,29.10609171800137,2022plus,16,18.95,Out,DNP,Hip / Groin,soft_tissue,0,2,20.333333333333332,0.5844155844155845,8,1
2024,NO,KamaAl00,Alvin Kamara,RB,29.10609171800137,2022plus,17,18.95,Out,DNP,Hip / Groin,soft_tissue,1,3,20.333333333333332,0.5844155844155845,6,1
2024,NO,KamaAl00,Alvin Kamara,RB,29.10609171800137,2022plus,18,18.95,Doubtful,DNP,Hip / Groin,soft_tissue,1,4,20.333333333333332,0.5844155844155845,7,1
2024,NO,OlavCh00,Chris Olave,WR,24.18069815195072,2022plus,4,12.7390625,Questionable,Limited,Hamstring,soft_tissue,0,1,5.0,1.0666666666666667,7,0
2024,NO,OlavCh00,Chris Olave,WR,24.18069815195072,2022plus,5,13.3,None,Full,Hamstring,soft_tissue,0,2,7.666666666666667,1.0173913043478262,8,0
2024,NO,ShahRa00,Rashid Shaheed,WR,26.0041067761807,2022plus,3,14.553333333333335,None,Full,Hip / Groin,soft_tissue,0,2,6.0,0.9705882352941176,7,0
2024,NO,ShahRa00,Rashid Shaheed,WR,26.0041067761807,2022plus,6,14.7,None,Limited,Hip / Groin,soft_tissue,0,1,9.0,1.1972477064220184,6,0
2024,NO,ShahRa00,Rashid Shaheed,WR,26.0041067761807,2022plus,7,13.633333333333335,Out,DNP,Knee,knee,0,2,10.0,1.0167364016736402,4,1
2024,NYG,NabeMa00,Malik Nabers,WR,21.097878165639973,2022plus,5,22.900000000000002,Out,DNP,Head / Concussion,concussion,0,1,16.0,0.9854014598540145,10,1
2024,NYG,NabeMa00,Malik Nabers,WR,21.097878165639973,2022plus,6,22.900000000000002,Out,DNP,Head / Concussion,concussion,1,2,16.0,0.9854014598540145,7,1
2024,NYG,NabeMa00,Malik Nabers,WR,21.097878165639973,2022plus,7,22.900000000000002,None,Limited,Head / Concussion,concussion,1,3,16.0,0.9854014598540145,7,0
2024,NYG,NabeMa00,Malik Nabers,WR,21.097878165639973,2022plus,12,17.4375,Questionable,DNP,Hip / Groin,soft_tissue,0,1,11.666666666666666,0.9198606271777003,14,0
2024,NYG,NabeMa00,Malik Nabers,WR,21.097878165639973,2022plus,14,16.720000000000002,Questionable,DNP,Hip / Groin,soft_tissue,0,1,11.333333333333334,1.0326086956521738,10,0
2024,NYG,NabeMa00,Malik Nabers,WR,21.097878165639973,2022plus,15,16.55454545454546,None,Limited,Hip / Groin,soft_tissue,0,2,11.0,1.0217391304347827,7,0
2024,NYG,NabeMa00,Malik Nabers,WR,21.097878165639973,2022plus,16,17.191666666666666,None,Limited,Knee,knee,0,3,12.666666666666666,1.0,7,0
2024,NYG,NabeMa00,Malik Nabers,WR,21.097878165639973,2022plus,17,16.930769230769233,Questionable,Limited,Foot / Toe,ankle_foot,0,4,12.666666666666666,0.9540636042402827,7,0
2024,NYG,NabeMa00,Malik Nabers,WR,21.097878165639973,2022plus,18,18.300000000000004,None,Limited,Foot / Toe,ankle_foot,0,5,12.0,0.9064748201438849,7,0
2024,NYG,RobiWa01,Wan'Dale Robinson,WR,23.655030800821354,2022plus,5,13.200000000000001,None,Limited,Foot / Toe,ankle_foot,0,1,8.666666666666666,1.0209424083769634,10,0
2024,NYG,RobiWa01,Wan'Dale Robinson,WR,23.655030800821354,2022plus,7,13.133333333333335,None,Full,Ankle,ankle_foot,0,1,11.666666666666666,1.173913043478261,7,0
2024,NYG,SingDe00,Devin Singletary,RB,26.99520876112252,2022plus,5,11.825,Doubtful,Limited,Hip / Groin,soft_tissue,0,1,17.333333333333332,0.9400921658986177,10,1
2024,NYG,SingDe00,Devin Singletary,RB,26.99520876112252,2022plus,6,11.825,Questionable,DNP,Hip / Groin,soft_tissue,1,2,17.333333333333332,0.9400921658986177,7,1
2024,NYJ,AdamDa01,Davante Adams,WR,31.68788501026694,2022plus,4,15.12794117647059,Out,DNP,Hamstring,soft_tissue,1,1,,,10,1
2024,NYJ,AdamDa01,Davante Adams,WR,31.68788501026694,2022plus,5,15.12794117647059,Out,DNP,Hamstring,soft_tissue,1,2,,,7,1
2024,NYJ,AdamDa01,Davante Adams,WR,31.68788501026694,2022plus,6,15.12794117647059,Out,DNP,Hamstring,soft_tissue,1,3,,,8,1
2024,NYJ,AdamDa01,Davante Adams,WR,31.68788501026694,2022plus,7,15.12794117647059,None,Full,Hamstring,soft_tissue,1,4,,,6,0
2024,NYJ,AdamDa01,Davante Adams,WR,31.68788501026694,2022plus,11,13.071428571428571,Questionable,Full,Hand / Wrist,other,0,1,10.0,1.0858208955223883,7,0
2024,NYJ,AdamDa01,Davante Adams,WR,31.68788501026694,2022plus,17,17.566666666666666,Questionable,Limited,Hip / Groin,soft_tissue,0,1,12.0,1.0581818181818181,7,0
2024,NYJ,HallBr03,Breece Hall,RB,23.255304585900067,2022plus,3,19.219117647058823,None,Full,Quad / Thigh,soft_tissue,0,1,22.0,0.8780487804878049,4,0
2024,NYJ,HallBr03,Breece Hall,RB,23.255304585900067,2022plus,13,16.663636363636364,Questionable,Full,Knee,knee,0,1,18.666666666666668,1.0909090909090908,14,0
2024,NYJ,HallBr03,Breece Hall,RB,23.255304585900067,2022plus,14,15.775,Doubtful,DNP,Knee,knee,0,2,16.666666666666668,0.7717842323651453,7,1
2024,NYJ,HallBr03,Breece Hall,RB,23.255304585900067,2022plus,15,15.775,Questionable,Full,Knee,knee,1,3,16.666666666666668,0.7717842323651453,7,0
2024,NYJ,LazaAl00,Allen Lazard,WR,28.725530458590008,2022plus,8,14.457142857142857,Doubtful,DNP,Chest / Ribs,other,0,1,6.666666666666667,0.6170212765957447,7,1
2024,NYJ,LazaAl00,Allen Lazard,WR,28.725530458590008,2022plus,9,14.457142857142857,Out,DNP,Chest / Ribs,other,1,2,6.666666666666667,0.6170212765957447,4,1
2024,NYJ,LazaAl00,Allen Lazard,WR,28.725530458590008,2022plus,14,14.457142857142857,None,Full,Chest / Ribs,other,1,1,6.666666666666667,0.6170212765957447,7,0
2024,PHI,BrowAJ00,A.J. Brown,WR,27.173169062286107,2022plus,2,18.501470588235293,Questionable,DNP,Hamstring,soft_tissue,0,2,10.0,,10,1
2024,PHI,BrowAJ00,A.J. Brown,WR,27.173169062286107,2022plus,3,18.501470588235293,Out,DNP,Hamstring,soft_tissue,1,3,10.0,,6,1
2024,PHI,BrowAJ00,A.J. Brown,WR,27.173169062286107,2022plus,4,18.501470588235293,Questionable,Limited,Hamstring,soft_tissue,1,4,10.0,,7,1
2024,PHI,BrowAJ00,A.J. Brown,WR,27.173169062286107,2022plus,6,18.501470588235293,None,Full,Hamstring,soft_tissue,1,5,10.0,,14,0
2024,PHI,BrowAJ00,A.J. Brown,WR,27.173169062286107,2022plus,10,17.080000000000002,None,Full,Knee,knee,0,1,5.0,0.5617529880478088,7,0
2024,PHI,BrowAJ00,A.J. Brown,WR,27.173169062286107,2022plus,16,16.418181818181818,None,Limited,Knee,knee,0,2,7.0,0.9750000000000001,7,0
2024,PHI,BrowAJ00,A.J. Brown,WR,27.173169062286107,2022plus,17,17.025000000000002,None,Full,Knee,knee,0,3,10.0,1.0638297872340425,7,0
2024,PHI,BrowAJ00,A.J. Brown,WR,27.173169062286107,2022plus,18,16.684615384615384,Doubtful,DNP,Knee,knee,0,4,10.333333333333334,0.9545454545454547,7,1
2024,PHI,GoedDa00,Dallas Goedert,TE,29.661875427789184,2022plus,7,10.819999999999999,Out,DNP,Hamstring,soft_tissue,0,1,6.666666666666667,0.06097560975609757,7,1
2024,PHI,GoedDa00,Dallas Goedert,TE,29.661875427789184,2022plus,8,10.819999999999999,Out,DNP,Hamstring,soft_tissue,1,2,6.666666666666667,0.06097560975609757,7,1
2024,PHI,GoedDa00,Dallas Goedert,TE,29.661875427789184,2022plus,9,10.819999999999999,Out,DNP,Hamstring,soft_tissue,1,3,6.666666666666667,0.06097560975609757,7,1
2024,PHI,GoedDa00,Dallas Goedert,TE,29.661875427789184,2022plus,10,10.819999999999999,None,Full,Hamstring,soft_tissue,1,4,6.666666666666667,0.06097560975609757,7,0
2024,PHI,GoedDa00,Dallas Goedert,TE,29.661875427789184,2022plus,11,10.766666666666666,None,Full,Ankle,ankle_foot,0,5,4.0,1.2272727272727273,4,0
2024,PHI,GoedDa00,Dallas Goedert,TE,29.661875427789184,2022plus,14,10.455555555555556,Out,DNP,Knee,knee,0,1,4.666666666666667,0.9383259911894272,7,1
2024,PHI,GoedDa00,Dallas Goedert,TE,29.661875427789184,2022plus,18,10.455555555555556,None,Full,Knee,knee,1,1,4.666666666666667,0.9383259911894272,7,0
2024,PHI,HurtJa00,Jalen Hurts,QB,26.069815195071868,2022plus,12,22.558,None,Full,Ankle,ankle_foot,0,1,34.0,1.075268817204301,10,0
2024,PHI,HurtJa00,Jalen Hurts,QB,26.069815195071868,2022plus,15,21.72923076923077,None,Full,Hand / Wrist,other,0,1,30.333333333333332,1.0101010101010102,7,0
2024,PHI,HurtJa00,Jalen Hurts,QB,26.069815195071868,2022plus,16,22.184285714285714,None,Full,Hand / Wrist,other,0,2,34.666666666666664,1.0101010101010102,7,0
2024,PHI,HurtJa00,Jalen Hurts,QB,26.069815195071868,2022plus,17,21.008,Out,DNP,Head / Concussion,concussion,0,3,27.666666666666668,0.16,7,1
2024,PHI,HurtJa00,Jalen Hurts,QB,26.069815195071868,2022plus,18,21.008,Out,DNP,Head / Concussion,concussion,1,4,27.666666666666668,0.16,7,1
2024,PHI,SmitDe07,DeVonta Smith,WR,25.79876796714579,2022plus,4,16.281249999999996,Out,DNP,Head / Concussion,concussion,0,1,9.333333333333334,0.76,7,1
2024,PHI,SmitDe07,DeVonta Smith,WR,25.79876796714579,2022plus,6,16.281249999999996,None,Full,Head / Concussion,concussion,1,2,9.333333333333334,0.76,14,0
2024,PHI,SmitDe07,DeVonta Smith,WR,25.79876796714579,2022plus,10,15.185714285714287,None,Full,Hamstring,soft_tissue,0,2,5.0,1.054945054945055,7,0
2024,PHI,SmitDe07,DeVonta Smith,WR,25.79876796714579,2022plus,11,13.7125,None,Limited,Hamstring,soft_tissue,0,3,5.333333333333333,0.8029739776951673,4,0
2024,PHI,SmitDe07,DeVonta Smith,WR,25.79876796714579,2022plus,12,12.955555555555556,Out,DNP,Hamstring,soft_tissue,0,4,5.0,1.0229885057471264,10,1
2024,PHI,SmitDe07,DeVonta Smith,WR,25.79876796714579,2022plus,13,12.955555555555556,Questionable,Limited,Hamstring,soft_tissue,1,5,5.0,1.0229885057471264,7,1
2024,PHI,SmitDe07,DeVonta Smith,WR,25.79876796714579,2022plus,14,12.955555555555556,None,Full,Hamstring,soft_tissue,1,6,5.0,1.0229885057471264,7,0
2024,PHI,SmitDe07,DeVonta Smith,WR,25.79876796714579,2022plus,16,14.390909090909092,None,Full,Back,other,0,1,8.333333333333334,1.111553784860558,7,0
2024,PHI,SmitDe07,DeVonta Smith,WR,25.79876796714579,2022plus,18,15.338461538461539,Doubtful,DNP,Hand / Wrist,other,0,1,9.333333333333334,0.9056603773584907,7,1
2024,PIT,FielJu00,Justin Fields,QB,25.49486652977413,2022plus,8,18.89,Questionable,Unknown,Hamstring,soft_tissue,1,1,37.333333333333336,1.0101010101010102,8,1
2024,PIT,FielJu00,Justin Fields,QB,25.49486652977413,2022plus,10,18.89,None,Full,Hamstring,soft_tissue,1,2,37.333333333333336,1.0101010101010102,13,1
2024,PIT,FreiPa00,Pat Freiermuth,TE,25.853524982888434,2022plus,6,9.959999999999999,None,Full,Lower Leg,soft_tissue,0,1,5.0,1.1023255813953488,7,0
2024,PIT,HarrNa00,Najee Harris,RB,26.483230663928815,2022plus,7,11.85,None,Full,Chest / Ribs,other,0,2,17.0,0.6831683168316833,7,0
2024,PIT,HarrNa00,Najee Harris,RB,26.483230663928815,2022plus,11,12.744444444444445,None,Full,Ankle,ankle_foot,0,1,22.0,0.9155844155844156,7,0
2024,PIT,PickGe00,George Pickens,WR,23.496235455167692,2022plus,14,12.950000000000001,Questionable,Limited,Hamstring,soft_tissue,0,1,8.333333333333334,1.0540540540540542,7,1
2024,PIT,PickGe00,George Pickens,WR,23.496235455167692,2022plus,16,12.950000000000001,Out,DNP,Hamstring,soft_tissue,1,3,8.333333333333334,1.0540540540540542,6,1
2024,PIT,PickGe00,George Pickens,WR,23.496235455167692,2022plus,17,12.950000000000001,None,Full,Hamstring,soft_tissue,1,4,8.333333333333334,1.0540540540540542,4,0
2024,PIT,WarrJa01,Jaylen Warren,RB,25.83436002737851,2022plus,1,11.552941176470588,None,Full,Hamstring,soft_tissue,0,1,,,7,0
2024,PIT,WilsRu00,Russell Wilson,QB,35.75633127994524,2022plus,2,17.12666666666667,Questionable,Limited,Lower Leg,soft_tissue,1,2,,,7,1
2024,PIT,WilsRu00,Russell Wilson,QB,35.75633127994524,2022plus,3,17.12666666666667,Questionable,Limited,Lower Leg,soft_tissue,1,3,,,7,1
2024,PIT,WilsRu00,Russell Wilson,QB,35.75633127994524,2022plus,4,17.12666666666667,Questionable,Limited,Lower Leg,soft_tissue,1,4,,,7,1
2024,PIT,WilsRu00,Russell Wilson,QB,35.75633127994524,2022plus,5,17.12666666666667,Questionable,Limited,Lower Leg,soft_tissue,1,5,,,7,1
2024,PIT,WilsRu00,Russell Wilson,QB,35.75633127994524,2022plus,6,17.12666666666667,None,Full,Lower Leg,soft_tissue,1,6,,,7,1
2024,SEA,CharZa00,Zach Charbonnet,RB,23.64681724845996,2022plus,16,11.707142857142857,None,Full,Core / Abdomen,other,0,1,16.0,1.47239263803681,7,0
2024,SEA,LockTy00,Tyler Lockett,WR,31.926078028747433,2022plus,2,12.354411764705883,None,Full,Quad / Thigh,soft_tissue,0,2,7.0,,7,0
2024,SEA,MetcDK00,D.K. Metcalf,WR,26.715947980835043,2022plus,3,15.743749999999999,None,Full,Hand / Wrist,other,0,1,9.0,0.9886363636363636,7,0
2024,SEA,MetcDK00,D.K. Metcalf,WR,26.715947980835043,2022plus,4,17.321875,None,Full,Hand / Wrist,other,0,2,8.0,0.9485714285714285,8,0
2024,SEA,MetcDK00,D.K. Metcalf,WR,26.715947980835043,2022plus,5,17.65,None,Full,Hand / Wrist,other,0,3,10.666666666666666,0.9534883720930232,6,0
2024,SEA,MetcDK00,D.K. Metcalf,WR,26.715947980835043,2022plus,6,15.62,None,Full,Hand / Wrist,other,0,4,8.333333333333334,1.1904761904761905,4,0
2024,SEA,MetcDK00,D.K. Metcalf,WR,26.715947980835043,2022plus,8,15.114285714285714,Doubtful,DNP,Knee,knee,0,1,8.333333333333334,0.8602941176470589,7,1
2024,SEA,MetcDK00,D.K. Metcalf,WR,26.715947980835043,2022plus,9,15.114285714285714,Out,DNP,Knee,knee,1,2,8.333333333333334,0.8602941176470589,7,1
2024,SEA,MetcDK00,D.K. Metcalf,WR,26.715947980835043,2022plus,11,15.114285714285714,None,Full,Knee,knee,1,3,8.333333333333334,0.8602941176470589,14,0
2024,SEA,MetcDK00,D.K. Metcalf,WR,26.715947980835043,2022plus,13,14.41111111111111,None,Full,Shoulder,other,0,1,7.0,0.9069767441860466,7,0
2024,SEA,MetcDK00,D.K. Metcalf,WR,26.715947980835043,2022plus,14,14.030000000000001,None,Full,Shoulder,other,0,2,7.666666666666667,0.9146341463414634,7,0
2024,SEA,MetcDK00,D.K. Metcalf,WR,26.715947980835043,2022plus,15,13.563636363636363,None,Full,Shoulder,other,0,3,6.666666666666667,0.9876543209876543,7,0
2024,SEA,MetcDK00,D.K. Metcalf,WR,26.715947980835043,2022plus,16,12.916666666666666,None,Full,Shoulder,other,0,4,6.0,1.1974248927038627,7,0
2024,SEA,WalkKe00,Kenneth Walker III,RB,23.865845311430526,2022plus,2,14.694999999999999,Doubtful,DNP,Core / Abdomen,other,0,1,23.0,,7,1
2024,SEA,WalkKe00,Kenneth Walker III,RB,23.865845311430526,2022plus,3,14.694999999999999,Doubtful,Limited,Core / Abdomen,other,1,2,23.0,,7,1
2024,SEA,WalkKe00,Kenneth Walker III,RB,23.865845311430526,2022plus,4,14.694999999999999,None,Full,Core / Abdomen,other,1,3,23.0,,8,0
2024,SEA,WalkKe00,Kenneth Walker III,RB,23.865845311430526,2022plus,5,19.77166666666667,None,Full,Core / Abdomen,other,0,4,20.0,0.8939393939393938,6,0
2024,SEA,WalkKe00,Kenneth Walker III,RB,23.865845311430526,2022plus,14,16.73,Questionable,DNP,Ankle,ankle_foot,0,1,19.0,0.8591549295774649,7,1
2024,SEA,WalkKe00,Kenneth Walker III,RB,23.865845311430526,2022plus,15,16.73,Doubtful,DNP,Lower Leg,soft_tissue,1,2,19.0,0.8591549295774649,7,1
2024,SEA,WalkKe00,Kenneth Walker III,RB,23.865845311430526,2022plus,16,16.73,None,Full,Lower Leg,soft_tissue,1,3,19.0,0.8591549295774649,7,0
2024,SEA,WalkKe00,Kenneth Walker III,RB,23.865845311430526,2022plus,17,16.472727272727273,Out,DNP,Ankle,ankle_foot,0,4,19.0,0.8939393939393938,4,1
2024,SF,JennJa00,Jauan Jennings,WR,27.145790554414784,2022plus,7,13.9,Out,DNP,Hip / Groin,soft_tissue,0,1,5.0,0.7878787878787878,10,1
2024,SF,JennJa00,Jauan Jennings,WR,27.145790554414784,2022plus,8,13.9,Out,DNP,Hip / Groin,soft_tissue,1,2,5.0,0.7878787878787878,7,1
2024,SF,JennJa00,Jauan Jennings,WR,27.145790554414784,2022plus,10,13.9,None,Full,Hip / Groin,soft_tissue,1,3,5.0,0.7878787878787878,14,0
2024,SF,JennJa00,Jauan Jennings,WR,27.145790554414784,2022plus,11,14.242857142857144,None,Full,Ankle,ankle_foot,0,4,6.666666666666667,1.6545454545454548,7,0
2024,SF,KittGe00,George Kittle,TE,30.89664613278576,2022plus,3,13.5,Doubtful,DNP,Hamstring,soft_tissue,0,1,6.5,0.7934782608695652,7,1
2024,SF,KittGe00,George Kittle,TE,30.89664613278576,2022plus,4,13.5,None,Full,Hamstring,soft_tissue,1,2,6.5,0.7934782608695652,7,0
2024,SF,KittGe00,George Kittle,TE,30.89664613278576,2022plus,5,13.950000000000001,Questionable,Limited,Chest / Ribs,other,0,3,5.666666666666667,1.1393939393939394,7,0
2024,SF,KittGe00,George Kittle,TE,30.89664613278576,2022plus,6,15.875,None,Full,Chest / Ribs,other,0,4,8.0,1.0540540540540542,4,0
2024,SF,KittGe00,George Kittle,TE,30.89664613278576,2022plus,8,16.916666666666668,Questionable,Limited,Foot / Toe,ankle_foot,0,1,8.333333333333334,1.010989010989011,7,0
2024,SF,KittGe00,George Kittle,TE,30.89664613278576,2022plus,11,17.625,Questionable,Limited,Hamstring,soft_tissue,0,1,6.0,0.9744525547445254,7,1
2024,SF,KittGe00,George Kittle,TE,30.89664613278576,2022plus,12,17.625,None,Full,Hamstring,soft_tissue,1,2,6.0,0.9744525547445254,7,0
2024,SF,KittGe00,George Kittle,TE,30.89664613278576,2022plus,18,16.564285714285713,Questionable,Limited,Ankle,ankle_foot,0,1,8.0,1.010752688172043,6,0
2024,SF,MasoJo00,Jordan Mason,RB,25.27583846680356,2022plus,7,15.4,None,Full,Shoulder,other,0,1,17.666666666666668,0.3925233644859813,10,0
2024,SF,MasoJo00,Jordan Mason,RB,25.27583846680356,2022plus,8,14.471428571428573,None,Full,Shoulder,other,0,2,14.0,1.5449101796407183,7,0
2024,SF,MasoJo00,Jordan Mason,RB,25.27583846680356,2022plus,10,12.887500000000001,None,Full,Shoulder,other,0,3,11.0,0.2696629213483146,14,0
2024,SF,McCaCh01,Christian McCaffrey,RB,28.23545516769336,2022plus,1,24.45625,Questionable,Limited,Lower Leg,soft_tissue,0,1,,,7,1
2024,SF,McCaCh01,Christian McCaffrey,RB,28.23545516769336,2022plus,2,24.45625,Out,DNP,Lower Leg,soft_tissue,1,2,,,6,1
2024,SF,McCaCh01,Christian McCaffrey,RB,28.23545516769336,2022plus,10,24.45625,Questionable,Full,Achilles,achilles,1,1,,,14,0
2024,SF,McCaCh01,Christian McCaffrey,RB,28.23545516769336,2022plus,11,22.517187500000002,None,Full,Achilles,achilles,0,2,20.0,,7,0
2024,SF,PurdBr00,Brock Purdy,QB,24.681724845995895,2022plus,4,17.13875,None,Full,Back,other,0,1,36.0,1.0050251256281406,7,0
2024,SF,PurdBr00,Brock Purdy,QB,24.681724845995895,2022plus,12,18.722,Out,DNP,Shoulder,other,0,1,35.666666666666664,1.0,7,1
2024,SF,PurdBr00,Brock Purdy,QB,24.681724845995895,2022plus,13,18.722,Questionable,Full,Shoulder,other,1,2,35.666666666666664,1.0,7,0
2024,SF,PurdBr00,Brock Purdy,QB,24.681724845995895,2022plus,14,17.216363636363635,None,Full,Shoulder,other,0,3,31.0,1.0,7,0
2024,SF,PurdBr00,Brock Purdy,QB,24.681724845995895,2022plus,18,17.790666666666667,Out,DNP,Arm / Elbow,other,0,1,38.0,0.9419795221843004,6,1
2024,SF,SamuDe00,Deebo Samuel,WR,28.629705681040384,2022plus,3,17.298333333333332,Out,DNP,Lower Leg,soft_tissue,0,1,14.5,1.162162162162162,7,1
2024,SF,SamuDe00,Deebo Samuel,WR,28.629705681040384,2022plus,4,17.298333333333332,Questionable,Limited,Lower Leg,soft_tissue,1,2,14.5,1.162162162162162,7,0
2024,SF,SamuDe00,Deebo Samuel,WR,28.629705681040384,2022plus,7,14.12,None,Full,Hand / Wrist,other,0,1,7.333333333333333,1.0123456790123455,10,0
2024,SF,SamuDe00,Deebo Samuel,WR,28.629705681040384,2022plus,8,11.766666666666666,Questionable,Limited,Hand / Wrist,other,0,2,5.0,0.07531380753138074,7,0
2024,TB,EvanMi00,Mike Evans,WR,31.030800821355236,2022plus,4,12.654411764705882,None,DNP,Knee,knee,0,4,5.0,1.1006711409395973,7,0
2024,TB,EvanMi00,Mike Evans,WR,31.030800821355236,2022plus,5,14.35,None,Limited,Knee,knee,0,5,7.666666666666667,1.0,4,0
2024,TB,EvanMi00,Mike Evans,WR,31.030800821355236,2022plus,7,14.333333333333334,None,Limited,Hamstring,soft_tissue,0,7,9.0,0.6951219512195121,8,0
2024,TB,EvanMi00,Mike Evans,WR,31.030800821355236,2022plus,8,13.642857142857142,Out,DNP,Hamstring,soft_tissue,0,8,5.333333333333333,0.3800904977375566,6,1
2024,TB,EvanMi00,Mike Evans,WR,31.030800821355236,2022plus,9,13.642857142857142,Out,DNP,Hamstring,soft_tissue,1,9,5.333333333333333,0.3800904977375566,8,1
2024,TB,EvanMi00,Mike Evans,WR,31.030800821355236,2022plus,10,13.642857142857142,Out,DNP,Hamstring,soft_tissue,1,10,5.333333333333333,0.3800904977375566,6,1
2024,TB,EvanMi00,Mike Evans,WR,31.030800821355236,2022plus,12,13.642857142857142,Questionable,Limited,Hamstring,soft_tissue,1,11,5.333333333333333,0.3800904977375566,14,0
2024,TB,EvanMi00,Mike Evans,WR,31.030800821355236,2022plus,13,13.4125,None,Limited,Hamstring,soft_tissue,0,12,5.0,1.0465116279069766,7,0
2024,TB,EvanMi00,Mike Evans,WR,31.030800821355236,2022plus,14,14.788888888888888,None,Limited,Hamstring,soft_tissue,0,13,7.0,1.7379310344827585,7,0
2024,TB,EvanMi00,Mike Evans,WR,31.030800821355236,2022plus,15,14.4,None,Limited,Hamstring,soft_tissue,0,14,7.666666666666667,1.4302325581395348,7,0
2024,TB,GodwCh00,Chris Godwin,WR,28.511978097193705,2022plus,4,19.1514705882353,None,Limited,Neck,other,0,1,8.333333333333334,1.1337579617834395,7,0
2024,TB,IrviBu00,Bucky Irving,RB,22.036960985626283,2022plus,9,11.4875,Questionable,Limited,Foot / Toe,ankle_foot,0,2,14.666666666666666,0.8873239436619718,8,0
2024,TB,IrviBu00,Bucky Irving,RB,22.036960985626283,2022plus,14,14.225000000000001,Questionable,Limited,Hip / Groin,soft_tissue,0,1,20.666666666666668,1.218045112781955,7,0
2024,TB,IrviBu00,Bucky Irving,RB,22.036960985626283,2022plus,15,13.346153846153847,Questionable,Limited,Back,other,0,2,17.0,0.3157894736842105,7,0
2024,TB,IrviBu00,Bucky Irving,RB,22.036960985626283,2022plus,16,13.342857142857143,None,Full,Back,other,0,3,16.666666666666668,1.081967213114754,7,0
2024,TB,IrviBu00,Bucky Irving,RB,22.036960985626283,2022plus,18,14.25,None,Full,Shoulder,other,0,1,20.0,1.4102564102564106,7,0
2024,TB,MayfBa00,Baker Mayfield,QB,29.385352498288842,2022plus,10,22.495555555555555,None,Limited,Foot / Toe,ankle_foot,0,1,46.0,1.0,6,0
2024,TB,MayfBa00,Baker Mayfield,QB,29.385352498288842,2022plus,14,20.02166666666667,None,Full,Achilles,achilles,0,1,34.0,0.98,7,0
2024,TB,MayfBa00,Baker Mayfield,QB,29.385352498288842,2022plus,16,20.520000000000003,None,Full,Knee,knee,0,1,32.0,0.9463087248322147,7,0
2024,TB,OttoCa00,Cade Otton,TE,25.38261464750171,2022plus,16,10.042857142857143,Doubtful,Limited,Knee,knee,0,1,4.666666666666667,1.0109890109890112,7,1
2024,TB,OttoCa00,Cade Otton,TE,25.38261464750171,2022plus,17,10.042857142857143,Out,DNP,Knee,knee,1,2,4.666666666666667,1.0109890109890112,7,1
2024,TB,OttoCa00,Cade Otton,TE,25.38261464750171,2022plus,18,10.042857142857143,Doubtful,Limited,Knee,knee,1,3,4.666666666666667,1.0109890109890112,7,1
2024,TB,WhitRa01,Rachaad White,RB,25.637234770704996,2022plus,3,12.854411764705883,None,Full,Hip / Groin,soft_tissue,0,1,16.0,1.0142857142857142,7,0
2024,TEN,HopkDe00,DeAndre Hopkins,WR,32.238193018480494,2022plus,1,13.152941176470588,Questionable,Limited,Knee,knee,0,1,,,7,0
2024,TEN,PollTo00,Tony Pollard,RB,27.340177960301162,2022plus,9,14.185714285714285,Questionable,DNP,Foot / Toe,ankle_foot,0,1,22.0,1.1031390134529149,7,0
2024,TEN,PollTo00,Tony Pollard,RB,27.340177960301162,2022plus,10,14.7125,None,Limited,Foot / Toe,ankle_foot,0,2,25.666666666666668,1.053061224489796,7,0
2024,TEN,PollTo00,Tony Pollard,RB,27.340177960301162,2022plus,11,14.222222222222221,None,Full,Foot / Toe,ankle_foot,0,3,22.666666666666668,0.6303501945525293,7,0
2024,TEN,PollTo00,Tony Pollard,RB,27.340177960301162,2022plus,15,13.692307692307692,Questionable,Limited,Ankle,ankle_foot,0,1,22.0,0.8217391304347826,7,0
2024,TEN,PollTo00,Tony Pollard,RB,27.340177960301162,2022plus,16,13.321428571428571,Questionable,DNP,Ankle,ankle_foot,0,2,18.0,0.5739130434782609,7,0
2024,TEN,PollTo00,Tony Pollard,RB,27.340177960301162,2022plus,17,12.966666666666667,Questionable,DNP,Ankle,ankle_foot,0,3,17.333333333333332,0.65,7,1
2024,TEN,PollTo00,Tony Pollard,RB,27.340177960301162,2022plus,18,12.966666666666667,Questionable,DNP,Ankle,ankle_foot,1,4,17.333333333333332,0.65,7,0
2024,WAS,DaniJa02,Jayden Daniels,QB,23.704312114989733,2022plus,8,19.942857142857143,Questionable,Limited,Chest / Ribs,other,0,1,27.333333333333332,0.14634146341463417,7,0
2024,WAS,DaniJa02,Jayden Daniels,QB,23.704312114989733,2022plus,9,20.23,None,Full,Chest / Ribs,other,0,2,30.666666666666668,1.4925373134328357,7,0
2024,WAS,EkelAu00,Austin Ekeler,RB,29.295003422313485,2022plus,4,12.160714285714285,Out,DNP,Head / Concussion,concussion,0,1,7.333333333333333,0.45833333333333337,6,1
2024,WAS,EkelAu00,Austin Ekeler,RB,29.295003422313485,2022plus,5,12.160714285714285,None,Full,Head / Concussion,concussion,1,2,7.333333333333333,0.45833333333333337,7,0
2024,WAS,EkelAu00,Austin Ekeler,RB,29.295003422313485,2022plus,13,11.554545454545455,Out,DNP,Head / Concussion,concussion,0,1,12.666666666666666,1.1183431952662721,7,1
2024,WAS,EkelAu00,Austin Ekeler,RB,29.295003422313485,2022plus,18,11.554545454545455,Questionable,Full,Head / Concussion,concussion,1,1,12.666666666666666,1.1183431952662721,7,0
2024,WAS,McLaTe00,Terry McLaurin,WR,28.9637234770705,2022plus,9,15.0125,None,Full,Ankle,ankle_foot,0,1,7.333333333333333,0.9908256880733944,7,0
2024,WAS,McLaTe00,Terry McLaurin,WR,28.9637234770705,2022plus,17,16.406666666666666,None,Full,Ankle,ankle_foot,0,2,8.0,1.0876494023904382,7,0
2024,WAS,McLaTe00,Terry McLaurin,WR,28.9637234770705,2022plus,18,15.475,None,Full,Ankle,ankle_foot,0,3,7.666666666666667,0.9425287356321838,7,0
2024,WAS,RobiBr01,Brian Robinson Jr.,RB,25.44832306639288,2022plus,2,14.38,None,Full,Knee,knee,0,1,16.0,,7,0
2024,WAS,RobiBr01,Brian Robinson Jr.,RB,25.44832306639288,2022plus,5,15.875,Questionable,Limited,Knee,knee,0,1,20.333333333333332,0.984375,7,0
2024,WAS,RobiBr01,Brian Robinson Jr.,RB,25.44832306639288,2022plus,6,15.459999999999999,Questionable,DNP,Knee,knee,0,2,16.0,0.5125628140703519,7,1
2024,WAS,RobiBr01,Brian Robinson Jr.,RB,25.44832306639288,2022plus,7,15.459999999999999,Questionable,Limited,Knee,knee,1,3,16.0,0.5125628140703519,7,0
2024,WAS,RobiBr01,Brian Robinson Jr.,RB,25.44832306639288,2022plus,9,14.142857142857142,Questionable,Limited,Hamstring,soft_tissue,0,1,12.0,1.0444444444444443,7,1
2024,WAS,RobiBr01,Brian Robinson Jr.,RB,25.44832306639288,2022plus,10,14.142857142857142,Out,DNP,Hamstring,soft_tissue,1,2,12.0,1.0444444444444443,7,1
2024,WAS,RobiBr01,Brian Robinson Jr.,RB,25.44832306639288,2022plus,11,14.142857142857142,None,Full,Hamstring,soft_tissue,1,3,12.0,1.0444444444444443,4,0
2024,WAS,RobiBr01,Brian Robinson Jr.,RB,25.44832306639288,2022plus,13,12.955555555555556,None,Full,Ankle,ankle_foot,0,1,13.666666666666666,0.3695652173913044,7,0
2025,ARI,ConnJa00,James Conner,RB,30.327173169062284,2022plus,4,12.290624999999999,None,DNP,Foot / Toe,ankle_foot,0,1,13.666666666666666,0.4999999999999999,4,1
2025,ARI,HarrMa09,Marvin Harrison Jr.,WR,23.058179329226558,2022plus,14,12.540000000000001,Out,DNP,Foot / Toe,ankle_foot,0,4,9.666666666666666,0.7349397590361445,7,1
2025,ARI,HarrMa09,Marvin Harrison Jr.,WR,23.058179329226558,2022plus,15,12.540000000000001,Out,DNP,Foot / Toe,ankle_foot,1,5,9.666666666666666,0.7349397590361445,7,1
2025,ARI,HarrMa09,Marvin Harrison Jr.,WR,23.058179329226558,2022plus,16,12.540000000000001,Questionable,Limited,Foot / Toe,ankle_foot,1,6,9.666666666666666,0.7349397590361445,7,0
2025,ATL,LondDr00,Drake London,WR,24.10677618069815,2022plus,2,15.76323529411765,None,Full,Shoulder,other,0,1,15.0,,7,0
2025,ATL,LondDr00,Drake London,WR,24.10677618069815,2022plus,8,15.816666666666668,Questionable,Limited,Hip / Groin,soft_tissue,0,1,12.0,1.0970149253731345,7,1
2025,ATL,LondDr00,Drake London,WR,24.10677618069815,2022plus,9,15.816666666666668,None,Full,Hip / Groin,soft_tissue,1,2,12.0,1.0970149253731345,7,0
2025,ATL,LondDr00,Drake London,WR,24.10677618069815,2022plus,12,19.666666666666668,Out,DNP,Knee,knee,0,2,10.333333333333334,0.9387755102040817,7,1
2025,ATL,LondDr00,Drake London,WR,24.10677618069815,2022plus,13,19.666666666666668,Out,DNP,Knee,knee,1,3,10.333333333333334,0.9387755102040817,7,1
2025,ATL,LondDr00,Drake London,WR,24.10677618069815,2022plus,14,19.666666666666668,Out,DNP,Knee,knee,1,4,10.333333333333334,0.9387755102040817,7,1
2025,ATL,LondDr00,Drake London,WR,24.10677618069815,2022plus,15,19.666666666666668,Out,DNP,Knee,knee,1,5,10.333333333333334,0.9387755102040817,4,1
2025,ATL,LondDr00,Drake London,WR,24.10677618069815,2022plus,16,19.666666666666668,Questionable,DNP,Knee,knee,1,6,10.333333333333334,0.9387755102040817,10,0
2025,ATL,LondDr00,Drake London,WR,24.10677618069815,2022plus,17,18.27,Questionable,Limited,Knee,knee,0,7,8.333333333333334,0.71875,8,0
2025,ATL,LondDr00,Drake London,WR,24.10677618069815,2022plus,18,16.736363636363635,Questionable,Limited,Knee,knee,0,8,6.333333333333333,1.135135135135135,6,0
2025,ATL,PittKy00,Kyle Pitts,TE,24.903490759753595,2022plus,9,11.342857142857143,None,Full,Ankle,ankle_foot,0,1,7.666666666666667,1.108433734939759,7,0
2025,ATL,PittKy00,Kyle Pitts,TE,24.903490759753595,2022plus,16,12.62142857142857,None,Limited,Knee,knee,0,2,10.0,1.0359712230215827,10,0
2025,ATL,PittKy00,Kyle Pitts,TE,24.903490759753595,2022plus,17,13.026666666666667,None,Limited,Knee,knee,0,3,10.333333333333334,0.9354838709677419,8,0
2025,ATL,PittKy00,Kyle Pitts,TE,24.903490759753595,2022plus,18,12.4375,Questionable,Limited,Knee,knee,0,4,8.0,1.0036363636363637,6,0
2025,BAL,FlowZa00,Zay Flowers,WR,24.971937029431896,2022plus,6,14.580000000000002,Questionable,Limited,Shoulder,other,0,1,5.333333333333333,1.0,7,0
2025,BAL,FlowZa00,Zay Flowers,WR,24.971937029431896,2022plus,8,13.583333333333334,None,Full,Shoulder,other,0,2,7.666666666666667,1.0622568093385216,14,0
2025,BAL,FlowZa00,Zay Flowers,WR,24.971937029431896,2022plus,16,12.807142857142859,None,Full,Neck,other,0,1,8.0,0.8634686346863469,7,0
2025,BAL,JackLa00,Lamar Jackson,QB,28.648870636550306,2022plus,5,23.34,Out,DNP,Hamstring,soft_tissue,0,1,30.333333333333332,0.7016949152542372,7,1
2025,BAL,JackLa00,Lamar Jackson,QB,28.648870636550306,2022plus,6,23.34,Out,DNP,Hamstring,soft_tissue,1,2,30.333333333333332,0.7016949152542372,7,1
2025,BAL,JackLa00,Lamar Jackson,QB,28.648870636550306,2022plus,8,23.34,Out,Limited,Hamstring,soft_tissue,1,3,30.333333333333332,0.7016949152542372,14,1
2025,BAL,JackLa00,Lamar Jackson,QB,28.648870636550306,2022plus,9,23.34,None,Full,Hamstring,soft_tissue,1,4,30.333333333333332,0.7016949152542372,4,0
2025,BAL,JackLa00,Lamar Jackson,QB,28.648870636550306,2022plus,11,22.593333333333334,None,Full,Knee,knee,0,1,30.666666666666668,1.1152416356877324,7,0
2025,BAL,JackLa00,Lamar Jackson,QB,28.648870636550306,2022plus,12,20.04,None,Full,Ankle,ankle_foot,0,2,31.666666666666668,1.1152416356877324,7,0
2025,BAL,JackLa00,Lamar Jackson,QB,28.648870636550306,2022plus,13,18.4375,None,Full,Foot / Toe,ankle_foot,0,3,32.333333333333336,1.0,4,0
2025,BUF,AlleJo02,Josh Allen,QB,29.281314168377822,2022plus,13,23.223636363636363,None,Full,Arm / Elbow,other,0,1,39.666666666666664,1.0135135135135136,10,0
2025,BUF,AlleJo02,Josh Allen,QB,29.281314168377822,2022plus,17,22.762666666666668,None,Full,Foot / Toe,ankle_foot,0,1,34.0,1.0,7,0
2025,BUF,AlleJo02,Josh Allen,QB,29.281314168377822,2022plus,18,22.78875,None,Limited,Foot / Toe,ankle_foot,0,2,35.666666666666664,1.0,7,0
2025,BUF,ColeKe02,Keon Coleman,WR,22.2943189596167,2022plus,2,12.732692307692307,None,Full,Hip / Groin,soft_tissue,0,2,11.0,,7,0
2025,BUF,CookJa01,James Cook,RB,25.935660506502394,2022plus,2,17.8015625,None,Full,Hamstring,soft_tissue,0,1,18.0,,7,0
2025,BUF,CookJa01,James Cook,RB,25.935660506502394,2022plus,10,18.9625,None,Full,Ankle,ankle_foot,0,1,21.333333333333332,1.349112426035503,7,0
2025,BUF,KincDa00,Dalton Kincaid,TE,25.872689938398356,2022plus,6,13.34,Questionable,Limited,Core / Abdomen,other,0,1,4.666666666666667,1.1571428571428573,8,1
2025,BUF,KincDa00,Dalton Kincaid,TE,25.872689938398356,2022plus,8,13.34,Questionable,Limited,Core / Abdomen,other,1,2,4.666666666666667,1.1571428571428573,13,0
2025,BUF,KincDa00,Dalton Kincaid,TE,25.872689938398356,2022plus,11,12.225000000000001,Out,DNP,Hamstring,soft_tissue,0,1,4.0,0.7027027027027029,7,1
2025,BUF,KincDa00,Dalton Kincaid,TE,25.872689938398356,2022plus,12,12.225000000000001,Out,DNP,Hamstring,soft_tissue,1,2,4.0,0.7027027027027029,4,1
2025,BUF,KincDa00,Dalton Kincaid,TE,25.872689938398356,2022plus,13,12.225000000000001,Questionable,Limited,Hamstring,soft_tissue,1,3,4.0,0.7027027027027029,10,1
2025,BUF,KincDa00,Dalton Kincaid,TE,25.872689938398356,2022plus,14,12.225000000000001,Questionable,Limited,Hamstring,soft_tissue,1,4,4.0,0.7027027027027029,7,0
2025,BUF,KincDa00,Dalton Kincaid,TE,25.872689938398356,2022plus,15,12.433333333333334,None,Full,Knee,knee,0,5,4.666666666666667,1.2289156626506024,7,0
2025,BUF,KincDa00,Dalton Kincaid,TE,25.872689938398356,2022plus,16,11.830000000000002,None,Full,Knee,knee,0,6,4.0,1.1368421052631579,7,0
2025,BUF,ShakKh00,Khalil Shakir,WR,25.57700205338809,2022plus,1,12.166666666666666,None,Full,Ankle,ankle_foot,0,1,,,7,0
2025,BUF,ShakKh00,Khalil Shakir,WR,25.57700205338809,2022plus,11,12.133333333333333,None,Full,Ankle,ankle_foot,0,1,8.0,1.1715976331360947,7,0
2025,CAR,DowdRi01,Rico Dowdle,RB,27.21697467488022,2022plus,10,14.633333333333335,None,Full,Quad / Thigh,soft_tissue,0,1,18.333333333333332,1.2705882352941174,7,0
2025,CAR,DowdRi01,Rico Dowdle,RB,27.21697467488022,2022plus,11,14.7,None,Full,Quad / Thigh,soft_tissue,0,2,19.0,1.538961038961039,7,0
2025,CAR,DowdRi01,Rico Dowdle,RB,27.21697467488022,2022plus,18,13.33125,None,Full,Foot / Toe,ankle_foot,0,1,16.333333333333332,1.207547169811321,6,0
2025,CAR,HubbCh01,Chuba Hubbard,RB,26.2258726899384,2022plus,4,15.576666666666668,Questionable,Limited,Lower Leg,soft_tissue,0,1,19.0,0.8794326241134751,7,0
2025,CAR,HubbCh01,Chuba Hubbard,RB,26.2258726899384,2022plus,5,14.025,Out,DNP,Lower Leg,soft_tissue,0,2,16.333333333333332,0.7536945812807881,7,1
2025,CAR,HubbCh01,Chuba Hubbard,RB,26.2258726899384,2022plus,6,14.025,Out,DNP,Lower Leg,soft_tissue,1,3,16.333333333333332,0.7536945812807881,7,1
2025,CAR,HubbCh01,Chuba Hubbard,RB,26.2258726899384,2022plus,7,14.025,None,Full,Lower Leg,soft_tissue,1,4,16.333333333333332,0.7536945812807881,7,0
2025,CAR,McMiTe00,Tetairoa McMillan,WR,22.409308692676248,2022plus,12,13.890909090909092,None,Full,Ankle,ankle_foot,0,1,8.666666666666666,0.962686567164179,8,0
2025,CAR,McMiTe00,Tetairoa McMillan,WR,22.409308692676248,2022plus,16,12.864285714285714,None,Full,Foot / Toe,ankle_foot,0,1,4.333333333333333,1.008,7,0
2025,CHI,MoorD.00,D.J. Moore,WR,28.383299110198493,2022plus,2,13.154411764705882,None,Full,Core / Abdomen,other,0,1,8.0,,6,0
2025,CHI,OdunRo00,Rome Odunze,WR,23.247091033538673,2022plus,9,15.471428571428572,None,Full,Foot / Toe,ankle_foot,0,1,7.0,1.0561797752808988,7,0
2025,CHI,OdunRo00,Rome Odunze,WR,23.247091033538673,2022plus,10,13.5375,None,Full,Ankle,ankle_foot,0,2,6.333333333333333,1.0526315789473686,7,0
2025,CHI,OdunRo00,Rome Odunze,WR,23.247091033538673,2022plus,11,14.322222222222223,None,Full,Ankle,ankle_foot,0,3,7.666666666666667,0.8125000000000001,7,0
2025,CHI,OdunRo00,Rome Odunze,WR,23.247091033538673,2022plus,14,12.174999999999999,Out,DNP,Foot / Toe,ankle_foot,0,1,7.0,1.0344827586206895,9,1
2025,CHI,OdunRo00,Rome Odunze,WR,23.247091033538673,2022plus,15,12.174999999999999,Questionable,Limited,Foot / Toe,ankle_foot,1,2,7.0,1.0344827586206895,7,1
2025,CHI,OdunRo00,Rome Odunze,WR,23.247091033538673,2022plus,16,12.174999999999999,Out,DNP,Foot / Toe,ankle_foot,1,3,7.0,1.0344827586206895,6,1
2025,CHI,OdunRo00,Rome Odunze,WR,23.247091033538673,2022plus,17,12.174999999999999,Out,DNP,Foot / Toe,ankle_foot,1,4,7.0,1.0344827586206895,8,1
2025,CHI,OdunRo00,Rome Odunze,WR,23.247091033538673,2022plus,18,12.174999999999999,Questionable,Limited,Foot / Toe,ankle_foot,1,5,7.0,1.0344827586206895,7,1
2025,CHI,SwifDA00,D'Andre Swift,RB,26.63107460643395,2022plus,3,12.158823529411764,Questionable,Limited,Quad / Thigh,soft_tissue,0,1,18.5,0.7037037037037036,7,0
2025,CHI,SwifDA00,D'Andre Swift,RB,26.63107460643395,2022plus,4,11.704411764705883,Questionable,Limited,Hip / Groin,soft_tissue,0,2,18.0,0.8840579710144928,7,0
2025,CHI,SwifDA00,D'Andre Swift,RB,26.63107460643395,2022plus,7,15.14,Questionable,Limited,Hip / Groin,soft_tissue,0,1,18.0,0.9130434782608697,6,0
2025,CHI,SwifDA00,D'Andre Swift,RB,26.63107460643395,2022plus,8,16.083333333333332,Questionable,Limited,Hip / Groin,soft_tissue,0,2,19.0,0.8852459016393444,7,0
2025,CHI,SwifDA00,D'Andre Swift,RB,26.63107460643395,2022plus,9,15.942857142857145,Out,DNP,Hip / Groin,soft_tissue,0,3,16.666666666666668,0.8352272727272726,7,1
2025,CHI,SwifDA00,D'Andre Swift,RB,26.63107460643395,2022plus,10,15.942857142857145,Questionable,DNP,Hip / Groin,soft_tissue,1,4,16.666666666666668,0.8352272727272726,7,0
2025,CHI,SwifDA00,D'Andre Swift,RB,26.63107460643395,2022plus,11,15.8,None,Full,Hip / Groin,soft_tissue,0,5,18.0,1.169811320754717,7,0
2025,CHI,SwifDA00,D'Andre Swift,RB,26.63107460643395,2022plus,12,15.044444444444444,None,Full,Hip / Groin,soft_tissue,0,6,18.666666666666668,1.0363636363636364,7,0
2025,CHI,SwifDA00,D'Andre Swift,RB,26.63107460643395,2022plus,16,14.761538461538462,Questionable,Limited,Hip / Groin,soft_tissue,0,1,18.666666666666668,1.0838709677419358,6,0
2025,CIN,HiggTe00,Tee Higgins,WR,26.62012320328542,2022plus,13,12.863636363636363,Out,DNP,Head / Concussion,concussion,0,1,7.666666666666667,0.8816793893129771,4,1
2025,CIN,HiggTe00,Tee Higgins,WR,26.62012320328542,2022plus,14,12.863636363636363,None,Full,Head / Concussion,concussion,1,2,7.666666666666667,0.8816793893129771,10,0
2025,CIN,HiggTe00,Tee Higgins,WR,26.62012320328542,2022plus,15,14.058333333333332,Out,DNP,Head / Concussion,concussion,0,3,8.333333333333334,0.8725099601593627,7,1
2025,CIN,HiggTe00,Tee Higgins,WR,26.62012320328542,2022plus,16,14.058333333333332,Questionable,Full,Head / Concussion,concussion,1,4,8.333333333333334,0.8725099601593627,7,0
2025,CLE,FannHa00,Harold Fannin,TE,21.117043121149898,2022plus,10,10.725,Questionable,Limited,Hamstring,soft_tissue,0,1,8.0,0.921161825726141,14,0
2025,CLE,FannHa00,Harold Fannin,TE,21.117043121149898,2022plus,17,11.693333333333333,Questionable,Limited,Hip / Groin,soft_tissue,0,1,11.0,0.9280575539568344,7,0
2025,CLE,FannHa00,Harold Fannin,TE,21.117043121149898,2022plus,18,11.65,Out,DNP,Hip / Groin,soft_tissue,0,2,8.0,0.25367647058823534,7,1
2025,DAL,FergJa00,Jake Ferguson,TE,26.62012320328542,2022plus,15,13.115384615384615,Questionable,Limited,Lower Leg,soft_tissue,0,1,6.666666666666667,1.1822660098522169,10,0
2025,DAL,FergJa00,Jake Ferguson,TE,26.62012320328542,2022plus,16,12.435714285714285,None,Full,Lower Leg,soft_tissue,0,2,5.666666666666667,0.968181818181818,7,0
2025,DAL,FergJa00,Jake Ferguson,TE,26.62012320328542,2022plus,18,11.6625,None,Full,Lower Leg,soft_tissue,0,1,3.3333333333333335,0.3954545454545454,10,0
2025,DAL,LambCe00,CeeDee Lamb,WR,26.401095140314855,2022plus,4,18.330000000000002,Out,DNP,Ankle,ankle_foot,0,1,8.0,0.09782608695652173,7,1
2025,DAL,LambCe00,CeeDee Lamb,WR,26.401095140314855,2022plus,5,18.330000000000002,Out,DNP,Ankle,ankle_foot,1,2,8.0,0.09782608695652173,7,1
2025,DAL,LambCe00,CeeDee Lamb,WR,26.401095140314855,2022plus,6,18.330000000000002,Out,DNP,Ankle,ankle_foot,1,3,8.0,0.09782608695652173,7,1
2025,DAL,LambCe00,CeeDee Lamb,WR,26.401095140314855,2022plus,7,18.330000000000002,None,Full,Ankle,ankle_foot,1,4,8.0,0.09782608695652173,7,0
2025,DAL,LambCe00,CeeDee Lamb,WR,26.401095140314855,2022plus,15,17.96666666666667,None,Full,Head / Concussion,concussion,0,1,9.333333333333334,0.5774058577405857,10,0
2025,DAL,PickGe00,George Pickens,WR,24.49555099247091,2022plus,13,20.036363636363635,None,Full,Knee,knee,0,1,9.666666666666666,0.9831932773109244,4,0
2025,DAL,PickGe00,George Pickens,WR,24.49555099247091,2022plus,14,19.766666666666666,None,Full,Lower Leg,soft_tissue,0,2,11.0,0.9406779661016949,7,0
2025,DAL,PresDa01,Dak Prescott,QB,32.09308692676249,2022plus,12,19.318,None,Full,Hip / Groin,soft_tissue,0,1,39.0,1.0416666666666667,6,0
2025,DAL,WillJa10,Javonte Williams,RB,25.352498288843258,2022plus,16,16.07857142857143,None,Full,Neck,other,0,1,18.666666666666668,0.3702127659574468,7,0
2025,DAL,WillJa10,Javonte Williams,RB,25.352498288843258,2022plus,17,15.426666666666668,None,Full,Neck,other,0,2,16.0,0.9193548387096774,4,0
2025,DAL,WillJa10,Javonte Williams,RB,25.352498288843258,2022plus,18,15.175,Out,DNP,Shoulder,other,0,3,14.0,0.490909090909091,10,1
2025,DEN,DobbJK00,J.K. Dobbins,RB,26.70773442847365,2022plus,11,11.59,Out,DNP,Foot / Toe,ankle_foot,0,1,17.333333333333332,1.0612244897959184,10,1
2025,DEN,HarvRJ00,RJ Harvey,RB,24.57221081451061,2022plus,16,11.542857142857143,None,Full,Chest / Ribs,other,0,1,20.0,1.159090909090909,7,0
2025,DET,LaPoSa01,Sam LaPorta,TE,24.635181382614647,2022plus,11,11.877777777777778,Out,DNP,Back,other,0,1,5.333333333333333,0.7781569965870307,7,1
2025,DET,StxxAm00,Amon-Ra St. Brown,WR,25.856262833675565,2022plus,6,22.48,None,Full,Hand / Wrist,other,0,1,8.0,0.9346153846153846,7,0
2025,DET,StxxAm00,Amon-Ra St. Brown,WR,25.856262833675565,2022plus,14,18.191666666666666,Questionable,DNP,Ankle,ankle_foot,0,1,8.666666666666666,0.06642066420664207,7,0
2025,DET,StxxAm00,Amon-Ra St. Brown,WR,25.856262833675565,2022plus,17,18.953333333333333,Questionable,Limited,Knee,knee,0,1,12.0,1.5077720207253886,4,0
2025,DET,StxxAm00,Amon-Ra St. Brown,WR,25.856262833675565,2022plus,18,18.69375,Questionable,Limited,Knee,knee,0,2,13.333333333333334,0.8767605633802816,10,0
2025,GB,JacoJo01,Josh Jacobs,RB,27.55373032169747,2022plus,3,15.720588235294118,None,Limited,Ankle,ankle_foot,0,1,21.5,0.8863636363636364,10,0
2025,GB,JacoJo01,Josh Jacobs,RB,27.55373032169747,2022plus,4,14.510294117647058,None,Limited,Ankle,ankle_foot,0,2,22.666666666666668,0.7951807228915663,7,0
2025,GB,JacoJo01,Josh Jacobs,RB,27.55373032169747,2022plus,8,20.55,None,Limited,Lower Leg,soft_tissue,0,2,21.0,0.7857142857142857,7,0
2025,GB,JacoJo01,Josh Jacobs,RB,27.55373032169747,2022plus,9,19.542857142857144,None,Limited,Lower Leg,soft_tissue,0,3,17.666666666666668,0.7989949748743719,7,0
2025,GB,JacoJo01,Josh Jacobs,RB,27.55373032169747,2022plus,12,18.05,Questionable,Limited,Knee,knee,0,1,19.0,0.35675675675675683,7,1
2025,GB,JacoJo01,Josh Jacobs,RB,27.55373032169747,2022plus,13,18.05,None,Limited,Knee,knee,1,2,19.0,0.35675675675675683,4,0
2025,GB,JacoJo01,Josh Jacobs,RB,27.55373032169747,2022plus,14,17.327272727272728,None,Full,Knee,knee,0,3,17.666666666666668,1.051948051948052,10,0
2025,GB,JacoJo01,Josh Jacobs,RB,27.55373032169747,2022plus,15,17.316666666666666,Questionable,Limited,Knee,knee,0,4,16.0,1.44,7,0
2025,GB,JacoJo01,Josh Jacobs,RB,27.55373032169747,2022plus,16,17.76923076923077,Questionable,DNP,Knee,knee,0,5,18.333333333333332,1.114864864864865,6,0
2025,GB,JacoJo01,Josh Jacobs,RB,27.55373032169747,2022plus,17,16.842857142857145,None,Limited,Knee,knee,0,6,17.0,0.6464088397790055,7,0
2025,GB,JacoJo01,Josh Jacobs,RB,27.55373032169747,2022plus,18,15.806666666666667,None,Full,Knee,knee,0,7,11.333333333333334,0.5060240963855422,8,1
2025,GB,KrafTu00,Tucker Kraft,TE,24.826830937713893,2022plus,3,13.37794117647059,Questionable,DNP,Knee,knee,0,1,6.0,0.9891304347826086,10,0
2025,GB,KrafTu00,Tucker Kraft,TE,24.826830937713893,2022plus,4,12.451470588235294,None,Full,Knee,knee,0,2,5.333333333333333,0.9617486338797814,7,0
2025,GB,KrafTu00,Tucker Kraft,TE,24.826830937713893,2022plus,6,12.7,None,Full,Arm / Elbow,other,0,3,5.333333333333333,1.051660516605166,14,0
2025,GB,LoveJo03,Jordan Love,QB,26.830937713894592,2022plus,6,18.55,None,Full,Hand / Wrist,other,0,5,36.333333333333336,1.0,14,0
2025,GB,ReedJa03,Jayden Reed,WR,25.34428473648186,2022plus,12,12.066176470588236,Out,Limited,Foot / Toe,ankle_foot,1,1,2.5,0.1842105263157895,7,1
2025,GB,ReedJa03,Jayden Reed,WR,25.34428473648186,2022plus,13,12.066176470588236,Out,Limited,Foot / Toe,ankle_foot,1,2,2.5,0.1842105263157895,4,1
2025,GB,ReedJa03,Jayden Reed,WR,25.34428473648186,2022plus,14,12.066176470588236,Questionable,Limited,Foot / Toe,ankle_foot,1,3,2.5,0.1842105263157895,10,0
2025,GB,WatsCh00,Christian Watson,WR,26.308008213552363,2022plus,16,13.3,Questionable,Limited,Chest / Ribs,other,0,1,6.666666666666667,0.5347826086956522,6,0
2025,GB,WatsCh00,Christian Watson,WR,26.308008213552363,2022plus,17,12.233333333333333,Questionable,DNP,Shoulder,other,0,2,5.0,0.9441624365482234,7,0
2025,HOU,CollNi00,Nico Collins,WR,26.455852156057496,2022plus,4,14.912499999999998,None,Full,Knee,knee,0,1,8.333333333333334,0.9885057471264368,7,0
2025,HOU,CollNi00,Nico Collins,WR,26.455852156057496,2022plus,5,13.5,None,Full,Knee,knee,0,2,8.666666666666666,0.9923076923076922,7,0
2025,HOU,CollNi00,Nico Collins,WR,26.455852156057496,2022plus,8,12.783333333333333,Out,DNP,Head / Concussion,concussion,0,1,7.333333333333333,0.6681222707423581,6,1
2025,HOU,CollNi00,Nico Collins,WR,26.455852156057496,2022plus,9,12.783333333333333,None,Full,Head / Concussion,concussion,1,2,7.333333333333333,0.6681222707423581,7,0
2025,HOU,CollNi00,Nico Collins,WR,26.455852156057496,2022plus,12,15.333333333333334,None,Full,Ankle,ankle_foot,0,1,12.0,1.1506849315068493,4,0
2025,IND,JoneDa05,Daniel Jones,QB,28.265571526351813,2022plus,12,19.266,None,Full,Lower Leg,soft_tissue,0,1,38.666666666666664,1.0380622837370241,14,0
2025,IND,JoneDa05,Daniel Jones,QB,28.265571526351813,2022plus,13,19.045454545454547,None,Full,Lower Leg,soft_tissue,0,2,40.0,1.0380622837370241,7,0
2025,IND,JoneDa05,Daniel Jones,QB,28.265571526351813,2022plus,14,18.803333333333335,None,Full,Lower Leg,soft_tissue,0,3,31.666666666666668,1.0,7,0
2025,IND,PittMi01,Michael Pittman Jr.,WR,27.906913073237508,2022plus,2,12.771875000000001,None,Full,Hip / Groin,soft_tissue,0,1,8.0,,7,0
2025,IND,PittMi01,Michael Pittman Jr.,WR,27.906913073237508,2022plus,5,15.600000000000001,None,Full,Hamstring,soft_tissue,0,1,7.0,1.1341463414634148,7,0
2025,IND,PittMi01,Michael Pittman Jr.,WR,27.906913073237508,2022plus,10,16.233333333333334,None,Full,Hip / Groin,soft_tissue,0,1,10.0,1.0517928286852591,7,0
2025,IND,WarrTy00,Tyler Warren,TE,23.274469541409992,2022plus,3,13.4,Questionable,Limited,Foot / Toe,ankle_foot,0,1,9.0,1.2739726027397262,7,0
2025,JAX,EtieTr00,Travis Etienne,RB,26.598220396988363,2022plus,12,14.290000000000001,None,Limited,Shoulder,other,0,1,22.666666666666668,0.8749999999999999,7,0
2025,JAX,ThomBr06,Brian Thomas,WR,22.899383983572896,2022plus,3,12.827941176470588,None,Full,Hand / Wrist,other,0,1,10.0,1.0930232558139534,7,0
2025,KC,BrowMa04,Marquise Brown,WR,28.243668720054757,2022plus,2,19.9,None,Full,Ankle,ankle_foot,0,2,16.0,,9,0
2025,KC,BrowMa04,Marquise Brown,WR,28.243668720054757,2022plus,3,13.95,None,Full,Ankle,ankle_foot,0,3,10.5,0.8064516129032258,7,0
2025,KC,BrowMa04,Marquise Brown,WR,28.243668720054757,2022plus,4,12.033333333333331,None,Full,Ankle,ankle_foot,0,4,9.0,0.8095238095238095,7,0
2025,KC,BrowMa04,Marquise Brown,WR,28.243668720054757,2022plus,5,12.225,None,Full,Ankle,ankle_foot,0,5,5.333333333333333,0.6610169491525424,8,0
2025,KC,BrowMa04,Marquise Brown,WR,28.243668720054757,2022plus,7,13.033333333333333,None,Full,Achilles,achilles,0,7,5.666666666666667,0.9069767441860465,7,0
2025,KC,MahoPa00,Patrick Mahomes,QB,29.95756331279945,2022plus,3,20.869374999999998,None,Full,Hand / Wrist,other,0,1,40.5,1.0,7,0
2025,KC,MahoPa00,Patrick Mahomes,QB,29.95756331279945,2022plus,4,19.7371875,None,Full,Hand / Wrist,other,0,2,41.0,1.0,7,0
2025,KC,MahoPa00,Patrick Mahomes,QB,29.95756331279945,2022plus,5,22.14,None,Full,Hip / Groin,soft_tissue,0,3,39.666666666666664,0.92,8,0
2025,KC,MahoPa00,Patrick Mahomes,QB,29.95756331279945,2022plus,6,23.056,None,Full,Hip / Groin,soft_tissue,0,4,43.333333333333336,1.0273972602739727,6,0
2025,KC,MahoPa00,Patrick Mahomes,QB,29.95756331279945,2022plus,13,21.534545454545455,None,Full,Hip / Groin,soft_tissue,0,1,43.666666666666664,1.0,4,0
2025,KC,MahoPa00,Patrick Mahomes,QB,29.95756331279945,2022plus,14,22.19333333333333,None,Full,Knee,knee,0,2,44.333333333333336,1.0,10,0
2025,KC,MahoPa00,Patrick Mahomes,QB,29.95756331279945,2022plus,15,20.970769230769232,None,Full,Knee,knee,0,3,42.333333333333336,1.0,7,0
2025,KC,RiceRa01,Rashee Rice,WR,25.360711841204655,2022plus,13,20.240000000000002,None,Full,Hamstring,soft_tissue,0,1,10.0,0.7622950819672131,4,0
2025,KC,RiceRa01,Rashee Rice,WR,25.360711841204655,2022plus,14,21.766666666666666,None,Full,Hamstring,soft_tissue,0,2,11.333333333333334,1.2136363636363636,10,0
2025,KC,RiceRa01,Rashee Rice,WR,25.360711841204655,2022plus,15,19.714285714285715,None,Full,Hamstring,soft_tissue,0,3,11.0,1.0308370044052864,7,0
2025,KC,RiceRa01,Rashee Rice,WR,25.360711841204655,2022plus,16,18.7625,Out,DNP,Head / Concussion,concussion,0,4,10.666666666666666,1.1135371179039302,7,1
2025,KC,RiceRa01,Rashee Rice,WR,25.360711841204655,2022plus,17,18.7625,None,DNP,Head / Concussion,concussion,1,5,10.666666666666666,1.1135371179039302,4,1
2025,LA,AdamDa01,Davante Adams,WR,32.68720054757016,2022plus,4,15.883928571428573,Questionable,Limited,Hamstring,soft_tissue,0,3,9.666666666666666,1.011764705882353,7,0
2025,LA,AdamDa01,Davante Adams,WR,32.68720054757016,2022plus,11,16.977777777777778,Questionable,Limited,Core / Abdomen,other,0,1,7.666666666666667,0.7727272727272727,7,0
2025,LA,AdamDa01,Davante Adams,WR,32.68720054757016,2022plus,14,17.075,None,Full,Hamstring,soft_tissue,0,1,7.0,1.0514018691588785,7,0
2025,LA,AdamDa01,Davante Adams,WR,32.68720054757016,2022plus,15,16.292307692307695,Questionable,Limited,Hamstring,soft_tissue,0,2,6.333333333333333,0.542016806722689,7,0
2025,LA,AdamDa01,Davante Adams,WR,32.68720054757016,2022plus,16,15.921428571428573,Doubtful,DNP,Knee,knee,0,3,6.666666666666667,0.7076923076923077,4,1
2025,LA,AdamDa01,Davante Adams,WR,32.68720054757016,2022plus,17,15.921428571428573,Doubtful,DNP,Hamstring,soft_tissue,1,4,6.666666666666667,0.7076923076923077,11,1
2025,LA,AdamDa01,Davante Adams,WR,32.68720054757016,2022plus,18,15.921428571428573,Questionable,Limited,Hamstring,soft_tissue,1,5,6.666666666666667,0.7076923076923077,6,1
2025,LA,NacuPu00,Puka Nacua,WR,24.26009582477755,2022plus,7,23.133333333333336,Out,DNP,Ankle,ankle_foot,0,2,10.0,0.5773584905660377,7,1
2025,LA,NacuPu00,Puka Nacua,WR,24.26009582477755,2022plus,9,23.133333333333336,None,Full,Ankle,ankle_foot,1,3,10.0,0.5773584905660377,14,0
2025,LA,NacuPu00,Puka Nacua,WR,24.26009582477755,2022plus,10,23.085714285714285,None,Full,Chest / Ribs,other,0,4,8.0,0.6533333333333333,7,0
2025,LA,WillKy02,Kyren Williams,RB,25.01574264202601,2022plus,14,15.433333333333332,None,Full,Ankle,ankle_foot,0,1,13.666666666666666,1.0414507772020725,7,0
2025,LA,WillKy02,Kyren Williams,RB,25.01574264202601,2022plus,18,15.762500000000001,Questionable,Limited,Ankle,ankle_foot,0,1,20.333333333333332,1.2102272727272727,6,0
2025,LAC,GadsOr01,Oronde Gadsden II,TE,22.187542778918548,2022plus,11,11.450000000000001,None,Full,Knee,knee,0,1,5.333333333333333,0.6610169491525424,7,0
2025,LAC,HampOm00,Omarion Hampton,RB,22.46406570841889,2022plus,13,15.4,Out,Limited,Ankle,ankle_foot,1,1,20.333333333333332,0.7565217391304346,14,1
2025,LAC,HampOm00,Omarion Hampton,RB,22.46406570841889,2022plus,14,15.4,Questionable,Full,Ankle,ankle_foot,1,2,20.333333333333332,0.7565217391304346,8,0
2025,LAC,HampOm00,Omarion Hampton,RB,22.46406570841889,2022plus,18,15.077777777777776,Out,DNP,Ankle,ankle_foot,0,1,18.666666666666668,1.9918032786885247,8,1
2025,LAC,HarrNa00,Najee Harris,RB,27.482546201232033,2022plus,1,12.035294117647059,None,Full,Head / Concussion,concussion,0,1,,,7,0
2025,LAC,HerbJu00,Justin Herbert,QB,27.479808350444902,2022plus,14,18.24833333333333,Questionable,Limited,Hand / Wrist,other,0,1,27.333333333333332,0.934065934065934,8,0
2025,LAC,HerbJu00,Justin Herbert,QB,27.479808350444902,2022plus,15,17.78,None,Limited,Hand / Wrist,other,0,2,26.666666666666668,1.1627906976744187,6,0
2025,LAC,HerbJu00,Justin Herbert,QB,27.479808350444902,2022plus,17,18.116,None,Full,Hand / Wrist,other,0,4,34.666666666666664,1.0526315789473684,6,0
2025,LAC,HerbJu00,Justin Herbert,QB,27.479808350444902,2022plus,18,17.93,None,DNP,Hand / Wrist,other,0,5,35.333333333333336,1.0,8,1
2025,LAC,JohnQu02,Quentin Johnston,WR,23.98631074606434,2022plus,6,17.28,Questionable,Limited,Hamstring,soft_tissue,0,1,9.0,0.9647058823529412,7,1
2025,LAC,JohnQu02,Quentin Johnston,WR,23.98631074606434,2022plus,7,17.28,None,Full,Hamstring,soft_tissue,1,2,9.0,0.9647058823529412,7,0
2025,LAC,JohnQu02,Quentin Johnston,WR,23.98631074606434,2022plus,11,15.2375,Questionable,Full,Lower Leg,soft_tissue,0,1,5.333333333333333,1.1770334928229662,7,0
2025,LAC,JohnQu02,Quentin Johnston,WR,23.98631074606434,2022plus,14,13.319999999999999,None,Full,Shoulder,other,0,1,5.333333333333333,0.8375000000000001,8,0
2025,LAC,JohnQu02,Quentin Johnston,WR,23.98631074606434,2022plus,15,12.363636363636363,Questionable,Limited,Hip / Groin,soft_tissue,0,2,3.0,0.9539748953974895,6,1
2025,LAC,JohnQu02,Quentin Johnston,WR,23.98631074606434,2022plus,16,12.363636363636363,Questionable,Limited,Hip / Groin,soft_tissue,1,3,3.0,0.9539748953974895,7,0
2025,LAC,McCoLa00,Ladd McConkey,WR,23.805612594113622,2022plus,3,13.328125,None,Full,Arm / Elbow,other,0,1,7.0,0.8705882352941177,6,0
2025,LAC,McCoLa00,Ladd McConkey,WR,23.805612594113622,2022plus,9,13.475000000000001,None,Full,Lower Leg,soft_tissue,0,1,11.333333333333334,0.7372881355932204,10,0
2025,LAC,McCoLa00,Ladd McConkey,WR,23.805612594113622,2022plus,11,13.810000000000002,None,Full,Ankle,ankle_foot,0,1,7.333333333333333,0.9906976744186046,7,0
2025,LAC,McCoLa00,Ladd McConkey,WR,23.805612594113622,2022plus,15,12.192307692307692,None,Limited,Foot / Toe,ankle_foot,0,1,5.0,1.2344497607655502,6,0
2025,LV,BoweBr01,Brock Bowers,TE,22.718685831622178,2022plus,2,15.41470588235294,Questionable,Limited,Knee,knee,0,1,8.0,,8,0
2025,LV,BoweBr01,Brock Bowers,TE,22.718685831622178,2022plus,3,13.751470588235295,None,Limited,Knee,knee,0,2,8.0,1.5098039215686274,6,0
2025,LV,BoweBr01,Brock Bowers,TE,22.718685831622178,2022plus,4,12.338235294117649,None,Full,Knee,knee,0,3,7.0,1.296875,7,0
2025,LV,BoweBr01,Brock Bowers,TE,22.718685831622178,2022plus,6,10.875,Out,DNP,Knee,knee,1,5,6.333333333333333,1.09478672985782,7,1
2025,LV,BoweBr01,Brock Bowers,TE,22.718685831622178,2022plus,9,10.875,None,Full,Knee,knee,1,7,6.333333333333333,1.09478672985782,14,0
2025,LV,BoweBr01,Brock Bowers,TE,22.718685831622178,2022plus,10,17.36,None,Full,Foot / Toe,ankle_foot,0,8,8.333333333333334,1.0253164556962024,4,0
2025,LV,TuckTr00,Tre Tucker,WR,24.484599589322382,2022plus,13,11.6,None,Full,Knee,knee,0,1,7.333333333333333,0.9693877551020408,7,0
2025,MIA,AchaDe00,De'Von Achane,RB,23.88501026694045,2022plus,1,17.641176470588235,None,Full,Lower Leg,soft_tissue,0,1,,,7,0
2025,MIA,AchaDe00,De'Von Achane,RB,23.88501026694045,2022plus,15,20.915384615384617,None,Full,Chest / Ribs,other,0,1,19.0,0.42148760330578516,8,0
2025,MIA,AchaDe00,De'Von Achane,RB,23.88501026694045,2022plus,16,20.75714285714286,None,Full,Chest / Ribs,other,0,2,16.333333333333332,1.2834224598930482,6,0
2025,MIA,AchaDe00,De'Von Achane,RB,23.88501026694045,2022plus,18,20.175,Doubtful,DNP,Shoulder,other,0,1,19.0,1.2162162162162162,7,1
2025,MIA,HillTy00,Tyreek Hill,WR,31.50444900752909,2022plus,1,12.835294117647058,None,Full,Core / Abdomen,other,0,1,,,7,0
2025,MIA,WaddJa00,Jaylen Waddle,WR,26.767967145790553,2022plus,4,12.418333333333333,None,Full,Shoulder,other,0,3,5.666666666666667,1.183673469387755,11,0
2025,MIA,WaddJa00,Jaylen Waddle,WR,26.767967145790553,2022plus,8,12.688571428571427,None,Full,Hamstring,soft_tissue,0,1,7.0,0.8871595330739298,7,0
2025,MIA,WaddJa00,Jaylen Waddle,WR,26.767967145790553,2022plus,10,13.768888888888888,None,Full,Foot / Toe,ankle_foot,0,1,6.333333333333333,1.0344827586206895,10,0
2025,MIA,WaddJa00,Jaylen Waddle,WR,26.767967145790553,2022plus,13,13.774545454545455,None,Full,Foot / Toe,ankle_foot,0,1,7.666666666666667,1.0456431535269708,14,0
2025,MIA,WaddJa00,Jaylen Waddle,WR,26.767967145790553,2022plus,17,12.894666666666666,None,Full,Hand / Wrist,other,0,1,7.0,0.8385826771653543,7,0
2025,MIA,WaddJa00,Jaylen Waddle,WR,26.767967145790553,2022plus,18,12.1325,Questionable,Limited,Chest / Ribs,other,0,2,5.0,0.32188841201716734,7,1
2025,MIA,WallDa01,Darren Waller,TE,32.96646132785763,2022plus,5,17.7,None,Limited,Hip / Groin,soft_tissue,0,5,4.0,,6,0
2025,MIA,WallDa01,Darren Waller,TE,32.96646132785763,2022plus,6,18.25,None,Limited,Hip / Groin,soft_tissue,0,6,4.5,2.071428571428571,7,0
2025,MIA,WallDa01,Darren Waller,TE,32.96646132785763,2022plus,7,15.233333333333334,None,Limited,Hip / Groin,soft_tissue,0,7,4.0,1.5348837209302326,7,0
2025,MIA,WallDa01,Darren Waller,TE,32.96646132785763,2022plus,13,11.425,Questionable,Limited,Chest / Ribs,other,1,1,2.6666666666666665,0.5526315789473685,14,0
2025,MIN,JoneAa00,Aaron Jones,RB,30.748802190280628,2022plus,8,11.605882352941176,Questionable,Limited,Hamstring,soft_tissue,1,1,8.5,0.86,4,0
2025,MIN,JoneAa00,Aaron Jones,RB,30.748802190280628,2022plus,11,10.14,None,Full,Shoulder,other,0,2,11.666666666666666,1.5434782608695652,7,0
2025,NE,DiggSt00,Stefon Diggs,WR,31.756331279945243,2022plus,8,12.085714285714287,None,Full,Chest / Ribs,other,0,2,7.333333333333333,0.9418604651162793,7,0
2025,NE,HendTr02,TreVeyon Henderson,RB,22.861054072553046,2022plus,17,12.046666666666669,None,Full,Head / Concussion,concussion,0,1,12.666666666666666,0.35185185185185186,7,0
2025,NE,HenrHu00,Hunter Henry,TE,30.73511293634497,2022plus,4,12.646875,None,Full,Knee,knee,0,1,7.333333333333333,0.9101123595505618,7,0
2025,NO,HillTa00,Taysom Hill,QB,35.02532511978097,2022plus,5,12.7925,Questionable,Limited,Knee,knee,1,1,,,7,0
2025,NO,JohnJu02,Juwan Johnson,TE,28.966461327857633,2022plus,5,12.100000000000001,Questionable,Limited,Ankle,ankle_foot,0,1,6.666666666666667,0.9473684210526315,7,0
2025,NO,KamaAl00,Alvin Kamara,RB,30.105407255304584,2022plus,7,11.6,None,Full,Ankle,ankle_foot,0,2,16.333333333333332,0.9162561576354679,7,0
2025,NO,OlavCh00,Chris Olave,WR,25.180013689253936,2022plus,7,12.866666666666667,None,Full,Hip / Groin,soft_tissue,0,1,9.0,1.08641975308642,7,0
2025,NO,OlavCh00,Chris Olave,WR,25.180013689253936,2022plus,8,14.857142857142858,None,Full,Ankle,ankle_foot,0,2,9.333333333333334,1.024390243902439,7,0
2025,NO,OlavCh00,Chris Olave,WR,25.180013689253936,2022plus,9,14.75,None,Full,Ankle,ankle_foot,0,3,10.0,1.138775510204082,7,0
2025,NO,OlavCh00,Chris Olave,WR,25.180013689253936,2022plus,12,14.809999999999999,None,Full,Ankle,ankle_foot,0,1,8.333333333333334,0.6113207547169812,14,0
2025,NO,OlavCh00,Chris Olave,WR,25.180013689253936,2022plus,13,14.918181818181818,Questionable,Limited,Back,other,0,2,8.333333333333334,1.021276595744681,7,0
2025,NO,OlavCh00,Chris Olave,WR,25.180013689253936,2022plus,14,14.9,Questionable,Limited,Back,other,0,3,9.333333333333334,1.1891891891891895,7,0
2025,NO,OlavCh00,Chris Olave,WR,25.180013689253936,2022plus,17,16.14,Questionable,Limited,Back,other,0,1,10.0,0.8830188679245283,7,0
2025,NYG,NabeMa00,Malik Nabers,WR,22.09719370294319,2022plus,1,18.240000000000002,None,DNP,Back,other,0,1,,,7,0
2025,NYG,NabeMa00,Malik Nabers,WR,22.09719370294319,2022plus,2,16.705000000000002,None,Full,Back,other,0,2,12.0,,7,0
2025,NYG,NabeMa00,Malik Nabers,WR,22.09719370294319,2022plus,4,17.835,None,Limited,Shoulder,other,0,1,10.666666666666666,0.9533678756476685,7,0
2025,NYG,RobiWa01,Wan'Dale Robinson,WR,24.654346338124572,2022plus,3,15.298529411764708,None,Limited,Foot / Toe,ankle_foot,0,2,9.0,0.9210526315789473,7,0
2025,NYG,RobiWa01,Wan'Dale Robinson,WR,24.654346338124572,2022plus,13,13.633333333333333,None,Full,Ankle,ankle_foot,0,1,11.666666666666666,0.8412162162162161,8,0
2025,NYG,RobiWa01,Wan'Dale Robinson,WR,24.654346338124572,2022plus,18,13.61875,Out,DNP,Chest / Ribs,other,0,1,10.333333333333334,0.7575757575757577,7,1
2025,NYG,SkatCa00,Cam Skattebo,RB,23.57015742642026,2022plus,5,13.475000000000001,None,Full,Knee,knee,0,1,19.666666666666668,1.829268292682927,7,0
2025,NYJ,FielJu00,Justin Fields,QB,26.494182067077343,2022plus,6,21.64,None,Full,Knee,knee,0,1,34.333333333333336,1.1450381679389312,7,0
2025,NYJ,HallBr03,Breece Hall,RB,24.254620123203285,2022plus,8,11.171428571428573,Questionable,Full,Knee,knee,0,1,18.333333333333332,0.814070351758794,7,0
2025,NYJ,HallBr03,Breece Hall,RB,24.254620123203285,2022plus,15,13.289230769230768,None,Full,Knee,knee,0,1,18.666666666666668,0.987012987012987,7,0
2025,NYJ,HallBr03,Breece Hall,RB,24.254620123203285,2022plus,16,12.747142857142858,None,Full,Knee,knee,0,2,16.666666666666668,0.6893617021276597,7,0
2025,NYJ,HallBr03,Breece Hall,RB,24.254620123203285,2022plus,18,12.97875,Out,Limited,Knee,knee,0,1,16.666666666666668,0.7422680412371134,7,1
2025,NYJ,WilsGa00,Garrett Wilson,WR,25.111567419575632,2022plus,7,16.583333333333332,Doubtful,DNP,Knee,knee,0,1,8.666666666666666,0.863013698630137,7,1
2025,NYJ,WilsGa00,Garrett Wilson,WR,25.111567419575632,2022plus,8,16.583333333333332,Out,DNP,Knee,knee,1,2,8.666666666666666,0.863013698630137,7,1
2025,NYJ,WilsGa00,Garrett Wilson,WR,25.111567419575632,2022plus,10,16.583333333333332,Questionable,Full,Knee,knee,1,3,8.666666666666666,0.863013698630137,14,0
2025,NYJ,WilsGa00,Garrett Wilson,WR,25.111567419575632,2022plus,11,14.214285714285714,Out,DNP,Knee,knee,0,4,7.0,0.4239130434782609,4,1
2025,PHI,BarkSa00,Saquon Barkley,RB,28.55852156057495,2022plus,6,16.1,None,Full,Knee,knee,0,1,18.333333333333332,0.8275862068965517,4,0
2025,PHI,BarkSa00,Saquon Barkley,RB,28.55852156057495,2022plus,10,15.975000000000001,None,Full,Hip / Groin,soft_tissue,0,1,17.666666666666668,0.7662337662337662,15,0
2025,PHI,BarkSa00,Saquon Barkley,RB,28.55852156057495,2022plus,13,14.845454545454546,None,Full,Hip / Groin,soft_tissue,0,1,23.666666666666668,1.1857142857142855,5,0
2025,PHI,BarkSa00,Saquon Barkley,RB,28.55852156057495,2022plus,16,14.592857142857143,None,Full,Neck,other,0,1,20.666666666666668,0.6627906976744186,6,0
2025,PHI,BrowAJ00,A.J. Brown,WR,28.17248459958932,2022plus,8,12.357142857142858,Out,DNP,Hamstring,soft_tissue,0,1,7.666666666666667,0.968421052631579,7,1
2025,PHI,BrowAJ00,A.J. Brown,WR,28.17248459958932,2022plus,10,12.357142857142858,None,Full,Hamstring,soft_tissue,1,2,7.666666666666667,0.968421052631579,15,0
2025,PHI,GoedDa00,Dallas Goedert,TE,30.661190965092402,2022plus,2,10.62,Out,DNP,Knee,knee,0,1,7.0,,10,1
2025,PHI,GoedDa00,Dallas Goedert,TE,30.661190965092402,2022plus,3,10.62,None,Full,Knee,knee,1,2,7.0,,7,0
2025,PHI,GoedDa00,Dallas Goedert,TE,30.661190965092402,2022plus,5,12.94,None,Full,Knee,knee,0,1,4.333333333333333,0.8620689655172414,7,0
2025,PHI,GoedDa00,Dallas Goedert,TE,30.661190965092402,2022plus,8,13.85,None,Full,Lower Leg,soft_tissue,0,1,7.666666666666667,1.2098765432098764,7,0
2025,PHI,GoedDa00,Dallas Goedert,TE,30.661190965092402,2022plus,18,12.34,Out,DNP,Knee,knee,0,1,5.333333333333333,0.9448818897637795,7,1
2025,PHI,SmitDe07,DeVonta Smith,WR,26.798083504449007,2022plus,13,13.490909090909089,None,Full,Shoulder,other,0,1,7.666666666666667,1.021505376344086,5,0
2025,PIT,MetcDK00,D.K. Metcalf,WR,27.71526351813826,2022plus,13,12.409090909090908,None,Full,Ankle,ankle_foot,0,3,8.333333333333334,0.9807692307692307,7,0
2025,PIT,MetcDK00,D.K. Metcalf,WR,27.71526351813826,2022plus,15,12.653846153846153,None,Limited,Core / Abdomen,other,0,5,9.0,0.9688715953307394,8,0
2025,PIT,WarrJa01,Jaylen Warren,RB,26.833675564681723,2022plus,6,13.168333333333333,None,Full,Knee,knee,1,2,18.333333333333332,1.5533980582524272,14,0
2025,PIT,WarrJa01,Jaylen Warren,RB,26.833675564681723,2022plus,12,13.166666666666666,None,Full,Ankle,ankle_foot,0,1,15.333333333333334,0.5121951219512195,7,0
2025,PIT,WarrJa01,Jaylen Warren,RB,26.833675564681723,2022plus,17,13.985714285714286,None,Full,Hip / Groin,soft_tissue,0,1,14.0,0.9735099337748345,7,0
2025,SEA,WalkKe00,Kenneth Walker III,RB,24.865160848733744,2022plus,12,11.13,Questionable,Limited,Hip / Groin,soft_tissue,0,1,15.666666666666666,1.0551724137931036,7,0
2025,SEA,WalkKe00,Kenneth Walker III,RB,24.865160848733744,2022plus,13,11.30909090909091,None,Full,Hip / Groin,soft_tissue,0,2,16.333333333333332,1.2236842105263157,7,0
2025,SEA,WalkKe00,Kenneth Walker III,RB,24.865160848733744,2022plus,14,11.233333333333334,None,Full,Hip / Groin,soft_tissue,0,3,17.0,1.050955414012739,7,0
2025,SF,JennJa00,Jauan Jennings,WR,28.145106091718002,2022plus,1,14.033333333333333,None,Full,Lower Leg,soft_tissue,0,1,,,7,0
2025,SF,JennJa00,Jauan Jennings,WR,28.145106091718002,2022plus,3,12.891666666666666,Questionable,DNP,Ankle,ankle_foot,0,3,7.5,1.3181818181818181,7,1
2025,SF,JennJa00,Jauan Jennings,WR,28.145106091718002,2022plus,4,12.891666666666666,Questionable,Limited,Ankle,ankle_foot,1,4,7.5,1.3181818181818181,7,0
2025,SF,KittGe00,George Kittle,TE,31.89596167008898,2022plus,7,14.955000000000002,None,Full,Hamstring,soft_tissue,1,1,4.0,,7,0
2025,SF,KittGe00,George Kittle,TE,31.89596167008898,2022plus,17,15.36,Questionable,DNP,Ankle,ankle_foot,0,1,7.333333333333333,0.6788321167883211,6,1
2025,SF,KittGe00,George Kittle,TE,31.89596167008898,2022plus,18,15.36,Questionable,Limited,Ankle,ankle_foot,1,2,7.333333333333333,0.6788321167883211,6,0
2025,SF,McCaCh01,Christian McCaffrey,RB,29.234770704996578,2022plus,2,23.200000000000003,None,Full,Lower Leg,soft_tissue,0,2,32.0,,7,0
2025,SF,McCaCh01,Christian McCaffrey,RB,29.234770704996578,2022plus,3,22.950000000000003,None,Full,Lower Leg,soft_tissue,0,3,26.0,1.013157894736842,7,0
2025,SF,McCaCh01,Christian McCaffrey,RB,29.234770704996578,2022plus,18,25.306250000000002,None,Full,Back,other,0,12,27.0,1.0493827160493827,6,0
2025,SF,PearRi00,Ricky Pearsall,WR,24.97741273100616,2022plus,4,13.05,Questionable,Limited,Knee,knee,0,1,8.333333333333334,1.1213872832369942,7,0
2025,SF,PearRi00,Ricky Pearsall,WR,24.97741273100616,2022plus,5,13.075000000000001,Out,DNP,Knee,knee,0,2,7.666666666666667,0.6222222222222222,4,1
2025,SF,PearRi00,Ricky Pearsall,WR,24.97741273100616,2022plus,6,13.075000000000001,Out,DNP,Knee,knee,1,3,7.666666666666667,0.6222222222222222,10,1
2025,SF,PearRi00,Ricky Pearsall,WR,24.97741273100616,2022plus,7,13.075000000000001,Out,DNP,Knee,knee,1,4,7.666666666666667,0.6222222222222222,7,1
2025,SF,PearRi00,Ricky Pearsall,WR,24.97741273100616,2022plus,8,13.075000000000001,Out,DNP,Knee,knee,1,5,7.666666666666667,0.6222222222222222,7,1
2025,SF,PearRi00,Ricky Pearsall,WR,24.97741273100616,2022plus,9,13.075000000000001,Out,DNP,Knee,knee,1,6,7.666666666666667,0.6222222222222222,7,1
2025,SF,PearRi00,Ricky Pearsall,WR,24.97741273100616,2022plus,10,13.075000000000001,Out,DNP,Knee,knee,1,7,7.666666666666667,0.6222222222222222,7,1
2025,SF,PearRi00,Ricky Pearsall,WR,24.97741273100616,2022plus,11,13.075000000000001,None,Full,Knee,knee,1,8,7.666666666666667,0.6222222222222222,7,0
2025,TB,EgbuEm01,Emeka Egbuka,WR,22.882956878850102,2022plus,3,18.25,Questionable,Limited,Hip / Groin,soft_tissue,0,1,7.0,0.989247311827957,6,0
2025,TB,EgbuEm01,Emeka Egbuka,WR,22.882956878850102,2022plus,7,17.8,Questionable,Limited,Hamstring,soft_tissue,0,1,7.333333333333333,0.6680672268907564,8,0
2025,TB,EgbuEm01,Emeka Egbuka,WR,22.882956878850102,2022plus,8,16.65714285714286,None,Full,Hamstring,soft_tissue,0,2,7.666666666666667,0.9911894273127753,6,0
2025,TB,EvanMi00,Mike Evans,WR,32.030116358658454,2022plus,4,12.792857142857143,Out,DNP,Hamstring,soft_tissue,0,1,9.333333333333334,0.8888888888888888,7,1
2025,TB,EvanMi00,Mike Evans,WR,32.030116358658454,2022plus,5,12.792857142857143,Out,DNP,Hamstring,soft_tissue,1,2,9.333333333333334,0.8888888888888888,7,1
2025,TB,EvanMi00,Mike Evans,WR,32.030116358658454,2022plus,6,12.792857142857143,Out,DNP,Hamstring,soft_tissue,1,3,9.333333333333334,0.8888888888888888,7,1
2025,TB,EvanMi00,Mike Evans,WR,32.030116358658454,2022plus,7,12.792857142857143,Questionable,Full,Hamstring,soft_tissue,1,4,9.333333333333334,0.8888888888888888,8,0
2025,TB,GodwCh00,Chris Godwin,WR,29.51129363449692,2022plus,1,19.685714285714287,Out,DNP,Ankle,ankle_foot,0,1,,,7,1
2025,TB,GodwCh00,Chris Godwin,WR,29.51129363449692,2022plus,2,19.685714285714287,Out,Limited,Ankle,ankle_foot,1,2,,,8,1
2025,TB,GodwCh00,Chris Godwin,WR,29.51129363449692,2022plus,3,19.685714285714287,Out,Limited,Ankle,ankle_foot,1,3,,,6,1
2025,TB,GodwCh00,Chris Godwin,WR,29.51129363449692,2022plus,4,19.685714285714287,Questionable,Full,Ankle,ankle_foot,1,4,,,7,0
2025,TB,GodwCh00,Chris Godwin,WR,29.51129363449692,2022plus,5,16.164285714285715,None,Full,Ankle,ankle_foot,0,5,10.0,,7,0
2025,TB,GodwCh00,Chris Godwin,WR,29.51129363449692,2022plus,6,12.642857142857142,Out,DNP,Lower Leg,soft_tissue,0,6,7.0,0.9506172839506173,7,1
2025,TB,GodwCh00,Chris Godwin,WR,29.51129363449692,2022plus,7,12.642857142857142,Out,DNP,Lower Leg,soft_tissue,1,7,7.0,0.9506172839506173,8,1
2025,TB,GodwCh00,Chris Godwin,WR,29.51129363449692,2022plus,8,12.642857142857142,Out,DNP,Lower Leg,soft_tissue,1,8,7.0,0.9506172839506173,6,1
2025,TB,GodwCh00,Chris Godwin,WR,29.51129363449692,2022plus,10,12.642857142857142,Out,DNP,Lower Leg,soft_tissue,1,9,7.0,0.9506172839506173,14,1
2025,TB,GodwCh00,Chris Godwin,WR,29.51129363449692,2022plus,11,12.642857142857142,Out,Limited,Lower Leg,soft_tissue,1,10,7.0,0.9506172839506173,7,1
2025,TB,GodwCh00,Chris Godwin,WR,29.51129363449692,2022plus,12,12.642857142857142,Questionable,Limited,Lower Leg,soft_tissue,1,11,7.0,0.9506172839506173,7,0
2025,TB,IrviBu00,Bucky Irving,RB,23.0362765229295,2022plus,5,18.0,Out,DNP,Foot / Toe,ankle_foot,0,1,24.0,0.8280542986425339,7,1
2025,TB,IrviBu00,Bucky Irving,RB,23.0362765229295,2022plus,6,18.0,Out,DNP,Foot / Toe,ankle_foot,1,2,24.0,0.8280542986425339,7,1
2025,TB,IrviBu00,Bucky Irving,RB,23.0362765229295,2022plus,7,18.0,Out,DNP,Foot / Toe,ankle_foot,1,3,24.0,0.8280542986425339,8,1
2025,TB,IrviBu00,Bucky Irving,RB,23.0362765229295,2022plus,8,18.0,Out,DNP,Foot / Toe,ankle_foot,1,4,24.0,0.8280542986425339,6,1
2025,TB,IrviBu00,Bucky Irving,RB,23.0362765229295,2022plus,10,18.0,Out,DNP,Foot / Toe,ankle_foot,1,5,24.0,0.8280542986425339,14,1
2025,TB,IrviBu00,Bucky Irving,RB,23.0362765229295,2022plus,11,18.0,Out,Limited,Shoulder,other,1,6,24.0,0.8280542986425339,7,1
2025,TB,IrviBu00,Bucky Irving,RB,23.0362765229295,2022plus,12,18.0,Out,Limited,Shoulder,other,1,7,24.0,0.8280542986425339,7,1
2025,TB,IrviBu00,Bucky Irving,RB,23.0362765229295,2022plus,13,18.0,Questionable,Full,Shoulder,other,1,8,24.0,0.8280542986425339,7,0
2025,TB,IrviBu00,Bucky Irving,RB,23.0362765229295,2022plus,14,17.619999999999997,None,Full,Shoulder,other,0,9,22.666666666666668,0.7572815533980582,7,0
2025,TB,IrviBu00,Bucky Irving,RB,23.0362765229295,2022plus,15,17.366666666666667,None,Full,Shoulder,other,0,10,19.0,0.7860962566844919,4,0
2025,TB,MayfBa00,Baker Mayfield,QB,30.38466803559206,2022plus,3,21.37882352941177,None,Full,Foot / Toe,ankle_foot,0,1,39.0,1.0,6,0
2025,TB,MayfBa00,Baker Mayfield,QB,30.38466803559206,2022plus,4,20.429411764705883,Questionable,Limited,Arm / Elbow,other,0,2,37.0,1.0,7,0
2025,TB,MayfBa00,Baker Mayfield,QB,30.38466803559206,2022plus,5,19.765,None,Full,Knee,knee,0,3,38.666666666666664,1.0,7,0
2025,TB,MayfBa00,Baker Mayfield,QB,30.38466803559206,2022plus,8,19.497142857142858,None,Limited,Knee,knee,0,1,38.0,0.99,6,0
2025,TB,OttoCa00,Cade Otton,TE,26.38193018480493,2022plus,1,10.042857142857143,None,Full,Hip / Groin,soft_tissue,0,1,,,7,0
2025,WAS,DaniJa02,Jayden Daniels,QB,24.70362765229295,2022plus,2,20.727941176470587,None,Full,Hand / Wrist,other,0,1,41.0,,4,0
2025,WAS,DaniJa02,Jayden Daniels,QB,24.70362765229295,2022plus,3,20.42029411764706,Out,Limited,Knee,knee,0,2,45.0,1.0,10,1
2025,WAS,DaniJa02,Jayden Daniels,QB,24.70362765229295,2022plus,4,20.42029411764706,Out,DNP,Knee,knee,1,3,45.0,1.0,7,1
2025,WAS,DaniJa02,Jayden Daniels,QB,24.70362765229295,2022plus,5,20.42029411764706,None,Full,Knee,knee,1,4,45.0,1.0,7,0
2025,WAS,DaniJa02,Jayden Daniels,QB,24.70362765229295,2022plus,6,19.472647058823533,None,Full,Knee,knee,0,5,41.333333333333336,1.0,8,0
2025,WAS,DaniJa02,Jayden Daniels,QB,24.70362765229295,2022plus,7,19.65,None,Full,Knee,knee,0,6,39.666666666666664,1.0,6,0
2025,WAS,DaniJa02,Jayden Daniels,QB,24.70362765229295,2022plus,8,19.268,Out,DNP,Hamstring,soft_tissue,0,7,33.333333333333336,0.69,8,1
2025,WAS,DaniJa02,Jayden Daniels,QB,24.70362765229295,2022plus,9,19.268,None,Full,Hamstring,soft_tissue,1,8,33.333333333333336,0.69,6,0
2025,WAS,DaniJa02,Jayden Daniels,QB,24.70362765229295,2022plus,10,18.593333333333334,Out,DNP,Arm / Elbow,other,0,9,32.666666666666664,0.9814126394052045,7,1
2025,WAS,DaniJa02,Jayden Daniels,QB,24.70362765229295,2022plus,11,18.593333333333334,Out,DNP,Arm / Elbow,other,1,10,32.666666666666664,0.9814126394052045,7,1
2025,WAS,DaniJa02,Jayden Daniels,QB,24.70362765229295,2022plus,13,18.593333333333334,Out,Limited,Arm / Elbow,other,1,11,32.666666666666664,0.9814126394052045,14,1
2025,WAS,DaniJa02,Jayden Daniels,QB,24.70362765229295,2022plus,14,18.593333333333334,None,Full,Arm / Elbow,other,1,12,32.666666666666664,0.9814126394052045,7,0
2025,WAS,SamuDe00,Deebo Samuel,WR,29.6290212183436,2022plus,5,16.25,None,Full,Foot / Toe,ankle_foot,0,1,7.666666666666667,1.2403846153846154,7,0
2025,WAS,SamuDe00,Deebo Samuel,WR,29.6290212183436,2022plus,6,17.72,Questionable,DNP,Foot / Toe,ankle_foot,0,2,8.666666666666666,1.078341013824885,8,0
2025,WAS,SamuDe00,Deebo Samuel,WR,29.6290212183436,2022plus,7,15.666666666666666,Out,Limited,Foot / Toe,ankle_foot,0,3,8.666666666666666,1.0434782608695652,6,1
2025,WAS,SamuDe00,Deebo Samuel,WR,29.6290212183436,2022plus,8,15.666666666666666,None,Full,Foot / Toe,ankle_foot,1,4,8.666666666666666,1.0434782608695652,8,0
2026,ARI,BrisJa00,Jacoby Brissett,QB,33.72210814510609,2022plus,3,13.867857142857144,None,Full,Hip / Groin,soft_tissue,0,1,36.0,1.0,7,0
2026,ATL,MuseNi00,Nick Muse,TE,27.76728268309377,2022plus,3,0.0,None,Full,Shoulder,other,0,1,0.0,2.5,4,0
2026,ATL,PeniMi00,Michael Penix,QB,26.316221765913756,2022plus,1,13.364444444444445,Out,Full,Knee,knee,0,1,,,7,1
2026,ATL,PeniMi00,Michael Penix,QB,26.316221765913756,2022plus,2,13.364444444444445,Out,Full,Knee,knee,1,2,,,7,1
2026,ATL,PeniMi00,Michael Penix,QB,26.316221765913756,2022plus,3,13.364444444444445,None,Full,Knee,knee,1,3,,,4,0
2026,ATL,RobiBr01,Brian Robinson Jr.,RB,27.446954140999317,2022plus,3,4.788235294117647,None,Full,Ankle,ankle_foot,0,1,11.0,1.92,4,0
2026,ATL,RushCo00,Cooper Rush,QB,32.77754962354552,2022plus,2,5.719999999999999,None,Full,Back,other,0,1,22.0,,7,0
2026,BAL,FlowZa00,Zay Flowers,WR,25.971252566735114,2022plus,1,14.311764705882354,None,Full,Hamstring,soft_tissue,0,1,,,7,0
2026,BAL,FlowZa00,Zay Flowers,WR,25.971252566735114,2022plus,2,17.233823529411765,Doubtful,Limited,Hamstring,soft_tissue,0,2,6.0,,7,1
2026,BAL,FlowZa00,Zay Flowers,WR,25.971252566735114,2022plus,3,17.233823529411765,Questionable,Limited,Hamstring,soft_tissue,1,3,6.0,,7,0
2026,BAL,MoorCh00,Chris Moore,WR,33.210130047912386,2022plus,3,3.9050000000000002,None,Full,Ankle,ankle_foot,0,1,2.5,1.4864864864864866,7,0
2026,BAL,WalkDe01,Devontez Walker,WR,25.201916495550993,2022plus,1,4.7,Questionable,Limited,Hip / Groin,soft_tissue,0,1,,,7,1
2026,BAL,WalkDe01,Devontez Walker,WR,25.201916495550993,2022plus,2,4.7,None,Full,Hip / Groin,soft_tissue,1,2,,,7,0
2026,BUF,ColeKe02,Keon Coleman,WR,23.293634496919918,2022plus,3,7.616666666666667,Questionable,Limited,Ankle,ankle_foot,0,1,3.5,1.48,10,0
2026,BUF,JohnTy02,Ty Johnson,RB,28.955509924709105,2022plus,1,5.9,Questionable,Limited,Hamstring,soft_tissue,0,1,,,7,1
2026,BUF,JohnTy02,Ty Johnson,RB,28.955509924709105,2022plus,2,5.9,Questionable,Limited,Hamstring,soft_tissue,1,2,,,4,1
2026,BUF,JohnTy02,Ty Johnson,RB,28.955509924709105,2022plus,3,5.9,None,Full,Hamstring,soft_tissue,1,3,,,10,0
2026,BUF,MoorD.00,D.J. Moore,WR,29.38261464750171,2022plus,3,10.289117647058823,Questionable,Limited,Shoulder,other,0,1,4.5,0.40789473684210525,10,0
2026,CAR,CokeJa01,Jalen Coker,WR,24.83778234086242,2022plus,2,14.613636363636363,None,Full,Ankle,ankle_foot,0,1,9.0,,7,0
2026,CAR,CokeJa01,Jalen Coker,WR,24.83778234086242,2022plus,3,16.20909090909091,Questionable,Limited,Ankle,ankle_foot,0,2,9.0,0.9047619047619048,7,0
2026,CAR,LegeXa00,Xavier Legette,WR,25.587953456536617,2022plus,3,5.076666666666667,Questionable,Limited,Knee,knee,0,1,3.0,0.9433962264150942,7,1
2026,CHI,BageTy00,Tyson Bagent,QB,26.23134839151266,2022plus,3,2.16,Questionable,Full,Head / Concussion,concussion,0,1,9.0,,8,1
2026,CHI,MonaKy00,Kyle Monangai,RB,24.238193018480494,2022plus,2,11.57205882352941,None,Full,Hamstring,soft_tissue,0,1,12.0,,7,0
2026,CHI,MonaKy00,Kyle Monangai,RB,24.238193018480494,2022plus,3,11.36470588235294,None,Full,Knee,knee,0,2,12.0,0.7906976744186047,8,0
2026,CHI,OdunRo00,Rome Odunze,WR,24.246406570841888,2022plus,1,12.174999999999999,Questionable,Limited,Lower Leg,soft_tissue,0,1,,,7,0
2026,CHI,SwifDA00,D'Andre Swift,RB,27.630390143737166,2022plus,2,18.815625,None,Full,Ankle,ankle_foot,0,1,19.0,,7,0
2026,CHI,WillCa03,Caleb Williams,QB,24.78576317590691,2022plus,3,20.617941176470588,Out,DNP,Hamstring,soft_tissue,0,1,35.0,0.86,8,1
2026,CIN,BurrJo01,Joe Burrow,QB,29.724845995893222,2022plus,2,16.145625,Questionable,Full,Back,other,0,1,40.0,,7,0
2026,CIN,ChasJa00,Ja'Marr Chase,WR,26.50239561943874,2022plus,1,19.6,None,DNP,Knee,knee,0,1,,,7,0
2026,CIN,HiggTe00,Tee Higgins,WR,27.619438740588638,2022plus,1,14.106666666666666,None,Full,Foot / Toe,ankle_foot,0,1,,,7,0
2026,CIN,IosiAn00,Andrei Iosivas,WR,26.88021902806297,2022plus,3,4.221666666666668,Out,DNP,Hand / Wrist,other,0,1,2.0,0.8688524590163935,7,1
2026,CLE,JeudJe00,Jerry Jeudy,WR,27.356605065023956,2022plus,2,6.475,None,Full,Hand / Wrist,other,0,1,4.0,,7,0
2026,DEN,ColeJo00,Jonah Coleman,RB,23.033538672142367,2022plus,3,7.4,Out,DNP,Ankle,ankle_foot,0,1,6.5,3.0,7,1
2026,DEN,DobbJK00,J.K. Dobbins,RB,27.707049965776864,2022plus,3,7.595,None,Full,Hip / Groin,soft_tissue,0,1,9.0,0.7906976744186047,7,0
2026,DEN,FranTr00,Troy Franklin,WR,23.567419575633128,2022plus,2,7.938235294117647,None,Full,Knee,knee,0,1,2.0,,6,0
2026,DEN,HarvRJ00,RJ Harvey,RB,25.571526351813826,2022plus,2,11.13970588235294,Questionable,Limited,Hamstring,soft_tissue,0,1,7.0,,6,1
2026,DEN,HarvRJ00,RJ Harvey,RB,25.571526351813826,2022plus,3,11.13970588235294,None,Full,Hamstring,soft_tissue,1,2,7.0,,7,0
2026,DEN,MimsMa00,Marvin Mims,WR,24.45448323066393,2022plus,1,6.333333333333333,None,Full,Foot / Toe,ankle_foot,0,1,,,7,0
2026,DEN,MimsMa00,Marvin Mims,WR,24.45448323066393,2022plus,2,4.75,Out,DNP,Foot / Toe,ankle_foot,0,2,0.0,,6,1
2026,DEN,MimsMa00,Marvin Mims,WR,24.45448323066393,2022plus,3,4.75,Questionable,Limited,Foot / Toe,ankle_foot,1,3,0.0,,7,1
2026,GB,MeltBo00,Bo Melton,WR,27.290896646132786,2022plus,3,1.430769230769231,None,Full,Neck,other,0,1,1.0,1.25,4,0
2026,GB,ReedJa03,Jayden Reed,WR,26.34360027378508,2022plus,3,3.2,Out,DNP,Neck,other,0,1,4.0,0.052631578947368425,4,1
2026,HOU,CollNi00,Nico Collins,WR,27.45516769336071,2022plus,2,16.610000000000003,Out,DNP,Hamstring,soft_tissue,0,1,11.0,,7,1
2026,HOU,CollNi00,Nico Collins,WR,27.45516769336071,2022plus,3,16.610000000000003,Out,DNP,Hamstring,soft_tissue,1,2,11.0,,7,1
2026,IND,DuliAs00,Ashton Dulin,WR,29.297741273100616,2022plus,2,1.25,Out,DNP,Ankle,ankle_foot,0,1,1.0,,7,1
2026,IND,DuliAs00,Ashton Dulin,WR,29.297741273100616,2022plus,3,1.25,Out,DNP,Ankle,ankle_foot,1,2,1.0,,7,1
2026,IND,OgleAn00,Andrew Ogletree,TE,28.095824777549623,2022plus,1,1.1545454545454545,None,Full,Neck,other,0,1,,,7,0
2026,IND,PierAl00,Alec Pierce,WR,26.33264887063655,2022plus,1,12.22,None,Limited,Foot / Toe,ankle_foot,0,1,,,7,0
2026,IND,PierAl00,Alec Pierce,WR,26.33264887063655,2022plus,2,11.690000000000001,None,Full,Foot / Toe,ankle_foot,0,2,6.0,,7,0
2026,IND,PierAl00,Alec Pierce,WR,26.33264887063655,2022plus,3,9.16,Out,DNP,Foot / Toe,ankle_foot,0,3,3.5,0.44067796610169496,7,1
2026,IND,TreaLa00,Laquon Treadwell,WR,31.21697467488022,2022plus,3,2.2750000000000004,None,Full,Shoulder,other,0,1,2.0,2.1142857142857143,7,0
2026,JAX,AlleLe01,LeQuint Allen,RB,22.072553045859,2022plus,1,1.55,Questionable,Limited,Hip / Groin,soft_tissue,0,1,,,7,0
2026,JAX,AlleLe01,LeQuint Allen,RB,22.072553045859,2022plus,2,1.55,None,Limited,Hip / Groin,soft_tissue,0,2,0.0,,7,0
2026,JAX,AlleLe01,LeQuint Allen,RB,22.072553045859,2022plus,3,1.1625,None,Limited,Hip / Groin,soft_tissue,0,3,0.5,,7,0
2026,JAX,MeyeJa01,Jakobi Meyers,WR,29.809719370294317,2022plus,1,10.9875,None,Limited,Hand / Wrist,other,0,1,,,7,0
2026,JAX,MeyeJa01,Jakobi Meyers,WR,29.809719370294317,2022plus,2,11.290625000000002,None,Limited,Hand / Wrist,other,0,2,3.0,,7,0
2026,JAX,MeyeJa01,Jakobi Meyers,WR,29.809719370294317,2022plus,3,9.49375,None,Full,Hand / Wrist,other,0,3,2.0,1.3846153846153846,7,0
2026,JAX,ThomBr06,Brian Thomas,WR,23.89869952087611,2022plus,2,9.185714285714287,None,Limited,Shoulder,other,0,1,3.0,,7,0
2026,KC,MahoPa00,Patrick Mahomes,QB,30.95687885010267,2022plus,1,20.405714285714286,None,Full,Knee,knee,0,1,,,7,0
2026,KC,MahoPa00,Patrick Mahomes,QB,30.95687885010267,2022plus,2,20.719285714285714,None,Full,Knee,knee,0,2,34.0,,6,0
2026,KC,MahoPa00,Patrick Mahomes,QB,30.95687885010267,2022plus,3,22.862857142857145,None,Full,Knee,knee,0,3,41.5,1.0,7,0
2026,KC,RiceRa01,Rashee Rice,WR,26.360027378507873,2022plus,1,18.7625,None,Full,Knee,knee,0,1,,,7,0
2026,KC,RiceRa01,Rashee Rice,WR,26.360027378507873,2022plus,2,16.546875,None,Full,Knee,knee,0,2,2.0,,6,0
2026,KC,RiceRa01,Rashee Rice,WR,26.360027378507873,2022plus,3,14.93125,None,Full,Knee,knee,0,3,4.0,0.9518072289156627,7,0
2026,KC,WortXa00,Xavier Worthy,WR,23.34839151266256,2022plus,1,7.8500000000000005,None,Full,Shoulder,other,0,1,,,7,0
2026,LA,FergTe00,Terrance Ferguson,TE,23.488021902806295,2022plus,3,6.718181818181818,None,Full,Ankle,ankle_foot,0,1,5.0,1.1372549019607843,6,0
2026,LA,NacuPu00,Puka Nacua,WR,25.259411362080765,2022plus,2,20.678125,Questionable,DNP,Hip / Groin,soft_tissue,0,1,9.0,,11,1
2026,LA,NacuPu00,Puka Nacua,WR,25.259411362080765,2022plus,3,20.678125,Doubtful,DNP,Hip / Groin,soft_tissue,1,2,9.0,,6,1
2026,LA,ParkCo02,Colby Parkinson,TE,27.64955509924709,2022plus,3,5.9107142857142865,Questionable,DNP,Knee,knee,0,1,2.0,0.922077922077922,6,0
2026,LA,WhitJo04,Jordan Whittington,WR,25.916495550992472,2022plus,2,2.2650000000000006,Doubtful,DNP,Quad / Thigh,soft_tissue,0,1,1.0,,11,1
2026,LA,WhitJo04,Jordan Whittington,WR,25.916495550992472,2022plus,3,2.2650000000000006,None,Full,Quad / Thigh,soft_tissue,1,2,1.0,,6,0
2026,LAC,DaviDe02,Derius Davis,WR,25.971252566735114,2022plus,2,0.23863636363636365,None,Full,Lower Leg,soft_tissue,0,1,1.0,,7,0
2026,LAC,KolaCh00,Charlie Kolar,TE,27.5564681724846,2022plus,3,2.667307692307692,Out,DNP,Arm / Elbow,other,0,1,1.5,1.1272727272727272,7,1
2026,LAC,McCoLa00,Ladd McConkey,WR,24.804928131416837,2022plus,2,13.279687500000001,Questionable,Limited,Chest / Ribs,other,0,1,7.0,,7,0
2026,LAC,McCoLa00,Ladd McConkey,WR,24.804928131416837,2022plus,3,12.078125,None,Full,Chest / Ribs,other,0,2,5.0,0.9387755102040817,7,0
2026,LAC,MitcKe01,Keaton Mitchell,RB,24.621492128678987,2022plus,1,4.2615384615384615,None,Full,Hamstring,soft_tissue,0,1,,,7,0
2026,LAC,ThomBr07,Brenen Thompson,WR,23.104722792607802,2022plus,3,2.3,Out,DNP,Quad / Thigh,soft_tissue,0,1,1.5,1.0,7,1
2026,LV,BoweBr01,Brock Bowers,TE,23.718001368925393,2022plus,1,14.683333333333332,Out,DNP,Knee,knee,0,1,,,7,1
2026,LV,BoweBr01,Brock Bowers,TE,23.718001368925393,2022plus,2,14.683333333333332,Doubtful,Limited,Knee,knee,1,2,,,7,1
2026,LV,BoweBr01,Brock Bowers,TE,23.718001368925393,2022plus,3,14.683333333333332,Questionable,DNP,Knee,knee,1,3,,,7,0
2026,LV,JeanAs00,Ashton Jeanty,RB,22.748802190280628,2022plus,1,14.41764705882353,None,Full,Ankle,ankle_foot,0,1,,,7,0
2026,LV,JeanAs00,Ashton Jeanty,RB,22.748802190280628,2022plus,2,18.988235294117647,None,Full,Ankle,ankle_foot,0,2,29.0,,7,0
2026,LV,YounDa02,Dareke Young,WR,27.24435318275154,2022plus,3,1.35,None,Full,Hamstring,soft_tissue,0,1,0.5,1.2666666666666668,7,0
2026,MIA,BellCh00,Chris Bell,WR,22.234086242299796,2022plus,3,1.75,None,Full,Knee,knee,0,1,1.5,0.7884615384615384,7,0
2026,MIA,DougCa00,Caleb Douglas,WR,22.978781656399725,2022plus,3,9.15,Out,DNP,Ankle,ankle_foot,0,1,5.0,0.945054945054945,7,1
2026,MIA,MillRy01,Ryan Miller,WR,26.529774127310063,2022plus,3,4.625,Questionable,Full,Hip / Groin,soft_tissue,0,1,0.5,,7,0
2026,MIA,WillMa12,Malik Willis,QB,27.27173169062286,2022plus,2,16.700000000000003,None,Full,Foot / Toe,ankle_foot,0,1,33.0,,7,0
2026,MIA,WrigJa04,Jaylen Wright,RB,23.419575633127995,2022plus,3,2.927777777777778,Doubtful,DNP,Neck,other,0,1,1.5,0.7142857142857143,7,1
2026,MIN,DallDe00,DeeJay Dallas,RB,27.958932238193018,2022plus,3,2.05,None,Full,Foot / Toe,ankle_foot,0,1,2.0,1.6666666666666667,7,0
2026,MIN,JoneAa00,Aaron Jones,RB,31.748117727583846,2022plus,3,10.070833333333333,None,Full,Knee,knee,0,1,18.0,1.7608695652173914,7,0
2026,MIN,MurrKy00,Kyler Murray,QB,29.06776180698152,2022plus,2,-0.38,Out,Limited,Head / Concussion,concussion,0,1,7.0,,7,1
2026,NE,HendTr02,TreVeyon Henderson,RB,23.860369609856264,2022plus,1,12.129411764705884,Out,DNP,Ankle,ankle_foot,0,1,,,7,1
2026,NE,HendTr02,TreVeyon Henderson,RB,23.860369609856264,2022plus,2,12.129411764705884,None,Full,Ankle,ankle_foot,1,2,,,11,0
2026,NE,RariEl00,Eli Raridon,TE,22.55167693360712,2022plus,3,5.6,Questionable,DNP,Quad / Thigh,soft_tissue,0,1,1.0,0.37037037037037035,7,1
2026,NO,BrowBa02,Barion Brown,WR,22.72142368240931,2022plus,3,0.15000000000000002,Out,DNP,Hamstring,soft_tissue,0,1,0.5,0.375,7,1
2026,NO,EtieTr00,Travis Etienne,RB,27.59753593429158,2022plus,3,12.942647058823528,None,Full,Hamstring,soft_tissue,0,1,14.0,0.9152542372881357,7,0
2026,NO,KamaAl00,Alvin Kamara,RB,31.104722792607802,2022plus,1,9.154545454545454,Questionable,Full,Knee,knee,0,1,,,7,1
2026,NO,KamaAl00,Alvin Kamara,RB,31.104722792607802,2022plus,2,9.154545454545454,None,Full,Knee,knee,1,2,,,7,0
2026,NO,OlavCh00,Chris Olave,WR,26.17932922655715,2022plus,2,19.6125,Questionable,Limited,Hamstring,soft_tissue,0,1,13.0,,7,0
2026,NYG,DartJa00,Jaxson Dart,QB,23.304585900068446,2022plus,3,15.477857142857143,None,DNP,Knee,knee,0,1,22.5,0.12,6,1
2026,NYG,JohnTh00,Theo Johnson,TE,25.51129363449692,2022plus,1,8.52,None,Full,Shoulder,other,0,1,,,7,0
2026,NYG,NabeMa00,Malik Nabers,WR,23.096509240246405,2022plus,3,7.0,None,Full,Shoulder,other,0,1,6.5,1.423076923076923,6,0
2026,NYJ,CoopOm00,Omar Cooper,WR,22.715947980835043,2022plus,2,4.0,Out,DNP,Ankle,ankle_foot,0,1,1.0,,7,1
2026,NYJ,DaviIs00,Isaiah Davis,RB,24.525667351129364,2022plus,1,4.45,None,Full,Knee,knee,0,1,,,7,0
2026,NYJ,HallBr03,Breece Hall,RB,25.253935660506503,2022plus,1,12.97875,None,Full,Hip / Groin,soft_tissue,0,1,,,7,0
2026,NYJ,MitcAd00,Adonai Mitchell,WR,23.89869952087611,2022plus,3,8.071875,Questionable,Limited,Hand / Wrist,other,0,1,7.5,1.1884057971014492,7,1
2026,NYJ,TaylMa02,Mason Taylor,TE,22.316221765913756,2022plus,3,5.578846153846155,Out,DNP,Hand / Wrist,other,0,1,1.5,0.696969696969697,7,1
2026,PHI,BarkSa00,Saquon Barkley,RB,29.557837097878167,2022plus,3,10.259375,None,Full,Neck,other,0,1,11.5,0.22535211267605634,8,0
2026,PHI,BigsTa00,Tank Bigsby,RB,24.005475701574266,2022plus,3,4.818333333333333,None,Full,Core / Abdomen,other,0,1,8.0,3.0,8,0
2026,PHI,BrowMa04,Marquise Brown,WR,29.242984257357975,2022plus,2,8.60625,None,Full,Hamstring,soft_tissue,1,1,,,7,0
2026,PHI,BrowMa04,Marquise Brown,WR,29.242984257357975,2022plus,3,6.754687499999999,Out,DNP,Ankle,ankle_foot,0,2,2.0,,8,1
2026,PHI,GoedDa00,Dallas Goedert,TE,31.66050650239562,2022plus,3,12.445,Out,DNP,Knee,knee,0,1,3.5,0.2631578947368421,8,1
2026,PHI,MoorEl00,Elijah Moore,WR,26.431211498973305,2022plus,2,3.177777777777778,None,Full,Neck,other,1,1,,,7,1
2026,PHI,ShipWi00,Will Shipley,RB,24.008213552361397,2022plus,3,2.4714285714285715,None,Limited,Foot / Toe,ankle_foot,0,1,6.0,2.8333333333333335,8,0
2026,PHI,SmitDe07,DeVonta Smith,WR,27.797399041752225,2022plus,3,14.935294117647057,None,Full,Hamstring,soft_tissue,0,1,9.5,0.9263157894736842,8,0
2026,PIT,DowdRi01,Rico Dowdle,RB,28.216290212183434,2022plus,3,8.986764705882354,Out,DNP,Foot / Toe,ankle_foot,0,1,11.0,0.4482758620689656,7,1
2026,PIT,PittMi01,Michael Pittman Jr.,WR,28.906228610540726,2022plus,2,11.129411764705882,Questionable,DNP,Foot / Toe,ankle_foot,0,1,3.0,,7,1
2026,PIT,PittMi01,Michael Pittman Jr.,WR,28.906228610540726,2022plus,3,11.129411764705882,Questionable,Limited,Foot / Toe,ankle_foot,1,2,3.0,,7,0
2026,PIT,WarrJa01,Jaylen Warren,RB,27.83299110198494,2022plus,3,11.784375,Questionable,Limited,Shoulder,other,0,1,15.5,1.9189189189189189,7,0
2026,SEA,BarnAJ00,AJ Barner,TE,24.331279945242983,2022plus,1,8.664705882352942,None,Full,Core / Abdomen,other,0,1,,,7,0
2026,SEA,DarnSa00,Sam Darnold,QB,29.240246406570844,2022plus,2,10.516176470588237,Out,DNP,Hip / Groin,soft_tissue,0,1,2.0,,11,1
2026,SEA,DarnSa00,Sam Darnold,QB,29.240246406570844,2022plus,3,10.516176470588237,None,Full,Hip / Groin,soft_tissue,1,2,2.0,,7,0
2026,SEA,HolaGe00,George Holani,RB,26.71047227926078,2022plus,3,2.39,None,Full,Knee,knee,0,1,7.0,0.5652173913043478,7,0
2026,SEA,HortTo00,Tory Horton,WR,23.756331279945243,2022plus,1,8.1375,Questionable,Limited,Hamstring,soft_tissue,0,1,,,7,1
2026,SEA,HortTo00,Tory Horton,WR,23.756331279945243,2022plus,2,8.1375,None,Full,Hamstring,soft_tissue,1,2,,,11,0
2026,SEA,KuppCo00,Cooper Kupp,WR,33.21286789869952,2022plus,2,6.8265625,None,Full,Back,other,0,1,3.0,,11,0
2026,SEA,KuppCo00,Cooper Kupp,WR,33.21286789869952,2022plus,3,6.009375,None,Limited,Back,other,0,2,2.5,0.5512820512820512,7,0
2026,SEA,PricJa02,Jadarian Price,RB,22.89664613278576,2022plus,3,6.4,None,Full,Chest / Ribs,other,0,1,13.5,0.7083333333333334,7,0
2026,SEA,WilsEm00,Emanuel Wilson,RB,27.318275154004105,2022plus,1,5.5588235294117645,None,Full,Hamstring,soft_tissue,0,1,,,7,0
2026,SF,BlacKa00,Kaelon Black,RB,24.87337440109514,2022plus,2,8.0,Questionable,Limited,Hip / Groin,soft_tissue,0,1,15.0,,10,0
2026,SF,EvanMi00,Mike Evans,WR,33.02943189596167,2022plus,3,11.625,Questionable,Limited,Hip / Groin,soft_tissue,0,1,5.0,0.7200000000000001,7,0
2026,SF,KittGe00,George Kittle,TE,32.8952772073922,2022plus,1,14.681818181818182,None,Limited,Achilles,achilles,0,1,,,7,0
2026,SF,KittGe00,George Kittle,TE,32.8952772073922,2022plus,2,11.811363636363637,None,Full,Achilles,achilles,0,2,5.0,,10,0
2026,SF,RobiDe01,Demarcus Robinson,WR,31.94524298425736,2022plus,3,6.928571428571429,Out,DNP,Ankle,ankle_foot,0,1,3.0,0.49206349206349204,7,1
2026,TB,EgbuEm01,Emeka Egbuka,WR,23.88227241615332,2022plus,1,11.511764705882353,None,Full,Foot / Toe,ankle_foot,0,1,,,7,0
2026,TB,TuckSe00,Sean Tucker,RB,24.851471594798085,2022plus,1,5.376470588235295,Doubtful,Limited,Hamstring,soft_tissue,0,1,,,7,1
2026,TB,TuckSe00,Sean Tucker,RB,24.851471594798085,2022plus,2,5.376470588235295,None,Full,Hamstring,soft_tissue,1,2,,,7,0
2026,TEN,PollTo00,Tony Pollard,RB,29.338809034907598,2022plus,3,8.439705882352941,None,Limited,Ankle,ankle_foot,0,1,12.0,1.0576923076923077,7,0
2026,TEN,SpeaTy00,Tyjae Spears,RB,25.21286789869952,2022plus,3,7.646153846153846,Questionable,Limited,Ankle,ankle_foot,0,1,8.0,0.72,7,0
2026,WAS,AlleKa01,Kaytron Allen,RB,23.64681724845996,2022plus,2,1.6,None,Full,Ankle,ankle_foot,0,1,4.0,,7,0
2026,WAS,AlleKa01,Kaytron Allen,RB,23.64681724845996,2022plus,3,2.0,None,Full,Hip / Groin,soft_tissue,0,2,4.5,0.7999999999999999,7,0
2026,WAS,CrosJa00,Jacory Croskey-Merritt,RB,25.388090349075977,2022plus,1,8.25294117647059,None,Limited,Hip / Groin,soft_tissue,0,1,,,7,0
2026,WAS,DaniJa02,Jayden Daniels,QB,25.702943189596166,2022plus,3,16.262857142857143,Out,DNP,Arm / Elbow,other,0,1,31.5,0.55,7,1
2026,WAS,LaneJa00,Jaylin Lane,WR,24.33675564681725,2022plus,2,2.91,None,Limited,Hip / Groin,soft_tissue,0,1,1.0,,7,0
2026,WAS,LaneJa00,Jaylin Lane,WR,24.33675564681725,2022plus,3,2.0566666666666666,None,Full,Hip / Groin,soft_tissue,0,2,0.5,0.5769230769230769,7,0
2026,WAS,MariMa01,Marcus Mariota,QB,32.837782340862425,2022plus,1,12.55,None,Full,Knee,knee,0,1,,,7,1
2026,WAS,OkonCh00,Chig Okonkwo,TE,26.981519507186857,2022plus,2,6.370588235294118,Out,DNP,Hamstring,soft_tissue,0,1,3.0,,7,1
2026,WAS,OkonCh00,Chig Okonkwo,TE,26.981519507186857,2022plus,3,6.370588235294118,Out,DNP,Hamstring,soft_tissue,1,2,3.0,,7,1
2026,WAS,SinnBe00,Ben Sinnott,TE,24.216290212183434,2022plus,1,3.1555555555555554,None,Full,Core / Abdomen,other,0,1,,,7,0
