season,team,pfr_player_id,player,pos,age,era,week,k,k_log,games_left,on_ir,left_early,injury_game_snap,prior1_games_missed,same_region_before,ppg,region,region_group,report_status,practice,episode,games_missed_total,censored,next_report,y
2013,ATL,JackSt00,Steven Jackson,RB,30.11362080766598,pre2020,3,1,0.6931471805599453,13,0,1,0.14,0,0,12.51875,Hamstring,soft_tissue,Out,Unknown,2013_JackSt00_3,4,0,Out,0
2013,ATL,JackSt00,Steven Jackson,RB,30.11362080766598,pre2020,4,2,1.0986122886681098,12,0,1,0.14,0,0,12.51875,Hamstring,soft_tissue,Out,DNP,2013_JackSt00_3,4,0,Out,0
2013,ATL,JackSt00,Steven Jackson,RB,30.11362080766598,pre2020,5,3,1.3862943611198906,11,0,1,0.14,0,0,12.51875,Hamstring,soft_tissue,Out,DNP,2013_JackSt00_3,4,0,Out,0
2013,ATL,JackSt00,Steven Jackson,RB,30.11362080766598,pre2020,7,4,1.6094379124341003,10,0,1,0.14,0,0,12.51875,Hamstring,soft_tissue,Out,DNP,2013_JackSt00_3,4,0,Probable,1
2013,ATL,JoneJu02,Julio Jones,WR,24.56125941136208,pre2020,7,1,0.6931471805599453,10,1,0,0.92,0,0,21.94,Unspecified (IR),unspecified,Not listed,Not listed,2013_JoneJu02_7,11,1,Not listed,0
2013,ATL,JoneJu02,Julio Jones,WR,24.56125941136208,pre2020,8,2,1.0986122886681098,9,1,0,0.92,0,0,21.94,Unspecified (IR),unspecified,Not listed,Not listed,2013_JoneJu02_7,11,1,Not listed,0
2013,ATL,JoneJu02,Julio Jones,WR,24.56125941136208,pre2020,9,3,1.3862943611198906,8,1,0,0.92,0,0,21.94,Unspecified (IR),unspecified,Not listed,Not listed,2013_JoneJu02_7,11,1,Not listed,0
2013,ATL,JoneJu02,Julio Jones,WR,24.56125941136208,pre2020,10,4,1.6094379124341003,7,1,0,0.92,0,0,21.94,Unspecified (IR),unspecified,Not listed,Not listed,2013_JoneJu02_7,11,1,Not listed,0
2013,ATL,JoneJu02,Julio Jones,WR,24.56125941136208,pre2020,11,5,1.791759469228055,6,1,0,0.92,0,0,21.94,Unspecified (IR),unspecified,Not listed,Not listed,2013_JoneJu02_7,11,1,Not listed,0
2013,ATL,JoneJu02,Julio Jones,WR,24.56125941136208,pre2020,12,6,1.9459101490553132,5,1,0,0.92,0,0,21.94,Unspecified (IR),unspecified,Not listed,Not listed,2013_JoneJu02_7,11,1,Not listed,0
2013,ATL,JoneJu02,Julio Jones,WR,24.56125941136208,pre2020,13,7,2.0794415416798357,4,1,0,0.92,0,0,21.94,Unspecified (IR),unspecified,Not listed,Not listed,2013_JoneJu02_7,11,1,Not listed,0
2013,ATL,JoneJu02,Julio Jones,WR,24.56125941136208,pre2020,14,8,2.1972245773362196,3,1,0,0.92,0,0,21.94,Unspecified (IR),unspecified,Not listed,Not listed,2013_JoneJu02_7,11,1,Not listed,0
2013,ATL,JoneJu02,Julio Jones,WR,24.56125941136208,pre2020,15,9,2.302585092994046,2,1,0,0.92,0,0,21.94,Unspecified (IR),unspecified,Not listed,Not listed,2013_JoneJu02_7,11,1,Not listed,0
2013,ATL,JoneJu02,Julio Jones,WR,24.56125941136208,pre2020,16,10,2.3978952727983707,1,1,0,0.92,0,0,21.94,Unspecified (IR),unspecified,Not listed,Not listed,2013_JoneJu02_7,11,1,Not listed,0
2013,ATL,JoneJu02,Julio Jones,WR,24.56125941136208,pre2020,17,11,2.4849066497880004,0,1,0,0.92,0,0,21.94,Unspecified (IR),unspecified,Not listed,Not listed,2013_JoneJu02_7,11,1,No report,0
2013,BAL,RiceRa00,Ray Rice,RB,26.60917180013689,pre2020,3,1,0.6931471805599453,13,0,0,0.51,0,0,15.496875000000001,Hip / Groin,soft_tissue,Doubtful,DNP,2013_RiceRa00_3,1,0,Questionable,1
2013,CLE,CameJo00,Jordan Cameron,TE,25.06776180698152,pre2020,16,1,0.6931471805599453,1,0,0,0.9,0,0,14.414285714285715,Head / Concussion,concussion,Out,DNP,2013_CameJo00_16,1,0,Questionable,1
2013,CLE,RichTr00,Trent Richardson,RB,23.145790554414784,pre2020,3,1,0.6931471805599453,13,0,0,0.62,0,0,14.14,Lower Leg,soft_tissue,Not listed,Not listed,2013_RichTr00_3,14,1,Not listed,0
2013,CLE,RichTr00,Trent Richardson,RB,23.145790554414784,pre2020,4,2,1.0986122886681098,12,0,0,0.62,0,0,14.14,Lower Leg,soft_tissue,Not listed,Not listed,2013_RichTr00_3,14,1,Not listed,0
2013,CLE,RichTr00,Trent Richardson,RB,23.145790554414784,pre2020,5,3,1.3862943611198906,11,0,0,0.62,0,0,14.14,Lower Leg,soft_tissue,Not listed,Not listed,2013_RichTr00_3,14,1,Not listed,0
2013,CLE,RichTr00,Trent Richardson,RB,23.145790554414784,pre2020,6,4,1.6094379124341003,10,0,0,0.62,0,0,14.14,Lower Leg,soft_tissue,Not listed,Not listed,2013_RichTr00_3,14,1,Not listed,0
2013,CLE,RichTr00,Trent Richardson,RB,23.145790554414784,pre2020,7,5,1.791759469228055,9,0,0,0.62,0,0,14.14,Lower Leg,soft_tissue,Not listed,Not listed,2013_RichTr00_3,14,1,Not listed,0
2013,CLE,RichTr00,Trent Richardson,RB,23.145790554414784,pre2020,8,6,1.9459101490553132,8,0,0,0.62,0,0,14.14,Lower Leg,soft_tissue,Not listed,Not listed,2013_RichTr00_3,14,1,Not listed,0
2013,CLE,RichTr00,Trent Richardson,RB,23.145790554414784,pre2020,9,7,2.0794415416798357,7,0,0,0.62,0,0,14.14,Lower Leg,soft_tissue,Not listed,Not listed,2013_RichTr00_3,14,1,Not listed,0
2013,CLE,RichTr00,Trent Richardson,RB,23.145790554414784,pre2020,11,8,2.1972245773362196,6,0,0,0.62,0,0,14.14,Lower Leg,soft_tissue,Not listed,Not listed,2013_RichTr00_3,14,1,Questionable,0
2013,CLE,RichTr00,Trent Richardson,RB,23.145790554414784,pre2020,12,9,2.302585092994046,5,0,0,0.62,0,0,14.14,Lower Leg,soft_tissue,Questionable,Limited,2013_RichTr00_3,14,1,Not listed,0
2013,CLE,RichTr00,Trent Richardson,RB,23.145790554414784,pre2020,13,10,2.3978952727983707,4,0,0,0.62,0,0,14.14,Lower Leg,soft_tissue,Not listed,Not listed,2013_RichTr00_3,14,1,Not listed,0
2013,CLE,RichTr00,Trent Richardson,RB,23.145790554414784,pre2020,14,11,2.4849066497880004,3,0,0,0.62,0,0,14.14,Lower Leg,soft_tissue,Not listed,Not listed,2013_RichTr00_3,14,1,Not listed,0
2013,CLE,RichTr00,Trent Richardson,RB,23.145790554414784,pre2020,15,12,2.5649493574615367,2,0,0,0.62,0,0,14.14,Lower Leg,soft_tissue,Not listed,Not listed,2013_RichTr00_3,14,1,Not listed,0
2013,CLE,RichTr00,Trent Richardson,RB,23.145790554414784,pre2020,16,13,2.6390573296152584,1,0,0,0.62,0,0,14.14,Lower Leg,soft_tissue,Not listed,Not listed,2013_RichTr00_3,14,1,Not listed,0
2013,CLE,RichTr00,Trent Richardson,RB,23.145790554414784,pre2020,17,14,2.70805020110221,0,0,0,0.62,0,0,14.14,Lower Leg,soft_tissue,Not listed,Not listed,2013_RichTr00_3,14,1,No report,0
2013,DAL,MurrDe00,DeMarco Murray,RB,25.5523613963039,pre2020,7,1,0.6931471805599453,9,0,1,0.28,0,0,16.866666666666667,Knee,knee,Doubtful,DNP,2013_MurrDe00_7,2,0,Questionable,0
2013,DAL,MurrDe00,DeMarco Murray,RB,25.5523613963039,pre2020,8,2,1.0986122886681098,8,0,1,0.28,0,0,16.866666666666667,Knee,knee,Questionable,Limited,2013_MurrDe00_7,2,0,Probable,1
2013,DAL,RomoTo00,Tony Romo,QB,33.36344969199179,pre2020,17,1,0.6931471805599453,0,0,0,1.0,0,0,17.39466666666667,Back,other,Out,DNP,2013_RomoTo00_17,1,1,No report,0
2013,DEN,ThomJu00,Julius Thomas,TE,25.180013689253936,pre2020,12,1,0.6931471805599453,5,0,0,0.75,0,0,16.4,Knee,knee,Questionable,Limited,2013_ThomJu00_12,2,0,Questionable,0
2013,DEN,ThomJu00,Julius Thomas,TE,25.180013689253936,pre2020,13,2,1.0986122886681098,4,0,0,0.75,0,0,16.4,Knee,knee,Questionable,Limited,2013_ThomJu00_12,2,0,Probable,1
2013,DEN,WelkWe00,Wes Welker,WR,32.336755646817245,pre2020,15,1,0.6931471805599453,2,0,1,0.51,0,0,16.215384615384615,Head / Concussion,concussion,Out,DNP,2013_WelkWe00_15,3,1,Out,0
2013,DEN,WelkWe00,Wes Welker,WR,32.336755646817245,pre2020,16,2,1.0986122886681098,1,0,1,0.51,0,0,16.215384615384615,Head / Concussion,concussion,Out,DNP,2013_WelkWe00_15,3,1,Out,0
2013,DEN,WelkWe00,Wes Welker,WR,32.336755646817245,pre2020,17,3,1.3862943611198906,0,0,1,0.51,0,0,16.215384615384615,Head / Concussion,concussion,Out,Limited,2013_WelkWe00_15,3,1,No report,0
2013,DET,BurlNa00,Nate Burleson,WR,32.035592060232716,pre2020,4,1,0.6931471805599453,12,0,0,0.93,0,0,13.433333333333334,Arm / Elbow,other,Out,DNP,2013_BurlNa00_4,7,0,Out,0
2013,DET,BurlNa00,Nate Burleson,WR,32.035592060232716,pre2020,5,2,1.0986122886681098,11,0,0,0.93,0,0,13.433333333333334,Arm / Elbow,other,Out,Unknown,2013_BurlNa00_4,7,0,Out,0
2013,DET,BurlNa00,Nate Burleson,WR,32.035592060232716,pre2020,6,3,1.3862943611198906,10,0,0,0.93,0,0,13.433333333333334,Arm / Elbow,other,Out,Unknown,2013_BurlNa00_4,7,0,Out,0
2013,DET,BurlNa00,Nate Burleson,WR,32.035592060232716,pre2020,7,4,1.6094379124341003,9,0,0,0.93,0,0,13.433333333333334,Arm / Elbow,other,Out,Unknown,2013_BurlNa00_4,7,0,Out,0
2013,DET,BurlNa00,Nate Burleson,WR,32.035592060232716,pre2020,8,5,1.791759469228055,8,0,0,0.93,0,0,13.433333333333334,Arm / Elbow,other,Out,Unknown,2013_BurlNa00_4,7,0,Out,0
2013,DET,BurlNa00,Nate Burleson,WR,32.035592060232716,pre2020,10,6,1.9459101490553132,7,0,0,0.93,0,0,13.433333333333334,Arm / Elbow,other,Out,Limited,2013_BurlNa00_4,7,0,Doubtful,0
2013,DET,BurlNa00,Nate Burleson,WR,32.035592060232716,pre2020,11,7,2.0794415416798357,6,0,0,0.93,0,0,13.433333333333334,Arm / Elbow,other,Doubtful,Limited,2013_BurlNa00_4,7,0,Probable,1
2013,DET,BushRe00,Reggie Bush,RB,28.501026694045173,pre2020,3,1,0.6931471805599453,13,0,0,0.42,0,0,16.2125,Knee,knee,Questionable,Limited,2013_BushRe00_3,1,0,Probable,1
2013,DET,BushRe00,Reggie Bush,RB,28.501026694045173,pre2020,14,1,0.6931471805599453,3,0,0,0.48,0,0,18.10909090909091,Lower Leg,soft_tissue,Questionable,Limited,2013_BushRe00_14,1,0,Questionable,1
2013,DET,JohnCa00,Calvin Johnson,WR,27.923340177960302,pre2020,5,1,0.6931471805599453,11,0,0,0.95,0,0,19.05,Knee,knee,Questionable,Limited,2013_JohnCa00_5,1,0,Questionable,1
2013,DET,JohnCa00,Calvin Johnson,WR,27.923340177960302,pre2020,17,1,0.6931471805599453,0,0,0,0.56,0,1,21.657142857142855,Knee,knee,Questionable,DNP,2013_JohnCa00_17,1,1,No report,0
2013,GB,JoneJa04,James Jones,WR,29.420944558521562,pre2020,7,1,0.6931471805599453,10,0,1,0.12,0,0,12.98,Knee,knee,Questionable,DNP,2013_JoneJa04_7,2,0,Doubtful,0
2013,GB,JoneJa04,James Jones,WR,29.420944558521562,pre2020,8,2,1.0986122886681098,9,0,1,0.12,0,0,12.98,Knee,knee,Doubtful,DNP,2013_JoneJa04_7,2,0,Questionable,1
2013,GB,RodgAa00,Aaron Rodgers,QB,29.749486652977414,pre2020,10,1,0.6931471805599453,7,0,1,0.13,0,0,19.0275,Shoulder,other,Out,DNP,2013_RodgAa00_10,7,0,Out,0
2013,GB,RodgAa00,Aaron Rodgers,QB,29.749486652977414,pre2020,11,2,1.0986122886681098,6,0,1,0.13,0,0,19.0275,Shoulder,other,Out,DNP,2013_RodgAa00_10,7,0,Out,0
2013,GB,RodgAa00,Aaron Rodgers,QB,29.749486652977414,pre2020,12,3,1.3862943611198906,5,0,1,0.13,0,0,19.0275,Shoulder,other,Out,DNP,2013_RodgAa00_10,7,0,Out,0
2013,GB,RodgAa00,Aaron Rodgers,QB,29.749486652977414,pre2020,13,4,1.6094379124341003,4,0,1,0.13,0,0,19.0275,Shoulder,other,Out,Limited,2013_RodgAa00_10,7,0,Out,0
2013,GB,RodgAa00,Aaron Rodgers,QB,29.749486652977414,pre2020,14,5,1.791759469228055,3,0,1,0.13,0,0,19.0275,Shoulder,other,Out,Limited,2013_RodgAa00_10,7,0,Out,0
2013,GB,RodgAa00,Aaron Rodgers,QB,29.749486652977414,pre2020,15,6,1.9459101490553132,2,0,1,0.13,0,0,19.0275,Shoulder,other,Out,Limited,2013_RodgAa00_10,7,0,Out,0
2013,GB,RodgAa00,Aaron Rodgers,QB,29.749486652977414,pre2020,16,7,2.0794415416798357,1,0,1,0.13,0,0,19.0275,Shoulder,other,Out,Limited,2013_RodgAa00_10,7,0,Probable,1
2013,HOU,FostAr00,Arian Foster,RB,27.02258726899384,pre2020,10,1,0.6931471805599453,7,0,1,0.03,0,0,13.5625,Back,other,Out,DNP,2013_FostAr00_10,8,1,Not listed,0
2013,HOU,FostAr00,Arian Foster,RB,27.02258726899384,pre2020,11,2,1.0986122886681098,6,0,1,0.03,0,0,13.5625,Back,other,Not listed,Not listed,2013_FostAr00_10,8,1,Not listed,0
2013,HOU,FostAr00,Arian Foster,RB,27.02258726899384,pre2020,12,3,1.3862943611198906,5,0,1,0.03,0,0,13.5625,Back,other,Not listed,Not listed,2013_FostAr00_10,8,1,Not listed,0
2013,HOU,FostAr00,Arian Foster,RB,27.02258726899384,pre2020,13,4,1.6094379124341003,4,0,1,0.03,0,0,13.5625,Back,other,Not listed,Not listed,2013_FostAr00_10,8,1,Not listed,0
2013,HOU,FostAr00,Arian Foster,RB,27.02258726899384,pre2020,14,5,1.791759469228055,3,0,1,0.03,0,0,13.5625,Back,other,Not listed,Not listed,2013_FostAr00_10,8,1,Not listed,0
2013,HOU,FostAr00,Arian Foster,RB,27.02258726899384,pre2020,15,6,1.9459101490553132,2,0,1,0.03,0,0,13.5625,Back,other,Not listed,Not listed,2013_FostAr00_10,8,1,Not listed,0
2013,HOU,FostAr00,Arian Foster,RB,27.02258726899384,pre2020,16,7,2.0794415416798357,1,0,1,0.03,0,0,13.5625,Back,other,Not listed,Not listed,2013_FostAr00_10,8,1,Not listed,0
2013,HOU,FostAr00,Arian Foster,RB,27.02258726899384,pre2020,17,8,2.1972245773362196,0,0,1,0.03,0,0,13.5625,Back,other,Not listed,Not listed,2013_FostAr00_10,8,1,No report,0
2013,IND,BradAh00,Ahmad Bradshaw,RB,27.45516769336071,pre2020,4,1,0.6931471805599453,12,0,0,0.53,0,0,13.64642857142857,Neck,other,Out,DNP,2013_BradAh00_4,13,1,Out,0
2013,IND,BradAh00,Ahmad Bradshaw,RB,27.45516769336071,pre2020,5,2,1.0986122886681098,11,0,0,0.53,0,0,13.64642857142857,Neck,other,Out,DNP,2013_BradAh00_4,13,1,Not listed,0
2013,IND,BradAh00,Ahmad Bradshaw,RB,27.45516769336071,pre2020,6,3,1.3862943611198906,10,1,0,0.53,0,0,13.64642857142857,Neck,other,Not listed,Not listed,2013_BradAh00_4,13,1,Not listed,0
2013,IND,BradAh00,Ahmad Bradshaw,RB,27.45516769336071,pre2020,7,4,1.6094379124341003,9,1,0,0.53,0,0,13.64642857142857,Neck,other,Not listed,Not listed,2013_BradAh00_4,13,1,Not listed,0
2013,IND,BradAh00,Ahmad Bradshaw,RB,27.45516769336071,pre2020,9,5,1.791759469228055,8,1,0,0.53,0,0,13.64642857142857,Neck,other,Not listed,Not listed,2013_BradAh00_4,13,1,Not listed,0
2013,IND,BradAh00,Ahmad Bradshaw,RB,27.45516769336071,pre2020,10,6,1.9459101490553132,7,1,0,0.53,0,0,13.64642857142857,Neck,other,Not listed,Not listed,2013_BradAh00_4,13,1,Not listed,0
2013,IND,BradAh00,Ahmad Bradshaw,RB,27.45516769336071,pre2020,11,7,2.0794415416798357,6,1,0,0.53,0,0,13.64642857142857,Neck,other,Not listed,Not listed,2013_BradAh00_4,13,1,Not listed,0
2013,IND,BradAh00,Ahmad Bradshaw,RB,27.45516769336071,pre2020,12,8,2.1972245773362196,5,1,0,0.53,0,0,13.64642857142857,Neck,other,Not listed,Not listed,2013_BradAh00_4,13,1,Not listed,0
2013,IND,BradAh00,Ahmad Bradshaw,RB,27.45516769336071,pre2020,13,9,2.302585092994046,4,1,0,0.53,0,0,13.64642857142857,Neck,other,Not listed,Not listed,2013_BradAh00_4,13,1,Not listed,0
2013,IND,BradAh00,Ahmad Bradshaw,RB,27.45516769336071,pre2020,14,10,2.3978952727983707,3,1,0,0.53,0,0,13.64642857142857,Neck,other,Not listed,Not listed,2013_BradAh00_4,13,1,Not listed,0
2013,IND,BradAh00,Ahmad Bradshaw,RB,27.45516769336071,pre2020,15,11,2.4849066497880004,2,1,0,0.53,0,0,13.64642857142857,Neck,other,Not listed,Not listed,2013_BradAh00_4,13,1,Not listed,0
2013,IND,BradAh00,Ahmad Bradshaw,RB,27.45516769336071,pre2020,16,12,2.5649493574615367,1,1,0,0.53,0,0,13.64642857142857,Neck,other,Not listed,Not listed,2013_BradAh00_4,13,1,Not listed,0
2013,IND,BradAh00,Ahmad Bradshaw,RB,27.45516769336071,pre2020,17,13,2.6390573296152584,0,1,0,0.53,0,0,13.64642857142857,Neck,other,Not listed,Not listed,2013_BradAh00_4,13,1,No report,0
2013,IND,WaynRe00,Reggie Wayne,WR,34.789869952087614,pre2020,9,1,0.6931471805599453,8,1,0,0.86,0,0,14.685714285714287,Unspecified (IR),unspecified,Not listed,Not listed,2013_WaynRe00_9,9,1,Not listed,0
2013,IND,WaynRe00,Reggie Wayne,WR,34.789869952087614,pre2020,10,2,1.0986122886681098,7,1,0,0.86,0,0,14.685714285714287,Unspecified (IR),unspecified,Not listed,Not listed,2013_WaynRe00_9,9,1,Not listed,0
2013,IND,WaynRe00,Reggie Wayne,WR,34.789869952087614,pre2020,11,3,1.3862943611198906,6,1,0,0.86,0,0,14.685714285714287,Unspecified (IR),unspecified,Not listed,Not listed,2013_WaynRe00_9,9,1,Not listed,0
2013,IND,WaynRe00,Reggie Wayne,WR,34.789869952087614,pre2020,12,4,1.6094379124341003,5,1,0,0.86,0,0,14.685714285714287,Unspecified (IR),unspecified,Not listed,Not listed,2013_WaynRe00_9,9,1,Not listed,0
2013,IND,WaynRe00,Reggie Wayne,WR,34.789869952087614,pre2020,13,5,1.791759469228055,4,1,0,0.86,0,0,14.685714285714287,Unspecified (IR),unspecified,Not listed,Not listed,2013_WaynRe00_9,9,1,Not listed,0
2013,IND,WaynRe00,Reggie Wayne,WR,34.789869952087614,pre2020,14,6,1.9459101490553132,3,1,0,0.86,0,0,14.685714285714287,Unspecified (IR),unspecified,Not listed,Not listed,2013_WaynRe00_9,9,1,Not listed,0
2013,IND,WaynRe00,Reggie Wayne,WR,34.789869952087614,pre2020,15,7,2.0794415416798357,2,1,0,0.86,0,0,14.685714285714287,Unspecified (IR),unspecified,Not listed,Not listed,2013_WaynRe00_9,9,1,Not listed,0
2013,IND,WaynRe00,Reggie Wayne,WR,34.789869952087614,pre2020,16,8,2.1972245773362196,1,1,0,0.86,0,0,14.685714285714287,Unspecified (IR),unspecified,Not listed,Not listed,2013_WaynRe00_9,9,1,Not listed,0
2013,IND,WaynRe00,Reggie Wayne,WR,34.789869952087614,pre2020,17,9,2.302585092994046,0,1,0,0.86,0,0,14.685714285714287,Unspecified (IR),unspecified,Not listed,Not listed,2013_WaynRe00_9,9,1,No report,0
2013,JAX,DrewMa00,Maurice Jones-Drew,RB,28.4435318275154,pre2020,15,1,0.6931471805599453,2,0,0,0.73,0,0,12.624615384615385,Hamstring,soft_tissue,Doubtful,DNP,2013_DrewMa00_15,1,0,Questionable,1
2013,MIN,PeteAd01,Adrian Peterson,RB,28.449007529089666,pre2020,15,1,0.6931471805599453,2,0,1,0.24,0,0,17.46153846153846,Hip / Groin,soft_tissue,Questionable,Limited,2013_PeteAd01_15,1,0,Questionable,1
2013,MIN,PeteAd01,Adrian Peterson,RB,28.449007529089666,pre2020,17,1,0.6931471805599453,0,0,0,0.53,0,1,16.621428571428574,Hip / Groin,soft_tissue,Doubtful,DNP,2013_PeteAd01_17,1,1,No report,0
2013,NE,AmenDa00,Danny Amendola,WR,27.83025325119781,pre2020,2,1,0.6931471805599453,14,0,0,0.62,0,0,15.081818181818182,Hip / Groin,soft_tissue,Doubtful,Limited,2013_AmenDa00_2,3,0,Doubtful,0
2013,NE,AmenDa00,Danny Amendola,WR,27.83025325119781,pre2020,3,2,1.0986122886681098,13,0,0,0.62,0,0,15.081818181818182,Hip / Groin,soft_tissue,Doubtful,Limited,2013_AmenDa00_2,3,0,Questionable,0
2013,NE,AmenDa00,Danny Amendola,WR,27.83025325119781,pre2020,4,3,1.3862943611198906,12,0,0,0.62,0,0,15.081818181818182,Hip / Groin,soft_tissue,Questionable,Limited,2013_AmenDa00_2,3,0,Questionable,1
2013,NE,GronRo00,Rob Gronkowski,TE,24.301163586584533,pre2020,15,1,0.6931471805599453,2,1,1,0.49,0,0,17.45714285714286,Back,other,Not listed,Not listed,2013_GronRo00_15,3,1,Not listed,0
2013,NE,GronRo00,Rob Gronkowski,TE,24.301163586584533,pre2020,16,2,1.0986122886681098,1,1,1,0.49,0,0,17.45714285714286,Back,other,Not listed,Not listed,2013_GronRo00_15,3,1,Not listed,0
2013,NE,GronRo00,Rob Gronkowski,TE,24.301163586584533,pre2020,17,3,1.3862943611198906,0,1,1,0.49,0,0,17.45714285714286,Back,other,Not listed,Not listed,2013_GronRo00_15,3,1,No report,0
2013,NO,SproDa00,Darren Sproles,RB,30.20123203285421,pre2020,12,1,0.6931471805599453,5,0,0,0.3,0,0,13.09,Knee,knee,Questionable,DNP,2013_SproDa00_12,1,0,Probable,1
2013,NYG,CruzVi00,Victor Cruz,WR,26.806297056810404,pre2020,16,1,0.6931471805599453,1,0,0,0.55,0,0,13.914285714285715,Knee,knee,Out,Unknown,2013_CruzVi00_16,2,1,Out,0
2013,NYG,CruzVi00,Victor Cruz,WR,26.806297056810404,pre2020,17,2,1.0986122886681098,0,0,0,0.55,0,0,13.914285714285715,Knee,knee,Out,Unknown,2013_CruzVi00_16,2,1,No report,0
2013,OAK,JennRa00,Rashad Jennings,RB,28.435318275154003,pre2020,14,1,0.6931471805599453,3,0,0,0.8,0,0,11.275,Head / Concussion,concussion,Questionable,Limited,2013_JennRa00_14,1,0,Probable,1
2013,OAK,McFaDa00,Darren McFadden,RB,26.015058179329227,pre2020,5,1,0.6931471805599453,11,0,1,0.11,0,0,11.935,Hamstring,soft_tissue,Doubtful,DNP,2013_McFaDa00_5,1,0,Questionable,1
2013,OAK,McFaDa00,Darren McFadden,RB,26.015058179329227,pre2020,10,1,0.6931471805599453,7,0,1,0.18,0,1,11.905714285714286,Hamstring,soft_tissue,Out,DNP,2013_McFaDa00_10,3,0,Out,0
2013,OAK,McFaDa00,Darren McFadden,RB,26.015058179329227,pre2020,11,2,1.0986122886681098,6,0,1,0.18,0,1,11.905714285714286,Hamstring,soft_tissue,Out,DNP,2013_McFaDa00_10,3,0,Out,0
2013,OAK,McFaDa00,Darren McFadden,RB,26.015058179329227,pre2020,12,3,1.3862943611198906,5,0,1,0.18,0,1,11.905714285714286,Hamstring,soft_tissue,Out,DNP,2013_McFaDa00_10,3,0,Questionable,1
2013,OAK,MoorDe02,Denarius Moore,WR,24.72826830937714,pre2020,12,1,0.6931471805599453,5,0,0,0.63,0,0,12.39,Shoulder,other,Out,DNP,2013_MoorDe02_12,3,0,Out,0
2013,OAK,MoorDe02,Denarius Moore,WR,24.72826830937714,pre2020,13,2,1.0986122886681098,4,0,0,0.63,0,0,12.39,Shoulder,other,Out,DNP,2013_MoorDe02_12,3,0,Out,0
2013,OAK,MoorDe02,Denarius Moore,WR,24.72826830937714,pre2020,14,3,1.3862943611198906,3,0,0,0.63,0,0,12.39,Shoulder,other,Out,DNP,2013_MoorDe02_12,3,0,Questionable,1
2013,OAK,PryoTe00,Terrelle Pryor,QB,24.199863107460644,pre2020,4,1,0.6931471805599453,12,0,0,0.93,0,0,16.253333333333334,Head / Concussion,concussion,Questionable,Limited,2013_PryoTe00_4,1,0,Probable,1
2013,OAK,PryoTe00,Terrelle Pryor,QB,24.199863107460644,pre2020,11,1,0.6931471805599453,6,0,0,1.0,0,0,15.345,Knee,knee,Questionable,Limited,2013_PryoTe00_11,3,0,Questionable,0
2013,OAK,PryoTe00,Terrelle Pryor,QB,24.199863107460644,pre2020,12,2,1.0986122886681098,5,0,0,1.0,0,0,15.345,Knee,knee,Questionable,Limited,2013_PryoTe00_11,3,0,Not listed,0
2013,OAK,PryoTe00,Terrelle Pryor,QB,24.199863107460644,pre2020,13,3,1.3862943611198906,4,0,0,1.0,0,0,15.345,Knee,knee,Not listed,Not listed,2013_PryoTe00_11,3,0,Not listed,1
2013,PHI,VickMi00,Michael Vick,QB,33.18275154004107,pre2020,6,1,0.6931471805599453,10,0,1,0.47,0,0,20.380000000000003,Hamstring,soft_tissue,Questionable,Full,2013_VickMi00_6,2,0,Questionable,0
2013,PHI,VickMi00,Michael Vick,QB,33.18275154004107,pre2020,7,2,1.0986122886681098,9,0,1,0.47,0,0,20.380000000000003,Hamstring,soft_tissue,Questionable,Full,2013_VickMi00_6,2,0,Probable,1
2013,SEA,HarvPe00,Percy Harvin,WR,25.2621492128679,pre2020,13,1,0.6931471805599453,4,0,0,0.37,0,0,14.616666666666667,Hip / Groin,soft_tissue,Doubtful,DNP,2013_HarvPe00_13,5,1,Out,0
2013,SEA,HarvPe00,Percy Harvin,WR,25.2621492128679,pre2020,14,2,1.0986122886681098,3,0,0,0.37,0,0,14.616666666666667,Hip / Groin,soft_tissue,Out,DNP,2013_HarvPe00_13,5,1,Out,0
2013,SEA,HarvPe00,Percy Harvin,WR,25.2621492128679,pre2020,15,3,1.3862943611198906,2,0,0,0.37,0,0,14.616666666666667,Hip / Groin,soft_tissue,Out,Unknown,2013_HarvPe00_13,5,1,Out,0
2013,SEA,HarvPe00,Percy Harvin,WR,25.2621492128679,pre2020,16,4,1.6094379124341003,1,0,0,0.37,0,0,14.616666666666667,Hip / Groin,soft_tissue,Out,DNP,2013_HarvPe00_13,5,1,Out,0
2013,SEA,HarvPe00,Percy Harvin,WR,25.2621492128679,pre2020,17,5,1.791759469228055,0,0,0,0.37,0,0,14.616666666666667,Hip / Groin,soft_tissue,Out,DNP,2013_HarvPe00_13,5,1,No report,0
2013,TB,MartDo00,Doug Martin,RB,24.632443531827516,pre2020,8,1,0.6931471805599453,9,0,1,0.3,0,0,11.700000000000001,Shoulder,other,Out,DNP,2013_MartDo00_8,10,1,Out,0
2013,TB,MartDo00,Doug Martin,RB,24.632443531827516,pre2020,9,2,1.0986122886681098,8,0,1,0.3,0,0,11.700000000000001,Shoulder,other,Out,DNP,2013_MartDo00_8,10,1,None,0
2013,TB,MartDo00,Doug Martin,RB,24.632443531827516,pre2020,10,3,1.3862943611198906,7,0,1,0.3,0,0,11.700000000000001,Shoulder,other,None,DNP,2013_MartDo00_8,10,1,Not listed,0
2013,TB,MartDo00,Doug Martin,RB,24.632443531827516,pre2020,11,4,1.6094379124341003,6,1,1,0.3,0,0,11.700000000000001,Shoulder,other,Not listed,Not listed,2013_MartDo00_8,10,1,Not listed,0
2013,TB,MartDo00,Doug Martin,RB,24.632443531827516,pre2020,12,5,1.791759469228055,5,1,1,0.3,0,0,11.700000000000001,Shoulder,other,Not listed,Not listed,2013_MartDo00_8,10,1,Not listed,0
2013,TB,MartDo00,Doug Martin,RB,24.632443531827516,pre2020,13,6,1.9459101490553132,4,1,1,0.3,0,0,11.700000000000001,Shoulder,other,Not listed,Not listed,2013_MartDo00_8,10,1,Not listed,0
2013,TB,MartDo00,Doug Martin,RB,24.632443531827516,pre2020,14,7,2.0794415416798357,3,1,1,0.3,0,0,11.700000000000001,Shoulder,other,Not listed,Not listed,2013_MartDo00_8,10,1,Not listed,0
2013,TB,MartDo00,Doug Martin,RB,24.632443531827516,pre2020,15,8,2.1972245773362196,2,1,1,0.3,0,0,11.700000000000001,Shoulder,other,Not listed,Not listed,2013_MartDo00_8,10,1,Not listed,0
2013,TB,MartDo00,Doug Martin,RB,24.632443531827516,pre2020,16,9,2.302585092994046,1,1,1,0.3,0,0,11.700000000000001,Shoulder,other,Not listed,Not listed,2013_MartDo00_8,10,1,Not listed,0
2013,TB,MartDo00,Doug Martin,RB,24.632443531827516,pre2020,17,10,2.3978952727983707,0,1,1,0.3,0,0,11.700000000000001,Shoulder,other,Not listed,Not listed,2013_MartDo00_8,10,1,No report,0
2013,WAS,ReedJo02,Jordan Reed,TE,23.16495550992471,pre2020,12,1,0.6931471805599453,5,0,1,0.4,0,0,12.744444444444445,Head / Concussion,concussion,Out,DNP,2013_ReedJo02_12,6,1,Questionable,0
2013,WAS,ReedJo02,Jordan Reed,TE,23.16495550992471,pre2020,13,2,1.0986122886681098,4,0,1,0.4,0,0,12.744444444444445,Head / Concussion,concussion,Questionable,Limited,2013_ReedJo02_12,6,1,Questionable,0
2013,WAS,ReedJo02,Jordan Reed,TE,23.16495550992471,pre2020,14,3,1.3862943611198906,3,0,1,0.4,0,0,12.744444444444445,Head / Concussion,concussion,Questionable,Limited,2013_ReedJo02_12,6,1,Questionable,0
2013,WAS,ReedJo02,Jordan Reed,TE,23.16495550992471,pre2020,15,4,1.6094379124341003,2,0,1,0.4,0,0,12.744444444444445,Head / Concussion,concussion,Questionable,DNP,2013_ReedJo02_12,6,1,Out,0
2013,WAS,ReedJo02,Jordan Reed,TE,23.16495550992471,pre2020,16,5,1.791759469228055,1,0,1,0.4,0,0,12.744444444444445,Head / Concussion,concussion,Out,Unknown,2013_ReedJo02_12,6,1,Not listed,0
2013,WAS,ReedJo02,Jordan Reed,TE,23.16495550992471,pre2020,17,6,1.9459101490553132,0,1,1,0.4,0,0,12.744444444444445,Head / Concussion,concussion,Not listed,Not listed,2013_ReedJo02_12,6,1,No report,0
2014,ARI,ElliAn00,Andre Ellington,RB,25.574264202600958,pre2020,14,1,0.6931471805599453,3,0,1,0.24,1,0,14.791666666666666,Hip / Groin,soft_tissue,Out,DNP,2014_ElliAn00_14,4,1,Not listed,0
2014,ARI,ElliAn00,Andre Ellington,RB,25.574264202600958,pre2020,15,2,1.0986122886681098,2,0,1,0.24,1,0,14.791666666666666,Hip / Groin,soft_tissue,Not listed,Not listed,2014_ElliAn00_14,4,1,Not listed,0
2014,ARI,ElliAn00,Andre Ellington,RB,25.574264202600958,pre2020,16,3,1.3862943611198906,1,0,1,0.24,1,0,14.791666666666666,Hip / Groin,soft_tissue,Not listed,Not listed,2014_ElliAn00_14,4,1,Not listed,0
2014,ARI,ElliAn00,Andre Ellington,RB,25.574264202600958,pre2020,17,4,1.6094379124341003,0,0,1,0.24,1,0,14.791666666666666,Hip / Groin,soft_tissue,Not listed,Not listed,2014_ElliAn00_14,4,1,No report,0
2014,ARI,FitzLa00,Larry Fitzgerald,WR,31.003422313483917,pre2020,12,1,0.6931471805599453,5,0,0,0.9,0,0,12.180000000000001,Knee,knee,Questionable,DNP,2014_FitzLa00_12,2,0,Questionable,0
2014,ARI,FitzLa00,Larry Fitzgerald,WR,31.003422313483917,pre2020,13,2,1.0986122886681098,4,0,0,0.9,0,0,12.180000000000001,Knee,knee,Questionable,Limited,2014_FitzLa00_12,2,0,Questionable,1
2014,ATL,JoneJu02,Julio Jones,WR,25.560574948665298,pre2020,15,1,0.6931471805599453,2,0,0,0.7,11,0,20.761538461538464,Hip / Groin,soft_tissue,Questionable,DNP,2014_JoneJu02_15,1,0,Questionable,1
2014,ATL,WhitRo00,Roddy White,WR,32.82956878850103,pre2020,3,1,0.6931471805599453,13,0,0,1.0,3,1,12.623076923076923,Hamstring,soft_tissue,Questionable,DNP,2014_WhitRo00_3,1,0,Probable,1
2014,ATL,WhitRo00,Roddy White,WR,32.82956878850103,pre2020,13,1,0.6931471805599453,4,0,0,0.94,3,0,15.219999999999999,Ankle,ankle_foot,Questionable,DNP,2014_WhitRo00_13,1,0,Questionable,1
2014,BUF,JackFr02,Fred Jackson,RB,33.52772073921971,pre2020,8,1,0.6931471805599453,8,0,1,0.14,0,0,13.857142857142858,Hip / Groin,soft_tissue,Out,DNP,2014_JackFr02_8,1,0,Questionable,1
2014,BUF,JackFr02,Fred Jackson,RB,33.52772073921971,pre2020,11,1,0.6931471805599453,6,0,0,0.37,0,1,13.2375,Hip / Groin,soft_tissue,Questionable,Limited,2014_JackFr02_11,1,0,Questionable,1
2014,CAR,NewtCa00,Cam Newton,QB,25.308692676249144,pre2020,15,1,0.6931471805599453,2,0,0,0.96,0,0,17.248333333333335,Back,other,Out,Unknown,2014_NewtCa00_15,1,0,Probable,1
2014,CHI,MarsBr00,Brandon Marshall,WR,30.442162902121833,pre2020,15,1,0.6931471805599453,2,1,1,0.25,0,0,13.776923076923076,Unspecified (IR),unspecified,Not listed,Not listed,2014_MarsBr00_15,3,1,Not listed,0
2014,CHI,MarsBr00,Brandon Marshall,WR,30.442162902121833,pre2020,16,2,1.0986122886681098,1,1,1,0.25,0,0,13.776923076923076,Unspecified (IR),unspecified,Not listed,Not listed,2014_MarsBr00_15,3,1,Not listed,0
2014,CHI,MarsBr00,Brandon Marshall,WR,30.442162902121833,pre2020,17,3,1.3862943611198906,0,1,1,0.25,0,0,13.776923076923076,Unspecified (IR),unspecified,Not listed,Not listed,2014_MarsBr00_15,3,1,No report,0
2014,CIN,BernGi00,Giovani Bernard,RB,22.77618069815195,pre2020,9,1,0.6931471805599453,8,0,0,0.54,0,0,16.357142857142858,Hip / Groin,soft_tissue,Out,Unknown,2014_BernGi00_9,3,0,Doubtful,0
2014,CIN,BernGi00,Giovani Bernard,RB,22.77618069815195,pre2020,10,2,1.0986122886681098,7,0,0,0.54,0,0,16.357142857142858,Hip / Groin,soft_tissue,Doubtful,DNP,2014_BernGi00_9,3,0,Out,0
2014,CIN,BernGi00,Giovani Bernard,RB,22.77618069815195,pre2020,11,3,1.3862943611198906,6,0,0,0.54,0,0,16.357142857142858,Hip / Groin,soft_tissue,Out,Unknown,2014_BernGi00_9,3,0,Probable,1
2014,CIN,GreeA.00,A.J. Green,WR,26.086242299794662,pre2020,6,1,0.6931471805599453,11,0,0,0.9,0,0,19.515625,Foot / Toe,ankle_foot,Questionable,DNP,2014_GreeA.00_6,3,0,Doubtful,0
2014,CIN,GreeA.00,A.J. Green,WR,26.086242299794662,pre2020,7,2,1.0986122886681098,10,0,0,0.9,0,0,19.515625,Foot / Toe,ankle_foot,Doubtful,DNP,2014_GreeA.00_6,3,0,Doubtful,0
2014,CIN,GreeA.00,A.J. Green,WR,26.086242299794662,pre2020,8,3,1.3862943611198906,9,0,0,0.9,0,0,19.515625,Foot / Toe,ankle_foot,Doubtful,DNP,2014_GreeA.00_6,3,0,Questionable,1
2014,CLE,CameJo00,Jordan Cameron,TE,26.067077344284737,pre2020,2,1,0.6931471805599453,14,0,0,0.31,1,0,12.360000000000001,Shoulder,other,Questionable,DNP,2014_CameJo00_2,1,0,Questionable,1
2014,DEN,HillRo00,Ronnie Hillman,RB,22.965092402464066,pre2020,11,1,0.6931471805599453,6,0,1,0.39,0,0,13.642857142857142,Foot / Toe,ankle_foot,Out,DNP,2014_HillRo00_11,6,0,Out,0
2014,DEN,HillRo00,Ronnie Hillman,RB,22.965092402464066,pre2020,12,2,1.0986122886681098,5,0,1,0.39,0,0,13.642857142857142,Foot / Toe,ankle_foot,Out,DNP,2014_HillRo00_11,6,0,Out,0
2014,DEN,HillRo00,Ronnie Hillman,RB,22.965092402464066,pre2020,13,3,1.3862943611198906,4,0,1,0.39,0,0,13.642857142857142,Foot / Toe,ankle_foot,Out,DNP,2014_HillRo00_11,6,0,Out,0
2014,DEN,HillRo00,Ronnie Hillman,RB,22.965092402464066,pre2020,14,4,1.6094379124341003,3,0,1,0.39,0,0,13.642857142857142,Foot / Toe,ankle_foot,Out,DNP,2014_HillRo00_11,6,0,Questionable,0
2014,DEN,HillRo00,Ronnie Hillman,RB,22.965092402464066,pre2020,15,5,1.791759469228055,2,0,1,0.39,0,0,13.642857142857142,Foot / Toe,ankle_foot,Questionable,Limited,2014_HillRo00_11,6,0,Questionable,0
2014,DEN,HillRo00,Ronnie Hillman,RB,22.965092402464066,pre2020,16,6,1.9459101490553132,1,0,1,0.39,0,0,13.642857142857142,Foot / Toe,ankle_foot,Questionable,Limited,2014_HillRo00_11,6,0,Probable,1
2014,DEN,ThomJu00,Julius Thomas,TE,26.17932922655715,pre2020,12,1,0.6931471805599453,5,0,1,0.19,2,0,15.459999999999999,Ankle,ankle_foot,Questionable,DNP,2014_ThomJu00_12,3,0,Questionable,0
2014,DEN,ThomJu00,Julius Thomas,TE,26.17932922655715,pre2020,13,2,1.0986122886681098,4,0,1,0.19,2,0,15.459999999999999,Ankle,ankle_foot,Questionable,Limited,2014_ThomJu00_12,3,0,Questionable,0
2014,DEN,ThomJu00,Julius Thomas,TE,26.17932922655715,pre2020,14,3,1.3862943611198906,3,0,1,0.19,2,0,15.459999999999999,Ankle,ankle_foot,Questionable,Limited,2014_ThomJu00_12,3,0,Probable,1
2014,DET,JohnCa00,Calvin Johnson,WR,28.922655715263517,pre2020,6,1,0.6931471805599453,10,0,0,0.45,2,0,13.760000000000002,Ankle,ankle_foot,Doubtful,DNP,2014_JohnCa00_6,3,0,Questionable,0
2014,DET,JohnCa00,Calvin Johnson,WR,28.922655715263517,pre2020,7,2,1.0986122886681098,9,0,0,0.45,2,0,13.760000000000002,Ankle,ankle_foot,Questionable,DNP,2014_JohnCa00_6,3,0,Questionable,0
2014,DET,JohnCa00,Calvin Johnson,WR,28.922655715263517,pre2020,8,3,1.3862943611198906,8,0,0,0.45,2,0,13.760000000000002,Ankle,ankle_foot,Questionable,Limited,2014_JohnCa00_6,3,0,Probable,1
2014,HOU,FostAr00,Arian Foster,RB,28.021902806297057,pre2020,3,1,0.6931471805599453,13,0,0,0.7,8,0,15.53125,Hamstring,soft_tissue,Questionable,Limited,2014_FostAr00_3,1,0,Questionable,1
2014,HOU,FostAr00,Arian Foster,RB,28.021902806297057,pre2020,11,1,0.6931471805599453,6,0,0,0.65,8,0,23.3875,Hip / Groin,soft_tissue,Questionable,DNP,2014_FostAr00_11,2,0,Questionable,0
2014,HOU,FostAr00,Arian Foster,RB,28.021902806297057,pre2020,12,2,1.0986122886681098,5,0,0,0.65,8,0,23.3875,Hip / Groin,soft_tissue,Questionable,DNP,2014_FostAr00_11,2,0,Probable,1
2014,IND,AlleDw00,Dwayne Allen,TE,24.517453798767967,pre2020,12,1,0.6931471805599453,5,0,1,0.23,15,0,11.711111111111112,Ankle,ankle_foot,Out,DNP,2014_AlleDw00_12,2,0,Out,0
2014,IND,AlleDw00,Dwayne Allen,TE,24.517453798767967,pre2020,13,2,1.0986122886681098,4,0,1,0.23,15,0,11.711111111111112,Ankle,ankle_foot,Out,DNP,2014_AlleDw00_12,2,0,Probable,1
2014,IND,BradAh00,Ahmad Bradshaw,RB,28.45448323066393,pre2020,12,1,0.6931471805599453,5,1,0,0.47,13,0,15.45,Unspecified (IR),unspecified,Not listed,Not listed,2014_BradAh00_12,6,1,Not listed,0
2014,IND,BradAh00,Ahmad Bradshaw,RB,28.45448323066393,pre2020,13,2,1.0986122886681098,4,1,0,0.47,13,0,15.45,Unspecified (IR),unspecified,Not listed,Not listed,2014_BradAh00_12,6,1,Not listed,0
2014,IND,BradAh00,Ahmad Bradshaw,RB,28.45448323066393,pre2020,14,3,1.3862943611198906,3,1,0,0.47,13,0,15.45,Unspecified (IR),unspecified,Not listed,Not listed,2014_BradAh00_12,6,1,Not listed,0
2014,IND,BradAh00,Ahmad Bradshaw,RB,28.45448323066393,pre2020,15,4,1.6094379124341003,2,1,0,0.47,13,0,15.45,Unspecified (IR),unspecified,Not listed,Not listed,2014_BradAh00_12,6,1,Not listed,0
2014,IND,BradAh00,Ahmad Bradshaw,RB,28.45448323066393,pre2020,16,5,1.791759469228055,1,1,0,0.47,13,0,15.45,Unspecified (IR),unspecified,Not listed,Not listed,2014_BradAh00_12,6,1,Not listed,0
2014,IND,BradAh00,Ahmad Bradshaw,RB,28.45448323066393,pre2020,17,6,1.9459101490553132,0,1,0,0.47,13,0,15.45,Unspecified (IR),unspecified,Not listed,Not listed,2014_BradAh00_12,6,1,No report,0
2014,IND,HiltT.00,T.Y. Hilton,WR,24.79671457905544,pre2020,16,1,0.6931471805599453,1,0,0,0.85,0,0,18.464285714285715,Hamstring,soft_tissue,Questionable,DNP,2014_HiltT.00_16,1,0,Questionable,1
2014,IND,RichTr00,Trent Richardson,RB,24.145106091718002,pre2020,8,1,0.6931471805599453,8,0,0,0.48,14,0,11.728571428571428,Hamstring,soft_tissue,Questionable,DNP,2014_RichTr00_8,1,0,Not listed,1
2014,IND,WaynRe00,Reggie Wayne,WR,35.78918548939083,pre2020,8,1,0.6931471805599453,8,0,0,0.77,9,0,12.485714285714286,Arm / Elbow,other,Out,DNP,2014_WaynRe00_8,1,0,Probable,1
2014,KC,CharJa00,Jamaal Charles,RB,27.679671457905545,pre2020,3,1,0.6931471805599453,13,0,1,0.06,0,0,15.0,Ankle,ankle_foot,Questionable,Limited,2014_CharJa00_3,1,0,Probable,1
2014,KC,McKnJo00,Joe McKnight,RB,26.376454483230663,pre2020,4,1,0.6931471805599453,12,0,0,0.21,0,0,24.7,Achilles,achilles,Out,Unknown,2014_McKnJo00_4,13,1,Not listed,0
2014,KC,McKnJo00,Joe McKnight,RB,26.376454483230663,pre2020,5,2,1.0986122886681098,11,1,0,0.21,0,0,24.7,Achilles,achilles,Not listed,Not listed,2014_McKnJo00_4,13,1,Not listed,0
2014,KC,McKnJo00,Joe McKnight,RB,26.376454483230663,pre2020,7,3,1.3862943611198906,10,1,0,0.21,0,0,24.7,Achilles,achilles,Not listed,Not listed,2014_McKnJo00_4,13,1,Not listed,0
2014,KC,McKnJo00,Joe McKnight,RB,26.376454483230663,pre2020,8,4,1.6094379124341003,9,1,0,0.21,0,0,24.7,Achilles,achilles,Not listed,Not listed,2014_McKnJo00_4,13,1,Not listed,0
2014,KC,McKnJo00,Joe McKnight,RB,26.376454483230663,pre2020,9,5,1.791759469228055,8,1,0,0.21,0,0,24.7,Achilles,achilles,Not listed,Not listed,2014_McKnJo00_4,13,1,Not listed,0
2014,KC,McKnJo00,Joe McKnight,RB,26.376454483230663,pre2020,10,6,1.9459101490553132,7,1,0,0.21,0,0,24.7,Achilles,achilles,Not listed,Not listed,2014_McKnJo00_4,13,1,Not listed,0
2014,KC,McKnJo00,Joe McKnight,RB,26.376454483230663,pre2020,11,7,2.0794415416798357,6,1,0,0.21,0,0,24.7,Achilles,achilles,Not listed,Not listed,2014_McKnJo00_4,13,1,Not listed,0
2014,KC,McKnJo00,Joe McKnight,RB,26.376454483230663,pre2020,12,8,2.1972245773362196,5,1,0,0.21,0,0,24.7,Achilles,achilles,Not listed,Not listed,2014_McKnJo00_4,13,1,Not listed,0
2014,KC,McKnJo00,Joe McKnight,RB,26.376454483230663,pre2020,13,9,2.302585092994046,4,1,0,0.21,0,0,24.7,Achilles,achilles,Not listed,Not listed,2014_McKnJo00_4,13,1,Not listed,0
2014,KC,McKnJo00,Joe McKnight,RB,26.376454483230663,pre2020,14,10,2.3978952727983707,3,1,0,0.21,0,0,24.7,Achilles,achilles,Not listed,Not listed,2014_McKnJo00_4,13,1,Not listed,0
2014,KC,McKnJo00,Joe McKnight,RB,26.376454483230663,pre2020,15,11,2.4849066497880004,2,1,0,0.21,0,0,24.7,Achilles,achilles,Not listed,Not listed,2014_McKnJo00_4,13,1,Not listed,0
2014,KC,McKnJo00,Joe McKnight,RB,26.376454483230663,pre2020,16,12,2.5649493574615367,1,1,0,0.21,0,0,24.7,Achilles,achilles,Not listed,Not listed,2014_McKnJo00_4,13,1,Not listed,0
2014,KC,McKnJo00,Joe McKnight,RB,26.376454483230663,pre2020,17,13,2.6390573296152584,0,1,0,0.21,0,0,24.7,Achilles,achilles,Not listed,Not listed,2014_McKnJo00_4,13,1,No report,0
2014,MIA,MoreKn00,Knowshon Moreno,RB,27.129363449691994,pre2020,3,1,0.6931471805599453,13,0,1,0.03,0,0,14.21875,Arm / Elbow,other,Out,DNP,2014_MoreKn00_3,2,0,Out,0
2014,MIA,MoreKn00,Knowshon Moreno,RB,27.129363449691994,pre2020,4,2,1.0986122886681098,12,0,1,0.03,0,0,14.21875,Arm / Elbow,other,Out,DNP,2014_MoreKn00_3,2,0,Probable,1
2014,MIN,AsiaMa00,Matt Asiata,RB,27.107460643394933,pre2020,12,1,0.6931471805599453,5,0,0,0.43,5,0,11.6,Head / Concussion,concussion,Out,DNP,2014_AsiaMa00_12,1,0,Probable,1
2014,NE,EdelJu00,Julian Edelman,WR,28.279260780287473,pre2020,16,1,0.6931471805599453,1,0,0,0.88,0,0,16.32857142857143,Quad / Thigh,soft_tissue,Questionable,Limited,2014_EdelJu00_16,2,1,Questionable,0
2014,NE,EdelJu00,Julian Edelman,WR,28.279260780287473,pre2020,17,2,1.0986122886681098,0,0,0,0.88,0,0,16.32857142857143,Quad / Thigh,soft_tissue,Questionable,Limited,2014_EdelJu00_16,2,1,No report,0
2014,NO,CookBr00,Brandin Cooks,WR,20.933607118412045,pre2020,12,1,0.6931471805599453,5,1,0,0.73,0,0,13.930000000000001,Unspecified (IR),unspecified,Not listed,Not listed,2014_CookBr00_12,6,1,Not listed,0
2014,NO,CookBr00,Brandin Cooks,WR,20.933607118412045,pre2020,13,2,1.0986122886681098,4,1,0,0.73,0,0,13.930000000000001,Unspecified (IR),unspecified,Not listed,Not listed,2014_CookBr00_12,6,1,No report,0
2014,NO,CookBr00,Brandin Cooks,WR,20.933607118412045,pre2020,14,3,1.3862943611198906,3,1,0,0.73,0,0,13.930000000000001,Unspecified (IR),unspecified,Not listed,Not listed,2014_CookBr00_12,6,1,Not listed,0
2014,NO,CookBr00,Brandin Cooks,WR,20.933607118412045,pre2020,15,4,1.6094379124341003,2,1,0,0.73,0,0,13.930000000000001,Unspecified (IR),unspecified,Not listed,Not listed,2014_CookBr00_12,6,1,Not listed,0
2014,NO,CookBr00,Brandin Cooks,WR,20.933607118412045,pre2020,16,5,1.791759469228055,1,1,0,0.73,0,0,13.930000000000001,Unspecified (IR),unspecified,Not listed,Not listed,2014_CookBr00_12,6,1,Not listed,0
2014,NO,CookBr00,Brandin Cooks,WR,20.933607118412045,pre2020,17,6,1.9459101490553132,0,1,0,0.73,0,0,13.930000000000001,Unspecified (IR),unspecified,Not listed,Not listed,2014_CookBr00_12,6,1,No report,0
2014,NO,IngrMa01,Mark Ingram,RB,24.695414099931554,pre2020,3,1,0.6931471805599453,13,0,0,0.29,5,0,12.279545454545454,Hand / Wrist,other,Out,DNP,2014_IngrMa01_3,3,0,Out,0
2014,NO,IngrMa01,Mark Ingram,RB,24.695414099931554,pre2020,4,2,1.0986122886681098,12,0,0,0.29,5,0,12.279545454545454,Hand / Wrist,other,Out,DNP,2014_IngrMa01_3,3,0,Out,0
2014,NO,IngrMa01,Mark Ingram,RB,24.695414099931554,pre2020,5,3,1.3862943611198906,11,0,0,0.29,5,0,12.279545454545454,Hand / Wrist,other,Out,DNP,2014_IngrMa01_3,3,0,Probable,1
2014,NO,ThomPi00,Pierre Thomas,RB,29.702943189596166,pre2020,8,1,0.6931471805599453,8,0,0,0.36,0,0,12.950000000000001,Chest / Ribs,other,Out,DNP,2014_ThomPi00_8,4,0,Out,0
2014,NO,ThomPi00,Pierre Thomas,RB,29.702943189596166,pre2020,9,2,1.0986122886681098,7,0,0,0.36,0,0,12.950000000000001,Chest / Ribs,other,Out,DNP,2014_ThomPi00_8,4,0,Out,0
2014,NO,ThomPi00,Pierre Thomas,RB,29.702943189596166,pre2020,10,3,1.3862943611198906,6,0,0,0.36,0,0,12.950000000000001,Chest / Ribs,other,Out,DNP,2014_ThomPi00_8,4,0,Out,0
2014,NO,ThomPi00,Pierre Thomas,RB,29.702943189596166,pre2020,11,4,1.6094379124341003,5,0,0,0.36,0,0,12.950000000000001,Chest / Ribs,other,Out,DNP,2014_ThomPi00_8,4,0,Probable,1
2014,NYG,JennRa00,Rashad Jennings,RB,29.43463381245722,pre2020,6,1,0.6931471805599453,10,0,1,0.32,1,0,14.3,Knee,knee,Out,DNP,2014_JennRa00_6,4,0,Out,0
2014,NYG,JennRa00,Rashad Jennings,RB,29.43463381245722,pre2020,7,2,1.0986122886681098,9,0,1,0.32,1,0,14.3,Knee,knee,Out,Unknown,2014_JennRa00_6,4,0,Out,0
2014,NYG,JennRa00,Rashad Jennings,RB,29.43463381245722,pre2020,9,3,1.3862943611198906,8,0,1,0.32,1,0,14.3,Knee,knee,Out,DNP,2014_JennRa00_6,4,0,Doubtful,0
2014,NYG,JennRa00,Rashad Jennings,RB,29.43463381245722,pre2020,10,4,1.6094379124341003,7,0,1,0.32,1,0,14.3,Knee,knee,Doubtful,Limited,2014_JennRa00_6,4,0,Probable,1
2014,NYG,JennRa00,Rashad Jennings,RB,29.43463381245722,pre2020,16,1,0.6931471805599453,1,0,1,0.02,1,0,13.01,Ankle,ankle_foot,Out,DNP,2014_JennRa00_16,1,0,Probable,1
2014,PHI,SproDa00,Darren Sproles,RB,31.200547570157426,pre2020,8,1,0.6931471805599453,9,0,0,0.33,1,1,13.15,Knee,knee,Questionable,Full,2014_SproDa00_8,1,0,Probable,1
2014,SD,AlleKe00,Keenan Allen,WR,22.34633812457221,pre2020,16,1,0.6931471805599453,1,0,1,0.29,0,0,12.664285714285715,Shoulder,other,Out,DNP,2014_AlleKe00_16,2,1,Doubtful,0
2014,SD,AlleKe00,Keenan Allen,WR,22.34633812457221,pre2020,17,2,1.0986122886681098,0,0,1,0.29,0,0,12.664285714285715,Shoulder,other,Doubtful,DNP,2014_AlleKe00_16,2,1,No report,0
2014,SD,MathRy00,Ryan Mathews,RB,26.89390828199863,pre2020,3,1,0.6931471805599453,13,0,0,0.28,0,0,12.0,Knee,knee,Out,DNP,2014_MathRy00_3,7,0,Out,0
2014,SD,MathRy00,Ryan Mathews,RB,26.89390828199863,pre2020,4,2,1.0986122886681098,12,0,0,0.28,0,0,12.0,Knee,knee,Out,DNP,2014_MathRy00_3,7,0,Out,0
2014,SD,MathRy00,Ryan Mathews,RB,26.89390828199863,pre2020,5,3,1.3862943611198906,11,0,0,0.28,0,0,12.0,Knee,knee,Out,DNP,2014_MathRy00_3,7,0,Out,0
2014,SD,MathRy00,Ryan Mathews,RB,26.89390828199863,pre2020,6,4,1.6094379124341003,10,0,0,0.28,0,0,12.0,Knee,knee,Out,DNP,2014_MathRy00_3,7,0,Out,0
2014,SD,MathRy00,Ryan Mathews,RB,26.89390828199863,pre2020,7,5,1.791759469228055,9,0,0,0.28,0,0,12.0,Knee,knee,Out,DNP,2014_MathRy00_3,7,0,Out,0
2014,SD,MathRy00,Ryan Mathews,RB,26.89390828199863,pre2020,8,6,1.9459101490553132,8,0,0,0.28,0,0,12.0,Knee,knee,Out,DNP,2014_MathRy00_3,7,0,Out,0
2014,SD,MathRy00,Ryan Mathews,RB,26.89390828199863,pre2020,9,7,2.0794415416798357,7,0,0,0.28,0,0,12.0,Knee,knee,Out,Limited,2014_MathRy00_3,7,0,Probable,1
2014,SD,MathRy00,Ryan Mathews,RB,26.89390828199863,pre2020,15,1,0.6931471805599453,2,0,0,0.49,0,0,11.15,Ankle,ankle_foot,Questionable,DNP,2014_MathRy00_15,3,1,Out,0
2014,SD,MathRy00,Ryan Mathews,RB,26.89390828199863,pre2020,16,2,1.0986122886681098,1,0,0,0.49,0,0,11.15,Ankle,ankle_foot,Out,DNP,2014_MathRy00_15,3,1,Out,0
2014,SD,MathRy00,Ryan Mathews,RB,26.89390828199863,pre2020,17,3,1.3862943611198906,0,0,0,0.49,0,0,11.15,Ankle,ankle_foot,Out,DNP,2014_MathRy00_15,3,1,No report,0
2014,SF,DaviVe00,Vernon Davis,TE,30.584531143052704,pre2020,3,1,0.6931471805599453,13,0,0,0.78,1,0,13.924999999999999,Ankle,ankle_foot,Questionable,DNP,2014_DaviVe00_3,1,0,Questionable,1
2014,TEN,WalkHu00,Delanie Walker,TE,30.053388090349078,pre2020,11,1,0.6931471805599453,6,0,1,0.53,1,1,12.577777777777778,Head / Concussion,concussion,Questionable,Limited,2014_WalkHu00_11,1,0,Probable,1
2014,TEN,WrigKe01,Kendall Wright,WR,24.802190280629706,pre2020,14,1,0.6931471805599453,3,0,0,0.89,0,0,12.225000000000001,Hand / Wrist,other,Questionable,DNP,2014_WrigKe01_14,2,0,Questionable,0
2014,TEN,WrigKe01,Kendall Wright,WR,24.802190280629706,pre2020,15,2,1.0986122886681098,2,0,0,0.89,0,0,12.225000000000001,Hand / Wrist,other,Questionable,DNP,2014_WrigKe01_14,2,0,Questionable,1
2014,WAS,JackDe00,DeSean Jackson,WR,27.750855578370977,pre2020,14,1,0.6931471805599453,3,0,0,0.66,0,0,14.25,Lower Leg,soft_tissue,Questionable,DNP,2014_JackDe00_14,1,0,Questionable,1
2015,ARI,BrowJo02,John Brown,WR,25.412731006160165,pre2020,8,1,0.6931471805599453,8,0,0,0.82,0,0,15.785714285714286,Hamstring,soft_tissue,Questionable,Limited,2015_BrowJo02_8,1,0,Questionable,1
2015,ARI,ElliAn00,Andre Ellington,RB,26.573579739904176,pre2020,2,1,0.6931471805599453,14,0,0,0.63,4,1,14.24375,Knee,knee,Out,DNP,2015_ElliAn00_2,3,0,Doubtful,0
2015,ARI,ElliAn00,Andre Ellington,RB,26.573579739904176,pre2020,3,2,1.0986122886681098,13,0,0,0.63,4,1,14.24375,Knee,knee,Doubtful,Limited,2015_ElliAn00_2,3,0,Questionable,0
2015,ARI,ElliAn00,Andre Ellington,RB,26.573579739904176,pre2020,4,3,1.3862943611198906,12,0,0,0.63,4,1,14.24375,Knee,knee,Questionable,Limited,2015_ElliAn00_2,3,0,Probable,1
2015,ATL,FreeDe00,Devonta Freeman,RB,23.463381245722108,pre2020,12,1,0.6931471805599453,5,0,1,0.08,0,0,23.240000000000002,Head / Concussion,concussion,Out,DNP,2015_FreeDe00_12,1,0,Probable,1
2015,BAL,ForsJu00,Justin Forsett,RB,29.880903490759753,pre2020,12,1,0.6931471805599453,5,0,1,0.08,0,0,12.24,Arm / Elbow,other,None,Unknown,2015_ForsJu00_12,6,1,Not listed,0
2015,BAL,ForsJu00,Justin Forsett,RB,29.880903490759753,pre2020,13,2,1.0986122886681098,4,0,1,0.08,0,0,12.24,Arm / Elbow,other,Not listed,Not listed,2015_ForsJu00_12,6,1,Not listed,0
2015,BAL,ForsJu00,Justin Forsett,RB,29.880903490759753,pre2020,14,3,1.3862943611198906,3,0,1,0.08,0,0,12.24,Arm / Elbow,other,Not listed,Not listed,2015_ForsJu00_12,6,1,Not listed,0
2015,BAL,ForsJu00,Justin Forsett,RB,29.880903490759753,pre2020,15,4,1.6094379124341003,2,0,1,0.08,0,0,12.24,Arm / Elbow,other,Not listed,Not listed,2015_ForsJu00_12,6,1,Not listed,0
2015,BAL,ForsJu00,Justin Forsett,RB,29.880903490759753,pre2020,16,5,1.791759469228055,1,0,1,0.08,0,0,12.24,Arm / Elbow,other,Not listed,Not listed,2015_ForsJu00_12,6,1,Not listed,0
2015,BAL,ForsJu00,Justin Forsett,RB,29.880903490759753,pre2020,17,6,1.9459101490553132,0,0,1,0.08,0,0,12.24,Arm / Elbow,other,Not listed,Not listed,2015_ForsJu00_12,6,1,No report,0
2015,BAL,SmitSt01,Steve Smith Sr.,WR,36.3066392881588,pre2020,5,1,0.6931471805599453,11,0,1,0.44,0,0,19.575,Back,other,Doubtful,DNP,2015_SmitSt01_5,1,0,Questionable,1
2015,BUF,McCoLe01,LeSean McCoy,RB,27.137577002053387,pre2020,4,1,0.6931471805599453,12,0,0,0.52,0,0,12.090625000000001,Hamstring,soft_tissue,Out,DNP,2015_McCoLe01_4,2,0,Out,0
2015,BUF,McCoLe01,LeSean McCoy,RB,27.137577002053387,pre2020,5,2,1.0986122886681098,11,0,0,0.52,0,0,12.090625000000001,Hamstring,soft_tissue,Out,DNP,2015_McCoLe01_4,2,0,Probable,1
2015,BUF,McCoLe01,LeSean McCoy,RB,27.137577002053387,pre2020,16,1,0.6931471805599453,1,0,1,0.47,0,0,14.891666666666667,Knee,knee,Out,DNP,2015_McCoLe01_16,2,1,Out,0
2015,BUF,McCoLe01,LeSean McCoy,RB,27.137577002053387,pre2020,17,2,1.0986122886681098,0,0,1,0.47,0,0,14.891666666666667,Knee,knee,Out,DNP,2015_McCoLe01_16,2,1,No report,0
2015,BUF,TaylTy00,Tyrod Taylor,QB,26.078028747433265,pre2020,6,1,0.6931471805599453,10,0,0,0.98,0,0,20.796,Knee,knee,Questionable,Limited,2015_TaylTy00_6,2,0,Out,0
2015,BUF,TaylTy00,Tyrod Taylor,QB,26.078028747433265,pre2020,7,2,1.0986122886681098,9,0,0,0.98,0,0,20.796,Knee,knee,Out,DNP,2015_TaylTy00_6,2,0,Probable,1
2015,BUF,WillKa01,Karlos Williams,RB,22.327173169062284,pre2020,5,1,0.6931471805599453,11,0,0,0.76,0,0,14.05,Head / Concussion,concussion,Out,DNP,2015_WillKa01_5,3,0,Out,0
2015,BUF,WillKa01,Karlos Williams,RB,22.327173169062284,pre2020,6,2,1.0986122886681098,10,0,0,0.76,0,0,14.05,Head / Concussion,concussion,Out,DNP,2015_WillKa01_5,3,0,Out,0
2015,BUF,WillKa01,Karlos Williams,RB,22.327173169062284,pre2020,7,3,1.3862943611198906,9,0,0,0.76,0,0,14.05,Head / Concussion,concussion,Out,DNP,2015_WillKa01_5,3,0,Probable,1
2015,BUF,WillKa01,Karlos Williams,RB,22.327173169062284,pre2020,13,1,0.6931471805599453,4,0,1,0.07,0,0,11.6,Shoulder,other,Out,DNP,2015_WillKa01_13,2,0,Out,0
2015,BUF,WillKa01,Karlos Williams,RB,22.327173169062284,pre2020,14,2,1.0986122886681098,3,0,1,0.07,0,0,11.6,Shoulder,other,Out,DNP,2015_WillKa01_13,2,0,Questionable,1
2015,CAR,StewJo00,Jonathan Stewart,RB,28.449007529089666,pre2020,15,1,0.6931471805599453,2,0,1,0.29,3,0,12.523076923076925,Foot / Toe,ankle_foot,Out,DNP,2015_StewJo00_15,3,1,Out,0
2015,CAR,StewJo00,Jonathan Stewart,RB,28.449007529089666,pre2020,16,2,1.0986122886681098,1,0,1,0.29,3,0,12.523076923076925,Foot / Toe,ankle_foot,Out,DNP,2015_StewJo00_15,3,1,Out,0
2015,CAR,StewJo00,Jonathan Stewart,RB,28.449007529089666,pre2020,17,3,1.3862943611198906,0,0,1,0.29,3,0,12.523076923076925,Foot / Toe,ankle_foot,Out,DNP,2015_StewJo00_15,3,1,No report,0
2015,CHI,FortMa00,Matt Forte,RB,29.724845995893222,pre2020,9,1,0.6931471805599453,8,0,1,0.48,0,0,17.1,Knee,knee,Out,DNP,2015_FortMa00_9,3,0,Questionable,0
2015,CHI,FortMa00,Matt Forte,RB,29.724845995893222,pre2020,10,2,1.0986122886681098,7,0,1,0.48,0,0,17.1,Knee,knee,Questionable,Limited,2015_FortMa00_9,3,0,Questionable,0
2015,CHI,FortMa00,Matt Forte,RB,29.724845995893222,pre2020,11,3,1.3862943611198906,6,0,1,0.48,0,0,17.1,Knee,knee,Questionable,Limited,2015_FortMa00_9,3,0,Questionable,1
2015,CHI,JeffAl00,Alshon Jeffery,WR,25.544147843942504,pre2020,2,1,0.6931471805599453,14,0,0,0.77,0,0,15.462500000000002,Hamstring,soft_tissue,Questionable,DNP,2015_JeffAl00_2,4,0,Out,0
2015,CHI,JeffAl00,Alshon Jeffery,WR,25.544147843942504,pre2020,3,2,1.0986122886681098,13,0,0,0.77,0,0,15.462500000000002,Hamstring,soft_tissue,Out,DNP,2015_JeffAl00_2,4,0,Questionable,0
2015,CHI,JeffAl00,Alshon Jeffery,WR,25.544147843942504,pre2020,4,3,1.3862943611198906,12,0,0,0.77,0,0,15.462500000000002,Hamstring,soft_tissue,Questionable,Limited,2015_JeffAl00_2,4,0,Questionable,0
2015,CHI,JeffAl00,Alshon Jeffery,WR,25.544147843942504,pre2020,5,4,1.6094379124341003,11,0,0,0.77,0,0,15.462500000000002,Hamstring,soft_tissue,Questionable,DNP,2015_JeffAl00_2,4,0,Questionable,1
2015,CHI,JeffAl00,Alshon Jeffery,WR,25.544147843942504,pre2020,11,1,0.6931471805599453,6,0,0,0.54,0,0,19.9,Hip / Groin,soft_tissue,Questionable,DNP,2015_JeffAl00_11,1,0,Questionable,1
2015,CHI,JeffAl00,Alshon Jeffery,WR,25.544147843942504,pre2020,16,1,0.6931471805599453,1,0,1,0.47,0,1,17.633333333333336,Hamstring,soft_tissue,Doubtful,DNP,2015_JeffAl00_16,2,1,Not listed,0
2015,CHI,JeffAl00,Alshon Jeffery,WR,25.544147843942504,pre2020,17,2,1.0986122886681098,0,1,1,0.47,0,1,17.633333333333336,Hamstring,soft_tissue,Not listed,Not listed,2015_JeffAl00_16,2,1,No report,0
2015,CIN,DaltAn00,Andy Dalton,QB,27.84120465434634,pre2020,15,1,0.6931471805599453,2,0,1,0.16,0,0,18.784615384615385,Hand / Wrist,other,Out,Unknown,2015_DaltAn00_15,3,1,Out,0
2015,CIN,DaltAn00,Andy Dalton,QB,27.84120465434634,pre2020,16,2,1.0986122886681098,1,0,1,0.16,0,0,18.784615384615385,Hand / Wrist,other,Out,Unknown,2015_DaltAn00_15,3,1,Out,0
2015,CIN,DaltAn00,Andy Dalton,QB,27.84120465434634,pre2020,17,3,1.3862943611198906,0,0,1,0.16,0,0,18.784615384615385,Hand / Wrist,other,Out,Unknown,2015_DaltAn00_15,3,1,No report,0
2015,CIN,EifeTy00,Tyler Eifert,TE,24.980150581793293,pre2020,13,1,0.6931471805599453,4,0,0,0.69,0,1,15.47272727272727,Neck,other,Doubtful,DNP,2015_EifeTy00_13,1,0,Probable,1
2015,CIN,EifeTy00,Tyler Eifert,TE,24.980150581793293,pre2020,15,1,0.6931471805599453,2,0,1,0.16,0,0,14.700000000000001,Head / Concussion,concussion,Out,Unknown,2015_EifeTy00_15,2,0,Out,0
2015,CIN,EifeTy00,Tyler Eifert,TE,24.980150581793293,pre2020,16,2,1.0986122886681098,1,0,1,0.16,0,0,14.700000000000001,Head / Concussion,concussion,Out,Unknown,2015_EifeTy00_15,2,0,Probable,1
2015,DAL,BryaDe01,Dez Bryant,WR,26.822724161533195,pre2020,2,1,0.6931471805599453,14,0,0,0.69,0,0,17.2625,Foot / Toe,ankle_foot,Out,DNP,2015_BryaDe01_2,5,0,Out,0
2015,DAL,BryaDe01,Dez Bryant,WR,26.822724161533195,pre2020,3,2,1.0986122886681098,13,0,0,0.69,0,0,17.2625,Foot / Toe,ankle_foot,Out,DNP,2015_BryaDe01_2,5,0,Out,0
2015,DAL,BryaDe01,Dez Bryant,WR,26.822724161533195,pre2020,4,3,1.3862943611198906,12,0,0,0.69,0,0,17.2625,Foot / Toe,ankle_foot,Out,DNP,2015_BryaDe01_2,5,0,Out,0
2015,DAL,BryaDe01,Dez Bryant,WR,26.822724161533195,pre2020,5,4,1.6094379124341003,11,0,0,0.69,0,0,17.2625,Foot / Toe,ankle_foot,Out,DNP,2015_BryaDe01_2,5,0,Doubtful,0
2015,DAL,BryaDe01,Dez Bryant,WR,26.822724161533195,pre2020,7,5,1.791759469228055,10,0,0,0.69,0,0,17.2625,Foot / Toe,ankle_foot,Doubtful,DNP,2015_BryaDe01_2,5,0,Questionable,1
2015,DAL,RandJo01,Joseph Randle,RB,23.67419575633128,pre2020,8,1,0.6931471805599453,0,0,1,0.07,0,0,12.350000000000001,Back,other,Out,DNP,2015_RandJo01_8,1,1,No report,0
2015,DEN,SandEm00,Emmanuel Sanders,WR,28.459958932238195,pre2020,11,1,0.6931471805599453,6,0,1,0.32,0,0,14.877777777777778,Ankle,ankle_foot,Questionable,Limited,2015_SandEm00_11,1,0,Probable,1
2015,IND,LuckAn00,Andrew Luck,QB,25.968514715947983,pre2020,11,1,0.6931471805599453,6,0,0,0.99,0,0,18.69142857142857,Core / Abdomen,other,Out,DNP,2015_LuckAn00_11,7,1,Out,0
2015,IND,LuckAn00,Andrew Luck,QB,25.968514715947983,pre2020,12,2,1.0986122886681098,5,0,0,0.99,0,0,18.69142857142857,Core / Abdomen,other,Out,DNP,2015_LuckAn00_11,7,1,Out,0
2015,IND,LuckAn00,Andrew Luck,QB,25.968514715947983,pre2020,13,3,1.3862943611198906,4,0,0,0.99,0,0,18.69142857142857,Core / Abdomen,other,Out,DNP,2015_LuckAn00_11,7,1,Out,0
2015,IND,LuckAn00,Andrew Luck,QB,25.968514715947983,pre2020,14,4,1.6094379124341003,3,0,0,0.99,0,0,18.69142857142857,Core / Abdomen,other,Out,DNP,2015_LuckAn00_11,7,1,Out,0
2015,IND,LuckAn00,Andrew Luck,QB,25.968514715947983,pre2020,15,5,1.791759469228055,2,0,0,0.99,0,0,18.69142857142857,Core / Abdomen,other,Out,DNP,2015_LuckAn00_11,7,1,Out,0
2015,IND,LuckAn00,Andrew Luck,QB,25.968514715947983,pre2020,16,6,1.9459101490553132,1,0,0,0.99,0,0,18.69142857142857,Core / Abdomen,other,Out,Limited,2015_LuckAn00_11,7,1,Out,0
2015,IND,LuckAn00,Andrew Luck,QB,25.968514715947983,pre2020,17,7,2.0794415416798357,0,0,0,0.99,0,0,18.69142857142857,Core / Abdomen,other,Out,Limited,2015_LuckAn00_11,7,1,No report,0
2015,JAX,HurnAl01,Allen Hurns,WR,23.802874743326488,pre2020,13,1,0.6931471805599453,4,0,0,0.8,0,0,14.890909090909092,Head / Concussion,concussion,Out,DNP,2015_HurnAl01_13,1,0,None,1
2015,JAX,YeldT.00,T.J. Yeldon,RB,21.913757700205338,pre2020,15,1,0.6931471805599453,2,0,1,0.48,0,0,12.991666666666667,Knee,knee,Doubtful,DNP,2015_YeldT.00_15,3,1,Doubtful,0
2015,JAX,YeldT.00,T.J. Yeldon,RB,21.913757700205338,pre2020,16,2,1.0986122886681098,1,0,1,0.48,0,0,12.991666666666667,Knee,knee,Doubtful,DNP,2015_YeldT.00_15,3,1,Out,0
2015,JAX,YeldT.00,T.J. Yeldon,RB,21.913757700205338,pre2020,17,3,1.3862943611198906,0,0,1,0.48,0,0,12.991666666666667,Knee,knee,Out,DNP,2015_YeldT.00_15,3,1,No report,0
2015,KC,CharJa00,Jamaal Charles,RB,28.67898699520876,pre2020,6,1,0.6931471805599453,10,1,0,0.62,1,0,20.220000000000002,Unspecified (IR),unspecified,Not listed,Not listed,2015_CharJa00_6,11,1,Not listed,0
2015,KC,CharJa00,Jamaal Charles,RB,28.67898699520876,pre2020,7,2,1.0986122886681098,9,1,0,0.62,1,0,20.220000000000002,Unspecified (IR),unspecified,Not listed,Not listed,2015_CharJa00_6,11,1,Not listed,0
2015,KC,CharJa00,Jamaal Charles,RB,28.67898699520876,pre2020,8,3,1.3862943611198906,8,1,0,0.62,1,0,20.220000000000002,Unspecified (IR),unspecified,Not listed,Not listed,2015_CharJa00_6,11,1,Not listed,0
2015,KC,CharJa00,Jamaal Charles,RB,28.67898699520876,pre2020,10,4,1.6094379124341003,7,1,0,0.62,1,0,20.220000000000002,Unspecified (IR),unspecified,Not listed,Not listed,2015_CharJa00_6,11,1,Not listed,0
2015,KC,CharJa00,Jamaal Charles,RB,28.67898699520876,pre2020,11,5,1.791759469228055,6,1,0,0.62,1,0,20.220000000000002,Unspecified (IR),unspecified,Not listed,Not listed,2015_CharJa00_6,11,1,Not listed,0
2015,KC,CharJa00,Jamaal Charles,RB,28.67898699520876,pre2020,12,6,1.9459101490553132,5,1,0,0.62,1,0,20.220000000000002,Unspecified (IR),unspecified,Not listed,Not listed,2015_CharJa00_6,11,1,Not listed,0
2015,KC,CharJa00,Jamaal Charles,RB,28.67898699520876,pre2020,13,7,2.0794415416798357,4,1,0,0.62,1,0,20.220000000000002,Unspecified (IR),unspecified,Not listed,Not listed,2015_CharJa00_6,11,1,Not listed,0
2015,KC,CharJa00,Jamaal Charles,RB,28.67898699520876,pre2020,14,8,2.1972245773362196,3,1,0,0.62,1,0,20.220000000000002,Unspecified (IR),unspecified,Not listed,Not listed,2015_CharJa00_6,11,1,Not listed,0
2015,KC,CharJa00,Jamaal Charles,RB,28.67898699520876,pre2020,15,9,2.302585092994046,2,1,0,0.62,1,0,20.220000000000002,Unspecified (IR),unspecified,Not listed,Not listed,2015_CharJa00_6,11,1,Not listed,0
2015,KC,CharJa00,Jamaal Charles,RB,28.67898699520876,pre2020,16,10,2.3978952727983707,1,1,0,0.62,1,0,20.220000000000002,Unspecified (IR),unspecified,Not listed,Not listed,2015_CharJa00_6,11,1,Not listed,0
2015,KC,CharJa00,Jamaal Charles,RB,28.67898699520876,pre2020,17,11,2.4849066497880004,0,1,0,0.62,1,0,20.220000000000002,Unspecified (IR),unspecified,Not listed,Not listed,2015_CharJa00_6,11,1,No report,0
2015,KC,MaclJe00,Jeremy Maclin,WR,27.307323750855577,pre2020,7,1,0.6931471805599453,9,0,0,0.76,0,0,16.316666666666666,Head / Concussion,concussion,Questionable,Limited,2015_MaclJe00_7,1,0,Probable,1
2015,NE,EdelJu00,Julian Edelman,WR,29.27857631759069,pre2020,11,1,0.6931471805599453,6,0,1,0.26,2,0,19.166666666666668,Foot / Toe,ankle_foot,Out,DNP,2015_EdelJu00_11,7,1,Out,0
2015,NE,EdelJu00,Julian Edelman,WR,29.27857631759069,pre2020,12,2,1.0986122886681098,5,0,1,0.26,2,0,19.166666666666668,Foot / Toe,ankle_foot,Out,DNP,2015_EdelJu00_11,7,1,Out,0
2015,NE,EdelJu00,Julian Edelman,WR,29.27857631759069,pre2020,13,3,1.3862943611198906,4,0,1,0.26,2,0,19.166666666666668,Foot / Toe,ankle_foot,Out,DNP,2015_EdelJu00_11,7,1,Out,0
2015,NE,EdelJu00,Julian Edelman,WR,29.27857631759069,pre2020,14,4,1.6094379124341003,3,0,1,0.26,2,0,19.166666666666668,Foot / Toe,ankle_foot,Out,Limited,2015_EdelJu00_11,7,1,Doubtful,0
2015,NE,EdelJu00,Julian Edelman,WR,29.27857631759069,pre2020,15,5,1.791759469228055,2,0,1,0.26,2,0,19.166666666666668,Foot / Toe,ankle_foot,Doubtful,Limited,2015_EdelJu00_11,7,1,Doubtful,0
2015,NE,EdelJu00,Julian Edelman,WR,29.27857631759069,pre2020,16,6,1.9459101490553132,1,0,1,0.26,2,0,19.166666666666668,Foot / Toe,ankle_foot,Doubtful,Limited,2015_EdelJu00_11,7,1,Out,0
2015,NE,EdelJu00,Julian Edelman,WR,29.27857631759069,pre2020,17,7,2.0794415416798357,0,0,1,0.26,2,0,19.166666666666668,Foot / Toe,ankle_foot,Out,DNP,2015_EdelJu00_11,7,1,No report,0
2015,NE,GronRo00,Rob Gronkowski,TE,26.299794661190965,pre2020,13,1,0.6931471805599453,4,0,0,0.85,0,0,18.554545454545455,Knee,knee,Out,DNP,2015_GronRo00_13,1,0,Questionable,1
2015,NE,LewiDi00,Dion Lewis,RB,24.928131416837783,pre2020,7,1,0.6931471805599453,10,0,0,0.57,0,0,17.54,Core / Abdomen,other,Questionable,Limited,2015_LewiDi00_7,1,0,Questionable,1
2015,NE,LewiDi00,Dion Lewis,RB,24.928131416837783,pre2020,10,1,0.6931471805599453,7,1,1,0.3,0,1,17.17142857142857,Core / Abdomen,other,Not listed,Not listed,2015_LewiDi00_10,8,1,Not listed,0
2015,NE,LewiDi00,Dion Lewis,RB,24.928131416837783,pre2020,11,2,1.0986122886681098,6,1,1,0.3,0,1,17.17142857142857,Core / Abdomen,other,Not listed,Not listed,2015_LewiDi00_10,8,1,Not listed,0
2015,NE,LewiDi00,Dion Lewis,RB,24.928131416837783,pre2020,12,3,1.3862943611198906,5,1,1,0.3,0,1,17.17142857142857,Core / Abdomen,other,Not listed,Not listed,2015_LewiDi00_10,8,1,Not listed,0
2015,NE,LewiDi00,Dion Lewis,RB,24.928131416837783,pre2020,13,4,1.6094379124341003,4,1,1,0.3,0,1,17.17142857142857,Core / Abdomen,other,Not listed,Not listed,2015_LewiDi00_10,8,1,Not listed,0
2015,NE,LewiDi00,Dion Lewis,RB,24.928131416837783,pre2020,14,5,1.791759469228055,3,1,1,0.3,0,1,17.17142857142857,Core / Abdomen,other,Not listed,Not listed,2015_LewiDi00_10,8,1,Not listed,0
2015,NE,LewiDi00,Dion Lewis,RB,24.928131416837783,pre2020,15,6,1.9459101490553132,2,1,1,0.3,0,1,17.17142857142857,Core / Abdomen,other,Not listed,Not listed,2015_LewiDi00_10,8,1,Not listed,0
2015,NE,LewiDi00,Dion Lewis,RB,24.928131416837783,pre2020,16,7,2.0794415416798357,1,1,1,0.3,0,1,17.17142857142857,Core / Abdomen,other,Not listed,Not listed,2015_LewiDi00_10,8,1,Not listed,0
2015,NE,LewiDi00,Dion Lewis,RB,24.928131416837783,pre2020,17,8,2.1972245773362196,0,1,1,0.3,0,1,17.17142857142857,Core / Abdomen,other,Not listed,Not listed,2015_LewiDi00_10,8,1,No report,0
2015,NO,IngrMa01,Mark Ingram,RB,25.694729637234772,pre2020,14,1,0.6931471805599453,3,1,0,0.85,3,0,16.95,Shoulder,other,Not listed,Not listed,2015_IngrMa01_14,4,1,No report,0
2015,NO,IngrMa01,Mark Ingram,RB,25.694729637234772,pre2020,15,2,1.0986122886681098,2,1,0,0.85,3,0,16.95,Shoulder,other,Not listed,Not listed,2015_IngrMa01_14,4,1,Not listed,0
2015,NO,IngrMa01,Mark Ingram,RB,25.694729637234772,pre2020,16,3,1.3862943611198906,1,1,0,0.85,3,0,16.95,Shoulder,other,Not listed,Not listed,2015_IngrMa01_14,4,1,Not listed,0
2015,NO,IngrMa01,Mark Ingram,RB,25.694729637234772,pre2020,17,4,1.6094379124341003,0,1,0,0.85,3,0,16.95,Shoulder,other,Not listed,Not listed,2015_IngrMa01_14,4,1,No report,0
2015,NYJ,DeckEr00,Eric Decker,WR,28.465434633812457,pre2020,3,1,0.6931471805599453,13,0,0,0.78,1,0,15.523333333333333,Knee,knee,Questionable,DNP,2015_DeckEr00_3,1,0,Questionable,1
2015,NYJ,IvorCh00,Chris Ivory,RB,27.444216290212182,pre2020,3,1,0.6931471805599453,13,0,0,0.46,0,0,12.5125,Quad / Thigh,soft_tissue,Questionable,Limited,2015_IvorCh00_3,1,0,Probable,1
2015,NYJ,PoweBi00,Bilal Powell,RB,26.844626967830255,pre2020,17,1,0.6931471805599453,0,0,0,0.62,0,1,12.281818181818181,Ankle,ankle_foot,Questionable,DNP,2015_PoweBi00_17,1,1,No report,0
2015,PHI,MathRy00,Ryan Mathews,RB,27.89322381930185,pre2020,11,1,0.6931471805599453,6,0,0,0.21,10,0,11.177777777777779,Head / Concussion,concussion,Out,DNP,2015_MathRy00_11,3,0,Out,0
2015,PHI,MathRy00,Ryan Mathews,RB,27.89322381930185,pre2020,12,2,1.0986122886681098,5,0,0,0.21,10,0,11.177777777777779,Head / Concussion,concussion,Out,DNP,2015_MathRy00_11,3,0,Out,0
2015,PHI,MathRy00,Ryan Mathews,RB,27.89322381930185,pre2020,13,3,1.3862943611198906,4,0,0,0.21,10,0,11.177777777777779,Head / Concussion,concussion,Out,DNP,2015_MathRy00_11,3,0,No report,1
2015,PHI,MurrDe00,DeMarco Murray,RB,27.550992470910334,pre2020,3,1,0.6931471805599453,13,0,0,0.69,0,0,18.096875,Hamstring,soft_tissue,Questionable,Full,2015_MurrDe00_3,1,0,Questionable,1
2015,PIT,BellLe00,Le'Veon Bell,RB,23.534565366187543,pre2020,9,1,0.6931471805599453,7,1,1,0.29,0,0,18.533333333333335,Unspecified (IR),unspecified,Not listed,Not listed,2015_BellLe00_9,8,1,Not listed,0
2015,PIT,BellLe00,Le'Veon Bell,RB,23.534565366187543,pre2020,10,2,1.0986122886681098,6,1,1,0.29,0,0,18.533333333333335,Unspecified (IR),unspecified,Not listed,Not listed,2015_BellLe00_9,8,1,Not listed,0
2015,PIT,BellLe00,Le'Veon Bell,RB,23.534565366187543,pre2020,12,3,1.3862943611198906,5,1,1,0.29,0,0,18.533333333333335,Unspecified (IR),unspecified,Not listed,Not listed,2015_BellLe00_9,8,1,Not listed,0
2015,PIT,BellLe00,Le'Veon Bell,RB,23.534565366187543,pre2020,13,4,1.6094379124341003,4,1,1,0.29,0,0,18.533333333333335,Unspecified (IR),unspecified,Not listed,Not listed,2015_BellLe00_9,8,1,No report,0
2015,PIT,BellLe00,Le'Veon Bell,RB,23.534565366187543,pre2020,14,5,1.791759469228055,3,1,1,0.29,0,0,18.533333333333335,Unspecified (IR),unspecified,Not listed,Not listed,2015_BellLe00_9,8,1,No report,0
2015,PIT,BellLe00,Le'Veon Bell,RB,23.534565366187543,pre2020,15,6,1.9459101490553132,2,1,1,0.29,0,0,18.533333333333335,Unspecified (IR),unspecified,Not listed,Not listed,2015_BellLe00_9,8,1,No report,0
2015,PIT,BellLe00,Le'Veon Bell,RB,23.534565366187543,pre2020,16,7,2.0794415416798357,1,1,1,0.29,0,0,18.533333333333335,Unspecified (IR),unspecified,Not listed,Not listed,2015_BellLe00_9,8,1,Not listed,0
2015,PIT,BellLe00,Le'Veon Bell,RB,23.534565366187543,pre2020,17,8,2.1972245773362196,0,1,1,0.29,0,0,18.533333333333335,Unspecified (IR),unspecified,Not listed,Not listed,2015_BellLe00_9,8,1,No report,0
2015,PIT,RoetBe00,Ben Roethlisberger,QB,33.50034223134839,pre2020,4,1,0.6931471805599453,12,0,0,0.71,0,0,18.3790625,Knee,knee,Out,Unknown,2015_RoetBe00_4,4,0,Out,0
2015,PIT,RoetBe00,Ben Roethlisberger,QB,33.50034223134839,pre2020,5,2,1.0986122886681098,11,0,0,0.71,0,0,18.3790625,Knee,knee,Out,DNP,2015_RoetBe00_4,4,0,Out,0
2015,PIT,RoetBe00,Ben Roethlisberger,QB,33.50034223134839,pre2020,6,3,1.3862943611198906,10,0,0,0.71,0,0,18.3790625,Knee,knee,Out,DNP,2015_RoetBe00_4,4,0,Questionable,0
2015,PIT,RoetBe00,Ben Roethlisberger,QB,33.50034223134839,pre2020,7,4,1.6094379124341003,9,0,0,0.71,0,0,18.3790625,Knee,knee,Questionable,Limited,2015_RoetBe00_4,4,0,Probable,1
2015,SD,AlleKe00,Keenan Allen,WR,23.345653661875428,pre2020,9,1,0.6931471805599453,7,1,0,0.6,2,0,20.4375,Unspecified (IR),unspecified,Not listed,Not listed,2015_AlleKe00_9,8,1,Not listed,0
2015,SD,AlleKe00,Keenan Allen,WR,23.345653661875428,pre2020,11,2,1.0986122886681098,6,1,0,0.6,2,0,20.4375,Unspecified (IR),unspecified,Not listed,Not listed,2015_AlleKe00_9,8,1,Not listed,0
2015,SD,AlleKe00,Keenan Allen,WR,23.345653661875428,pre2020,12,3,1.3862943611198906,5,1,0,0.6,2,0,20.4375,Unspecified (IR),unspecified,Not listed,Not listed,2015_AlleKe00_9,8,1,Not listed,0
2015,SD,AlleKe00,Keenan Allen,WR,23.345653661875428,pre2020,13,4,1.6094379124341003,4,1,0,0.6,2,0,20.4375,Unspecified (IR),unspecified,Not listed,Not listed,2015_AlleKe00_9,8,1,Not listed,0
2015,SD,AlleKe00,Keenan Allen,WR,23.345653661875428,pre2020,14,5,1.791759469228055,3,1,0,0.6,2,0,20.4375,Unspecified (IR),unspecified,Not listed,Not listed,2015_AlleKe00_9,8,1,Not listed,0
2015,SD,AlleKe00,Keenan Allen,WR,23.345653661875428,pre2020,15,6,1.9459101490553132,2,1,0,0.6,2,0,20.4375,Unspecified (IR),unspecified,Not listed,Not listed,2015_AlleKe00_9,8,1,Not listed,0
2015,SD,AlleKe00,Keenan Allen,WR,23.345653661875428,pre2020,16,7,2.0794415416798357,1,1,0,0.6,2,0,20.4375,Unspecified (IR),unspecified,Not listed,Not listed,2015_AlleKe00_9,8,1,Not listed,0
2015,SD,AlleKe00,Keenan Allen,WR,23.345653661875428,pre2020,17,8,2.1972245773362196,0,1,0,0.6,2,0,20.4375,Unspecified (IR),unspecified,Not listed,Not listed,2015_AlleKe00_9,8,1,No report,0
2015,SD,GateAn00,Antonio Gates,TE,35.20328542094456,pre2020,7,1,0.6931471805599453,9,0,0,0.75,0,0,19.146875,Knee,knee,Questionable,DNP,2015_GateAn00_7,1,0,Questionable,1
2015,SD,GreeLa00,Ladarius Green,TE,25.259411362080765,pre2020,9,1,0.6931471805599453,7,0,1,0.1,2,0,12.342857142857143,Ankle,ankle_foot,Doubtful,DNP,2015_GreeLa00_9,1,0,Questionable,1
2015,SD,JohnSt00,Stevie Johnson,WR,29.111567419575632,pre2020,14,1,0.6931471805599453,3,0,0,0.67,3,1,12.522222222222224,Hip / Groin,soft_tissue,Out,DNP,2015_JohnSt00_14,4,1,Doubtful,0
2015,SD,JohnSt00,Stevie Johnson,WR,29.111567419575632,pre2020,15,2,1.0986122886681098,2,0,0,0.67,3,1,12.522222222222224,Hip / Groin,soft_tissue,Doubtful,DNP,2015_JohnSt00_14,4,1,Questionable,0
2015,SD,JohnSt00,Stevie Johnson,WR,29.111567419575632,pre2020,16,3,1.3862943611198906,1,0,0,0.67,3,1,12.522222222222224,Hip / Groin,soft_tissue,Questionable,Limited,2015_JohnSt00_14,4,1,Questionable,0
2015,SD,JohnSt00,Stevie Johnson,WR,29.111567419575632,pre2020,17,4,1.6094379124341003,0,0,0,0.67,3,1,12.522222222222224,Hip / Groin,soft_tissue,Questionable,Limited,2015_JohnSt00_14,4,1,No report,0
2015,SEA,LyncMa00,Marshawn Lynch,RB,29.360711841204655,pre2020,4,1,0.6931471805599453,12,0,1,0.17,0,0,12.1984375,Hamstring,soft_tissue,Questionable,DNP,2015_LyncMa00_4,2,0,Out,0
2015,SEA,LyncMa00,Marshawn Lynch,RB,29.360711841204655,pre2020,5,2,1.0986122886681098,11,0,1,0.17,0,0,12.1984375,Hamstring,soft_tissue,Out,Limited,2015_LyncMa00_4,2,0,Questionable,1
2015,SEA,LyncMa00,Marshawn Lynch,RB,29.360711841204655,pre2020,11,1,0.6931471805599453,6,0,0,0.79,0,0,11.814285714285715,Core / Abdomen,other,Questionable,DNP,2015_LyncMa00_11,7,1,Out,0
2015,SEA,LyncMa00,Marshawn Lynch,RB,29.360711841204655,pre2020,12,2,1.0986122886681098,5,0,0,0.79,0,0,11.814285714285715,Core / Abdomen,other,Out,Unknown,2015_LyncMa00_11,7,1,Out,0
2015,SEA,LyncMa00,Marshawn Lynch,RB,29.360711841204655,pre2020,13,3,1.3862943611198906,4,0,0,0.79,0,0,11.814285714285715,Core / Abdomen,other,Out,Unknown,2015_LyncMa00_11,7,1,Out,0
2015,SEA,LyncMa00,Marshawn Lynch,RB,29.360711841204655,pre2020,14,4,1.6094379124341003,3,0,0,0.79,0,0,11.814285714285715,Core / Abdomen,other,Out,Unknown,2015_LyncMa00_11,7,1,Out,0
2015,SEA,LyncMa00,Marshawn Lynch,RB,29.360711841204655,pre2020,15,5,1.791759469228055,2,0,0,0.79,0,0,11.814285714285715,Core / Abdomen,other,Out,Unknown,2015_LyncMa00_11,7,1,Out,0
2015,SEA,LyncMa00,Marshawn Lynch,RB,29.360711841204655,pre2020,16,6,1.9459101490553132,1,0,0,0.79,0,0,11.814285714285715,Core / Abdomen,other,Out,Unknown,2015_LyncMa00_11,7,1,Out,0
2015,SEA,LyncMa00,Marshawn Lynch,RB,29.360711841204655,pre2020,17,7,2.0794415416798357,0,0,0,0.79,0,0,11.814285714285715,Core / Abdomen,other,Out,Unknown,2015_LyncMa00_11,7,1,No report,0
2015,SF,HydeCa00,Carlos Hyde,RB,24.947296372347708,pre2020,8,1,0.6931471805599453,8,0,1,0.43,2,0,11.614285714285716,Foot / Toe,ankle_foot,Out,DNP,2015_HydeCa00_8,9,1,Out,0
2015,SF,HydeCa00,Carlos Hyde,RB,24.947296372347708,pre2020,9,2,1.0986122886681098,7,0,1,0.43,2,0,11.614285714285716,Foot / Toe,ankle_foot,Out,DNP,2015_HydeCa00_8,9,1,Out,0
2015,SF,HydeCa00,Carlos Hyde,RB,24.947296372347708,pre2020,11,3,1.3862943611198906,6,0,1,0.43,2,0,11.614285714285716,Foot / Toe,ankle_foot,Out,DNP,2015_HydeCa00_8,9,1,Out,0
2015,SF,HydeCa00,Carlos Hyde,RB,24.947296372347708,pre2020,12,4,1.6094379124341003,5,0,1,0.43,2,0,11.614285714285716,Foot / Toe,ankle_foot,Out,DNP,2015_HydeCa00_8,9,1,Out,0
2015,SF,HydeCa00,Carlos Hyde,RB,24.947296372347708,pre2020,13,5,1.791759469228055,4,0,1,0.43,2,0,11.614285714285716,Foot / Toe,ankle_foot,Out,DNP,2015_HydeCa00_8,9,1,Out,0
2015,SF,HydeCa00,Carlos Hyde,RB,24.947296372347708,pre2020,14,6,1.9459101490553132,3,0,1,0.43,2,0,11.614285714285716,Foot / Toe,ankle_foot,Out,DNP,2015_HydeCa00_8,9,1,Not listed,0
2015,SF,HydeCa00,Carlos Hyde,RB,24.947296372347708,pre2020,15,7,2.0794415416798357,2,1,1,0.43,2,0,11.614285714285716,Foot / Toe,ankle_foot,Not listed,Not listed,2015_HydeCa00_8,9,1,Not listed,0
2015,SF,HydeCa00,Carlos Hyde,RB,24.947296372347708,pre2020,16,8,2.1972245773362196,1,1,1,0.43,2,0,11.614285714285716,Foot / Toe,ankle_foot,Not listed,Not listed,2015_HydeCa00_8,9,1,Not listed,0
2015,SF,HydeCa00,Carlos Hyde,RB,24.947296372347708,pre2020,17,9,2.302585092994046,0,1,1,0.43,2,0,11.614285714285716,Foot / Toe,ankle_foot,Not listed,Not listed,2015_HydeCa00_8,9,1,No report,0
2015,STL,GurlTo01,Todd Gurley,RB,21.078713210130047,pre2020,17,1,0.6931471805599453,0,0,0,0.67,0,0,16.03076923076923,Foot / Toe,ankle_foot,Doubtful,DNP,2015_GurlTo01_17,1,1,No report,0
2015,TEN,WalkHu00,Delanie Walker,TE,31.052703627652292,pre2020,2,1,0.6931471805599453,14,0,0,0.61,1,0,12.125,Hand / Wrist,other,Questionable,Full,2015_WalkHu00_2,1,0,Probable,1
2015,WAS,ReedJo02,Jordan Reed,TE,25.163586584531142,pre2020,5,1,0.6931471805599453,11,0,0,0.52,5,1,13.950000000000001,Head / Concussion,concussion,Out,DNP,2015_ReedJo02_5,2,0,Out,0
2015,WAS,ReedJo02,Jordan Reed,TE,25.163586584531142,pre2020,6,2,1.0986122886681098,10,0,0,0.52,5,1,13.950000000000001,Head / Concussion,concussion,Out,DNP,2015_ReedJo02_5,2,0,Questionable,1
2016,ATL,ColeTe01,Tevin Coleman,RB,23.378507871321013,pre2020,8,1,0.6931471805599453,8,0,1,0.22,4,0,15.914285714285715,Hamstring,soft_tissue,Out,DNP,2016_ColeTe01_8,3,0,Out,0
2016,ATL,ColeTe01,Tevin Coleman,RB,23.378507871321013,pre2020,9,2,1.0986122886681098,7,0,1,0.22,4,0,15.914285714285715,Hamstring,soft_tissue,Out,DNP,2016_ColeTe01_8,3,0,Out,0
2016,ATL,ColeTe01,Tevin Coleman,RB,23.378507871321013,pre2020,10,3,1.3862943611198906,6,0,1,0.22,4,0,15.914285714285715,Hamstring,soft_tissue,Out,DNP,2016_ColeTe01_8,3,0,None,1
2016,ATL,JoneJu02,Julio Jones,WR,27.561943874058862,pre2020,14,1,0.6931471805599453,3,0,0,0.64,0,0,18.941666666666666,Foot / Toe,ankle_foot,Questionable,DNP,2016_JoneJu02_14,2,0,Out,0
2016,ATL,JoneJu02,Julio Jones,WR,27.561943874058862,pre2020,15,2,1.0986122886681098,2,0,0,0.64,0,0,18.941666666666666,Foot / Toe,ankle_foot,Out,DNP,2016_JoneJu02_14,2,0,None,1
2016,BUF,McCoLe01,LeSean McCoy,RB,28.139630390143736,pre2020,8,1,0.6931471805599453,8,0,1,0.4,4,1,18.785714285714285,Hamstring,soft_tissue,Doubtful,DNP,2016_McCoLe01_8,1,0,Questionable,1
2016,BUF,TaylTy00,Tyrod Taylor,QB,27.080082135523615,pre2020,17,1,0.6931471805599453,0,0,0,1.0,2,0,18.061333333333334,Hip / Groin,soft_tissue,None,Full,2016_TaylTy00_17,1,1,No report,0
2016,CAR,NewtCa00,Cam Newton,QB,27.310061601642712,pre2020,5,1,0.6931471805599453,11,0,1,0.59,0,0,19.915,Head / Concussion,concussion,Out,DNP,2016_NewtCa00_5,1,0,Questionable,1
2016,CHI,RoyaEd00,Eddie Royal,WR,30.28336755646817,pre2020,7,1,0.6931471805599453,9,0,0,0.44,6,0,13.466666666666667,Foot / Toe,ankle_foot,Out,DNP,2016_RoyaEd00_7,2,0,Doubtful,0
2016,CHI,RoyaEd00,Eddie Royal,WR,30.28336755646817,pre2020,8,2,1.0986122886681098,8,0,0,0.44,6,0,13.466666666666667,Foot / Toe,ankle_foot,Doubtful,DNP,2016_RoyaEd00_7,2,0,Questionable,1
2016,CIN,EifeTy00,Tyler Eifert,TE,25.982203969883642,pre2020,16,1,0.6931471805599453,1,0,0,1.0,3,0,12.3,Back,other,Out,DNP,2016_EifeTy00_16,2,1,Not listed,0
2016,CIN,EifeTy00,Tyler Eifert,TE,25.982203969883642,pre2020,17,2,1.0986122886681098,0,0,0,1.0,3,0,12.3,Back,other,Not listed,Not listed,2016_EifeTy00_16,2,1,No report,0
2016,CIN,GreeA.00,A.J. Green,WR,28.087611225188226,pre2020,12,1,0.6931471805599453,5,0,1,0.03,0,0,18.64,Hamstring,soft_tissue,Out,DNP,2016_GreeA.00_12,6,1,Out,0
2016,CIN,GreeA.00,A.J. Green,WR,28.087611225188226,pre2020,13,2,1.0986122886681098,4,0,1,0.03,0,0,18.64,Hamstring,soft_tissue,Out,DNP,2016_GreeA.00_12,6,1,Out,0
2016,CIN,GreeA.00,A.J. Green,WR,28.087611225188226,pre2020,14,3,1.3862943611198906,3,0,1,0.03,0,0,18.64,Hamstring,soft_tissue,Out,DNP,2016_GreeA.00_12,6,1,Doubtful,0
2016,CIN,GreeA.00,A.J. Green,WR,28.087611225188226,pre2020,15,4,1.6094379124341003,2,0,1,0.03,0,0,18.64,Hamstring,soft_tissue,Doubtful,Limited,2016_GreeA.00_12,6,1,Questionable,0
2016,CIN,GreeA.00,A.J. Green,WR,28.087611225188226,pre2020,16,5,1.791759469228055,1,0,1,0.03,0,0,18.64,Hamstring,soft_tissue,Questionable,Full,2016_GreeA.00_12,6,1,Out,0
2016,CIN,GreeA.00,A.J. Green,WR,28.087611225188226,pre2020,17,6,1.9459101490553132,0,0,1,0.03,0,0,18.64,Hamstring,soft_tissue,Out,DNP,2016_GreeA.00_12,6,1,No report,0
2016,CIN,HillJe01,Jeremy Hill,RB,23.865845311430526,pre2020,17,1,0.6931471805599453,0,0,1,0.21,0,0,11.753333333333334,Knee,knee,Questionable,Limited,2016_HillJe01_17,1,1,No report,0
2016,CLE,ColeCo00,Corey Coleman,WR,22.157426420260094,pre2020,3,1,0.6931471805599453,13,0,0,0.85,0,0,18.15,Hand / Wrist,other,Out,DNP,2016_ColeCo00_3,6,0,Out,0
2016,CLE,ColeCo00,Corey Coleman,WR,22.157426420260094,pre2020,4,2,1.0986122886681098,12,0,0,0.85,0,0,18.15,Hand / Wrist,other,Out,DNP,2016_ColeCo00_3,6,0,Out,0
2016,CLE,ColeCo00,Corey Coleman,WR,22.157426420260094,pre2020,5,3,1.3862943611198906,11,0,0,0.85,0,0,18.15,Hand / Wrist,other,Out,DNP,2016_ColeCo00_3,6,0,Out,0
2016,CLE,ColeCo00,Corey Coleman,WR,22.157426420260094,pre2020,6,4,1.6094379124341003,10,0,0,0.85,0,0,18.15,Hand / Wrist,other,Out,DNP,2016_ColeCo00_3,6,0,Out,0
2016,CLE,ColeCo00,Corey Coleman,WR,22.157426420260094,pre2020,7,5,1.791759469228055,9,0,0,0.85,0,0,18.15,Hand / Wrist,other,Out,DNP,2016_ColeCo00_3,6,0,Out,0
2016,CLE,ColeCo00,Corey Coleman,WR,22.157426420260094,pre2020,8,6,1.9459101490553132,8,0,0,0.85,0,0,18.15,Hand / Wrist,other,Out,Limited,2016_ColeCo00_3,6,0,None,1
2016,DEN,AndeC.00,C.J. Anderson,RB,25.557837097878167,pre2020,8,1,0.6931471805599453,8,0,0,0.45,1,0,14.642857142857142,Knee,knee,Out,DNP,2016_AndeC.00_8,9,1,Not listed,0
2016,DEN,AndeC.00,C.J. Anderson,RB,25.557837097878167,pre2020,9,2,1.0986122886681098,7,0,0,0.45,1,0,14.642857142857142,Knee,knee,Not listed,Not listed,2016_AndeC.00_8,9,1,Not listed,0
2016,DEN,AndeC.00,C.J. Anderson,RB,25.557837097878167,pre2020,10,3,1.3862943611198906,6,0,0,0.45,1,0,14.642857142857142,Knee,knee,Not listed,Not listed,2016_AndeC.00_8,9,1,Not listed,0
2016,DEN,AndeC.00,C.J. Anderson,RB,25.557837097878167,pre2020,12,4,1.6094379124341003,5,0,0,0.45,1,0,14.642857142857142,Knee,knee,Not listed,Not listed,2016_AndeC.00_8,9,1,Not listed,0
2016,DEN,AndeC.00,C.J. Anderson,RB,25.557837097878167,pre2020,13,5,1.791759469228055,4,0,0,0.45,1,0,14.642857142857142,Knee,knee,Not listed,Not listed,2016_AndeC.00_8,9,1,Not listed,0
2016,DEN,AndeC.00,C.J. Anderson,RB,25.557837097878167,pre2020,14,6,1.9459101490553132,3,0,0,0.45,1,0,14.642857142857142,Knee,knee,Not listed,Not listed,2016_AndeC.00_8,9,1,Not listed,0
2016,DEN,AndeC.00,C.J. Anderson,RB,25.557837097878167,pre2020,15,7,2.0794415416798357,2,0,0,0.45,1,0,14.642857142857142,Knee,knee,Not listed,Not listed,2016_AndeC.00_8,9,1,Not listed,0
2016,DEN,AndeC.00,C.J. Anderson,RB,25.557837097878167,pre2020,16,8,2.1972245773362196,1,0,0,0.45,1,0,14.642857142857142,Knee,knee,Not listed,Not listed,2016_AndeC.00_8,9,1,Not listed,0
2016,DEN,AndeC.00,C.J. Anderson,RB,25.557837097878167,pre2020,17,9,2.302585092994046,0,0,0,0.45,1,0,14.642857142857142,Knee,knee,Not listed,Not listed,2016_AndeC.00_8,9,1,No report,0
2016,DET,RiddTh00,Theo Riddick,RB,25.3305954825462,pre2020,6,1,0.6931471805599453,10,0,0,0.66,0,0,17.220000000000002,Ankle,ankle_foot,Out,DNP,2016_RiddTh00_6,2,0,Out,0
2016,DET,RiddTh00,Theo Riddick,RB,25.3305954825462,pre2020,7,2,1.0986122886681098,9,0,0,0.66,0,0,17.220000000000002,Ankle,ankle_foot,Out,DNP,2016_RiddTh00_6,2,0,None,1
2016,DET,RiddTh00,Theo Riddick,RB,25.3305954825462,pre2020,14,1,0.6931471805599453,3,0,0,0.47,0,0,16.18,Hand / Wrist,other,Questionable,Limited,2016_RiddTh00_14,4,1,Doubtful,0
2016,DET,RiddTh00,Theo Riddick,RB,25.3305954825462,pre2020,15,2,1.0986122886681098,2,0,0,0.47,0,0,16.18,Hand / Wrist,other,Doubtful,DNP,2016_RiddTh00_14,4,1,Doubtful,0
2016,DET,RiddTh00,Theo Riddick,RB,25.3305954825462,pre2020,16,3,1.3862943611198906,1,0,0,0.47,0,0,16.18,Hand / Wrist,other,Doubtful,DNP,2016_RiddTh00_14,4,1,Out,0
2016,DET,RiddTh00,Theo Riddick,RB,25.3305954825462,pre2020,17,4,1.6094379124341003,0,0,0,0.47,0,0,16.18,Hand / Wrist,other,Out,DNP,2016_RiddTh00_14,4,1,No report,0
2016,GB,CobbRa00,Randall Cobb,WR,26.028747433264886,pre2020,8,1,0.6931471805599453,9,0,0,0.9,0,0,15.516666666666667,Hamstring,soft_tissue,Questionable,Limited,2016_CobbRa00_8,1,0,Questionable,1
2016,HOU,FullWi01,Will Fuller,WR,22.379192334017795,pre2020,6,1,0.6931471805599453,10,0,0,1.0,0,0,14.14,Hamstring,soft_tissue,Questionable,Limited,2016_FullWi01_6,1,0,None,1
2016,HOU,MillLa01,Lamar Miller,RB,25.35523613963039,pre2020,16,1,0.6931471805599453,1,0,0,0.57,0,0,13.65,Ankle,ankle_foot,Questionable,DNP,2016_MillLa01_16,2,1,Out,0
2016,HOU,MillLa01,Lamar Miller,RB,25.35523613963039,pre2020,17,2,1.0986122886681098,0,0,0,0.57,0,0,13.65,Ankle,ankle_foot,Out,DNP,2016_MillLa01_16,2,1,No report,0
2016,IND,LuckAn00,Andrew Luck,QB,26.97056810403833,pre2020,12,1,0.6931471805599453,5,0,0,1.0,9,0,19.968,Head / Concussion,concussion,Out,DNP,2016_LuckAn00_12,1,0,None,1
2016,LA,BritKe00,Kenny Britt,WR,27.95071868583162,pre2020,17,1,0.6931471805599453,0,0,0,0.53,0,0,13.08,Shoulder,other,Doubtful,DNP,2016_BritKe00_17,1,1,No report,0
2016,MIN,DiggSt00,Stefon Diggs,WR,22.757015742642025,pre2020,5,1,0.6931471805599453,11,0,0,0.93,0,0,17.0,Hip / Groin,soft_tissue,Doubtful,DNP,2016_DiggSt00_5,1,0,Questionable,1
2016,MIN,DiggSt00,Stefon Diggs,WR,22.757015742642025,pre2020,12,1,0.6931471805599453,5,0,0,0.74,0,0,17.18888888888889,Knee,knee,Questionable,DNP,2016_DiggSt00_12,1,0,Questionable,1
2016,MIN,DiggSt00,Stefon Diggs,WR,22.757015742642025,pre2020,17,1,0.6931471805599453,0,0,0,0.73,0,1,14.86923076923077,Hip / Groin,soft_tissue,Doubtful,DNP,2016_DiggSt00_17,1,1,No report,0
2016,NE,GronRo00,Rob Gronkowski,TE,27.301848049281315,pre2020,11,1,0.6931471805599453,6,0,0,0.85,1,0,13.857142857142858,Chest / Ribs,other,Out,DNP,2016_GronRo00_11,1,0,Questionable,1
2016,NE,GronRo00,Rob Gronkowski,TE,27.301848049281315,pre2020,13,1,0.6931471805599453,4,0,1,0.1,1,0,12.125,Back,other,Out,DNP,2016_GronRo00_13,5,1,Not listed,0
2016,NE,GronRo00,Rob Gronkowski,TE,27.301848049281315,pre2020,14,2,1.0986122886681098,3,0,1,0.1,1,0,12.125,Back,other,Not listed,Not listed,2016_GronRo00_13,5,1,Not listed,0
2016,NE,GronRo00,Rob Gronkowski,TE,27.301848049281315,pre2020,15,3,1.3862943611198906,2,0,1,0.1,1,0,12.125,Back,other,Not listed,Not listed,2016_GronRo00_13,5,1,Not listed,0
2016,NE,GronRo00,Rob Gronkowski,TE,27.301848049281315,pre2020,16,4,1.6094379124341003,1,0,1,0.1,1,0,12.125,Back,other,Not listed,Not listed,2016_GronRo00_13,5,1,Not listed,0
2016,NE,GronRo00,Rob Gronkowski,TE,27.301848049281315,pre2020,17,5,1.791759469228055,0,0,1,0.1,1,0,12.125,Back,other,Not listed,Not listed,2016_GronRo00_13,5,1,No report,0
2016,NO,SneaWi00,Willie Snead,WR,23.874058863791923,pre2020,3,1,0.6931471805599453,13,0,0,0.87,1,0,18.263333333333335,Foot / Toe,ankle_foot,Questionable,Limited,2016_SneaWi00_3,1,0,Questionable,1
2016,NO,ThomMi05,Michael Thomas,WR,23.498973305954827,pre2020,14,1,0.6931471805599453,3,0,0,0.85,0,0,15.841666666666667,Foot / Toe,ankle_foot,Questionable,Limited,2016_ThomMi05_14,1,0,None,1
2016,NYJ,DeckEr00,Eric Decker,WR,29.467488021902806,pre2020,4,1,0.6931471805599453,12,0,0,1.0,1,0,14.311666666666667,Shoulder,other,Out,DNP,2016_DeckEr00_4,13,1,Out,0
2016,NYJ,DeckEr00,Eric Decker,WR,29.467488021902806,pre2020,5,2,1.0986122886681098,11,0,0,1.0,1,0,14.311666666666667,Shoulder,other,Out,DNP,2016_DeckEr00_4,13,1,Not listed,0
2016,NYJ,DeckEr00,Eric Decker,WR,29.467488021902806,pre2020,6,3,1.3862943611198906,10,0,0,1.0,1,0,14.311666666666667,Shoulder,other,Not listed,Not listed,2016_DeckEr00_4,13,1,Not listed,0
2016,NYJ,DeckEr00,Eric Decker,WR,29.467488021902806,pre2020,7,4,1.6094379124341003,9,0,0,1.0,1,0,14.311666666666667,Shoulder,other,Not listed,Not listed,2016_DeckEr00_4,13,1,Not listed,0
2016,NYJ,DeckEr00,Eric Decker,WR,29.467488021902806,pre2020,8,5,1.791759469228055,8,0,0,1.0,1,0,14.311666666666667,Shoulder,other,Not listed,Not listed,2016_DeckEr00_4,13,1,Not listed,0
2016,NYJ,DeckEr00,Eric Decker,WR,29.467488021902806,pre2020,9,6,1.9459101490553132,7,0,0,1.0,1,0,14.311666666666667,Shoulder,other,Not listed,Not listed,2016_DeckEr00_4,13,1,Not listed,0
2016,NYJ,DeckEr00,Eric Decker,WR,29.467488021902806,pre2020,10,7,2.0794415416798357,6,0,0,1.0,1,0,14.311666666666667,Shoulder,other,Not listed,Not listed,2016_DeckEr00_4,13,1,Not listed,0
2016,NYJ,DeckEr00,Eric Decker,WR,29.467488021902806,pre2020,12,8,2.1972245773362196,5,0,0,1.0,1,0,14.311666666666667,Shoulder,other,Not listed,Not listed,2016_DeckEr00_4,13,1,Not listed,0
2016,NYJ,DeckEr00,Eric Decker,WR,29.467488021902806,pre2020,13,9,2.302585092994046,4,0,0,1.0,1,0,14.311666666666667,Shoulder,other,Not listed,Not listed,2016_DeckEr00_4,13,1,Not listed,0
2016,NYJ,DeckEr00,Eric Decker,WR,29.467488021902806,pre2020,14,10,2.3978952727983707,3,0,0,1.0,1,0,14.311666666666667,Shoulder,other,Not listed,Not listed,2016_DeckEr00_4,13,1,Not listed,0
2016,NYJ,DeckEr00,Eric Decker,WR,29.467488021902806,pre2020,15,11,2.4849066497880004,2,0,0,1.0,1,0,14.311666666666667,Shoulder,other,Not listed,Not listed,2016_DeckEr00_4,13,1,Not listed,0
2016,NYJ,DeckEr00,Eric Decker,WR,29.467488021902806,pre2020,16,12,2.5649493574615367,1,0,0,1.0,1,0,14.311666666666667,Shoulder,other,Not listed,Not listed,2016_DeckEr00_4,13,1,Not listed,0
2016,NYJ,DeckEr00,Eric Decker,WR,29.467488021902806,pre2020,17,13,2.6390573296152584,0,0,0,1.0,1,0,14.311666666666667,Shoulder,other,Not listed,Not listed,2016_DeckEr00_4,13,1,No report,0
2016,NYJ,FortMa00,Matt Forte,RB,30.72689938398357,pre2020,16,1,0.6931471805599453,1,0,1,0.17,3,1,13.114285714285714,Knee,knee,Doubtful,DNP,2016_FortMa00_16,2,1,Out,0
2016,NYJ,FortMa00,Matt Forte,RB,30.72689938398357,pre2020,17,2,1.0986122886681098,0,0,1,0.17,3,1,13.114285714285714,Knee,knee,Out,DNP,2016_FortMa00_16,2,1,No report,0
2016,OAK,CarrDe02,Derek Carr,QB,25.43189596167009,pre2020,17,1,0.6931471805599453,0,0,0,0.83,0,0,17.898666666666667,Ankle,ankle_foot,Out,DNP,2016_CarrDe02_17,1,1,No report,0
2016,OAK,MurrLa00,Latavius Murray,RB,26.62012320328542,pre2020,5,1,0.6931471805599453,11,0,0,0.57,0,0,12.875,Foot / Toe,ankle_foot,Out,DNP,2016_MurrLa00_5,2,0,Out,0
2016,OAK,MurrLa00,Latavius Murray,RB,26.62012320328542,pre2020,6,2,1.0986122886681098,10,0,0,0.57,0,0,12.875,Foot / Toe,ankle_foot,Out,DNP,2016_MurrLa00_5,2,0,Questionable,1
2016,PHI,ErtzZa00,Zach Ertz,TE,25.809719370294317,pre2020,2,1,0.6931471805599453,14,0,0,0.78,1,0,11.465,Chest / Ribs,other,Out,DNP,2016_ErtzZa00_2,2,0,Out,0
2016,PHI,ErtzZa00,Zach Ertz,TE,25.809719370294317,pre2020,3,2,1.0986122886681098,13,0,0,0.78,1,0,11.465,Chest / Ribs,other,Out,DNP,2016_ErtzZa00_2,2,0,None,1
2016,PHI,MattJo00,Jordan Matthews,WR,24.128678986995208,pre2020,13,1,0.6931471805599453,4,0,1,0.41,0,0,13.054545454545455,Ankle,ankle_foot,Questionable,DNP,2016_MattJo00_13,1,0,Questionable,1
2016,PHI,MattJo00,Jordan Matthews,WR,24.128678986995208,pre2020,17,1,0.6931471805599453,0,0,0,0.7,0,1,12.242857142857144,Ankle,ankle_foot,Questionable,Limited,2016_MattJo00_17,1,1,No report,0
2016,PIT,RoetBe00,Ben Roethlisberger,QB,34.502395619438744,pre2020,7,1,0.6931471805599453,9,0,0,0.91,4,1,20.2,Knee,knee,Out,DNP,2016_RoetBe00_7,1,0,Questionable,1
2016,PIT,WillDe02,DeAngelo Williams,RB,33.35523613963039,pre2020,7,1,0.6931471805599453,9,0,1,0.13,0,0,12.600000000000001,Knee,knee,Out,DNP,2016_WillDe02_7,1,0,Questionable,1
2016,SD,GordMe00,Melvin Gordon,RB,23.38672142368241,pre2020,15,1,0.6931471805599453,2,0,1,0.12,2,0,19.27692307692308,Hip / Groin,soft_tissue,Out,DNP,2016_GordMe00_15,3,1,Out,0
2016,SD,GordMe00,Melvin Gordon,RB,23.38672142368241,pre2020,16,2,1.0986122886681098,1,0,1,0.12,2,0,19.27692307692308,Hip / Groin,soft_tissue,Out,DNP,2016_GordMe00_15,3,1,Out,0
2016,SD,GordMe00,Melvin Gordon,RB,23.38672142368241,pre2020,17,3,1.3862943611198906,0,0,1,0.12,2,0,19.27692307692308,Hip / Groin,soft_tissue,Out,DNP,2016_GordMe00_15,3,1,No report,0
2016,SF,HydeCa00,Carlos Hyde,RB,25.949349760438057,pre2020,7,1,0.6931471805599453,9,0,0,0.52,9,0,16.416666666666668,Shoulder,other,Out,DNP,2016_HydeCa00_7,2,0,Questionable,0
2016,SF,HydeCa00,Carlos Hyde,RB,25.949349760438057,pre2020,9,2,1.0986122886681098,8,0,0,0.52,9,0,16.416666666666668,Shoulder,other,Questionable,Limited,2016_HydeCa00_7,2,0,Questionable,1
2016,TB,MartDo00,Doug Martin,RB,27.633127994524298,pre2020,3,1,0.6931471805599453,13,0,1,0.16,0,0,11.484375,Hamstring,soft_tissue,Out,DNP,2016_MartDo00_3,6,0,Out,0
2016,TB,MartDo00,Doug Martin,RB,27.633127994524298,pre2020,4,2,1.0986122886681098,12,0,1,0.16,0,0,11.484375,Hamstring,soft_tissue,Out,DNP,2016_MartDo00_3,6,0,Doubtful,0
2016,TB,MartDo00,Doug Martin,RB,27.633127994524298,pre2020,5,3,1.3862943611198906,11,0,1,0.16,0,0,11.484375,Hamstring,soft_tissue,Doubtful,DNP,2016_MartDo00_3,6,0,Out,0
2016,TB,MartDo00,Doug Martin,RB,27.633127994524298,pre2020,7,4,1.6094379124341003,10,0,1,0.16,0,0,11.484375,Hamstring,soft_tissue,Out,DNP,2016_MartDo00_3,6,0,Out,0
2016,TB,MartDo00,Doug Martin,RB,27.633127994524298,pre2020,8,5,1.791759469228055,9,0,1,0.16,0,0,11.484375,Hamstring,soft_tissue,Out,DNP,2016_MartDo00_3,6,0,Out,0
2016,TB,MartDo00,Doug Martin,RB,27.633127994524298,pre2020,9,6,1.9459101490553132,8,0,1,0.16,0,0,11.484375,Hamstring,soft_tissue,Out,DNP,2016_MartDo00_3,6,0,Questionable,1
2016,TEN,WalkHu00,Delanie Walker,TE,32.054757015742645,pre2020,3,1,0.6931471805599453,13,0,0,0.78,1,0,15.021666666666667,Hamstring,soft_tissue,Questionable,DNP,2016_WalkHu00_3,1,0,Questionable,1
2016,WAS,ReedJo02,Jordan Reed,TE,26.16563997262149,pre2020,6,1,0.6931471805599453,10,0,0,0.91,2,1,15.320000000000002,Head / Concussion,concussion,Questionable,DNP,2016_ReedJo02_6,2,0,Out,0
2016,WAS,ReedJo02,Jordan Reed,TE,26.16563997262149,pre2020,7,2,1.0986122886681098,9,0,0,0.91,2,1,15.320000000000002,Head / Concussion,concussion,Out,DNP,2016_ReedJo02_6,2,0,Questionable,1
2016,WAS,ReedJo02,Jordan Reed,TE,26.16563997262149,pre2020,13,1,0.6931471805599453,4,0,0,0.49,2,0,16.88888888888889,Shoulder,other,Out,DNP,2016_ReedJo02_13,1,0,Questionable,1
2016,WAS,ReedJo02,Jordan Reed,TE,26.16563997262149,pre2020,16,1,0.6931471805599453,1,0,1,0.3,2,1,14.145454545454545,Shoulder,other,Questionable,DNP,2016_ReedJo02_16,1,0,Questionable,1
2017,ATL,ColeTe01,Tevin Coleman,RB,24.37782340862423,pre2020,15,1,0.6931471805599453,2,0,1,0.32,3,1,11.292307692307693,Head / Concussion,concussion,Out,DNP,2017_ColeTe01_15,1,0,None,1
2017,ATL,FreeDe00,Devonta Freeman,RB,25.464750171115675,pre2020,11,1,0.6931471805599453,6,0,1,0.03,0,1,12.68888888888889,Head / Concussion,concussion,Out,DNP,2017_FreeDe00_11,2,0,Out,0
2017,ATL,FreeDe00,Devonta Freeman,RB,25.464750171115675,pre2020,12,2,1.0986122886681098,5,0,1,0.03,0,1,12.68888888888889,Head / Concussion,concussion,Out,Limited,2017_FreeDe00_11,2,0,None,1
2017,BUF,ClayCh00,Charles Clay,TE,28.54757015742642,pre2020,7,1,0.6931471805599453,10,0,1,0.19,1,1,11.56,Knee,knee,Out,DNP,2017_ClayCh00_7,3,0,Out,0
2017,BUF,ClayCh00,Charles Clay,TE,28.54757015742642,pre2020,8,2,1.0986122886681098,9,0,1,0.19,1,1,11.56,Knee,knee,Out,DNP,2017_ClayCh00_7,3,0,Out,0
2017,BUF,ClayCh00,Charles Clay,TE,28.54757015742642,pre2020,9,3,1.3862943611198906,8,0,1,0.19,1,1,11.56,Knee,knee,Out,DNP,2017_ClayCh00_7,3,0,Questionable,1
2017,CIN,MixoJo00,Joe Mixon,RB,21.10609171800137,pre2020,14,1,0.6931471805599453,3,0,1,0.27,0,0,10.616666666666667,Head / Concussion,concussion,Out,DNP,2017_MixoJo00_14,2,0,Questionable,0
2017,CIN,MixoJo00,Joe Mixon,RB,21.10609171800137,pre2020,15,2,1.0986122886681098,2,0,1,0.27,0,0,10.616666666666667,Head / Concussion,concussion,Questionable,Full,2017_MixoJo00_14,2,0,None,1
2017,DEN,SandEm00,Emmanuel Sanders,WR,30.46132785763176,pre2020,7,1,0.6931471805599453,10,0,0,0.62,0,1,12.72,Ankle,ankle_foot,Out,DNP,2017_SandEm00_7,2,0,Questionable,0
2017,DEN,SandEm00,Emmanuel Sanders,WR,30.46132785763176,pre2020,8,2,1.0986122886681098,9,0,0,0.62,0,1,12.72,Ankle,ankle_foot,Questionable,DNP,2017_SandEm00_7,2,0,Questionable,1
2017,GB,AdamDa01,Davante Adams,WR,24.687200547570157,pre2020,16,1,0.6931471805599453,1,0,1,0.39,0,0,15.892857142857142,Head / Concussion,concussion,Out,DNP,2017_AdamDa01_16,2,1,Out,0
2017,GB,AdamDa01,Davante Adams,WR,24.687200547570157,pre2020,17,2,1.0986122886681098,0,0,1,0.39,0,0,15.892857142857142,Head / Concussion,concussion,Out,DNP,2017_AdamDa01_16,2,1,No report,0
2017,GB,CobbRa00,Randall Cobb,WR,27.028062970568104,pre2020,3,1,0.6931471805599453,13,0,0,0.71,3,0,13.328846153846154,Chest / Ribs,other,Doubtful,DNP,2017_CobbRa00_3,1,0,None,1
2017,GB,JoneAa00,Aaron Jones,RB,22.748802190280628,pre2020,11,1,0.6931471805599453,6,0,1,0.09,0,0,10.766666666666666,Knee,knee,Out,DNP,2017_JoneAa00_11,2,0,Out,0
2017,GB,JoneAa00,Aaron Jones,RB,22.748802190280628,pre2020,12,2,1.0986122886681098,5,0,1,0.09,0,0,10.766666666666666,Knee,knee,Out,DNP,2017_JoneAa00_11,2,0,Questionable,1
2017,GB,MontTy01,Ty Montgomery,RB,24.607802874743328,pre2020,5,1,0.6931471805599453,11,0,1,0.09,0,0,16.025,Chest / Ribs,other,Doubtful,Limited,2017_MontTy01_5,1,0,Questionable,1
2017,GB,RodgAa00,Aaron Rodgers,QB,33.74948665297741,pre2020,7,1,0.6931471805599453,9,0,1,0.12,0,0,17.95,Shoulder,other,Out,DNP,2017_RodgAa00_7,7,0,Not listed,0
2017,GB,RodgAa00,Aaron Rodgers,QB,33.74948665297741,pre2020,9,2,1.0986122886681098,8,0,1,0.12,0,0,17.95,Shoulder,other,Not listed,Not listed,2017_RodgAa00_7,7,0,Not listed,0
2017,GB,RodgAa00,Aaron Rodgers,QB,33.74948665297741,pre2020,10,3,1.3862943611198906,7,0,1,0.12,0,0,17.95,Shoulder,other,Not listed,Not listed,2017_RodgAa00_7,7,0,Not listed,0
2017,GB,RodgAa00,Aaron Rodgers,QB,33.74948665297741,pre2020,11,4,1.6094379124341003,6,0,1,0.12,0,0,17.95,Shoulder,other,Not listed,Not listed,2017_RodgAa00_7,7,0,Not listed,0
2017,GB,RodgAa00,Aaron Rodgers,QB,33.74948665297741,pre2020,12,5,1.791759469228055,5,0,1,0.12,0,0,17.95,Shoulder,other,Not listed,Not listed,2017_RodgAa00_7,7,0,Not listed,0
2017,GB,RodgAa00,Aaron Rodgers,QB,33.74948665297741,pre2020,13,6,1.9459101490553132,4,0,1,0.12,0,0,17.95,Shoulder,other,Not listed,Not listed,2017_RodgAa00_7,7,0,Not listed,0
2017,GB,RodgAa00,Aaron Rodgers,QB,33.74948665297741,pre2020,14,7,2.0794415416798357,3,0,1,0.12,0,0,17.95,Shoulder,other,Not listed,Not listed,2017_RodgAa00_7,7,0,Not listed,1
2017,HOU,FullWi01,Will Fuller,WR,23.378507871321013,pre2020,11,1,0.6931471805599453,6,0,1,0.46,2,0,15.416666666666666,Chest / Ribs,other,Out,DNP,2017_FullWi01_11,3,0,Out,0
2017,HOU,FullWi01,Will Fuller,WR,23.378507871321013,pre2020,12,2,1.0986122886681098,5,0,1,0.46,2,0,15.416666666666666,Chest / Ribs,other,Out,DNP,2017_FullWi01_11,3,0,Out,0
2017,HOU,FullWi01,Will Fuller,WR,23.378507871321013,pre2020,13,3,1.3862943611198906,4,0,1,0.46,2,0,15.416666666666666,Chest / Ribs,other,Out,DNP,2017_FullWi01_11,3,0,None,1
2017,HOU,HopkDe00,DeAndre Hopkins,WR,25.23750855578371,pre2020,17,1,0.6931471805599453,0,0,0,1.0,0,0,20.653333333333332,Lower Leg,soft_tissue,Out,DNP,2017_HopkDe00_17,1,1,No report,0
2017,HOU,WatsDe00,Deshaun Watson,QB,21.965776865160848,pre2020,9,1,0.6931471805599453,8,0,0,1.0,0,0,24.122857142857146,Knee,knee,None,Limited,2017_WatsDe00_9,9,1,Not listed,0
2017,HOU,WatsDe00,Deshaun Watson,QB,21.965776865160848,pre2020,10,2,1.0986122886681098,7,0,0,1.0,0,0,24.122857142857146,Knee,knee,Not listed,Not listed,2017_WatsDe00_9,9,1,Not listed,0
2017,HOU,WatsDe00,Deshaun Watson,QB,21.965776865160848,pre2020,11,3,1.3862943611198906,6,0,0,1.0,0,0,24.122857142857146,Knee,knee,Not listed,Not listed,2017_WatsDe00_9,9,1,Not listed,0
2017,HOU,WatsDe00,Deshaun Watson,QB,21.965776865160848,pre2020,12,4,1.6094379124341003,5,0,0,1.0,0,0,24.122857142857146,Knee,knee,Not listed,Not listed,2017_WatsDe00_9,9,1,Not listed,0
2017,HOU,WatsDe00,Deshaun Watson,QB,21.965776865160848,pre2020,13,5,1.791759469228055,4,0,0,1.0,0,0,24.122857142857146,Knee,knee,Not listed,Not listed,2017_WatsDe00_9,9,1,Not listed,0
2017,HOU,WatsDe00,Deshaun Watson,QB,21.965776865160848,pre2020,14,6,1.9459101490553132,3,0,0,1.0,0,0,24.122857142857146,Knee,knee,Not listed,Not listed,2017_WatsDe00_9,9,1,Not listed,0
2017,HOU,WatsDe00,Deshaun Watson,QB,21.965776865160848,pre2020,15,7,2.0794415416798357,2,0,0,1.0,0,0,24.122857142857146,Knee,knee,Not listed,Not listed,2017_WatsDe00_9,9,1,Not listed,0
2017,HOU,WatsDe00,Deshaun Watson,QB,21.965776865160848,pre2020,16,8,2.1972245773362196,1,0,0,1.0,0,0,24.122857142857146,Knee,knee,Not listed,Not listed,2017_WatsDe00_9,9,1,Not listed,0
2017,HOU,WatsDe00,Deshaun Watson,QB,21.965776865160848,pre2020,17,9,2.302585092994046,0,0,0,1.0,0,0,24.122857142857146,Knee,knee,Not listed,Not listed,2017_WatsDe00_9,9,1,No report,0
2017,JAX,FourLe00,Leonard Fournette,RB,22.62012320328542,pre2020,7,1,0.6931471805599453,9,0,0,0.59,0,0,21.7,Ankle,ankle_foot,Questionable,DNP,2017_FourLe00_7,2,0,None,0
2017,JAX,FourLe00,Leonard Fournette,RB,22.62012320328542,pre2020,9,2,1.0986122886681098,8,0,0,0.59,0,0,21.7,Ankle,ankle_foot,None,Full,2017_FourLe00_7,2,0,Not listed,1
2017,JAX,FourLe00,Leonard Fournette,RB,22.62012320328542,pre2020,15,1,0.6931471805599453,2,0,0,0.76,0,0,17.87272727272727,Quad / Thigh,soft_tissue,Questionable,DNP,2017_FourLe00_15,1,0,None,1
2017,LA,KuppCo00,Cooper Kupp,WR,24.213552361396303,pre2020,17,1,0.6931471805599453,0,0,0,0.94,0,0,11.793333333333333,Knee,knee,Questionable,Limited,2017_KuppCo00_17,1,1,No report,0
2017,LA,WoodRo02,Robert Woods,WR,25.39356605065024,pre2020,12,1,0.6931471805599453,5,0,0,0.76,3,0,14.05,Shoulder,other,Out,DNP,2017_WoodRo02_12,3,0,Out,0
2017,LA,WoodRo02,Robert Woods,WR,25.39356605065024,pre2020,13,2,1.0986122886681098,4,0,0,0.76,3,0,14.05,Shoulder,other,Out,DNP,2017_WoodRo02_12,3,0,Questionable,0
2017,LA,WoodRo02,Robert Woods,WR,25.39356605065024,pre2020,14,3,1.3862943611198906,3,0,0,0.76,3,0,14.05,Shoulder,other,Questionable,Limited,2017_WoodRo02_12,3,0,None,1
2017,MIA,ParkDe01,DeVante Parker,WR,24.61327857631759,pre2020,6,1,0.6931471805599453,11,0,1,0.05,0,0,12.15,Ankle,ankle_foot,Doubtful,DNP,2017_ParkDe01_6,3,0,Doubtful,0
2017,MIA,ParkDe01,DeVante Parker,WR,24.61327857631759,pre2020,7,2,1.0986122886681098,10,0,1,0.05,0,0,12.15,Ankle,ankle_foot,Doubtful,DNP,2017_ParkDe01_6,3,0,Questionable,0
2017,MIA,ParkDe01,DeVante Parker,WR,24.61327857631759,pre2020,8,3,1.3862943611198906,9,0,1,0.05,0,0,12.15,Ankle,ankle_foot,Questionable,Limited,2017_ParkDe01_6,3,0,Questionable,1
2017,MIN,DiggSt00,Stefon Diggs,WR,23.756331279945243,pre2020,6,1,0.6931471805599453,10,0,0,0.7,3,1,17.259999999999998,Hip / Groin,soft_tissue,Out,DNP,2017_DiggSt00_6,2,0,Out,0
2017,MIN,DiggSt00,Stefon Diggs,WR,23.756331279945243,pre2020,7,2,1.0986122886681098,9,0,0,0.7,3,1,17.259999999999998,Hip / Groin,soft_tissue,Out,DNP,2017_DiggSt00_6,2,0,Questionable,1
2017,NE,BurkRe00,Rex Burkhead,RB,27.16769336071184,pre2020,16,1,0.6931471805599453,1,0,0,0.25,0,0,12.98,Knee,knee,Out,DNP,2017_BurkRe00_16,2,1,Out,0
2017,NE,BurkRe00,Rex Burkhead,RB,27.16769336071184,pre2020,17,2,1.0986122886681098,0,0,0,0.25,0,0,12.98,Knee,knee,Out,DNP,2017_BurkRe00_16,2,1,No report,0
2017,NE,GronRo00,Rob Gronkowski,TE,28.301163586584533,pre2020,5,1,0.6931471805599453,11,0,0,1.0,6,0,15.95,Quad / Thigh,soft_tissue,Questionable,Limited,2017_GronRo00_5,1,0,None,1
2017,NE,HogaCh00,Chris Hogan,WR,29.856262833675565,pre2020,10,1,0.6931471805599453,7,0,0,0.87,1,0,13.5625,Shoulder,other,Out,DNP,2017_HogaCh00_10,4,0,Out,0
2017,NE,HogaCh00,Chris Hogan,WR,29.856262833675565,pre2020,11,2,1.0986122886681098,6,0,0,0.87,1,0,13.5625,Shoulder,other,Out,DNP,2017_HogaCh00_10,4,0,Out,0
2017,NE,HogaCh00,Chris Hogan,WR,29.856262833675565,pre2020,12,3,1.3862943611198906,5,0,0,0.87,1,0,13.5625,Shoulder,other,Out,DNP,2017_HogaCh00_10,4,0,Out,0
2017,NE,HogaCh00,Chris Hogan,WR,29.856262833675565,pre2020,13,4,1.6094379124341003,4,0,0,0.87,1,0,13.5625,Shoulder,other,Out,DNP,2017_HogaCh00_10,4,0,Questionable,1
2017,NE,HogaCh00,Chris Hogan,WR,29.856262833675565,pre2020,15,1,0.6931471805599453,2,0,0,0.9,1,1,12.177777777777779,Shoulder,other,Questionable,Limited,2017_HogaCh00_15,3,1,Questionable,0
2017,NE,HogaCh00,Chris Hogan,WR,29.856262833675565,pre2020,16,2,1.0986122886681098,1,0,0,0.9,1,1,12.177777777777779,Shoulder,other,Questionable,Limited,2017_HogaCh00_15,3,1,Questionable,0
2017,NE,HogaCh00,Chris Hogan,WR,29.856262833675565,pre2020,17,3,1.3862943611198906,0,0,0,0.9,1,1,12.177777777777779,Shoulder,other,Questionable,Limited,2017_HogaCh00_15,3,1,No report,0
2017,NYG,EngrEv00,Evan Engram,TE,22.99794661190965,pre2020,17,1,0.6931471805599453,0,0,1,0.18,0,0,11.573333333333332,Chest / Ribs,other,Out,DNP,2017_EngrEv00_17,1,1,No report,0
2017,NYG,ShepSt00,Sterling Shepard,WR,24.555783709787818,pre2020,17,1,0.6931471805599453,0,0,0,0.9,0,0,13.136363636363637,Neck,other,Out,DNP,2017_ShepSt00_17,1,1,No report,0
2017,NYJ,FortMa00,Matt Forte,RB,31.72621492128679,pre2020,10,1,0.6931471805599453,6,0,0,0.48,2,1,12.471428571428573,Knee,knee,Out,DNP,2017_FortMa00_10,1,0,Questionable,1
2017,NYJ,PoweBi00,Bilal Powell,RB,28.84599589322382,pre2020,6,1,0.6931471805599453,10,0,0,0.32,0,0,11.24,Lower Leg,soft_tissue,Questionable,DNP,2017_PoweBi00_6,1,0,None,1
2017,OAK,CrabMi00,Michael Crabtree,WR,29.965776865160848,pre2020,4,1,0.6931471805599453,12,0,0,0.61,0,0,15.7390625,Chest / Ribs,other,Questionable,DNP,2017_CrabMi00_4,1,0,None,1
2017,PHI,ErtzZa00,Zach Ertz,TE,26.809034907597535,pre2020,9,1,0.6931471805599453,7,0,0,0.91,2,0,16.225,Hamstring,soft_tissue,Questionable,Limited,2017_ErtzZa00_9,1,0,None,1
2017,PHI,ErtzZa00,Zach Ertz,TE,26.809034907597535,pre2020,14,1,0.6931471805599453,3,0,0,0.6,2,1,14.845454545454546,Head / Concussion,concussion,Questionable,Limited,2017_ErtzZa00_14,1,0,None,1
2017,PIT,BrowAn04,Antonio Brown,WR,29.144421629021217,pre2020,16,1,0.6931471805599453,1,0,1,0.32,0,0,22.164285714285715,Lower Leg,soft_tissue,Out,DNP,2017_BrowAn04_16,2,1,Out,0
2017,PIT,BrowAn04,Antonio Brown,WR,29.144421629021217,pre2020,17,2,1.0986122886681098,0,0,1,0.32,0,0,22.164285714285715,Lower Leg,soft_tissue,Out,DNP,2017_BrowAn04_16,2,1,No report,0
2017,PIT,SmitJu00,JuJu Smith-Schuster,WR,20.774811772758383,pre2020,12,1,0.6931471805599453,5,0,0,0.88,0,0,11.98,Hamstring,soft_tissue,Out,DNP,2017_SmitJu00_12,1,0,None,1
2017,TEN,MattRi00,Rishard Matthews,WR,27.887748117727583,pre2020,12,1,0.6931471805599453,5,0,0,0.82,0,0,12.13,Hamstring,soft_tissue,Questionable,DNP,2017_MattRi00_12,2,0,Questionable,0
2017,TEN,MattRi00,Rishard Matthews,WR,27.887748117727583,pre2020,13,2,1.0986122886681098,4,0,0,0.82,0,0,12.13,Hamstring,soft_tissue,Questionable,Limited,2017_MattRi00_12,2,0,None,1
2017,TEN,MurrDe00,DeMarco Murray,RB,29.5523613963039,pre2020,17,1,0.6931471805599453,0,0,0,0.69,0,0,11.433333333333334,Knee,knee,Out,DNP,2017_MurrDe00_17,1,1,No report,0
2017,WAS,ReedJo02,Jordan Reed,TE,27.16495550992471,pre2020,3,1,0.6931471805599453,13,0,0,0.56,4,0,11.875,Chest / Ribs,other,Questionable,Limited,2017_ReedJo02_3,1,0,Questionable,1
2017,WAS,ThomCh03,Chris Thompson,RB,26.86652977412731,pre2020,12,1,0.6931471805599453,5,0,1,0.26,0,0,15.540000000000001,Lower Leg,soft_tissue,None,DNP,2017_ThomCh03_12,6,1,Not listed,0
2017,WAS,ThomCh03,Chris Thompson,RB,26.86652977412731,pre2020,13,2,1.0986122886681098,4,0,1,0.26,0,0,15.540000000000001,Lower Leg,soft_tissue,Not listed,Not listed,2017_ThomCh03_12,6,1,Not listed,0
2017,WAS,ThomCh03,Chris Thompson,RB,26.86652977412731,pre2020,14,3,1.3862943611198906,3,0,1,0.26,0,0,15.540000000000001,Lower Leg,soft_tissue,Not listed,Not listed,2017_ThomCh03_12,6,1,Not listed,0
2017,WAS,ThomCh03,Chris Thompson,RB,26.86652977412731,pre2020,15,4,1.6094379124341003,2,0,1,0.26,0,0,15.540000000000001,Lower Leg,soft_tissue,Not listed,Not listed,2017_ThomCh03_12,6,1,Not listed,0
2017,WAS,ThomCh03,Chris Thompson,RB,26.86652977412731,pre2020,16,5,1.791759469228055,1,0,1,0.26,0,0,15.540000000000001,Lower Leg,soft_tissue,Not listed,Not listed,2017_ThomCh03_12,6,1,Not listed,0
2017,WAS,ThomCh03,Chris Thompson,RB,26.86652977412731,pre2020,17,6,1.9459101490553132,0,0,1,0.26,0,0,15.540000000000001,Lower Leg,soft_tissue,Not listed,Not listed,2017_ThomCh03_12,6,1,No report,0
2018,ATL,FreeDe00,Devonta Freeman,RB,26.46406570841889,pre2020,2,1,0.6931471805599453,14,0,0,0.56,2,0,12.725000000000001,Knee,knee,Out,DNP,2018_FreeDe00_2,3,0,Out,0
2018,ATL,FreeDe00,Devonta Freeman,RB,26.46406570841889,pre2020,3,2,1.0986122886681098,13,0,0,0.56,2,0,12.725000000000001,Knee,knee,Out,DNP,2018_FreeDe00_2,3,0,Out,0
2018,ATL,FreeDe00,Devonta Freeman,RB,26.46406570841889,pre2020,4,3,1.3862943611198906,12,0,0,0.56,2,0,12.725000000000001,Knee,knee,Out,Limited,2018_FreeDe00_2,3,0,None,1
2018,BUF,McCoLe01,LeSean McCoy,RB,30.138261464750173,pre2020,3,1,0.6931471805599453,13,0,0,0.48,0,0,11.7125,Chest / Ribs,other,Questionable,Limited,2018_McCoLe01_3,1,0,Questionable,1
2018,CAR,NewtCa00,Cam Newton,QB,29.308692676249144,pre2020,16,1,0.6931471805599453,1,0,0,1.0,0,0,20.185714285714287,Shoulder,other,Out,DNP,2018_NewtCa00_16,2,1,Out,0
2018,CAR,NewtCa00,Cam Newton,QB,29.308692676249144,pre2020,17,2,1.0986122886681098,0,0,0,1.0,0,0,20.185714285714287,Shoulder,other,Out,DNP,2018_NewtCa00_16,2,1,No report,0
2018,CHI,RobiAl02,Allen Robinson,WR,25.021218343600275,pre2020,17,1,0.6931471805599453,0,0,0,0.69,0,0,11.792307692307693,Chest / Ribs,other,Doubtful,DNP,2018_RobiAl02_17,1,1,No report,0
2018,CHI,TrubMi00,Mitchell Trubisky,QB,24.032854209445585,pre2020,12,1,0.6931471805599453,5,0,0,1.0,0,0,21.706,Shoulder,other,Doubtful,DNP,2018_TrubMi00_12,2,0,Doubtful,0
2018,CHI,TrubMi00,Mitchell Trubisky,QB,24.032854209445585,pre2020,13,2,1.0986122886681098,4,0,0,1.0,0,0,21.706,Shoulder,other,Doubtful,Limited,2018_TrubMi00_12,2,0,None,1
2018,CIN,BernGi00,Giovani Bernard,RB,26.77618069815195,pre2020,5,1,0.6931471805599453,11,0,0,0.6,0,0,13.825000000000001,Knee,knee,Out,DNP,2018_BernGi00_5,4,0,Out,0
2018,CIN,BernGi00,Giovani Bernard,RB,26.77618069815195,pre2020,6,2,1.0986122886681098,10,0,0,0.6,0,0,13.825000000000001,Knee,knee,Out,DNP,2018_BernGi00_5,4,0,Out,0
2018,CIN,BernGi00,Giovani Bernard,RB,26.77618069815195,pre2020,7,3,1.3862943611198906,9,0,0,0.6,0,0,13.825000000000001,Knee,knee,Out,DNP,2018_BernGi00_5,4,0,Out,0
2018,CIN,BernGi00,Giovani Bernard,RB,26.77618069815195,pre2020,8,4,1.6094379124341003,8,0,0,0.6,0,0,13.825000000000001,Knee,knee,Out,DNP,2018_BernGi00_5,4,0,Questionable,1
2018,CIN,BoydTy00,Tyler Boyd,WR,23.794661190965094,pre2020,16,1,0.6931471805599453,1,0,1,0.49,4,1,15.792857142857144,Knee,knee,Out,DNP,2018_BoydTy00_16,2,1,None,0
2018,CIN,BoydTy00,Tyler Boyd,WR,23.794661190965094,pre2020,17,2,1.0986122886681098,0,0,1,0.49,4,1,15.792857142857144,Knee,knee,None,DNP,2018_BoydTy00_16,2,1,No report,0
2018,CIN,GreeA.00,A.J. Green,WR,30.086242299794662,pre2020,10,1,0.6931471805599453,7,0,0,0.94,0,0,18.462500000000002,Foot / Toe,ankle_foot,Out,DNP,2018_GreeA.00_10,3,0,Doubtful,0
2018,CIN,GreeA.00,A.J. Green,WR,30.086242299794662,pre2020,11,2,1.0986122886681098,6,0,0,0.94,0,0,18.462500000000002,Foot / Toe,ankle_foot,Doubtful,DNP,2018_GreeA.00_10,3,0,Questionable,0
2018,CIN,GreeA.00,A.J. Green,WR,30.086242299794662,pre2020,12,3,1.3862943611198906,5,0,0,0.94,0,0,18.462500000000002,Foot / Toe,ankle_foot,Questionable,DNP,2018_GreeA.00_10,3,0,None,1
2018,CIN,GreeA.00,A.J. Green,WR,30.086242299794662,pre2020,14,1,0.6931471805599453,3,0,1,0.25,0,1,16.6,Foot / Toe,ankle_foot,None,DNP,2018_GreeA.00_14,4,1,Not listed,0
2018,CIN,GreeA.00,A.J. Green,WR,30.086242299794662,pre2020,15,2,1.0986122886681098,2,0,1,0.25,0,1,16.6,Foot / Toe,ankle_foot,Not listed,Not listed,2018_GreeA.00_14,4,1,Not listed,0
2018,CIN,GreeA.00,A.J. Green,WR,30.086242299794662,pre2020,16,3,1.3862943611198906,1,0,1,0.25,0,1,16.6,Foot / Toe,ankle_foot,Not listed,Not listed,2018_GreeA.00_14,4,1,Not listed,0
2018,CIN,GreeA.00,A.J. Green,WR,30.086242299794662,pre2020,17,4,1.6094379124341003,0,0,1,0.25,0,1,16.6,Foot / Toe,ankle_foot,Not listed,Not listed,2018_GreeA.00_14,4,1,No report,0
2018,CIN,MixoJo00,Joe Mixon,RB,22.105407255304584,pre2020,3,1,0.6931471805599453,13,0,0,0.51,2,0,13.946428571428573,Knee,knee,Out,DNP,2018_MixoJo00_3,2,0,Out,0
2018,CIN,MixoJo00,Joe Mixon,RB,22.105407255304584,pre2020,4,2,1.0986122886681098,12,0,0,0.51,2,0,13.946428571428573,Knee,knee,Out,DNP,2018_MixoJo00_3,2,0,None,1
2018,DEN,LindPh00,Phillip Lindsay,RB,24.10677618069815,pre2020,17,1,0.6931471805599453,0,0,1,0.31,0,0,14.853333333333333,Hand / Wrist,other,None,DNP,2018_LindPh00_17,1,1,No report,0
2018,DEN,SandEm00,Emmanuel Sanders,WR,31.460643394934976,pre2020,14,1,0.6931471805599453,3,0,0,0.68,4,0,16.518333333333334,Achilles,achilles,None,Limited,2018_SandEm00_14,4,1,Not listed,0
2018,DEN,SandEm00,Emmanuel Sanders,WR,31.460643394934976,pre2020,15,2,1.0986122886681098,2,0,0,0.68,4,0,16.518333333333334,Achilles,achilles,Not listed,Not listed,2018_SandEm00_14,4,1,Not listed,0
2018,DEN,SandEm00,Emmanuel Sanders,WR,31.460643394934976,pre2020,16,3,1.3862943611198906,1,0,0,0.68,4,0,16.518333333333334,Achilles,achilles,Not listed,Not listed,2018_SandEm00_14,4,1,No report,0
2018,DEN,SandEm00,Emmanuel Sanders,WR,31.460643394934976,pre2020,17,4,1.6094379124341003,0,0,0,0.68,4,0,16.518333333333334,Achilles,achilles,Not listed,Not listed,2018_SandEm00_14,4,1,No report,0
2018,DET,GollKe00,Kenny Golladay,WR,24.826830937713893,pre2020,17,1,0.6931471805599453,0,0,0,0.77,5,0,13.806666666666667,Chest / Ribs,other,Questionable,Limited,2018_GollKe00_17,1,1,No report,0
2018,DET,JohnKe06,Kerryon Johnson,RB,21.17180013689254,pre2020,12,1,0.6931471805599453,5,0,0,0.51,0,0,13.940000000000001,Knee,knee,Out,DNP,2018_JohnKe06_12,6,1,Out,0
2018,DET,JohnKe06,Kerryon Johnson,RB,21.17180013689254,pre2020,13,2,1.0986122886681098,4,0,0,0.51,0,0,13.940000000000001,Knee,knee,Out,DNP,2018_JohnKe06_12,6,1,Out,0
2018,DET,JohnKe06,Kerryon Johnson,RB,21.17180013689254,pre2020,14,3,1.3862943611198906,3,0,0,0.51,0,0,13.940000000000001,Knee,knee,Out,DNP,2018_JohnKe06_12,6,1,Out,0
2018,DET,JohnKe06,Kerryon Johnson,RB,21.17180013689254,pre2020,15,4,1.6094379124341003,2,0,0,0.51,0,0,13.940000000000001,Knee,knee,Out,DNP,2018_JohnKe06_12,6,1,Not listed,0
2018,DET,JohnKe06,Kerryon Johnson,RB,21.17180013689254,pre2020,16,5,1.791759469228055,1,0,0,0.51,0,0,13.940000000000001,Knee,knee,Not listed,Not listed,2018_JohnKe06_12,6,1,Not listed,0
2018,DET,JohnKe06,Kerryon Johnson,RB,21.17180013689254,pre2020,17,6,1.9459101490553132,0,0,0,0.51,0,0,13.940000000000001,Knee,knee,Not listed,Not listed,2018_JohnKe06_12,6,1,No report,0
2018,DET,JoneMa02,Marvin Jones,WR,28.473648186173854,pre2020,11,1,0.6931471805599453,6,0,0,0.62,0,0,12.866666666666667,Knee,knee,Out,DNP,2018_JoneMa02_11,7,1,Out,0
2018,DET,JoneMa02,Marvin Jones,WR,28.473648186173854,pre2020,12,2,1.0986122886681098,5,0,0,0.62,0,0,12.866666666666667,Knee,knee,Out,DNP,2018_JoneMa02_11,7,1,Not listed,0
2018,DET,JoneMa02,Marvin Jones,WR,28.473648186173854,pre2020,13,3,1.3862943611198906,4,0,0,0.62,0,0,12.866666666666667,Knee,knee,Not listed,Not listed,2018_JoneMa02_11,7,1,Not listed,0
2018,DET,JoneMa02,Marvin Jones,WR,28.473648186173854,pre2020,14,4,1.6094379124341003,3,0,0,0.62,0,0,12.866666666666667,Knee,knee,Not listed,Not listed,2018_JoneMa02_11,7,1,Not listed,0
2018,DET,JoneMa02,Marvin Jones,WR,28.473648186173854,pre2020,15,5,1.791759469228055,2,0,0,0.62,0,0,12.866666666666667,Knee,knee,Not listed,Not listed,2018_JoneMa02_11,7,1,Not listed,0
2018,DET,JoneMa02,Marvin Jones,WR,28.473648186173854,pre2020,16,6,1.9459101490553132,1,0,0,0.62,0,0,12.866666666666667,Knee,knee,Not listed,Not listed,2018_JoneMa02_11,7,1,Not listed,0
2018,DET,JoneMa02,Marvin Jones,WR,28.473648186173854,pre2020,17,7,2.0794415416798357,0,0,0,0.62,0,0,12.866666666666667,Knee,knee,Not listed,Not listed,2018_JoneMa02_11,7,1,No report,0
2018,GB,AdamDa01,Davante Adams,WR,25.686516084873375,pre2020,17,1,0.6931471805599453,0,0,0,0.96,2,0,21.973333333333336,Knee,knee,Questionable,DNP,2018_AdamDa01_17,1,1,No report,0
2018,GB,AlliGe01,Geronimo Allison,WR,24.618754277891856,pre2020,5,1,0.6931471805599453,11,0,0,0.74,0,0,14.975,Head / Concussion,concussion,Questionable,DNP,2018_AlliGe01_5,2,0,Questionable,0
2018,GB,AlliGe01,Geronimo Allison,WR,24.618754277891856,pre2020,6,2,1.0986122886681098,10,0,0,0.74,0,0,14.975,Head / Concussion,concussion,Questionable,Limited,2018_AlliGe01_5,2,0,None,1
2018,GB,CobbRa00,Randall Cobb,WR,28.027378507871322,pre2020,4,1,0.6931471805599453,12,0,0,0.94,1,1,12.946428571428573,Hamstring,soft_tissue,Questionable,DNP,2018_CobbRa00_4,3,0,Out,0
2018,GB,CobbRa00,Randall Cobb,WR,28.027378507871322,pre2020,5,2,1.0986122886681098,11,0,0,0.94,1,1,12.946428571428573,Hamstring,soft_tissue,Out,DNP,2018_CobbRa00_4,3,0,Questionable,0
2018,GB,CobbRa00,Randall Cobb,WR,28.027378507871322,pre2020,6,3,1.3862943611198906,10,0,0,0.94,1,1,12.946428571428573,Hamstring,soft_tissue,Questionable,Limited,2018_CobbRa00_4,3,0,Questionable,1
2018,HOU,MillLa01,Lamar Miller,RB,27.353867214236825,pre2020,16,1,0.6931471805599453,1,0,1,0.21,0,1,12.23076923076923,Ankle,ankle_foot,Questionable,Limited,2018_MillLa01_16,1,0,None,1
2018,IND,HiltT.00,T.Y. Hilton,WR,28.79671457905544,pre2020,5,1,0.6931471805599453,11,0,1,0.47,0,0,15.600000000000001,Chest / Ribs,other,Out,DNP,2018_HiltT.00_5,2,0,Out,0
2018,IND,HiltT.00,T.Y. Hilton,WR,28.79671457905544,pre2020,6,2,1.0986122886681098,10,0,1,0.47,0,0,15.600000000000001,Chest / Ribs,other,Out,DNP,2018_HiltT.00_5,2,0,None,1
2018,JAX,FourLe00,Leonard Fournette,RB,23.619438740588638,pre2020,2,1,0.6931471805599453,14,0,0,0.33,3,0,15.405769230769229,Hamstring,soft_tissue,Questionable,DNP,2018_FourLe00_2,2,0,Questionable,0
2018,JAX,FourLe00,Leonard Fournette,RB,23.619438740588638,pre2020,3,2,1.0986122886681098,13,0,0,0.33,3,0,15.405769230769229,Hamstring,soft_tissue,Questionable,Limited,2018_FourLe00_2,2,0,Questionable,1
2018,JAX,FourLe00,Leonard Fournette,RB,23.619438740588638,pre2020,5,1,0.6931471805599453,11,0,0,0.31,3,1,12.103846153846153,Hamstring,soft_tissue,Out,DNP,2018_FourLe00_5,4,0,Out,0
2018,JAX,FourLe00,Leonard Fournette,RB,23.619438740588638,pre2020,6,2,1.0986122886681098,10,0,0,0.31,3,1,12.103846153846153,Hamstring,soft_tissue,Out,DNP,2018_FourLe00_5,4,0,Out,0
2018,JAX,FourLe00,Leonard Fournette,RB,23.619438740588638,pre2020,7,3,1.3862943611198906,9,0,0,0.31,3,1,12.103846153846153,Hamstring,soft_tissue,Out,DNP,2018_FourLe00_5,4,0,Out,0
2018,JAX,FourLe00,Leonard Fournette,RB,23.619438740588638,pre2020,8,4,1.6094379124341003,8,0,0,0.31,3,1,12.103846153846153,Hamstring,soft_tissue,Out,DNP,2018_FourLe00_5,4,0,None,1
2018,JAX,FourLe00,Leonard Fournette,RB,23.619438740588638,pre2020,17,1,0.6931471805599453,0,0,0,0.73,3,1,15.05,Ankle,ankle_foot,Doubtful,DNP,2018_FourLe00_17,1,1,No report,0
2018,KC,WatkSa00,Sammy Watkins,WR,25.215605749486652,pre2020,10,1,0.6931471805599453,6,0,0,0.76,0,1,12.633333333333333,Foot / Toe,ankle_foot,Questionable,Limited,2018_WatkSa00_10,1,0,Questionable,1
2018,LA,GurlTo01,Todd Gurley,RB,24.079397672826833,pre2020,16,1,0.6931471805599453,1,0,0,0.83,0,0,26.57857142857143,Knee,knee,Questionable,DNP,2018_GurlTo01_16,2,1,Out,0
2018,LA,GurlTo01,Todd Gurley,RB,24.079397672826833,pre2020,17,2,1.0986122886681098,0,0,0,0.83,0,0,26.57857142857143,Knee,knee,Out,DNP,2018_GurlTo01_16,2,1,No report,0
2018,LA,KuppCo00,Cooper Kupp,WR,25.21286789869952,pre2020,7,1,0.6931471805599453,9,0,1,0.38,1,1,17.71666666666667,Knee,knee,Out,DNP,2018_KuppCo00_7,2,0,Doubtful,0
2018,LA,KuppCo00,Cooper Kupp,WR,25.21286789869952,pre2020,8,2,1.0986122886681098,8,0,1,0.38,1,1,17.71666666666667,Knee,knee,Doubtful,DNP,2018_KuppCo00_7,2,0,None,1
2018,LA,KuppCo00,Cooper Kupp,WR,25.21286789869952,pre2020,11,1,0.6931471805599453,5,0,0,0.83,1,1,16.8875,Knee,knee,Out,DNP,2018_KuppCo00_11,6,1,No report,0
2018,LA,KuppCo00,Cooper Kupp,WR,25.21286789869952,pre2020,13,2,1.0986122886681098,4,0,0,0.83,1,1,16.8875,Knee,knee,Not listed,Not listed,2018_KuppCo00_11,6,1,Not listed,0
2018,LA,KuppCo00,Cooper Kupp,WR,25.21286789869952,pre2020,14,3,1.3862943611198906,3,0,0,0.83,1,1,16.8875,Knee,knee,Not listed,Not listed,2018_KuppCo00_11,6,1,No report,0
2018,LA,KuppCo00,Cooper Kupp,WR,25.21286789869952,pre2020,15,4,1.6094379124341003,2,0,0,0.83,1,1,16.8875,Knee,knee,Not listed,Not listed,2018_KuppCo00_11,6,1,Not listed,0
2018,LA,KuppCo00,Cooper Kupp,WR,25.21286789869952,pre2020,16,5,1.791759469228055,1,0,0,0.83,1,1,16.8875,Knee,knee,Not listed,Not listed,2018_KuppCo00_11,6,1,Not listed,0
2018,LA,KuppCo00,Cooper Kupp,WR,25.21286789869952,pre2020,17,6,1.9459101490553132,0,0,0,0.83,1,1,16.8875,Knee,knee,Not listed,Not listed,2018_KuppCo00_11,6,1,No report,0
2018,LAC,EkelAu00,Austin Ekeler,RB,23.293634496919918,pre2020,15,1,0.6931471805599453,2,0,0,0.68,0,0,12.076923076923077,Neck,other,Out,DNP,2018_EkelAu00_15,2,0,Doubtful,0
2018,LAC,EkelAu00,Austin Ekeler,RB,23.293634496919918,pre2020,16,2,1.0986122886681098,1,0,0,0.68,0,0,12.076923076923077,Neck,other,Doubtful,Limited,2018_EkelAu00_15,2,0,None,1
2018,LAC,GordMe00,Melvin Gordon,RB,25.385352498288842,pre2020,7,1,0.6931471805599453,9,0,0,0.63,0,0,27.083333333333332,Hamstring,soft_tissue,Questionable,Limited,2018_GordMe00_7,1,0,Questionable,1
2018,LAC,GordMe00,Melvin Gordon,RB,25.385352498288842,pre2020,13,1,0.6931471805599453,4,0,1,0.38,0,0,25.15,Knee,knee,Out,DNP,2018_GordMe00_13,3,0,Out,0
2018,LAC,GordMe00,Melvin Gordon,RB,25.385352498288842,pre2020,14,2,1.0986122886681098,3,0,1,0.38,0,0,25.15,Knee,knee,Out,DNP,2018_GordMe00_13,3,0,Questionable,0
2018,LAC,GordMe00,Melvin Gordon,RB,25.385352498288842,pre2020,15,3,1.3862943611198906,2,0,1,0.38,0,0,25.15,Knee,knee,Questionable,Limited,2018_GordMe00_13,3,0,None,1
2018,MIA,WilsAl02,Albert Wilson,WR,26.138261464750173,pre2020,8,1,0.6931471805599453,8,0,1,0.25,3,0,13.825714285714286,Hip / Groin,soft_tissue,None,DNP,2018_WilsAl02_8,9,1,Not listed,0
2018,MIA,WilsAl02,Albert Wilson,WR,26.138261464750173,pre2020,9,2,1.0986122886681098,7,0,1,0.25,3,0,13.825714285714286,Hip / Groin,soft_tissue,Not listed,Not listed,2018_WilsAl02_8,9,1,Not listed,0
2018,MIA,WilsAl02,Albert Wilson,WR,26.138261464750173,pre2020,10,3,1.3862943611198906,6,0,1,0.25,3,0,13.825714285714286,Hip / Groin,soft_tissue,Not listed,Not listed,2018_WilsAl02_8,9,1,Not listed,0
2018,MIA,WilsAl02,Albert Wilson,WR,26.138261464750173,pre2020,12,4,1.6094379124341003,5,0,1,0.25,3,0,13.825714285714286,Hip / Groin,soft_tissue,Not listed,Not listed,2018_WilsAl02_8,9,1,Not listed,0
2018,MIA,WilsAl02,Albert Wilson,WR,26.138261464750173,pre2020,13,5,1.791759469228055,4,0,1,0.25,3,0,13.825714285714286,Hip / Groin,soft_tissue,Not listed,Not listed,2018_WilsAl02_8,9,1,Not listed,0
2018,MIA,WilsAl02,Albert Wilson,WR,26.138261464750173,pre2020,14,6,1.9459101490553132,3,0,1,0.25,3,0,13.825714285714286,Hip / Groin,soft_tissue,Not listed,Not listed,2018_WilsAl02_8,9,1,Not listed,0
2018,MIA,WilsAl02,Albert Wilson,WR,26.138261464750173,pre2020,15,7,2.0794415416798357,2,0,1,0.25,3,0,13.825714285714286,Hip / Groin,soft_tissue,Not listed,Not listed,2018_WilsAl02_8,9,1,Not listed,0
2018,MIA,WilsAl02,Albert Wilson,WR,26.138261464750173,pre2020,16,8,2.1972245773362196,1,0,1,0.25,3,0,13.825714285714286,Hip / Groin,soft_tissue,Not listed,Not listed,2018_WilsAl02_8,9,1,Not listed,0
2018,MIA,WilsAl02,Albert Wilson,WR,26.138261464750173,pre2020,17,9,2.302585092994046,0,0,1,0.25,3,0,13.825714285714286,Hip / Groin,soft_tissue,Not listed,Not listed,2018_WilsAl02_8,9,1,No report,0
2018,MIN,CookDa01,Dalvin Cook,RB,23.06091718001369,pre2020,3,1,0.6931471805599453,13,0,0,0.68,0,0,12.75,Hamstring,soft_tissue,Out,DNP,2018_CookDa01_3,1,0,Questionable,1
2018,MIN,DiggSt00,Stefon Diggs,WR,24.75564681724846,pre2020,9,1,0.6931471805599453,7,0,0,0.88,2,0,18.2875,Chest / Ribs,other,Questionable,DNP,2018_DiggSt00_9,1,0,None,1
2018,NE,GronRo00,Rob Gronkowski,TE,29.300479123887747,pre2020,7,1,0.6931471805599453,9,0,0,0.99,1,0,11.75,Ankle,ankle_foot,Questionable,Limited,2018_GronRo00_7,1,0,Questionable,1
2018,NE,GronRo00,Rob Gronkowski,TE,29.300479123887747,pre2020,9,1,0.6931471805599453,7,0,0,0.89,1,1,11.114285714285714,Ankle,ankle_foot,Questionable,Limited,2018_GronRo00_9,2,0,Questionable,0
2018,NE,GronRo00,Rob Gronkowski,TE,29.300479123887747,pre2020,10,2,1.0986122886681098,6,0,0,0.89,1,1,11.114285714285714,Ankle,ankle_foot,Questionable,Limited,2018_GronRo00_9,2,0,Questionable,1
2018,NE,MichSo00,Sony Michel,RB,23.537303216974674,pre2020,8,1,0.6931471805599453,8,0,1,0.09,0,0,11.883333333333335,Knee,knee,Doubtful,Limited,2018_MichSo00_8,2,0,Questionable,0
2018,NE,MichSo00,Sony Michel,RB,23.537303216974674,pre2020,9,2,1.0986122886681098,7,0,1,0.09,0,0,11.883333333333335,Knee,knee,Questionable,Limited,2018_MichSo00_8,2,0,Questionable,1
2018,NYG,BeckOd00,Odell Beckham Jr.,WR,25.82067077344285,pre2020,14,1,0.6931471805599453,3,0,0,0.93,0,0,19.361666666666668,Quad / Thigh,soft_tissue,None,Limited,2018_BeckOd00_14,4,1,Out,0
2018,NYG,BeckOd00,Odell Beckham Jr.,WR,25.82067077344285,pre2020,15,2,1.0986122886681098,2,0,0,0.93,0,0,19.361666666666668,Quad / Thigh,soft_tissue,Out,DNP,2018_BeckOd00_14,4,1,Out,0
2018,NYG,BeckOd00,Odell Beckham Jr.,WR,25.82067077344285,pre2020,16,3,1.3862943611198906,1,0,0,0.93,0,0,19.361666666666668,Quad / Thigh,soft_tissue,Out,DNP,2018_BeckOd00_14,4,1,Out,0
2018,NYG,BeckOd00,Odell Beckham Jr.,WR,25.82067077344285,pre2020,17,4,1.6094379124341003,0,0,0,0.93,0,0,19.361666666666668,Quad / Thigh,soft_tissue,Out,DNP,2018_BeckOd00_14,4,1,No report,0
2018,PHI,AjayJa00,Jay Ajayi,RB,25.21286789869952,pre2020,3,1,0.6931471805599453,13,0,0,0.28,0,0,12.3,Back,other,Out,DNP,2018_AjayJa00_3,1,0,None,1
2018,PIT,ConnJa00,James Conner,RB,23.326488706365502,pre2020,14,1,0.6931471805599453,3,0,0,0.72,0,0,22.3,Ankle,ankle_foot,Out,DNP,2018_ConnJa00_14,3,0,Questionable,0
2018,PIT,ConnJa00,James Conner,RB,23.326488706365502,pre2020,15,2,1.0986122886681098,2,0,0,0.72,0,0,22.3,Ankle,ankle_foot,Questionable,Limited,2018_ConnJa00_14,3,0,Out,0
2018,PIT,ConnJa00,James Conner,RB,23.326488706365502,pre2020,16,3,1.3862943611198906,1,0,0,0.72,0,0,22.3,Ankle,ankle_foot,Out,DNP,2018_ConnJa00_14,3,0,Questionable,1
2018,SF,BreiMa00,Matt Breida,RB,23.50718685831622,pre2020,14,1,0.6931471805599453,3,0,1,0.13,0,0,12.025,Ankle,ankle_foot,Out,DNP,2018_BreiMa00_14,1,0,Questionable,1
2018,TB,JackDe00,DeSean Jackson,WR,31.750855578370977,pre2020,13,1,0.6931471805599453,4,0,0,0.49,2,0,13.409090909090908,Hand / Wrist,other,Out,Limited,2018_JackDe00_13,3,0,Out,0
2018,TB,JackDe00,DeSean Jackson,WR,31.750855578370977,pre2020,14,2,1.0986122886681098,3,0,0,0.49,2,0,13.409090909090908,Hand / Wrist,other,Out,DNP,2018_JackDe00_13,3,0,Out,0
2018,TB,JackDe00,DeSean Jackson,WR,31.750855578370977,pre2020,15,3,1.3862943611198906,2,0,0,0.49,2,0,13.409090909090908,Hand / Wrist,other,Out,DNP,2018_JackDe00_13,3,0,Questionable,1
2018,TB,JackDe00,DeSean Jackson,WR,31.750855578370977,pre2020,17,1,0.6931471805599453,0,0,1,0.36,2,0,12.608333333333334,Achilles,achilles,Doubtful,DNP,2018_JackDe00_17,1,1,No report,0
2018,WAS,ThomCh03,Chris Thompson,RB,27.865845311430526,pre2020,6,1,0.6931471805599453,11,0,0,0.66,6,0,15.5,Chest / Ribs,other,Questionable,Limited,2018_ThomCh03_6,2,0,Questionable,0
2018,WAS,ThomCh03,Chris Thompson,RB,27.865845311430526,pre2020,7,2,1.0986122886681098,10,0,0,0.66,6,0,15.5,Chest / Ribs,other,Questionable,Limited,2018_ThomCh03_6,2,0,Questionable,1
2018,WAS,ThomCh03,Chris Thompson,RB,27.865845311430526,pre2020,9,1,0.6931471805599453,8,0,0,0.38,6,1,13.24,Chest / Ribs,other,Out,DNP,2018_ThomCh03_9,4,0,Out,0
2018,WAS,ThomCh03,Chris Thompson,RB,27.865845311430526,pre2020,10,2,1.0986122886681098,7,0,0,0.38,6,1,13.24,Chest / Ribs,other,Out,DNP,2018_ThomCh03_9,4,0,Out,0
2018,WAS,ThomCh03,Chris Thompson,RB,27.865845311430526,pre2020,11,3,1.3862943611198906,6,0,0,0.38,6,1,13.24,Chest / Ribs,other,Out,DNP,2018_ThomCh03_9,4,0,Out,0
2018,WAS,ThomCh03,Chris Thompson,RB,27.865845311430526,pre2020,12,4,1.6094379124341003,5,0,0,0.38,6,1,13.24,Chest / Ribs,other,Out,DNP,2018_ThomCh03_9,4,0,None,1
2019,ARI,JohnDa08,David Johnson,RB,27.709787816564,pre2020,8,1,0.6931471805599453,8,0,1,0.05,0,0,17.357142857142858,Ankle,ankle_foot,Questionable,DNP,2019_JohnDa08_8,2,0,Questionable,0
2019,ARI,JohnDa08,David Johnson,RB,27.709787816564,pre2020,9,2,1.0986122886681098,7,0,1,0.05,0,0,17.357142857142858,Ankle,ankle_foot,Questionable,Limited,2019_JohnDa08_8,2,0,None,1
2019,ARI,KirkCh01,Christian Kirk,WR,22.784394250513348,pre2020,5,1,0.6931471805599453,11,0,0,0.94,0,0,13.0,Ankle,ankle_foot,Out,DNP,2019_KirkCh01_5,3,0,Questionable,0
2019,ARI,KirkCh01,Christian Kirk,WR,22.784394250513348,pre2020,6,2,1.0986122886681098,10,0,0,0.94,0,0,13.0,Ankle,ankle_foot,Questionable,Limited,2019_KirkCh01_5,3,0,Questionable,0
2019,ARI,KirkCh01,Christian Kirk,WR,22.784394250513348,pre2020,7,3,1.3862943611198906,9,0,0,0.94,0,0,13.0,Ankle,ankle_foot,Questionable,Limited,2019_KirkCh01_5,3,0,Questionable,1
2019,ATL,FreeDe00,Devonta Freeman,RB,27.463381245722108,pre2020,11,1,0.6931471805599453,6,0,1,0.39,14,1,13.033333333333335,Foot / Toe,ankle_foot,Out,DNP,2019_FreeDe00_11,2,0,Out,0
2019,ATL,FreeDe00,Devonta Freeman,RB,27.463381245722108,pre2020,12,2,1.0986122886681098,5,0,1,0.39,14,1,13.033333333333335,Foot / Toe,ankle_foot,Out,DNP,2019_FreeDe00_11,2,0,None,1
2019,ATL,HoopAu00,Austin Hooper,TE,24.840520191649556,pre2020,11,1,0.6931471805599453,6,0,0,0.72,0,0,17.200000000000003,Knee,knee,Out,DNP,2019_HoopAu00_11,3,0,Out,0
2019,ATL,HoopAu00,Austin Hooper,TE,24.840520191649556,pre2020,12,2,1.0986122886681098,5,0,0,0.72,0,0,17.200000000000003,Knee,knee,Out,DNP,2019_HoopAu00_11,3,0,Out,0
2019,ATL,HoopAu00,Austin Hooper,TE,24.840520191649556,pre2020,13,3,1.3862943611198906,4,0,0,0.72,0,0,17.200000000000003,Knee,knee,Out,DNP,2019_HoopAu00_11,3,0,None,1
2019,ATL,JoneJu02,Julio Jones,WR,30.559890485968516,pre2020,13,1,0.6931471805599453,4,0,0,0.56,0,0,16.60909090909091,Shoulder,other,Questionable,DNP,2019_JoneJu02_13,1,0,None,1
2019,ATL,RyanMa00,Matt Ryan,QB,34.29158110882957,pre2020,8,1,0.6931471805599453,8,0,0,0.84,0,0,20.171428571428574,Ankle,ankle_foot,Questionable,Limited,2019_RyanMa00_8,1,0,None,1
2019,BAL,AndrMa00,Mark Andrews,TE,23.98631074606434,pre2020,17,1,0.6931471805599453,0,0,0,0.53,0,0,13.813333333333333,Ankle,ankle_foot,Questionable,Limited,2019_AndrMa00_17,1,1,No report,0
2019,BAL,BrowMa04,Marquise Brown,WR,22.24229979466119,pre2020,6,1,0.6931471805599453,10,0,0,0.46,0,0,14.320000000000002,Ankle,ankle_foot,Questionable,DNP,2019_BrowMa04_6,2,0,Questionable,0
2019,BAL,BrowMa04,Marquise Brown,WR,22.24229979466119,pre2020,7,2,1.0986122886681098,9,0,0,0.46,0,0,14.320000000000002,Ankle,ankle_foot,Questionable,DNP,2019_BrowMa04_6,2,0,Questionable,1
2019,BAL,IngrMa01,Mark Ingram,RB,29.694729637234772,pre2020,17,1,0.6931471805599453,0,0,0,0.41,0,0,16.166666666666668,Lower Leg,soft_tissue,Out,DNP,2019_IngrMa01_17,1,1,No report,0
2019,BUF,SingDe00,Devin Singletary,RB,21.99315537303217,pre2020,3,1,0.6931471805599453,13,0,1,0.33,0,0,13.25,Hamstring,soft_tissue,Out,DNP,2019_SingDe00_3,3,0,Questionable,0
2019,BUF,SingDe00,Devin Singletary,RB,21.99315537303217,pre2020,4,2,1.0986122886681098,12,0,1,0.33,0,0,13.25,Hamstring,soft_tissue,Questionable,Limited,2019_SingDe00_3,3,0,Questionable,0
2019,BUF,SingDe00,Devin Singletary,RB,21.99315537303217,pre2020,5,3,1.3862943611198906,11,0,1,0.33,0,0,13.25,Hamstring,soft_tissue,Questionable,Limited,2019_SingDe00_3,3,0,None,1
2019,CAR,MoorD.00,D.J. Moore,WR,22.38193018480493,pre2020,17,1,0.6931471805599453,0,0,1,0.09,0,0,15.366666666666667,Head / Concussion,concussion,Out,DNP,2019_MoorD.00_17,1,1,No report,0
2019,DET,StafMa00,Matthew Stafford,QB,31.564681724845997,pre2020,10,1,0.6931471805599453,7,0,0,1.0,0,0,20.82,Hip / Groin,soft_tissue,Questionable,Limited,2019_StafMa00_10,8,1,Out,0
2019,DET,StafMa00,Matthew Stafford,QB,31.564681724845997,pre2020,11,2,1.0986122886681098,6,0,0,1.0,0,0,20.82,Hip / Groin,soft_tissue,Out,DNP,2019_StafMa00_10,8,1,Out,0
2019,DET,StafMa00,Matthew Stafford,QB,31.564681724845997,pre2020,12,3,1.3862943611198906,5,0,0,1.0,0,0,20.82,Hip / Groin,soft_tissue,Out,DNP,2019_StafMa00_10,8,1,Out,0
2019,DET,StafMa00,Matthew Stafford,QB,31.564681724845997,pre2020,13,4,1.6094379124341003,4,0,0,1.0,0,0,20.82,Hip / Groin,soft_tissue,Out,DNP,2019_StafMa00_10,8,1,Out,0
2019,DET,StafMa00,Matthew Stafford,QB,31.564681724845997,pre2020,14,5,1.791759469228055,3,0,0,1.0,0,0,20.82,Hip / Groin,soft_tissue,Out,DNP,2019_StafMa00_10,8,1,Out,0
2019,DET,StafMa00,Matthew Stafford,QB,31.564681724845997,pre2020,15,6,1.9459101490553132,2,0,0,1.0,0,0,20.82,Hip / Groin,soft_tissue,Out,DNP,2019_StafMa00_10,8,1,Not listed,0
2019,DET,StafMa00,Matthew Stafford,QB,31.564681724845997,pre2020,16,7,2.0794415416798357,1,0,0,1.0,0,0,20.82,Hip / Groin,soft_tissue,Not listed,Not listed,2019_StafMa00_10,8,1,Not listed,0
2019,DET,StafMa00,Matthew Stafford,QB,31.564681724845997,pre2020,17,8,2.1972245773362196,0,0,0,1.0,0,0,20.82,Hip / Groin,soft_tissue,Not listed,Not listed,2019_StafMa00_10,8,1,No report,0
2019,GB,AdamDa01,Davante Adams,WR,26.68583162217659,pre2020,5,1,0.6931471805599453,11,0,0,0.7,1,0,15.700000000000001,Foot / Toe,ankle_foot,Out,DNP,2019_AdamDa01_5,4,0,Out,0
2019,GB,AdamDa01,Davante Adams,WR,26.68583162217659,pre2020,6,2,1.0986122886681098,10,0,0,0.7,1,0,15.700000000000001,Foot / Toe,ankle_foot,Out,DNP,2019_AdamDa01_5,4,0,Out,0
2019,GB,AdamDa01,Davante Adams,WR,26.68583162217659,pre2020,7,3,1.3862943611198906,9,0,0,0.7,1,0,15.700000000000001,Foot / Toe,ankle_foot,Out,DNP,2019_AdamDa01_5,4,0,Doubtful,0
2019,GB,AdamDa01,Davante Adams,WR,26.68583162217659,pre2020,8,4,1.6094379124341003,8,0,0,0.7,1,0,15.700000000000001,Foot / Toe,ankle_foot,Doubtful,DNP,2019_AdamDa01_5,4,0,Questionable,1
2019,HOU,FullWi01,Will Fuller,WR,25.377138945927445,pre2020,8,1,0.6931471805599453,8,0,1,0.05,0,0,13.85714285714286,Hamstring,soft_tissue,Out,DNP,2019_FullWi01_8,3,0,Out,0
2019,HOU,FullWi01,Will Fuller,WR,25.377138945927445,pre2020,9,2,1.0986122886681098,7,0,1,0.05,0,0,13.85714285714286,Hamstring,soft_tissue,Out,DNP,2019_FullWi01_8,3,0,Questionable,0
2019,HOU,FullWi01,Will Fuller,WR,25.377138945927445,pre2020,11,3,1.3862943611198906,6,0,1,0.05,0,0,13.85714285714286,Hamstring,soft_tissue,Questionable,Limited,2019_FullWi01_8,3,0,Questionable,1
2019,HOU,FullWi01,Will Fuller,WR,25.377138945927445,pre2020,14,1,0.6931471805599453,3,0,0,0.75,0,1,13.311111111111112,Hamstring,soft_tissue,Questionable,Limited,2019_FullWi01_14,1,0,Questionable,1
2019,HOU,WatsDe00,Deshaun Watson,QB,23.964407939767284,pre2020,17,1,0.6931471805599453,0,0,0,1.0,0,0,21.398666666666667,Back,other,Questionable,Limited,2019_WatsDe00_17,1,1,No report,0
2019,IND,HiltT.00,T.Y. Hilton,WR,29.796030116358658,pre2020,4,1,0.6931471805599453,12,0,1,0.52,2,0,20.142857142857142,Quad / Thigh,soft_tissue,Doubtful,DNP,2019_HiltT.00_4,1,0,Questionable,1
2019,IND,HiltT.00,T.Y. Hilton,WR,29.796030116358658,pre2020,9,1,0.6931471805599453,8,0,0,0.94,2,0,16.333333333333332,Lower Leg,soft_tissue,Out,DNP,2019_HiltT.00_9,3,0,Out,0
2019,IND,HiltT.00,T.Y. Hilton,WR,29.796030116358658,pre2020,10,2,1.0986122886681098,7,0,0,0.94,2,0,16.333333333333332,Lower Leg,soft_tissue,Out,DNP,2019_HiltT.00_9,3,0,Out,0
2019,IND,HiltT.00,T.Y. Hilton,WR,29.796030116358658,pre2020,11,3,1.3862943611198906,6,0,0,0.94,2,0,16.333333333333332,Lower Leg,soft_tissue,Out,DNP,2019_HiltT.00_9,3,0,Questionable,1
2019,IND,HiltT.00,T.Y. Hilton,WR,29.796030116358658,pre2020,13,1,0.6931471805599453,4,0,1,0.37,2,1,14.685714285714285,Lower Leg,soft_tissue,Out,DNP,2019_HiltT.00_13,2,0,Out,0
2019,IND,HiltT.00,T.Y. Hilton,WR,29.796030116358658,pre2020,14,2,1.0986122886681098,3,0,1,0.37,2,1,14.685714285714285,Lower Leg,soft_tissue,Out,DNP,2019_HiltT.00_13,2,0,Questionable,1
2019,IND,MackMa00,Marlon Mack,RB,23.485284052019164,pre2020,12,1,0.6931471805599453,5,0,1,0.32,3,0,13.180000000000001,Hand / Wrist,other,Out,DNP,2019_MackMa00_12,2,0,Out,0
2019,IND,MackMa00,Marlon Mack,RB,23.485284052019164,pre2020,13,2,1.0986122886681098,4,0,1,0.32,3,0,13.180000000000001,Hand / Wrist,other,Out,DNP,2019_MackMa00_12,2,0,None,1
2019,JAX,CharDJ00,DJ Chark,WR,22.937713894592743,pre2020,15,1,0.6931471805599453,2,0,0,0.88,5,0,16.507692307692306,Ankle,ankle_foot,Out,DNP,2019_CharDJ00_15,1,0,Questionable,1
2019,JAX,FourLe00,Leonard Fournette,RB,24.618754277891856,pre2020,17,1,0.6931471805599453,0,0,0,0.94,7,0,17.293333333333333,Neck,other,Doubtful,DNP,2019_FourLe00_17,1,1,No report,0
2019,KC,HillTy00,Tyreek Hill,WR,25.503080082135522,pre2020,2,1,0.6931471805599453,14,0,0,0.18,0,0,16.68125,Shoulder,other,Out,DNP,2019_HillTy00_2,4,0,Out,0
2019,KC,HillTy00,Tyreek Hill,WR,25.503080082135522,pre2020,3,2,1.0986122886681098,13,0,0,0.18,0,0,16.68125,Shoulder,other,Out,DNP,2019_HillTy00_2,4,0,Out,0
2019,KC,HillTy00,Tyreek Hill,WR,25.503080082135522,pre2020,4,3,1.3862943611198906,12,0,0,0.18,0,0,16.68125,Shoulder,other,Out,DNP,2019_HillTy00_2,4,0,Out,0
2019,KC,HillTy00,Tyreek Hill,WR,25.503080082135522,pre2020,5,4,1.6094379124341003,11,0,0,0.18,0,0,16.68125,Shoulder,other,Out,Limited,2019_HillTy00_2,4,0,Questionable,1
2019,KC,MahoPa00,Patrick Mahomes,QB,23.956194387405887,pre2020,8,1,0.6931471805599453,8,0,1,0.33,0,0,21.342857142857145,Knee,knee,Out,Limited,2019_MahoPa00_8,2,0,Questionable,0
2019,KC,MahoPa00,Patrick Mahomes,QB,23.956194387405887,pre2020,9,2,1.0986122886681098,7,0,1,0.33,0,0,21.342857142857145,Knee,knee,Questionable,Limited,2019_MahoPa00_8,2,0,None,1
2019,KC,WatkSa00,Sammy Watkins,WR,26.21492128678987,pre2020,6,1,0.6931471805599453,10,0,1,0.03,6,0,18.875,Hamstring,soft_tissue,Doubtful,DNP,2019_WatkSa00_6,2,0,Out,0
2019,KC,WatkSa00,Sammy Watkins,WR,26.21492128678987,pre2020,7,2,1.0986122886681098,9,0,1,0.03,6,0,18.875,Hamstring,soft_tissue,Out,Limited,2019_WatkSa00_6,2,0,None,1
2019,LA,GurlTo01,Todd Gurley,RB,25.078713210130047,pre2020,6,1,0.6931471805599453,10,0,0,0.93,2,0,15.16,Quad / Thigh,soft_tissue,Doubtful,DNP,2019_GurlTo01_6,1,0,None,1
2019,MIN,CookDa01,Dalvin Cook,RB,24.060232717316907,pre2020,16,1,0.6931471805599453,1,0,0,0.43,5,0,20.885714285714283,Chest / Ribs,other,Out,DNP,2019_CookDa01_16,2,1,Out,0
2019,MIN,CookDa01,Dalvin Cook,RB,24.060232717316907,pre2020,17,2,1.0986122886681098,0,0,0,0.43,5,0,20.885714285714283,Chest / Ribs,other,Out,Limited,2019_CookDa01_16,2,1,No report,0
2019,MIN,ThieAd00,Adam Thielen,WR,29.026694045174537,pre2020,8,1,0.6931471805599453,8,0,1,0.12,0,0,15.457142857142857,Hamstring,soft_tissue,Out,DNP,2019_ThieAd00_8,1,0,Questionable,1
2019,MIN,ThieAd00,Adam Thielen,WR,29.026694045174537,pre2020,10,1,0.6931471805599453,6,0,1,0.1,0,1,13.525,Hamstring,soft_tissue,Out,DNP,2019_ThieAd00_10,4,0,Out,0
2019,MIN,ThieAd00,Adam Thielen,WR,29.026694045174537,pre2020,11,2,1.0986122886681098,5,0,1,0.1,0,1,13.525,Hamstring,soft_tissue,Out,DNP,2019_ThieAd00_10,4,0,Questionable,0
2019,MIN,ThieAd00,Adam Thielen,WR,29.026694045174537,pre2020,13,3,1.3862943611198906,4,0,1,0.1,0,1,13.525,Hamstring,soft_tissue,Questionable,Limited,2019_ThieAd00_10,4,0,Doubtful,0
2019,MIN,ThieAd00,Adam Thielen,WR,29.026694045174537,pre2020,14,4,1.6094379124341003,3,0,1,0.1,0,1,13.525,Hamstring,soft_tissue,Doubtful,DNP,2019_ThieAd00_10,4,0,None,1
2019,NE,DorsPh00,Phillip Dorsett,WR,26.652977412731005,pre2020,6,1,0.6931471805599453,10,0,1,0.05,0,0,13.7,Hamstring,soft_tissue,Out,DNP,2019_DorsPh00_6,1,0,Questionable,1
2019,NO,KamaAl00,Alvin Kamara,RB,24.10403832991102,pre2020,7,1,0.6931471805599453,9,0,0,0.59,0,0,18.403333333333336,Ankle,ankle_foot,Out,DNP,2019_KamaAl00_7,2,0,Questionable,0
2019,NO,KamaAl00,Alvin Kamara,RB,24.10403832991102,pre2020,8,2,1.0986122886681098,8,0,0,0.59,0,0,18.403333333333336,Ankle,ankle_foot,Questionable,Limited,2019_KamaAl00_7,2,0,None,1
2019,NYG,BarkSa00,Saquon Barkley,RB,22.55715263518138,pre2020,4,1,0.6931471805599453,12,0,1,0.37,0,0,18.053125,Ankle,ankle_foot,Out,DNP,2019_BarkSa00_4,3,0,Out,0
2019,NYG,BarkSa00,Saquon Barkley,RB,22.55715263518138,pre2020,5,2,1.0986122886681098,11,0,1,0.37,0,0,18.053125,Ankle,ankle_foot,Out,Limited,2019_BarkSa00_4,3,0,Out,0
2019,NYG,BarkSa00,Saquon Barkley,RB,22.55715263518138,pre2020,6,3,1.3862943611198906,10,0,1,0.37,0,0,18.053125,Ankle,ankle_foot,Out,Limited,2019_BarkSa00_4,3,0,None,1
2019,NYG,EngrEv00,Evan Engram,TE,24.996577686516083,pre2020,6,1,0.6931471805599453,10,0,0,0.84,5,1,16.56,Knee,knee,Out,DNP,2019_EngrEv00_6,1,0,None,1
2019,NYG,EngrEv00,Evan Engram,TE,24.996577686516083,pre2020,10,1,0.6931471805599453,6,0,0,0.69,5,0,13.675,Foot / Toe,ankle_foot,Out,DNP,2019_EngrEv00_10,7,1,Out,0
2019,NYG,EngrEv00,Evan Engram,TE,24.996577686516083,pre2020,12,2,1.0986122886681098,5,0,0,0.69,5,0,13.675,Foot / Toe,ankle_foot,Out,DNP,2019_EngrEv00_10,7,1,Out,0
2019,NYG,EngrEv00,Evan Engram,TE,24.996577686516083,pre2020,13,3,1.3862943611198906,4,0,0,0.69,5,0,13.675,Foot / Toe,ankle_foot,Out,DNP,2019_EngrEv00_10,7,1,Out,0
2019,NYG,EngrEv00,Evan Engram,TE,24.996577686516083,pre2020,14,4,1.6094379124341003,3,0,0,0.69,5,0,13.675,Foot / Toe,ankle_foot,Out,DNP,2019_EngrEv00_10,7,1,Out,0
2019,NYG,EngrEv00,Evan Engram,TE,24.996577686516083,pre2020,15,5,1.791759469228055,2,0,0,0.69,5,0,13.675,Foot / Toe,ankle_foot,Out,DNP,2019_EngrEv00_10,7,1,Not listed,0
2019,NYG,EngrEv00,Evan Engram,TE,24.996577686516083,pre2020,16,6,1.9459101490553132,1,0,0,0.69,5,0,13.675,Foot / Toe,ankle_foot,Not listed,Not listed,2019_EngrEv00_10,7,1,Not listed,0
2019,NYG,EngrEv00,Evan Engram,TE,24.996577686516083,pre2020,17,7,2.0794415416798357,0,0,0,0.69,5,0,13.675,Foot / Toe,ankle_foot,Not listed,Not listed,2019_EngrEv00_10,7,1,No report,0
2019,NYG,ShepSt00,Sterling Shepard,WR,26.55441478439425,pre2020,6,1,0.6931471805599453,10,0,0,0.82,0,1,15.975,Head / Concussion,concussion,Out,DNP,2019_ShepSt00_6,5,0,Out,0
2019,NYG,ShepSt00,Sterling Shepard,WR,26.55441478439425,pre2020,7,2,1.0986122886681098,9,0,0,0.82,0,1,15.975,Head / Concussion,concussion,Out,Limited,2019_ShepSt00_6,5,0,Out,0
2019,NYG,ShepSt00,Sterling Shepard,WR,26.55441478439425,pre2020,8,3,1.3862943611198906,8,0,0,0.82,0,1,15.975,Head / Concussion,concussion,Out,Limited,2019_ShepSt00_6,5,0,No report,0
2019,NYG,ShepSt00,Sterling Shepard,WR,26.55441478439425,pre2020,9,4,1.6094379124341003,7,0,0,0.82,0,1,15.975,Head / Concussion,concussion,None,Full,2019_ShepSt00_6,5,0,Out,0
2019,NYG,ShepSt00,Sterling Shepard,WR,26.55441478439425,pre2020,10,5,1.791759469228055,6,0,0,0.82,0,1,15.975,Head / Concussion,concussion,Out,DNP,2019_ShepSt00_6,5,0,None,1
2019,NYG,TateGo00,Golden Tate,WR,31.080082135523615,pre2020,13,1,0.6931471805599453,4,0,0,0.83,0,0,15.22857142857143,Head / Concussion,concussion,Out,DNP,2019_TateGo00_13,1,0,None,1
2019,OAK,JacoJo01,Josh Jacobs,RB,21.5523613963039,pre2020,14,1,0.6931471805599453,3,0,0,0.58,0,0,14.891666666666667,Shoulder,other,Questionable,Limited,2019_JacoJo01_14,1,0,Questionable,1
2019,OAK,JacoJo01,Josh Jacobs,RB,21.5523613963039,pre2020,16,1,0.6931471805599453,1,0,0,0.57,0,1,14.738461538461538,Shoulder,other,Out,DNP,2019_JacoJo01_16,2,1,Out,0
2019,OAK,JacoJo01,Josh Jacobs,RB,21.5523613963039,pre2020,17,2,1.0986122886681098,0,0,0,0.57,0,1,14.738461538461538,Shoulder,other,Out,DNP,2019_JacoJo01_16,2,1,No report,0
2019,OAK,WillTy00,Tyrell Williams,WR,27.550992470910334,pre2020,5,1,0.6931471805599453,11,0,0,0.92,0,0,15.65,Foot / Toe,ankle_foot,Questionable,DNP,2019_WillTy00_5,2,0,Out,0
2019,OAK,WillTy00,Tyrell Williams,WR,27.550992470910334,pre2020,7,2,1.0986122886681098,10,0,0,0.92,0,0,15.65,Foot / Toe,ankle_foot,Out,DNP,2019_WillTy00_5,2,0,Questionable,1
2019,PHI,ErtzZa00,Zach Ertz,TE,28.80766598220397,pre2020,17,1,0.6931471805599453,0,0,0,0.81,0,0,14.373333333333333,Chest / Ribs,other,Out,DNP,2019_ErtzZa00_17,1,1,No report,0
2019,PHI,HowaJo00,Jordan Howard,RB,24.829568788501028,pre2020,11,1,0.6931471805599453,6,0,0,0.5,0,0,12.377777777777778,Shoulder,other,Questionable,Limited,2019_HowaJo00_11,6,0,Questionable,0
2019,PHI,HowaJo00,Jordan Howard,RB,24.829568788501028,pre2020,12,2,1.0986122886681098,5,0,0,0.5,0,0,12.377777777777778,Shoulder,other,Questionable,Limited,2019_HowaJo00_11,6,0,Questionable,0
2019,PHI,HowaJo00,Jordan Howard,RB,24.829568788501028,pre2020,13,3,1.3862943611198906,4,0,0,0.5,0,0,12.377777777777778,Shoulder,other,Questionable,Limited,2019_HowaJo00_11,6,0,Questionable,0
2019,PHI,HowaJo00,Jordan Howard,RB,24.829568788501028,pre2020,14,4,1.6094379124341003,3,0,0,0.5,0,0,12.377777777777778,Shoulder,other,Questionable,Limited,2019_HowaJo00_11,6,0,Questionable,0
2019,PHI,HowaJo00,Jordan Howard,RB,24.829568788501028,pre2020,15,5,1.791759469228055,2,0,0,0.5,0,0,12.377777777777778,Shoulder,other,Questionable,Limited,2019_HowaJo00_11,6,0,Questionable,0
2019,PHI,HowaJo00,Jordan Howard,RB,24.829568788501028,pre2020,16,6,1.9459101490553132,1,0,0,0.5,0,0,12.377777777777778,Shoulder,other,Questionable,Limited,2019_HowaJo00_11,6,0,None,1
2019,PHI,JackDe00,DeSean Jackson,WR,32.7501711156742,pre2020,3,1,0.6931471805599453,13,0,1,0.13,4,0,18.30625,Core / Abdomen,other,Out,DNP,2019_JackDe00_3,6,0,Out,0
2019,PHI,JackDe00,DeSean Jackson,WR,32.7501711156742,pre2020,4,2,1.0986122886681098,12,0,1,0.13,4,0,18.30625,Core / Abdomen,other,Out,DNP,2019_JackDe00_3,6,0,Out,0
2019,PHI,JackDe00,DeSean Jackson,WR,32.7501711156742,pre2020,5,3,1.3862943611198906,11,0,1,0.13,4,0,18.30625,Core / Abdomen,other,Out,DNP,2019_JackDe00_3,6,0,Out,0
2019,PHI,JackDe00,DeSean Jackson,WR,32.7501711156742,pre2020,6,4,1.6094379124341003,10,0,1,0.13,4,0,18.30625,Core / Abdomen,other,Out,DNP,2019_JackDe00_3,6,0,Out,0
2019,PHI,JackDe00,DeSean Jackson,WR,32.7501711156742,pre2020,7,5,1.791759469228055,9,0,1,0.13,4,0,18.30625,Core / Abdomen,other,Out,DNP,2019_JackDe00_3,6,0,Out,0
2019,PHI,JackDe00,DeSean Jackson,WR,32.7501711156742,pre2020,8,6,1.9459101490553132,8,0,1,0.13,4,0,18.30625,Core / Abdomen,other,Out,DNP,2019_JackDe00_3,6,0,Questionable,1
2019,PHI,JeffAl00,Alshon Jeffery,WR,29.544147843942504,pre2020,3,1,0.6931471805599453,13,0,1,0.08,0,0,16.215384615384615,Lower Leg,soft_tissue,Questionable,DNP,2019_JeffAl00_3,1,0,None,1
2019,PHI,JeffAl00,Alshon Jeffery,WR,29.544147843942504,pre2020,11,1,0.6931471805599453,6,0,0,0.79,0,0,13.357142857142858,Ankle,ankle_foot,Out,DNP,2019_JeffAl00_11,2,0,Questionable,0
2019,PHI,JeffAl00,Alshon Jeffery,WR,29.544147843942504,pre2020,12,2,1.0986122886681098,5,0,0,0.79,0,0,13.357142857142858,Ankle,ankle_foot,Questionable,Limited,2019_JeffAl00_11,2,0,None,1
2019,PHI,JeffAl00,Alshon Jeffery,WR,29.544147843942504,pre2020,15,1,0.6931471805599453,2,0,1,0.23,0,0,13.577777777777778,Foot / Toe,ankle_foot,None,DNP,2019_JeffAl00_15,3,1,Not listed,0
2019,PHI,JeffAl00,Alshon Jeffery,WR,29.544147843942504,pre2020,16,2,1.0986122886681098,1,0,1,0.23,0,0,13.577777777777778,Foot / Toe,ankle_foot,Not listed,Not listed,2019_JeffAl00_15,3,1,Not listed,0
2019,PHI,JeffAl00,Alshon Jeffery,WR,29.544147843942504,pre2020,17,3,1.3862943611198906,0,0,1,0.23,0,0,13.577777777777778,Foot / Toe,ankle_foot,Not listed,Not listed,2019_JeffAl00_15,3,1,No report,0
2019,PIT,ConnJa00,James Conner,RB,24.32580424366872,pre2020,9,1,0.6931471805599453,8,0,0,0.82,3,0,17.8,Shoulder,other,Doubtful,DNP,2019_ConnJa00_9,2,0,Out,0
2019,PIT,ConnJa00,James Conner,RB,24.32580424366872,pre2020,10,2,1.0986122886681098,7,0,0,0.82,3,0,17.8,Shoulder,other,Out,DNP,2019_ConnJa00_9,2,0,None,1
2019,PIT,ConnJa00,James Conner,RB,24.32580424366872,pre2020,12,1,0.6931471805599453,5,0,1,0.18,3,1,15.9,Shoulder,other,Out,DNP,2019_ConnJa00_12,3,0,Doubtful,0
2019,PIT,ConnJa00,James Conner,RB,24.32580424366872,pre2020,13,2,1.0986122886681098,4,0,1,0.18,3,1,15.9,Shoulder,other,Doubtful,Limited,2019_ConnJa00_12,3,0,Out,0
2019,PIT,ConnJa00,James Conner,RB,24.32580424366872,pre2020,14,3,1.3862943611198906,3,0,1,0.18,3,1,15.9,Shoulder,other,Out,Limited,2019_ConnJa00_12,3,0,Questionable,1
2019,PIT,ConnJa00,James Conner,RB,24.32580424366872,pre2020,17,1,0.6931471805599453,0,0,1,0.13,3,0,14.55,Quad / Thigh,soft_tissue,Out,DNP,2019_ConnJa00_17,1,1,No report,0
2019,SEA,DissWi00,Will Dissly,TE,23.148528405201915,pre2020,7,1,0.6931471805599453,9,0,1,0.22,0,0,12.316666666666668,Achilles,achilles,Out,DNP,2019_DissWi00_7,10,1,Not listed,0
2019,SEA,DissWi00,Will Dissly,TE,23.148528405201915,pre2020,8,2,1.0986122886681098,8,0,1,0.22,0,0,12.316666666666668,Achilles,achilles,Not listed,Not listed,2019_DissWi00_7,10,1,Not listed,0
2019,SEA,DissWi00,Will Dissly,TE,23.148528405201915,pre2020,9,3,1.3862943611198906,7,0,1,0.22,0,0,12.316666666666668,Achilles,achilles,Not listed,Not listed,2019_DissWi00_7,10,1,Not listed,0
2019,SEA,DissWi00,Will Dissly,TE,23.148528405201915,pre2020,10,4,1.6094379124341003,6,0,1,0.22,0,0,12.316666666666668,Achilles,achilles,Not listed,Not listed,2019_DissWi00_7,10,1,Not listed,0
2019,SEA,DissWi00,Will Dissly,TE,23.148528405201915,pre2020,12,5,1.791759469228055,5,0,1,0.22,0,0,12.316666666666668,Achilles,achilles,Not listed,Not listed,2019_DissWi00_7,10,1,Not listed,0
2019,SEA,DissWi00,Will Dissly,TE,23.148528405201915,pre2020,13,6,1.9459101490553132,4,0,1,0.22,0,0,12.316666666666668,Achilles,achilles,Not listed,Not listed,2019_DissWi00_7,10,1,Not listed,0
2019,SEA,DissWi00,Will Dissly,TE,23.148528405201915,pre2020,14,7,2.0794415416798357,3,0,1,0.22,0,0,12.316666666666668,Achilles,achilles,Not listed,Not listed,2019_DissWi00_7,10,1,Not listed,0
2019,SEA,DissWi00,Will Dissly,TE,23.148528405201915,pre2020,15,8,2.1972245773362196,2,0,1,0.22,0,0,12.316666666666668,Achilles,achilles,Not listed,Not listed,2019_DissWi00_7,10,1,Not listed,0
2019,SEA,DissWi00,Will Dissly,TE,23.148528405201915,pre2020,16,9,2.302585092994046,1,0,1,0.22,0,0,12.316666666666668,Achilles,achilles,Not listed,Not listed,2019_DissWi00_7,10,1,Not listed,0
2019,SEA,DissWi00,Will Dissly,TE,23.148528405201915,pre2020,17,10,2.3978952727983707,0,0,1,0.22,0,0,12.316666666666668,Achilles,achilles,Not listed,Not listed,2019_DissWi00_7,10,1,No report,0
2019,SF,KittGe00,George Kittle,TE,25.894592744695416,pre2020,10,1,0.6931471805599453,7,0,0,0.7,0,0,14.2375,Knee,knee,Doubtful,DNP,2019_KittGe00_10,2,0,Doubtful,0
2019,SF,KittGe00,George Kittle,TE,25.894592744695416,pre2020,11,2,1.0986122886681098,6,0,0,0.7,0,0,14.2375,Knee,knee,Doubtful,DNP,2019_KittGe00_10,2,0,Questionable,1
2019,TB,EvanMi00,Mike Evans,WR,26.028747433264886,pre2020,15,1,0.6931471805599453,2,0,1,0.23,0,0,17.900000000000002,Hamstring,soft_tissue,Out,DNP,2019_EvanMi00_15,3,1,None,0
2019,TB,EvanMi00,Mike Evans,WR,26.028747433264886,pre2020,16,2,1.0986122886681098,1,0,1,0.23,0,0,17.900000000000002,Hamstring,soft_tissue,None,DNP,2019_EvanMi00_15,3,1,Not listed,0
2019,TB,EvanMi00,Mike Evans,WR,26.028747433264886,pre2020,17,3,1.3862943611198906,0,0,1,0.23,0,0,17.900000000000002,Hamstring,soft_tissue,Not listed,Not listed,2019_EvanMi00_15,3,1,No report,0
2019,TB,GodwCh00,Chris Godwin,WR,23.509924709103355,pre2020,16,1,0.6931471805599453,1,0,0,0.61,0,0,19.72142857142857,Hamstring,soft_tissue,Out,DNP,2019_GodwCh00_16,2,1,Out,0
2019,TB,GodwCh00,Chris Godwin,WR,23.509924709103355,pre2020,17,2,1.0986122886681098,0,0,0,0.61,0,0,19.72142857142857,Hamstring,soft_tissue,Out,DNP,2019_GodwCh00_16,2,1,No report,0
2019,TEN,HenrDe00,Derrick Henry,RB,25.65639972621492,pre2020,16,1,0.6931471805599453,1,0,0,0.59,0,0,18.25,Hamstring,soft_tissue,Questionable,Full,2019_HenrDe00_16,1,0,None,1
2019,WAS,McLaTe00,Terry McLaurin,WR,23.96167008898015,pre2020,4,1,0.6931471805599453,12,0,0,0.9,0,0,19.900000000000002,Hamstring,soft_tissue,Questionable,DNP,2019_McLaTe00_4,1,0,Questionable,1
2019,WAS,McLaTe00,Terry McLaurin,WR,23.96167008898015,pre2020,17,1,0.6931471805599453,0,0,0,0.87,0,0,13.707142857142857,Head / Concussion,concussion,Out,DNP,2019_McLaTe00_17,1,1,No report,0
2020,ATL,GurlTo01,Todd Gurley,RB,26.080766598220396,2020_21,12,1,0.6931471805599453,5,0,0,0.37,1,1,13.920000000000002,Knee,knee,Out,DNP,2020_GurlTo01_12,1,0,Questionable,1
2020,ATL,JoneJu02,Julio Jones,WR,31.561943874058862,2020_21,3,1,0.6931471805599453,13,0,0,0.79,1,0,16.41166666666667,Hamstring,soft_tissue,Questionable,DNP,2020_JoneJu02_3,1,0,Questionable,1
2020,ATL,JoneJu02,Julio Jones,WR,31.561943874058862,2020_21,5,1,0.6931471805599453,11,0,1,0.21,1,1,13.643333333333334,Hamstring,soft_tissue,Questionable,DNP,2020_JoneJu02_5,1,0,None,1
2020,ATL,JoneJu02,Julio Jones,WR,31.561943874058862,2020_21,12,1,0.6931471805599453,5,0,1,0.35,1,1,16.337500000000002,Hamstring,soft_tissue,Questionable,DNP,2020_JoneJu02_12,1,0,Questionable,1
2020,ATL,JoneJu02,Julio Jones,WR,31.561943874058862,2020_21,14,1,0.6931471805599453,3,0,0,0.94,1,1,16.233333333333334,Hamstring,soft_tissue,Out,DNP,2020_JoneJu02_14,4,1,Out,0
2020,ATL,JoneJu02,Julio Jones,WR,31.561943874058862,2020_21,15,2,1.0986122886681098,2,0,0,0.94,1,1,16.233333333333334,Hamstring,soft_tissue,Out,DNP,2020_JoneJu02_14,4,1,Out,0
2020,ATL,JoneJu02,Julio Jones,WR,31.561943874058862,2020_21,16,3,1.3862943611198906,1,0,0,0.94,1,1,16.233333333333334,Hamstring,soft_tissue,Out,DNP,2020_JoneJu02_14,4,1,Out,0
2020,ATL,JoneJu02,Julio Jones,WR,31.561943874058862,2020_21,17,4,1.6094379124341003,0,0,0,0.94,1,1,16.233333333333334,Hamstring,soft_tissue,Out,DNP,2020_JoneJu02_14,4,1,No report,0
2020,ATL,RidlCa00,Calvin Ridley,WR,25.700205338809035,2020_21,9,1,0.6931471805599453,7,0,1,0.33,0,0,18.5125,Foot / Toe,ankle_foot,Questionable,DNP,2020_RidlCa00_9,1,0,No report,1
2020,BAL,AndrMa00,Mark Andrews,TE,24.98836413415469,2020_21,12,1,0.6931471805599453,5,0,0,0.86,1,0,11.940000000000001,Quad / Thigh,soft_tissue,Questionable,Limited,2020_AndrMa00_12,2,0,Not listed,0
2020,BAL,AndrMa00,Mark Andrews,TE,24.98836413415469,2020_21,13,2,1.0986122886681098,4,0,0,0.86,1,0,11.940000000000001,Quad / Thigh,soft_tissue,Not listed,Not listed,2020_AndrMa00_12,2,0,Not listed,1
2020,BUF,BeasCo00,Cole Beasley,WR,31.351129363449694,2020_21,17,1,0.6931471805599453,0,0,0,0.49,0,0,13.833333333333334,Knee,knee,Out,DNP,2020_BeasCo00_17,1,1,No report,0
2020,CAR,DaviMi01,Mike Davis,RB,27.531827515400412,2020_21,17,1,0.6931471805599453,0,0,0,0.6,0,0,13.766666666666667,Ankle,ankle_foot,Doubtful,DNP,2020_DaviMi01_17,1,1,No report,0
2020,CAR,McCaCh01,Christian McCaffrey,RB,24.23545516769336,2020_21,3,1,0.6931471805599453,13,0,0,0.64,0,0,28.05,Shoulder,other,Not listed,Not listed,2020_McCaCh01_3,6,0,Not listed,0
2020,CAR,McCaCh01,Christian McCaffrey,RB,24.23545516769336,2020_21,4,2,1.0986122886681098,12,0,0,0.64,0,0,28.05,Shoulder,other,Not listed,Not listed,2020_McCaCh01_3,6,0,Not listed,0
2020,CAR,McCaCh01,Christian McCaffrey,RB,24.23545516769336,2020_21,5,3,1.3862943611198906,11,0,0,0.64,0,0,28.05,Shoulder,other,Not listed,Not listed,2020_McCaCh01_3,6,0,Not listed,0
2020,CAR,McCaCh01,Christian McCaffrey,RB,24.23545516769336,2020_21,6,4,1.6094379124341003,10,0,0,0.64,0,0,28.05,Shoulder,other,Not listed,Not listed,2020_McCaCh01_3,6,0,Not listed,0
2020,CAR,McCaCh01,Christian McCaffrey,RB,24.23545516769336,2020_21,7,5,1.791759469228055,9,0,0,0.64,0,0,28.05,Shoulder,other,Not listed,Not listed,2020_McCaCh01_3,6,0,Not listed,0
2020,CAR,McCaCh01,Christian McCaffrey,RB,24.23545516769336,2020_21,8,6,1.9459101490553132,8,1,0,0.64,0,0,28.05,Shoulder,other,Not listed,Not listed,2020_McCaCh01_3,6,0,Not listed,1
2020,CAR,McCaCh01,Christian McCaffrey,RB,24.23545516769336,2020_21,10,1,0.6931471805599453,6,0,0,0.71,0,1,29.962500000000002,Shoulder,other,Out,DNP,2020_McCaCh01_10,7,1,Out,0
2020,CAR,McCaCh01,Christian McCaffrey,RB,24.23545516769336,2020_21,11,2,1.0986122886681098,5,0,0,0.71,0,1,29.962500000000002,Shoulder,other,Out,DNP,2020_McCaCh01_10,7,1,Questionable,0
2020,CAR,McCaCh01,Christian McCaffrey,RB,24.23545516769336,2020_21,12,3,1.3862943611198906,4,0,0,0.71,0,1,29.962500000000002,Shoulder,other,Questionable,Limited,2020_McCaCh01_10,7,1,Doubtful,0
2020,CAR,McCaCh01,Christian McCaffrey,RB,24.23545516769336,2020_21,14,4,1.6094379124341003,3,0,0,0.71,0,1,29.962500000000002,Shoulder,other,Doubtful,DNP,2020_McCaCh01_10,7,1,Doubtful,0
2020,CAR,McCaCh01,Christian McCaffrey,RB,24.23545516769336,2020_21,15,5,1.791759469228055,2,0,0,0.71,0,1,29.962500000000002,Shoulder,other,Doubtful,DNP,2020_McCaCh01_10,7,1,Doubtful,0
2020,CAR,McCaCh01,Christian McCaffrey,RB,24.23545516769336,2020_21,16,6,1.9459101490553132,1,0,0,0.71,0,1,29.962500000000002,Shoulder,other,Doubtful,DNP,2020_McCaCh01_10,7,1,Doubtful,0
2020,CAR,McCaCh01,Christian McCaffrey,RB,24.23545516769336,2020_21,17,7,2.0794415416798357,0,0,0,0.71,0,1,29.962500000000002,Shoulder,other,Doubtful,DNP,2020_McCaCh01_10,7,1,No report,0
2020,CHI,MontDa01,David Montgomery,RB,23.236139630390145,2020_21,10,1,0.6931471805599453,6,0,0,0.65,0,0,12.266666666666667,Head / Concussion,concussion,Out,DNP,2020_MontDa01_10,1,0,None,1
2020,CIN,BoydTy00,Tyler Boyd,WR,25.796030116358658,2020_21,16,1,0.6931471805599453,1,0,1,0.2,0,0,13.602857142857143,Head / Concussion,concussion,Out,DNP,2020_BoydTy00_16,1,0,None,1
2020,CLE,ChubNi00,Nick Chubb,RB,24.681724845995895,2020_21,5,1,0.6931471805599453,11,0,1,0.18,0,0,15.05,Unspecified (IR),unspecified,Not listed,Not listed,2020_ChubNi00_5,4,0,Not listed,0
2020,CLE,ChubNi00,Nick Chubb,RB,24.681724845995895,2020_21,6,2,1.0986122886681098,10,0,1,0.18,0,0,15.05,Unspecified (IR),unspecified,Not listed,Not listed,2020_ChubNi00_5,4,0,Not listed,0
2020,CLE,ChubNi00,Nick Chubb,RB,24.681724845995895,2020_21,7,3,1.3862943611198906,9,0,1,0.18,0,0,15.05,Unspecified (IR),unspecified,Not listed,Not listed,2020_ChubNi00_5,4,0,Not listed,0
2020,CLE,ChubNi00,Nick Chubb,RB,24.681724845995895,2020_21,8,4,1.6094379124341003,8,1,1,0.18,0,0,15.05,Unspecified (IR),unspecified,Not listed,Not listed,2020_ChubNi00_5,4,0,Not listed,1
2020,DAL,ElliEz00,Ezekiel Elliott,RB,25.114305270362767,2020_21,15,1,0.6931471805599453,2,0,0,0.63,0,0,14.66923076923077,Lower Leg,soft_tissue,Questionable,DNP,2020_ElliEz00_15,1,0,Questionable,1
2020,DAL,PresDa01,Dak Prescott,QB,27.093771389459274,2020_21,6,1,0.6931471805599453,10,0,0,0.67,0,0,27.128000000000004,Unspecified (IR),unspecified,Not listed,Not listed,2020_PresDa01_6,11,1,Not listed,0
2020,DAL,PresDa01,Dak Prescott,QB,27.093771389459274,2020_21,7,2,1.0986122886681098,9,0,0,0.67,0,0,27.128000000000004,Unspecified (IR),unspecified,Not listed,Not listed,2020_PresDa01_6,11,1,Not listed,0
2020,DAL,PresDa01,Dak Prescott,QB,27.093771389459274,2020_21,8,3,1.3862943611198906,8,1,0,0.67,0,0,27.128000000000004,Unspecified (IR),unspecified,Not listed,Not listed,2020_PresDa01_6,11,1,Not listed,0
2020,DAL,PresDa01,Dak Prescott,QB,27.093771389459274,2020_21,9,4,1.6094379124341003,7,1,0,0.67,0,0,27.128000000000004,Unspecified (IR),unspecified,Not listed,Not listed,2020_PresDa01_6,11,1,Not listed,0
2020,DAL,PresDa01,Dak Prescott,QB,27.093771389459274,2020_21,11,5,1.791759469228055,6,1,0,0.67,0,0,27.128000000000004,Unspecified (IR),unspecified,Not listed,Not listed,2020_PresDa01_6,11,1,Not listed,0
2020,DAL,PresDa01,Dak Prescott,QB,27.093771389459274,2020_21,12,6,1.9459101490553132,5,1,0,0.67,0,0,27.128000000000004,Unspecified (IR),unspecified,Not listed,Not listed,2020_PresDa01_6,11,1,Not listed,0
2020,DAL,PresDa01,Dak Prescott,QB,27.093771389459274,2020_21,13,7,2.0794415416798357,4,1,0,0.67,0,0,27.128000000000004,Unspecified (IR),unspecified,Not listed,Not listed,2020_PresDa01_6,11,1,Not listed,0
2020,DAL,PresDa01,Dak Prescott,QB,27.093771389459274,2020_21,14,8,2.1972245773362196,3,1,0,0.67,0,0,27.128000000000004,Unspecified (IR),unspecified,Not listed,Not listed,2020_PresDa01_6,11,1,Not listed,0
2020,DAL,PresDa01,Dak Prescott,QB,27.093771389459274,2020_21,15,9,2.302585092994046,2,1,0,0.67,0,0,27.128000000000004,Unspecified (IR),unspecified,Not listed,Not listed,2020_PresDa01_6,11,1,Not listed,0
2020,DAL,PresDa01,Dak Prescott,QB,27.093771389459274,2020_21,16,10,2.3978952727983707,1,1,0,0.67,0,0,27.128000000000004,Unspecified (IR),unspecified,Not listed,Not listed,2020_PresDa01_6,11,1,Not listed,0
2020,DAL,PresDa01,Dak Prescott,QB,27.093771389459274,2020_21,17,11,2.4849066497880004,0,1,0,0.67,0,0,27.128000000000004,Unspecified (IR),unspecified,Not listed,Not listed,2020_PresDa01_6,11,1,No report,0
2020,DEN,FantNo00,Noah Fant,TE,22.781656399726216,2020_21,6,1,0.6931471805599453,11,0,0,0.5,0,0,13.725000000000001,Ankle,ankle_foot,Questionable,Limited,2020_FantNo00_6,1,0,None,1
2020,DEN,SuttCo00,Courtland Sutton,WR,24.895277207392198,2020_21,3,1,0.6931471805599453,13,0,0,0.4,0,0,12.8259375,Shoulder,other,Not listed,Not listed,2020_SuttCo00_3,14,1,Not listed,0
2020,DEN,SuttCo00,Courtland Sutton,WR,24.895277207392198,2020_21,4,2,1.0986122886681098,12,0,0,0.4,0,0,12.8259375,Shoulder,other,Not listed,Not listed,2020_SuttCo00_3,14,1,Not listed,0
2020,DEN,SuttCo00,Courtland Sutton,WR,24.895277207392198,2020_21,6,3,1.3862943611198906,11,0,0,0.4,0,0,12.8259375,Shoulder,other,Not listed,Not listed,2020_SuttCo00_3,14,1,Not listed,0
2020,DEN,SuttCo00,Courtland Sutton,WR,24.895277207392198,2020_21,7,4,1.6094379124341003,10,0,0,0.4,0,0,12.8259375,Shoulder,other,Not listed,Not listed,2020_SuttCo00_3,14,1,Not listed,0
2020,DEN,SuttCo00,Courtland Sutton,WR,24.895277207392198,2020_21,8,5,1.791759469228055,9,1,0,0.4,0,0,12.8259375,Shoulder,other,Not listed,Not listed,2020_SuttCo00_3,14,1,Not listed,0
2020,DEN,SuttCo00,Courtland Sutton,WR,24.895277207392198,2020_21,9,6,1.9459101490553132,8,1,0,0.4,0,0,12.8259375,Shoulder,other,Not listed,Not listed,2020_SuttCo00_3,14,1,Not listed,0
2020,DEN,SuttCo00,Courtland Sutton,WR,24.895277207392198,2020_21,10,7,2.0794415416798357,7,1,0,0.4,0,0,12.8259375,Shoulder,other,Not listed,Not listed,2020_SuttCo00_3,14,1,Not listed,0
2020,DEN,SuttCo00,Courtland Sutton,WR,24.895277207392198,2020_21,11,8,2.1972245773362196,6,1,0,0.4,0,0,12.8259375,Shoulder,other,Not listed,Not listed,2020_SuttCo00_3,14,1,Not listed,0
2020,DEN,SuttCo00,Courtland Sutton,WR,24.895277207392198,2020_21,12,9,2.302585092994046,5,1,0,0.4,0,0,12.8259375,Shoulder,other,Not listed,Not listed,2020_SuttCo00_3,14,1,Not listed,0
2020,DEN,SuttCo00,Courtland Sutton,WR,24.895277207392198,2020_21,13,10,2.3978952727983707,4,1,0,0.4,0,0,12.8259375,Shoulder,other,Not listed,Not listed,2020_SuttCo00_3,14,1,Not listed,0
2020,DEN,SuttCo00,Courtland Sutton,WR,24.895277207392198,2020_21,14,11,2.4849066497880004,3,1,0,0.4,0,0,12.8259375,Shoulder,other,Not listed,Not listed,2020_SuttCo00_3,14,1,Not listed,0
2020,DEN,SuttCo00,Courtland Sutton,WR,24.895277207392198,2020_21,15,12,2.5649493574615367,2,1,0,0.4,0,0,12.8259375,Shoulder,other,Not listed,Not listed,2020_SuttCo00_3,14,1,Not listed,0
2020,DEN,SuttCo00,Courtland Sutton,WR,24.895277207392198,2020_21,16,13,2.6390573296152584,1,1,0,0.4,0,0,12.8259375,Shoulder,other,Not listed,Not listed,2020_SuttCo00_3,14,1,Not listed,0
2020,DEN,SuttCo00,Courtland Sutton,WR,24.895277207392198,2020_21,17,14,2.70805020110221,0,1,0,0.4,0,0,12.8259375,Shoulder,other,Not listed,Not listed,2020_SuttCo00_3,14,1,No report,0
2020,DET,GollKe00,Kenny Golladay,WR,26.82819986310746,2020_21,9,1,0.6931471805599453,8,0,1,0.3,0,0,13.16,Hip / Groin,soft_tissue,Out,DNP,2020_GollKe00_9,9,1,Out,0
2020,DET,GollKe00,Kenny Golladay,WR,26.82819986310746,2020_21,10,2,1.0986122886681098,7,0,1,0.3,0,0,13.16,Hip / Groin,soft_tissue,Out,DNP,2020_GollKe00_9,9,1,Out,0
2020,DET,GollKe00,Kenny Golladay,WR,26.82819986310746,2020_21,11,3,1.3862943611198906,6,0,1,0.3,0,0,13.16,Hip / Groin,soft_tissue,Out,DNP,2020_GollKe00_9,9,1,Out,0
2020,DET,GollKe00,Kenny Golladay,WR,26.82819986310746,2020_21,12,4,1.6094379124341003,5,0,1,0.3,0,0,13.16,Hip / Groin,soft_tissue,Out,DNP,2020_GollKe00_9,9,1,Out,0
2020,DET,GollKe00,Kenny Golladay,WR,26.82819986310746,2020_21,13,5,1.791759469228055,4,0,1,0.3,0,0,13.16,Hip / Groin,soft_tissue,Out,DNP,2020_GollKe00_9,9,1,Out,0
2020,DET,GollKe00,Kenny Golladay,WR,26.82819986310746,2020_21,14,6,1.9459101490553132,3,0,1,0.3,0,0,13.16,Hip / Groin,soft_tissue,Out,DNP,2020_GollKe00_9,9,1,Out,0
2020,DET,GollKe00,Kenny Golladay,WR,26.82819986310746,2020_21,15,7,2.0794415416798357,2,0,1,0.3,0,0,13.16,Hip / Groin,soft_tissue,Out,DNP,2020_GollKe00_9,9,1,Out,0
2020,DET,GollKe00,Kenny Golladay,WR,26.82819986310746,2020_21,16,8,2.1972245773362196,1,0,1,0.3,0,0,13.16,Hip / Groin,soft_tissue,Out,DNP,2020_GollKe00_9,9,1,Out,0
2020,DET,GollKe00,Kenny Golladay,WR,26.82819986310746,2020_21,17,9,2.302585092994046,0,0,1,0.3,0,0,13.16,Hip / Groin,soft_tissue,Out,DNP,2020_GollKe00_9,9,1,No report,0
2020,DET,SwifDA00,D'Andre Swift,RB,21.631759069130734,2020_21,11,1,0.6931471805599453,6,0,0,0.73,0,0,14.177777777777777,Head / Concussion,concussion,Out,DNP,2020_SwifDA00_11,3,0,Questionable,0
2020,DET,SwifDA00,D'Andre Swift,RB,21.631759069130734,2020_21,12,2,1.0986122886681098,5,0,0,0.73,0,0,14.177777777777777,Head / Concussion,concussion,Questionable,Limited,2020_SwifDA00_11,3,0,Questionable,0
2020,DET,SwifDA00,D'Andre Swift,RB,21.631759069130734,2020_21,13,3,1.3862943611198906,4,0,0,0.73,0,0,14.177777777777777,Head / Concussion,concussion,Questionable,DNP,2020_SwifDA00_11,3,0,Questionable,1
2020,GB,AdamDa01,Davante Adams,WR,27.68788501026694,2020_21,3,1,0.6931471805599453,13,0,1,0.52,4,0,20.9125,Hamstring,soft_tissue,Doubtful,DNP,2020_AdamDa01_3,2,0,Questionable,0
2020,GB,AdamDa01,Davante Adams,WR,27.68788501026694,2020_21,4,2,1.0986122886681098,12,0,1,0.52,4,0,20.9125,Hamstring,soft_tissue,Questionable,Limited,2020_AdamDa01_3,2,0,None,1
2020,GB,JoneAa00,Aaron Jones,RB,25.749486652977414,2020_21,7,1,0.6931471805599453,10,0,0,0.57,0,0,23.0,Lower Leg,soft_tissue,Questionable,DNP,2020_JoneAa00_7,2,0,Out,0
2020,GB,JoneAa00,Aaron Jones,RB,25.749486652977414,2020_21,8,2,1.0986122886681098,9,0,0,0.57,0,0,23.0,Lower Leg,soft_tissue,Out,DNP,2020_JoneAa00_7,2,0,Questionable,1
2020,GB,LazaAl00,Allen Lazard,WR,24.725530458590008,2020_21,4,1,0.6931471805599453,12,0,0,0.95,0,0,15.166666666666668,Core / Abdomen,other,Out,DNP,2020_LazaAl00_4,6,0,Not listed,0
2020,GB,LazaAl00,Allen Lazard,WR,24.725530458590008,2020_21,6,2,1.0986122886681098,11,0,0,0.95,0,0,15.166666666666668,Core / Abdomen,other,Not listed,Not listed,2020_LazaAl00_4,6,0,Not listed,0
2020,GB,LazaAl00,Allen Lazard,WR,24.725530458590008,2020_21,7,3,1.3862943611198906,10,0,0,0.95,0,0,15.166666666666668,Core / Abdomen,other,Not listed,Not listed,2020_LazaAl00_4,6,0,Not listed,0
2020,GB,LazaAl00,Allen Lazard,WR,24.725530458590008,2020_21,8,4,1.6094379124341003,9,1,0,0.95,0,0,15.166666666666668,Core / Abdomen,other,Not listed,Not listed,2020_LazaAl00_4,6,0,Not listed,0
2020,GB,LazaAl00,Allen Lazard,WR,24.725530458590008,2020_21,9,5,1.791759469228055,8,1,0,0.95,0,0,15.166666666666668,Core / Abdomen,other,Not listed,Not listed,2020_LazaAl00_4,6,0,Not listed,0
2020,GB,LazaAl00,Allen Lazard,WR,24.725530458590008,2020_21,10,6,1.9459101490553132,7,1,0,0.95,0,0,15.166666666666668,Core / Abdomen,other,Not listed,Not listed,2020_LazaAl00_4,6,0,Questionable,1
2020,JAX,CharDJ00,DJ Chark,WR,23.939767282683093,2020_21,3,1,0.6931471805599453,13,0,0,0.78,1,0,13.501666666666667,Chest / Ribs,other,Questionable,DNP,2020_CharDJ00_3,1,0,None,1
2020,JAX,RobiJa00,James Robinson,RB,22.064339493497606,2020_21,16,1,0.6931471805599453,1,0,0,0.62,0,0,17.885714285714286,Ankle,ankle_foot,Questionable,DNP,2020_RobiJa00_16,2,1,Out,0
2020,JAX,RobiJa00,James Robinson,RB,22.064339493497606,2020_21,17,2,1.0986122886681098,0,0,0,0.62,0,0,17.885714285714286,Ankle,ankle_foot,Out,DNP,2020_RobiJa00_16,2,1,No report,0
2020,KC,EdwaCl00,Clyde Edwards-Helaire,RB,21.39356605065024,2020_21,16,1,0.6931471805599453,1,0,0,0.46,0,0,13.538461538461538,Ankle,ankle_foot,Out,DNP,2020_EdwaCl00_16,2,1,Out,0
2020,KC,EdwaCl00,Clyde Edwards-Helaire,RB,21.39356605065024,2020_21,17,2,1.0986122886681098,0,0,0,0.46,0,0,13.538461538461538,Ankle,ankle_foot,Out,DNP,2020_EdwaCl00_16,2,1,No report,0
2020,KC,HillTy00,Tyreek Hill,WR,26.50513347022587,2020_21,17,1,0.6931471805599453,0,0,0,0.64,4,0,21.92666666666667,Hamstring,soft_tissue,Out,DNP,2020_HillTy00_17,1,1,No report,0
2020,LAC,AlleKe00,Keenan Allen,WR,28.347707049965777,2020_21,16,1,0.6931471805599453,1,0,1,0.36,0,0,17.507142857142856,Hamstring,soft_tissue,Questionable,Limited,2020_AlleKe00_16,2,1,None,0
2020,LAC,AlleKe00,Keenan Allen,WR,28.347707049965777,2020_21,17,2,1.0986122886681098,0,0,1,0.36,0,0,17.507142857142856,Hamstring,soft_tissue,None,DNP,2020_AlleKe00_16,2,1,No report,0
2020,LAC,EkelAu00,Austin Ekeler,RB,25.295003422313485,2020_21,5,1,0.6931471805599453,11,0,1,0.06,0,0,15.55,Hamstring,soft_tissue,None,DNP,2020_EkelAu00_5,6,0,Not listed,0
2020,LAC,EkelAu00,Austin Ekeler,RB,25.295003422313485,2020_21,7,2,1.0986122886681098,10,0,1,0.06,0,0,15.55,Hamstring,soft_tissue,Not listed,Not listed,2020_EkelAu00_5,6,0,Not listed,0
2020,LAC,EkelAu00,Austin Ekeler,RB,25.295003422313485,2020_21,8,3,1.3862943611198906,9,1,1,0.06,0,0,15.55,Hamstring,soft_tissue,Not listed,Not listed,2020_EkelAu00_5,6,0,Not listed,0
2020,LAC,EkelAu00,Austin Ekeler,RB,25.295003422313485,2020_21,9,4,1.6094379124341003,8,1,1,0.06,0,0,15.55,Hamstring,soft_tissue,Not listed,Not listed,2020_EkelAu00_5,6,0,Not listed,0
2020,LAC,EkelAu00,Austin Ekeler,RB,25.295003422313485,2020_21,10,5,1.791759469228055,7,1,1,0.06,0,0,15.55,Hamstring,soft_tissue,Not listed,Not listed,2020_EkelAu00_5,6,0,Not listed,0
2020,LAC,EkelAu00,Austin Ekeler,RB,25.295003422313485,2020_21,11,6,1.9459101490553132,6,1,1,0.06,0,0,15.55,Hamstring,soft_tissue,Not listed,Not listed,2020_EkelAu00_5,6,0,Not listed,1
2020,LV,JacoJo01,Josh Jacobs,RB,22.55441478439425,2020_21,13,1,0.6931471805599453,4,0,0,0.6,3,0,15.7,Ankle,ankle_foot,Out,DNP,2020_JacoJo01_13,1,0,Questionable,1
2020,MIA,GaskMy00,Myles Gaskin,RB,23.54277891854894,2020_21,9,1,0.6931471805599453,8,1,0,0.88,0,0,14.071428571428571,Knee,knee,None,DNP,2020_GaskMy00_9,4,0,Not listed,0
2020,MIA,GaskMy00,Myles Gaskin,RB,23.54277891854894,2020_21,10,2,1.0986122886681098,7,1,0,0.88,0,0,14.071428571428571,Knee,knee,Not listed,Not listed,2020_GaskMy00_9,4,0,Not listed,0
2020,MIA,GaskMy00,Myles Gaskin,RB,23.54277891854894,2020_21,11,3,1.3862943611198906,6,1,0,0.88,0,0,14.071428571428571,Knee,knee,Not listed,Not listed,2020_GaskMy00_9,4,0,Not listed,0
2020,MIA,GaskMy00,Myles Gaskin,RB,23.54277891854894,2020_21,12,4,1.6094379124341003,5,1,0,0.88,0,0,14.071428571428571,Knee,knee,Not listed,Not listed,2020_GaskMy00_9,4,0,Not listed,1
2020,MIA,GaskMy00,Myles Gaskin,RB,23.54277891854894,2020_21,14,1,0.6931471805599453,3,0,0,0.71,0,1,14.075000000000001,Knee,knee,None,Full,2020_GaskMy00_14,2,0,Not listed,0
2020,MIA,GaskMy00,Myles Gaskin,RB,23.54277891854894,2020_21,15,2,1.0986122886681098,2,0,0,0.71,0,1,14.075000000000001,Knee,knee,Not listed,Not listed,2020_GaskMy00_14,2,0,Not listed,1
2020,MIA,GesiMi00,Mike Gesicki,TE,24.914442162902123,2020_21,15,1,0.6931471805599453,2,0,0,0.52,0,0,10.784615384615384,Shoulder,other,Questionable,Limited,2020_GesiMi00_15,1,0,Questionable,1
2020,MIN,CookDa01,Dalvin Cook,RB,25.062286105407257,2020_21,6,1,0.6931471805599453,10,0,1,0.41,2,0,22.660000000000004,Hip / Groin,soft_tissue,Out,DNP,2020_CookDa01_6,1,0,Questionable,1
2020,NO,ThomMi05,Michael Thomas,WR,27.498973305954827,2020_21,2,1,0.6931471805599453,14,0,0,0.81,0,0,18.734375000000004,Ankle,ankle_foot,Out,DNP,2020_ThomMi05_2,6,0,Out,0
2020,NO,ThomMi05,Michael Thomas,WR,27.498973305954827,2020_21,3,2,1.0986122886681098,13,0,0,0.81,0,0,18.734375000000004,Ankle,ankle_foot,Out,DNP,2020_ThomMi05_2,6,0,Out,0
2020,NO,ThomMi05,Michael Thomas,WR,27.498973305954827,2020_21,4,3,1.3862943611198906,12,0,0,0.81,0,0,18.734375000000004,Ankle,ankle_foot,Out,Limited,2020_ThomMi05_2,6,0,Questionable,0
2020,NO,ThomMi05,Michael Thomas,WR,27.498973305954827,2020_21,5,4,1.6094379124341003,11,0,0,0.81,0,0,18.734375000000004,Ankle,ankle_foot,Questionable,Limited,2020_ThomMi05_2,6,0,Out,0
2020,NO,ThomMi05,Michael Thomas,WR,27.498973305954827,2020_21,7,5,1.791759469228055,10,0,0,0.81,0,0,18.734375000000004,Ankle,ankle_foot,Out,DNP,2020_ThomMi05_2,6,0,Out,0
2020,NO,ThomMi05,Michael Thomas,WR,27.498973305954827,2020_21,8,6,1.9459101490553132,9,0,0,0.81,0,0,18.734375000000004,Ankle,ankle_foot,Out,Limited,2020_ThomMi05_2,6,0,Questionable,1
2020,NYG,BarkSa00,Saquon Barkley,RB,23.55920602327173,2020_21,3,1,0.6931471805599453,13,0,1,0.12,3,0,13.23846153846154,Unspecified (IR),unspecified,Not listed,Not listed,2020_BarkSa00_3,14,1,Not listed,0
2020,NYG,BarkSa00,Saquon Barkley,RB,23.55920602327173,2020_21,4,2,1.0986122886681098,12,0,1,0.12,3,0,13.23846153846154,Unspecified (IR),unspecified,Not listed,Not listed,2020_BarkSa00_3,14,1,Not listed,0
2020,NYG,BarkSa00,Saquon Barkley,RB,23.55920602327173,2020_21,5,3,1.3862943611198906,11,0,1,0.12,3,0,13.23846153846154,Unspecified (IR),unspecified,Not listed,Not listed,2020_BarkSa00_3,14,1,Not listed,0
2020,NYG,BarkSa00,Saquon Barkley,RB,23.55920602327173,2020_21,6,4,1.6094379124341003,10,0,1,0.12,3,0,13.23846153846154,Unspecified (IR),unspecified,Not listed,Not listed,2020_BarkSa00_3,14,1,Not listed,0
2020,NYG,BarkSa00,Saquon Barkley,RB,23.55920602327173,2020_21,7,5,1.791759469228055,9,0,1,0.12,3,0,13.23846153846154,Unspecified (IR),unspecified,Not listed,Not listed,2020_BarkSa00_3,14,1,Not listed,0
2020,NYG,BarkSa00,Saquon Barkley,RB,23.55920602327173,2020_21,8,6,1.9459101490553132,8,1,1,0.12,3,0,13.23846153846154,Unspecified (IR),unspecified,Not listed,Not listed,2020_BarkSa00_3,14,1,Not listed,0
2020,NYG,BarkSa00,Saquon Barkley,RB,23.55920602327173,2020_21,9,7,2.0794415416798357,7,1,1,0.12,3,0,13.23846153846154,Unspecified (IR),unspecified,Not listed,Not listed,2020_BarkSa00_3,14,1,Not listed,0
2020,NYG,BarkSa00,Saquon Barkley,RB,23.55920602327173,2020_21,10,8,2.1972245773362196,6,1,1,0.12,3,0,13.23846153846154,Unspecified (IR),unspecified,Not listed,Not listed,2020_BarkSa00_3,14,1,Not listed,0
2020,NYG,BarkSa00,Saquon Barkley,RB,23.55920602327173,2020_21,12,9,2.302585092994046,5,1,1,0.12,3,0,13.23846153846154,Unspecified (IR),unspecified,Not listed,Not listed,2020_BarkSa00_3,14,1,Not listed,0
2020,NYG,BarkSa00,Saquon Barkley,RB,23.55920602327173,2020_21,13,10,2.3978952727983707,4,1,1,0.12,3,0,13.23846153846154,Unspecified (IR),unspecified,Not listed,Not listed,2020_BarkSa00_3,14,1,Not listed,0
2020,NYG,BarkSa00,Saquon Barkley,RB,23.55920602327173,2020_21,14,11,2.4849066497880004,3,1,1,0.12,3,0,13.23846153846154,Unspecified (IR),unspecified,Not listed,Not listed,2020_BarkSa00_3,14,1,Not listed,0
2020,NYG,BarkSa00,Saquon Barkley,RB,23.55920602327173,2020_21,15,12,2.5649493574615367,2,1,1,0.12,3,0,13.23846153846154,Unspecified (IR),unspecified,Not listed,Not listed,2020_BarkSa00_3,14,1,Not listed,0
2020,NYG,BarkSa00,Saquon Barkley,RB,23.55920602327173,2020_21,16,13,2.6390573296152584,1,1,1,0.12,3,0,13.23846153846154,Unspecified (IR),unspecified,Not listed,Not listed,2020_BarkSa00_3,14,1,Not listed,0
2020,NYG,BarkSa00,Saquon Barkley,RB,23.55920602327173,2020_21,17,14,2.70805020110221,0,1,1,0.12,3,0,13.23846153846154,Unspecified (IR),unspecified,Not listed,Not listed,2020_BarkSa00_3,14,1,No report,0
2020,NYJ,CrowJa00,Jamison Crowder,WR,27.208761122518823,2020_21,2,1,0.6931471805599453,14,0,0,0.86,0,0,15.3921875,Hamstring,soft_tissue,Out,DNP,2020_CrowJa00_2,2,0,Out,0
2020,NYJ,CrowJa00,Jamison Crowder,WR,27.208761122518823,2020_21,3,2,1.0986122886681098,13,0,0,0.86,0,0,15.3921875,Hamstring,soft_tissue,Out,DNP,2020_CrowJa00_2,2,0,Questionable,1
2020,NYJ,CrowJa00,Jamison Crowder,WR,27.208761122518823,2020_21,7,1,0.6931471805599453,9,0,0,0.89,0,0,19.825,Hip / Groin,soft_tissue,Questionable,Limited,2020_CrowJa00_7,2,0,Doubtful,0
2020,NYJ,CrowJa00,Jamison Crowder,WR,27.208761122518823,2020_21,8,2,1.0986122886681098,8,0,0,0.89,0,0,19.825,Hip / Groin,soft_tissue,Doubtful,DNP,2020_CrowJa00_7,2,0,Questionable,1
2020,PHI,GoedDa00,Dallas Goedert,TE,25.661875427789184,2020_21,17,1,0.6931471805599453,0,0,0,0.56,0,0,10.581818181818182,Lower Leg,soft_tissue,Out,DNP,2020_GoedDa00_17,1,1,No report,0
2020,PHI,SandMi01,Miles Sanders,RB,23.33744010951403,2020_21,7,1,0.6931471805599453,9,0,1,0.4,0,0,16.1,Knee,knee,Out,DNP,2020_SandMi01_7,2,0,Out,0
2020,PHI,SandMi01,Miles Sanders,RB,23.33744010951403,2020_21,8,2,1.0986122886681098,8,0,1,0.4,0,0,16.1,Knee,knee,Out,DNP,2020_SandMi01_7,2,0,None,1
2020,PHI,SandMi01,Miles Sanders,RB,23.33744010951403,2020_21,17,1,0.6931471805599453,0,0,0,0.78,0,1,14.200000000000001,Knee,knee,Out,DNP,2020_SandMi01_17,1,1,No report,0
2020,PIT,ConnJa00,James Conner,RB,25.32785763175907,2020_21,15,1,0.6931471805599453,2,0,1,0.4,6,1,12.345454545454546,Quad / Thigh,soft_tissue,Questionable,Limited,2020_ConnJa00_15,1,0,None,1
2020,SEA,CarsCh00,Chris Carson,RB,25.960301163586585,2020_21,8,1,0.6931471805599453,9,0,1,0.18,0,0,17.5,Foot / Toe,ankle_foot,Questionable,DNP,2020_CarsCh00_8,4,0,Out,0
2020,SEA,CarsCh00,Chris Carson,RB,25.960301163586585,2020_21,9,2,1.0986122886681098,8,0,1,0.18,0,0,17.5,Foot / Toe,ankle_foot,Out,DNP,2020_CarsCh00_8,4,0,Questionable,0
2020,SEA,CarsCh00,Chris Carson,RB,25.960301163586585,2020_21,10,3,1.3862943611198906,7,0,1,0.18,0,0,17.5,Foot / Toe,ankle_foot,Questionable,DNP,2020_CarsCh00_8,4,0,Questionable,0
2020,SEA,CarsCh00,Chris Carson,RB,25.960301163586585,2020_21,11,4,1.6094379124341003,6,0,1,0.18,0,0,17.5,Foot / Toe,ankle_foot,Questionable,DNP,2020_CarsCh00_8,4,0,None,1
2020,SF,AiyuBr00,Brandon Aiyuk,WR,22.46132785763176,2020_21,17,1,0.6931471805599453,0,0,0,0.93,0,0,15.375,Ankle,ankle_foot,Out,DNP,2020_AiyuBr00_17,1,1,No report,0
2020,SF,KittGe00,George Kittle,TE,26.89664613278576,2020_21,2,1,0.6931471805599453,14,0,0,0.98,2,1,14.244642857142857,Knee,knee,Out,DNP,2020_KittGe00_2,2,0,Out,0
2020,SF,KittGe00,George Kittle,TE,26.89664613278576,2020_21,3,2,1.0986122886681098,13,0,0,0.98,2,1,14.244642857142857,Knee,knee,Out,Limited,2020_KittGe00_2,2,0,None,1
2020,SF,KittGe00,George Kittle,TE,26.89664613278576,2020_21,9,1,0.6931471805599453,7,1,0,0.66,2,0,16.349999999999998,Foot / Toe,ankle_foot,Out,DNP,2020_KittGe00_9,6,0,Not listed,0
2020,SF,KittGe00,George Kittle,TE,26.89664613278576,2020_21,10,2,1.0986122886681098,6,1,0,0.66,2,0,16.349999999999998,Foot / Toe,ankle_foot,Not listed,Not listed,2020_KittGe00_9,6,0,Not listed,0
2020,SF,KittGe00,George Kittle,TE,26.89664613278576,2020_21,12,3,1.3862943611198906,5,1,0,0.66,2,0,16.349999999999998,Foot / Toe,ankle_foot,Not listed,Not listed,2020_KittGe00_9,6,0,Not listed,0
2020,SF,KittGe00,George Kittle,TE,26.89664613278576,2020_21,13,4,1.6094379124341003,4,1,0,0.66,2,0,16.349999999999998,Foot / Toe,ankle_foot,Not listed,Not listed,2020_KittGe00_9,6,0,Not listed,0
2020,SF,KittGe00,George Kittle,TE,26.89664613278576,2020_21,14,5,1.791759469228055,3,1,0,0.66,2,0,16.349999999999998,Foot / Toe,ankle_foot,Not listed,Not listed,2020_KittGe00_9,6,0,Not listed,0
2020,SF,KittGe00,George Kittle,TE,26.89664613278576,2020_21,15,6,1.9459101490553132,2,1,0,0.66,2,0,16.349999999999998,Foot / Toe,ankle_foot,Not listed,Not listed,2020_KittGe00_9,6,0,Not listed,1
2020,SF,MostRa00,Raheem Mostert,RB,28.396988364134156,2020_21,3,1,0.6931471805599453,13,0,1,0.21,0,0,16.175,Knee,knee,Out,DNP,2020_MostRa00_3,2,0,Out,0
2020,SF,MostRa00,Raheem Mostert,RB,28.396988364134156,2020_21,4,2,1.0986122886681098,12,0,1,0.21,0,0,16.175,Knee,knee,Out,DNP,2020_MostRa00_3,2,0,Questionable,1
2020,SF,MostRa00,Raheem Mostert,RB,28.396988364134156,2020_21,7,1,0.6931471805599453,9,0,0,0.48,0,0,17.075000000000003,Ankle,ankle_foot,Out,DNP,2020_MostRa00_7,4,0,Not listed,0
2020,SF,MostRa00,Raheem Mostert,RB,28.396988364134156,2020_21,8,2,1.0986122886681098,8,1,0,0.48,0,0,17.075000000000003,Ankle,ankle_foot,Not listed,Not listed,2020_MostRa00_7,4,0,Not listed,0
2020,SF,MostRa00,Raheem Mostert,RB,28.396988364134156,2020_21,9,3,1.3862943611198906,7,1,0,0.48,0,0,17.075000000000003,Ankle,ankle_foot,Not listed,Not listed,2020_MostRa00_7,4,0,Not listed,0
2020,SF,MostRa00,Raheem Mostert,RB,28.396988364134156,2020_21,10,4,1.6094379124341003,6,1,0,0.48,0,0,17.075000000000003,Ankle,ankle_foot,Not listed,Not listed,2020_MostRa00_7,4,0,Not listed,1
2020,SF,MostRa00,Raheem Mostert,RB,28.396988364134156,2020_21,16,1,0.6931471805599453,1,1,0,0.3,0,1,12.4625,Ankle,ankle_foot,Out,DNP,2020_MostRa00_16,2,1,Not listed,0
2020,SF,MostRa00,Raheem Mostert,RB,28.396988364134156,2020_21,17,2,1.0986122886681098,0,1,0,0.3,0,1,12.4625,Ankle,ankle_foot,Not listed,Not listed,2020_MostRa00_16,2,1,No report,0
2020,TB,FourLe00,Leonard Fournette,RB,25.620807665982205,2020_21,4,1,0.6931471805599453,12,0,0,0.37,1,1,12.998333333333335,Ankle,ankle_foot,Out,DNP,2020_FourLe00_4,1,0,Doubtful,1
2020,TB,FourLe00,Leonard Fournette,RB,25.620807665982205,2020_21,6,1,0.6931471805599453,10,0,1,0.01,1,1,12.998333333333335,Ankle,ankle_foot,Questionable,Limited,2020_FourLe00_6,1,0,None,1
2020,TB,GodwCh00,Chris Godwin,WR,24.511978097193705,2020_21,2,1,0.6931471805599453,14,0,0,0.94,2,0,18.26607142857143,Head / Concussion,concussion,Doubtful,Limited,2020_GodwCh00_2,1,0,None,1
2020,TB,GodwCh00,Chris Godwin,WR,24.511978097193705,2020_21,4,1,0.6931471805599453,12,0,0,0.81,2,1,17.685714285714283,Hamstring,soft_tissue,Out,DNP,2020_GodwCh00_4,2,0,Out,0
2020,TB,GodwCh00,Chris Godwin,WR,24.511978097193705,2020_21,5,2,1.0986122886681098,11,0,0,0.81,2,1,17.685714285714283,Hamstring,soft_tissue,Out,DNP,2020_GodwCh00_4,2,0,None,1
2020,TB,GodwCh00,Chris Godwin,WR,24.511978097193705,2020_21,8,1,0.6931471805599453,8,0,0,0.82,2,0,16.225,Hand / Wrist,other,Out,DNP,2020_GodwCh00_8,1,0,Questionable,1
2020,TB,JoneRo01,Ronald Jones II,RB,23.080082135523615,2020_21,15,1,0.6931471805599453,2,0,0,0.67,0,0,13.26923076923077,Hand / Wrist,other,None,DNP,2020_JoneRo01_15,2,0,Not listed,0
2020,TB,JoneRo01,Ronald Jones II,RB,23.080082135523615,2020_21,16,2,1.0986122886681098,1,0,0,0.67,0,0,13.26923076923077,Hand / Wrist,other,Not listed,Not listed,2020_JoneRo01_15,2,0,None,1
2020,TEN,SmitJo01,Jonnu Smith,TE,25.02943189596167,2020_21,13,1,0.6931471805599453,4,0,0,0.75,0,0,11.190000000000001,Knee,knee,Out,DNP,2020_SmitJo01_13,1,0,None,1
2020,WAS,GibsAn00,Antonio Gibson,RB,22.193018480492814,2020_21,14,1,0.6931471805599453,3,0,1,0.06,0,0,15.266666666666666,Foot / Toe,ankle_foot,Out,DNP,2020_GibsAn00_14,2,0,Doubtful,0
2020,WAS,GibsAn00,Antonio Gibson,RB,22.193018480492814,2020_21,15,2,1.0986122886681098,2,0,1,0.06,0,0,15.266666666666666,Foot / Toe,ankle_foot,Doubtful,Limited,2020_GibsAn00_14,2,0,Questionable,1
2020,WAS,McLaTe00,Terry McLaurin,WR,24.9637234770705,2020_21,16,1,0.6931471805599453,1,0,0,0.98,2,0,14.771428571428572,Ankle,ankle_foot,Doubtful,DNP,2020_McLaTe00_16,1,0,Questionable,1
2021,ARI,ConnJa00,James Conner,RB,26.327173169062284,2020_21,16,1,0.6931471805599453,2,0,1,0.44,1,0,16.45714285714286,Foot / Toe,ankle_foot,Questionable,DNP,2021_ConnJa00_16,2,0,Questionable,0
2021,ARI,ConnJa00,James Conner,RB,26.327173169062284,2020_21,17,2,1.0986122886681098,1,0,1,0.44,1,0,16.45714285714286,Foot / Toe,ankle_foot,Questionable,Limited,2021_ConnJa00_16,2,0,Questionable,1
2021,ARI,EdmoCh00,Chase Edmonds,RB,25.385352498288842,2020_21,18,1,0.6931471805599453,0,0,0,0.81,0,0,11.941666666666668,Chest / Ribs,other,Out,DNP,2021_EdmoCh00_18,1,1,No report,0
2021,ARI,HopkDe00,DeAndre Hopkins,WR,29.23750855578371,2020_21,9,1,0.6931471805599453,8,0,1,0.25,0,0,15.700000000000001,Hamstring,soft_tissue,Questionable,DNP,2021_HopkDe00_9,3,0,Questionable,0
2021,ARI,HopkDe00,DeAndre Hopkins,WR,29.23750855578371,2020_21,10,2,1.0986122886681098,7,0,1,0.25,0,0,15.700000000000001,Hamstring,soft_tissue,Questionable,DNP,2021_HopkDe00_9,3,0,Out,0
2021,ARI,HopkDe00,DeAndre Hopkins,WR,29.23750855578371,2020_21,11,3,1.3862943611198906,6,0,1,0.25,0,0,15.700000000000001,Hamstring,soft_tissue,Out,DNP,2021_HopkDe00_9,3,0,Questionable,1
2021,ARI,HopkDe00,DeAndre Hopkins,WR,29.23750855578371,2020_21,15,1,0.6931471805599453,3,1,0,0.87,0,0,14.720000000000002,Knee,knee,Out,DNP,2021_HopkDe00_15,4,1,Not listed,0
2021,ARI,HopkDe00,DeAndre Hopkins,WR,29.23750855578371,2020_21,16,2,1.0986122886681098,2,1,0,0.87,0,0,14.720000000000002,Knee,knee,Not listed,Not listed,2021_HopkDe00_15,4,1,Not listed,0
2021,ARI,HopkDe00,DeAndre Hopkins,WR,29.23750855578371,2020_21,17,3,1.3862943611198906,1,1,0,0.87,0,0,14.720000000000002,Knee,knee,Not listed,Not listed,2021_HopkDe00_15,4,1,Not listed,0
2021,ARI,HopkDe00,DeAndre Hopkins,WR,29.23750855578371,2020_21,18,4,1.6094379124341003,0,1,0,0.87,0,0,14.720000000000002,Knee,knee,Not listed,Not listed,2021_HopkDe00_15,4,1,No report,0
2021,ARI,MurrKy00,Kyler Murray,QB,24.0684462696783,2020_21,9,1,0.6931471805599453,8,0,0,1.0,0,0,22.2175,Ankle,ankle_foot,Questionable,DNP,2021_MurrKy00_9,3,0,Questionable,0
2021,ARI,MurrKy00,Kyler Murray,QB,24.0684462696783,2020_21,10,2,1.0986122886681098,7,0,0,1.0,0,0,22.2175,Ankle,ankle_foot,Questionable,Limited,2021_MurrKy00_9,3,0,Questionable,0
2021,ARI,MurrKy00,Kyler Murray,QB,24.0684462696783,2020_21,11,3,1.3862943611198906,6,0,0,1.0,0,0,22.2175,Ankle,ankle_foot,Questionable,Limited,2021_MurrKy00_9,3,0,Questionable,1
2021,ATL,PattCo00,Cordarrelle Patterson,RB,30.46132785763176,2020_21,11,1,0.6931471805599453,7,0,1,0.28,0,0,17.62222222222222,Ankle,ankle_foot,Questionable,Limited,2021_PattCo00_11,1,0,Questionable,1
2021,BAL,BrowMa04,Marquise Brown,WR,24.243668720054757,2020_21,11,1,0.6931471805599453,7,0,0,0.75,0,0,17.822222222222223,Quad / Thigh,soft_tissue,Questionable,Limited,2021_BrowMa04_11,1,0,Questionable,1
2021,BAL,JackLa00,Lamar Jackson,QB,24.648870636550306,2020_21,15,1,0.6931471805599453,3,0,1,0.14,0,0,19.998333333333335,Ankle,ankle_foot,Questionable,DNP,2021_JackLa00_15,4,1,Questionable,0
2021,BAL,JackLa00,Lamar Jackson,QB,24.648870636550306,2020_21,16,2,1.0986122886681098,2,0,1,0.14,0,0,19.998333333333335,Ankle,ankle_foot,Questionable,DNP,2021_JackLa00_15,4,1,Questionable,0
2021,BAL,JackLa00,Lamar Jackson,QB,24.648870636550306,2020_21,17,3,1.3862943611198906,1,0,1,0.14,0,0,19.998333333333335,Ankle,ankle_foot,Questionable,DNP,2021_JackLa00_15,4,1,Out,0
2021,BAL,JackLa00,Lamar Jackson,QB,24.648870636550306,2020_21,18,4,1.6094379124341003,0,0,1,0.14,0,0,19.998333333333335,Ankle,ankle_foot,Out,DNP,2021_JackLa00_15,4,1,No report,0
2021,BUF,KnoxDa00,Dawson Knox,TE,24.79671457905544,2020_21,8,1,0.6931471805599453,10,0,0,0.79,4,0,13.6,Hand / Wrist,other,Out,DNP,2021_KnoxDa00_8,2,0,Out,0
2021,BUF,KnoxDa00,Dawson Knox,TE,24.79671457905544,2020_21,9,2,1.0986122886681098,9,0,0,0.79,4,0,13.6,Hand / Wrist,other,Out,DNP,2021_KnoxDa00_8,2,0,None,1
2021,CAR,McCaCh01,Christian McCaffrey,RB,25.234770704996578,2020_21,4,1,0.6931471805599453,13,0,1,0.3,13,0,19.46666666666667,Hamstring,soft_tissue,Out,DNP,2021_McCaCh01_4,5,0,Doubtful,0
2021,CAR,McCaCh01,Christian McCaffrey,RB,25.234770704996578,2020_21,5,2,1.0986122886681098,12,0,1,0.3,13,0,19.46666666666667,Hamstring,soft_tissue,Doubtful,Limited,2021_McCaCh01_4,5,0,Out,0
2021,CAR,McCaCh01,Christian McCaffrey,RB,25.234770704996578,2020_21,6,3,1.3862943611198906,11,1,1,0.3,13,0,19.46666666666667,Hamstring,soft_tissue,Out,DNP,2021_McCaCh01_4,5,0,Not listed,0
2021,CAR,McCaCh01,Christian McCaffrey,RB,25.234770704996578,2020_21,7,4,1.6094379124341003,10,1,1,0.3,13,0,19.46666666666667,Hamstring,soft_tissue,Not listed,Not listed,2021_McCaCh01_4,5,0,Not listed,0
2021,CAR,McCaCh01,Christian McCaffrey,RB,25.234770704996578,2020_21,8,5,1.791759469228055,9,1,1,0.3,13,0,19.46666666666667,Hamstring,soft_tissue,Not listed,Not listed,2021_McCaCh01_4,5,0,Not listed,1
2021,CAR,McCaCh01,Christian McCaffrey,RB,25.234770704996578,2020_21,14,1,0.6931471805599453,4,1,1,0.36,13,0,18.214285714285715,Unspecified (IR),unspecified,Not listed,Not listed,2021_McCaCh01_14,5,1,Not listed,0
2021,CAR,McCaCh01,Christian McCaffrey,RB,25.234770704996578,2020_21,15,2,1.0986122886681098,3,0,1,0.36,13,0,18.214285714285715,Unspecified (IR),unspecified,Not listed,Not listed,2021_McCaCh01_14,5,1,Not listed,0
2021,CAR,McCaCh01,Christian McCaffrey,RB,25.234770704996578,2020_21,16,3,1.3862943611198906,2,1,1,0.36,13,0,18.214285714285715,Unspecified (IR),unspecified,Not listed,Not listed,2021_McCaCh01_14,5,1,Not listed,0
2021,CAR,McCaCh01,Christian McCaffrey,RB,25.234770704996578,2020_21,17,4,1.6094379124341003,1,1,1,0.36,13,0,18.214285714285715,Unspecified (IR),unspecified,Not listed,Not listed,2021_McCaCh01_14,5,1,Not listed,0
2021,CAR,McCaCh01,Christian McCaffrey,RB,25.234770704996578,2020_21,18,5,1.791759469228055,0,1,1,0.36,13,0,18.214285714285715,Unspecified (IR),unspecified,Not listed,Not listed,2021_McCaCh01_14,5,1,No report,0
2021,CHI,MontDa01,David Montgomery,RB,24.23545516769336,2020_21,5,1,0.6931471805599453,12,1,0,0.62,1,0,14.950000000000001,Knee,knee,Out,DNP,2021_MontDa01_5,4,0,Not listed,0
2021,CHI,MontDa01,David Montgomery,RB,24.23545516769336,2020_21,6,2,1.0986122886681098,11,1,0,0.62,1,0,14.950000000000001,Knee,knee,Not listed,Not listed,2021_MontDa01_5,4,0,Not listed,0
2021,CHI,MontDa01,David Montgomery,RB,24.23545516769336,2020_21,7,3,1.3862943611198906,10,1,0,0.62,1,0,14.950000000000001,Knee,knee,Not listed,Not listed,2021_MontDa01_5,4,0,Not listed,0
2021,CHI,MontDa01,David Montgomery,RB,24.23545516769336,2020_21,8,4,1.6094379124341003,9,1,0,0.62,1,0,14.950000000000001,Knee,knee,Not listed,Not listed,2021_MontDa01_5,4,0,Not listed,1
2021,CIN,HiggTe00,Tee Higgins,WR,22.62012320328542,2020_21,3,1,0.6931471805599453,14,0,0,0.91,0,0,14.436666666666667,Shoulder,other,Doubtful,Limited,2021_HiggTe00_3,2,0,Out,0
2021,CIN,HiggTe00,Tee Higgins,WR,22.62012320328542,2020_21,4,2,1.0986122886681098,13,0,0,0.91,0,0,14.436666666666667,Shoulder,other,Out,DNP,2021_HiggTe00_3,2,0,None,1
2021,CLE,ChubNi00,Nick Chubb,RB,25.68104038329911,2020_21,6,1,0.6931471805599453,11,0,0,0.56,4,0,16.560000000000002,Lower Leg,soft_tissue,Out,DNP,2021_ChubNi00_6,2,0,Out,0
2021,CLE,ChubNi00,Nick Chubb,RB,25.68104038329911,2020_21,7,2,1.0986122886681098,10,0,0,0.56,4,0,16.560000000000002,Lower Leg,soft_tissue,Out,DNP,2021_ChubNi00_6,2,0,None,1
2021,CLE,HuntKa00,Kareem Hunt,RB,26.072553045859,2020_21,7,1,0.6931471805599453,10,1,0,0.69,0,0,17.366666666666667,Lower Leg,soft_tissue,None,DNP,2021_HuntKa00_7,5,0,Not listed,0
2021,CLE,HuntKa00,Kareem Hunt,RB,26.072553045859,2020_21,8,2,1.0986122886681098,9,1,0,0.69,0,0,17.366666666666667,Lower Leg,soft_tissue,Not listed,Not listed,2021_HuntKa00_7,5,0,Not listed,0
2021,CLE,HuntKa00,Kareem Hunt,RB,26.072553045859,2020_21,9,3,1.3862943611198906,8,1,0,0.69,0,0,17.366666666666667,Lower Leg,soft_tissue,Not listed,Not listed,2021_HuntKa00_7,5,0,Not listed,0
2021,CLE,HuntKa00,Kareem Hunt,RB,26.072553045859,2020_21,10,4,1.6094379124341003,7,1,0,0.69,0,0,17.366666666666667,Lower Leg,soft_tissue,Not listed,Not listed,2021_HuntKa00_7,5,0,Not listed,0
2021,CLE,HuntKa00,Kareem Hunt,RB,26.072553045859,2020_21,11,5,1.791759469228055,6,1,0,0.69,0,0,17.366666666666667,Lower Leg,soft_tissue,Not listed,Not listed,2021_HuntKa00_7,5,0,Questionable,1
2021,CLE,HuntKa00,Kareem Hunt,RB,26.072553045859,2020_21,15,1,0.6931471805599453,3,0,1,0.2,0,0,13.75,Ankle,ankle_foot,Out,DNP,2021_HuntKa00_15,4,1,Not listed,0
2021,CLE,HuntKa00,Kareem Hunt,RB,26.072553045859,2020_21,16,2,1.0986122886681098,2,0,1,0.2,0,0,13.75,Ankle,ankle_foot,Not listed,Not listed,2021_HuntKa00_15,4,1,Questionable,0
2021,CLE,HuntKa00,Kareem Hunt,RB,26.072553045859,2020_21,17,3,1.3862943611198906,1,0,1,0.2,0,0,13.75,Ankle,ankle_foot,Questionable,Limited,2021_HuntKa00_15,4,1,Questionable,0
2021,CLE,HuntKa00,Kareem Hunt,RB,26.072553045859,2020_21,18,4,1.6094379124341003,0,0,1,0.2,0,0,13.75,Ankle,ankle_foot,Questionable,Limited,2021_HuntKa00_15,4,1,No report,0
2021,DAL,CoopAm00,Amari Cooper,WR,27.208761122518823,2020_21,11,1,0.6931471805599453,7,0,0,0.66,0,0,14.700000000000001,Hamstring,soft_tissue,None,Full,2021_CoopAm00_11,2,0,Not listed,0
2021,DAL,CoopAm00,Amari Cooper,WR,27.208761122518823,2020_21,12,2,1.0986122886681098,6,0,0,0.66,0,0,14.700000000000001,Hamstring,soft_tissue,Not listed,Not listed,2021_CoopAm00_11,2,0,Questionable,1
2021,DAL,LambCe00,CeeDee Lamb,WR,22.401095140314855,2020_21,12,1,0.6931471805599453,6,0,0,0.54,0,0,16.3,Head / Concussion,concussion,Questionable,Limited,2021_LambCe00_12,1,0,None,1
2021,DAL,PresDa01,Dak Prescott,QB,28.093086926762492,2020_21,8,1,0.6931471805599453,10,0,0,1.0,11,0,21.58666666666667,Lower Leg,soft_tissue,Questionable,Limited,2021_PresDa01_8,1,0,None,1
2021,DEN,GordMe00,Melvin Gordon,RB,28.386036960985628,2020_21,13,1,0.6931471805599453,5,0,0,0.42,0,0,12.463636363636363,Shoulder,other,Doubtful,DNP,2021_GordMe00_13,1,0,Questionable,1
2021,DET,HockTJ00,T.J. Hockenson,TE,24.164271047227928,2020_21,14,1,0.6931471805599453,4,0,0,0.85,0,0,12.108333333333334,Hand / Wrist,other,Doubtful,DNP,2021_HockTJ00_14,5,1,None,0
2021,DET,HockTJ00,T.J. Hockenson,TE,24.164271047227928,2020_21,15,2,1.0986122886681098,3,1,0,0.85,0,0,12.108333333333334,Hand / Wrist,other,None,DNP,2021_HockTJ00_14,5,1,Not listed,0
2021,DET,HockTJ00,T.J. Hockenson,TE,24.164271047227928,2020_21,16,3,1.3862943611198906,2,1,0,0.85,0,0,12.108333333333334,Hand / Wrist,other,Not listed,Not listed,2021_HockTJ00_14,5,1,Not listed,0
2021,DET,HockTJ00,T.J. Hockenson,TE,24.164271047227928,2020_21,17,4,1.6094379124341003,1,1,0,0.85,0,0,12.108333333333334,Hand / Wrist,other,Not listed,Not listed,2021_HockTJ00_14,5,1,Not listed,0
2021,DET,HockTJ00,T.J. Hockenson,TE,24.164271047227928,2020_21,18,5,1.791759469228055,0,1,0,0.85,0,0,12.108333333333334,Hand / Wrist,other,Not listed,Not listed,2021_HockTJ00_14,5,1,No report,0
2021,DET,JeffJe00,Jermar Jefferson,RB,21.37987679671458,2020_21,11,1,0.6931471805599453,7,0,1,0.04,0,0,11.5,Knee,knee,Out,DNP,2021_JeffJe00_11,1,0,Questionable,1
2021,DET,SwifDA00,D'Andre Swift,RB,22.63107460643395,2020_21,13,1,0.6931471805599453,5,0,1,0.2,3,0,17.12727272727273,Shoulder,other,Out,DNP,2021_SwifDA00_13,4,0,Out,0
2021,DET,SwifDA00,D'Andre Swift,RB,22.63107460643395,2020_21,14,2,1.0986122886681098,4,0,1,0.2,3,0,17.12727272727273,Shoulder,other,Out,DNP,2021_SwifDA00_13,4,0,Out,0
2021,DET,SwifDA00,D'Andre Swift,RB,22.63107460643395,2020_21,15,3,1.3862943611198906,3,0,1,0.2,3,0,17.12727272727273,Shoulder,other,Out,DNP,2021_SwifDA00_13,4,0,Questionable,0
2021,DET,SwifDA00,D'Andre Swift,RB,22.63107460643395,2020_21,16,4,1.6094379124341003,2,0,1,0.2,3,0,17.12727272727273,Shoulder,other,Questionable,Limited,2021_SwifDA00_13,4,0,None,1
2021,GB,JoneAa00,Aaron Jones,RB,26.748802190280628,2020_21,11,1,0.6931471805599453,6,0,0,0.46,2,0,16.09,Knee,knee,Out,DNP,2021_JoneAa00_11,1,0,Questionable,1
2021,GB,JoneAa00,Aaron Jones,RB,26.748802190280628,2020_21,18,1,0.6931471805599453,0,0,0,0.41,2,1,15.266666666666667,Knee,knee,Questionable,Limited,2021_JoneAa00_18,1,1,No report,0
2021,HOU,TaylTy00,Tyrod Taylor,QB,32.07939767282683,2020_21,3,1,0.6931471805599453,14,1,1,0.43,14,0,20.07,Quad / Thigh,soft_tissue,None,DNP,2021_TaylTy00_3,6,0,Not listed,0
2021,HOU,TaylTy00,Tyrod Taylor,QB,32.07939767282683,2020_21,4,2,1.0986122886681098,13,1,1,0.43,14,0,20.07,Quad / Thigh,soft_tissue,Not listed,Not listed,2021_TaylTy00_3,6,0,Not listed,0
2021,HOU,TaylTy00,Tyrod Taylor,QB,32.07939767282683,2020_21,5,3,1.3862943611198906,12,1,1,0.43,14,0,20.07,Quad / Thigh,soft_tissue,Not listed,Not listed,2021_TaylTy00_3,6,0,Not listed,0
2021,HOU,TaylTy00,Tyrod Taylor,QB,32.07939767282683,2020_21,6,4,1.6094379124341003,11,1,1,0.43,14,0,20.07,Quad / Thigh,soft_tissue,Not listed,Not listed,2021_TaylTy00_3,6,0,Not listed,0
2021,HOU,TaylTy00,Tyrod Taylor,QB,32.07939767282683,2020_21,7,5,1.791759469228055,10,1,1,0.43,14,0,20.07,Quad / Thigh,soft_tissue,Not listed,Not listed,2021_TaylTy00_3,6,0,Not listed,0
2021,HOU,TaylTy00,Tyrod Taylor,QB,32.07939767282683,2020_21,8,6,1.9459101490553132,9,1,1,0.43,14,0,20.07,Quad / Thigh,soft_tissue,Not listed,Not listed,2021_TaylTy00_3,6,0,Not listed,1
2021,JAX,RobiJa00,James Robinson,RB,23.06365503080082,2020_21,9,1,0.6931471805599453,9,0,1,0.11,2,0,15.642857142857142,Foot / Toe,ankle_foot,Questionable,Limited,2021_RobiJa00_9,1,0,Questionable,1
2021,JAX,RobiJa00,James Robinson,RB,23.06365503080082,2020_21,17,1,0.6931471805599453,1,1,1,0.15,2,0,12.421428571428573,Knee,knee,Not listed,Not listed,2021_RobiJa00_17,2,1,Not listed,0
2021,JAX,RobiJa00,James Robinson,RB,23.06365503080082,2020_21,18,2,1.0986122886681098,0,1,1,0.15,2,0,12.421428571428573,Knee,knee,Not listed,Not listed,2021_RobiJa00_17,2,1,No report,0
2021,KC,EdwaCl00,Clyde Edwards-Helaire,RB,22.392881587953458,2020_21,17,1,0.6931471805599453,1,0,1,0.3,2,0,11.76,Shoulder,other,Questionable,DNP,2021_EdwaCl00_17,2,1,Out,0
2021,KC,EdwaCl00,Clyde Edwards-Helaire,RB,22.392881587953458,2020_21,18,2,1.0986122886681098,0,0,1,0.3,2,0,11.76,Shoulder,other,Out,DNP,2021_EdwaCl00_17,2,1,No report,0
2021,LA,HendDa00,Darrell Henderson,RB,24.035592060232716,2020_21,3,1,0.6931471805599453,14,0,0,0.68,1,0,12.568333333333335,Chest / Ribs,other,Questionable,DNP,2021_HendDa00_3,1,0,Questionable,1
2021,LA,HendDa00,Darrell Henderson,RB,24.035592060232716,2020_21,13,1,0.6931471805599453,5,0,0,0.81,1,0,15.7,Quad / Thigh,soft_tissue,Questionable,Limited,2021_HendDa00_13,2,0,None,0
2021,LA,HendDa00,Darrell Henderson,RB,24.035592060232716,2020_21,14,2,1.0986122886681098,4,0,0,0.81,1,0,15.7,Quad / Thigh,soft_tissue,None,Limited,2021_HendDa00_13,2,0,No report,1
2021,LA,HendDa00,Darrell Henderson,RB,24.035592060232716,2020_21,17,1,0.6931471805599453,1,1,1,0.07,1,1,13.616666666666667,Unspecified (IR),unspecified,Not listed,Not listed,2021_HendDa00_17,2,1,No report,0
2021,LA,HendDa00,Darrell Henderson,RB,24.035592060232716,2020_21,18,2,1.0986122886681098,0,1,1,0.07,1,1,13.616666666666667,Unspecified (IR),unspecified,Not listed,Not listed,2021_HendDa00_17,2,1,No report,0
2021,LA,WoodRo02,Robert Woods,WR,29.39356605065024,2020_21,10,1,0.6931471805599453,7,0,0,1.0,0,0,15.244444444444444,Knee,knee,Out,DNP,2021_WoodRo02_10,8,1,Not listed,0
2021,LA,WoodRo02,Robert Woods,WR,29.39356605065024,2020_21,12,2,1.0986122886681098,6,1,0,1.0,0,0,15.244444444444444,Knee,knee,Not listed,Not listed,2021_WoodRo02_10,8,1,Not listed,0
2021,LA,WoodRo02,Robert Woods,WR,29.39356605065024,2020_21,13,3,1.3862943611198906,5,1,0,1.0,0,0,15.244444444444444,Knee,knee,Not listed,Not listed,2021_WoodRo02_10,8,1,Not listed,0
2021,LA,WoodRo02,Robert Woods,WR,29.39356605065024,2020_21,14,4,1.6094379124341003,4,1,0,1.0,0,0,15.244444444444444,Knee,knee,Not listed,Not listed,2021_WoodRo02_10,8,1,No report,0
2021,LA,WoodRo02,Robert Woods,WR,29.39356605065024,2020_21,15,5,1.791759469228055,3,1,0,1.0,0,0,15.244444444444444,Knee,knee,Not listed,Not listed,2021_WoodRo02_10,8,1,Not listed,0
2021,LA,WoodRo02,Robert Woods,WR,29.39356605065024,2020_21,16,6,1.9459101490553132,2,1,0,1.0,0,0,15.244444444444444,Knee,knee,Not listed,Not listed,2021_WoodRo02_10,8,1,Not listed,0
2021,LA,WoodRo02,Robert Woods,WR,29.39356605065024,2020_21,17,7,2.0794415416798357,1,1,0,1.0,0,0,15.244444444444444,Knee,knee,Not listed,Not listed,2021_WoodRo02_10,8,1,No report,0
2021,LA,WoodRo02,Robert Woods,WR,29.39356605065024,2020_21,18,8,2.1972245773362196,0,1,0,1.0,0,0,15.244444444444444,Knee,knee,Not listed,Not listed,2021_WoodRo02_10,8,1,No report,0
2021,LV,JacoJo01,Josh Jacobs,RB,23.55373032169747,2020_21,2,1,0.6931471805599453,15,0,0,0.52,1,0,15.815,Foot / Toe,ankle_foot,Out,DNP,2021_JacoJo01_2,2,0,Doubtful,0
2021,LV,JacoJo01,Josh Jacobs,RB,23.55373032169747,2020_21,3,2,1.0986122886681098,14,0,0,0.52,1,0,15.815,Foot / Toe,ankle_foot,Doubtful,DNP,2021_JacoJo01_2,2,0,Questionable,1
2021,LV,WallDa01,Darren Waller,TE,28.966461327857633,2020_21,7,1,0.6931471805599453,10,0,0,0.82,0,0,13.799999999999999,Ankle,ankle_foot,Questionable,Limited,2021_WallDa01_7,1,0,No report,1
2021,LV,WallDa01,Darren Waller,TE,28.966461327857633,2020_21,13,1,0.6931471805599453,5,0,1,0.24,0,0,12.930000000000001,Back,other,Doubtful,DNP,2021_WallDa01_13,5,0,Out,0
2021,LV,WallDa01,Darren Waller,TE,28.966461327857633,2020_21,14,2,1.0986122886681098,4,0,1,0.24,0,0,12.930000000000001,Back,other,Out,DNP,2021_WallDa01_13,5,0,Out,0
2021,LV,WallDa01,Darren Waller,TE,28.966461327857633,2020_21,15,3,1.3862943611198906,3,0,1,0.24,0,0,12.930000000000001,Back,other,Out,DNP,2021_WallDa01_13,5,0,Doubtful,0
2021,LV,WallDa01,Darren Waller,TE,28.966461327857633,2020_21,16,4,1.6094379124341003,2,0,1,0.24,0,0,12.930000000000001,Back,other,Doubtful,DNP,2021_WallDa01_13,5,0,Not listed,0
2021,LV,WallDa01,Darren Waller,TE,28.966461327857633,2020_21,17,5,1.791759469228055,1,0,1,0.24,0,0,12.930000000000001,Back,other,Not listed,Not listed,2021_WallDa01_13,5,0,Questionable,1
2021,MIN,CookDa01,Dalvin Cook,RB,26.06160164271047,2020_21,3,1,0.6931471805599453,14,0,0,0.77,1,0,21.364285714285714,Ankle,ankle_foot,Questionable,DNP,2021_CookDa01_3,1,0,Questionable,1
2021,MIN,CookDa01,Dalvin Cook,RB,26.06160164271047,2020_21,5,1,0.6931471805599453,12,0,0,0.49,1,1,16.932142857142857,Ankle,ankle_foot,Questionable,Limited,2021_CookDa01_5,1,0,None,1
2021,MIN,CookDa01,Dalvin Cook,RB,26.06160164271047,2020_21,13,1,0.6931471805599453,5,0,0,0.53,1,0,16.27777777777778,Shoulder,other,Out,DNP,2021_CookDa01_13,1,0,Questionable,1
2021,MIN,CookDa01,Dalvin Cook,RB,26.06160164271047,2020_21,16,1,0.6931471805599453,2,0,0,0.89,1,1,17.527272727272727,Shoulder,other,None,Full,2021_CookDa01_16,1,0,None,1
2021,MIN,ThieAd00,Adam Thielen,WR,31.028062970568104,2020_21,14,1,0.6931471805599453,4,0,1,0.08,0,0,16.066666666666666,Ankle,ankle_foot,Out,DNP,2021_ThieAd00_14,2,0,Questionable,0
2021,MIN,ThieAd00,Adam Thielen,WR,31.028062970568104,2020_21,15,2,1.0986122886681098,3,0,1,0.08,0,0,16.066666666666666,Ankle,ankle_foot,Questionable,DNP,2021_ThieAd00_14,2,0,Questionable,1
2021,MIN,ThieAd00,Adam Thielen,WR,31.028062970568104,2020_21,17,1,0.6931471805599453,1,1,1,0.37,0,1,15.36923076923077,Ankle,ankle_foot,Not listed,Not listed,2021_ThieAd00_17,2,1,Not listed,0
2021,MIN,ThieAd00,Adam Thielen,WR,31.028062970568104,2020_21,18,2,1.0986122886681098,0,1,1,0.37,0,1,15.36923076923077,Ankle,ankle_foot,Not listed,Not listed,2021_ThieAd00_17,2,1,No report,0
2021,NE,HarrDa06,Damien Harris,RB,24.553045859000683,2020_21,10,1,0.6931471805599453,7,0,0,0.39,3,0,12.222222222222221,Head / Concussion,concussion,Questionable,DNP,2021_HarrDa06_10,1,0,None,1
2021,NE,HarrDa06,Damien Harris,RB,24.553045859000683,2020_21,15,1,0.6931471805599453,3,0,0,0.25,3,1,12.233333333333334,Hamstring,soft_tissue,Questionable,Limited,2021_HarrDa06_15,1,0,Questionable,1
2021,NO,KamaAl00,Alvin Kamara,RB,26.105407255304584,2020_21,10,1,0.6931471805599453,8,0,0,0.68,0,0,19.75,Knee,knee,Out,DNP,2021_KamaAl00_10,4,0,Out,0
2021,NO,KamaAl00,Alvin Kamara,RB,26.105407255304584,2020_21,11,2,1.0986122886681098,7,0,0,0.68,0,0,19.75,Knee,knee,Out,DNP,2021_KamaAl00_10,4,0,Out,0
2021,NO,KamaAl00,Alvin Kamara,RB,26.105407255304584,2020_21,12,3,1.3862943611198906,6,0,0,0.68,0,0,19.75,Knee,knee,Out,DNP,2021_KamaAl00_10,4,0,Questionable,0
2021,NO,KamaAl00,Alvin Kamara,RB,26.105407255304584,2020_21,13,4,1.6094379124341003,5,0,0,0.68,0,0,19.75,Knee,knee,Questionable,Limited,2021_KamaAl00_10,4,0,None,1
2021,NYG,BarkSa00,Saquon Barkley,RB,24.55852156057495,2020_21,6,1,0.6931471805599453,11,0,1,0.09,14,1,12.9,Ankle,ankle_foot,Out,DNP,2021_BarkSa00_6,4,0,Out,0
2021,NYG,BarkSa00,Saquon Barkley,RB,24.55852156057495,2020_21,7,2,1.0986122886681098,10,0,1,0.09,14,1,12.9,Ankle,ankle_foot,Out,DNP,2021_BarkSa00_6,4,0,Out,0
2021,NYG,BarkSa00,Saquon Barkley,RB,24.55852156057495,2020_21,8,3,1.3862943611198906,9,0,1,0.09,14,1,12.9,Ankle,ankle_foot,Out,DNP,2021_BarkSa00_6,4,0,Out,0
2021,NYG,BarkSa00,Saquon Barkley,RB,24.55852156057495,2020_21,9,4,1.6094379124341003,8,0,1,0.09,14,1,12.9,Ankle,ankle_foot,Out,DNP,2021_BarkSa00_6,4,0,Questionable,1
2021,NYG,ShepSt00,Sterling Shepard,WR,28.555783709787818,2020_21,4,1,0.6931471805599453,13,0,1,0.34,0,0,14.735416666666666,Hamstring,soft_tissue,Out,DNP,2021_ShepSt00_4,2,0,Out,0
2021,NYG,ShepSt00,Sterling Shepard,WR,28.555783709787818,2020_21,5,2,1.0986122886681098,12,0,1,0.34,0,0,14.735416666666666,Hamstring,soft_tissue,Out,DNP,2021_ShepSt00_4,2,0,None,1
2021,NYG,ShepSt00,Sterling Shepard,WR,28.555783709787818,2020_21,7,1,0.6931471805599453,10,0,0,0.91,0,1,15.75,Hamstring,soft_tissue,Questionable,Limited,2021_ShepSt00_7,1,0,Questionable,1
2021,NYG,ShepSt00,Sterling Shepard,WR,28.555783709787818,2020_21,9,1,0.6931471805599453,8,0,1,0.38,0,0,13.9,Quad / Thigh,soft_tissue,Out,DNP,2021_ShepSt00_9,4,0,Out,0
2021,NYG,ShepSt00,Sterling Shepard,WR,28.555783709787818,2020_21,11,2,1.0986122886681098,7,0,1,0.38,0,0,13.9,Quad / Thigh,soft_tissue,Out,DNP,2021_ShepSt00_9,4,0,Out,0
2021,NYG,ShepSt00,Sterling Shepard,WR,28.555783709787818,2020_21,12,3,1.3862943611198906,6,0,1,0.38,0,0,13.9,Quad / Thigh,soft_tissue,Out,DNP,2021_ShepSt00_9,4,0,Doubtful,0
2021,NYG,ShepSt00,Sterling Shepard,WR,28.555783709787818,2020_21,13,4,1.6094379124341003,5,0,1,0.38,0,0,13.9,Quad / Thigh,soft_tissue,Doubtful,Limited,2021_ShepSt00_9,4,0,Questionable,1
2021,NYJ,CartMi03,Michael Carter,RB,22.321697467488022,2020_21,12,1,0.6931471805599453,6,1,1,0.33,0,0,12.780000000000001,Ankle,ankle_foot,Out,DNP,2021_CartMi03_12,3,0,Not listed,0
2021,NYJ,CartMi03,Michael Carter,RB,22.321697467488022,2020_21,13,2,1.0986122886681098,5,1,1,0.33,0,0,12.780000000000001,Ankle,ankle_foot,Not listed,Not listed,2021_CartMi03_12,3,0,Not listed,0
2021,NYJ,CartMi03,Michael Carter,RB,22.321697467488022,2020_21,14,3,1.3862943611198906,4,1,1,0.33,0,0,12.780000000000001,Ankle,ankle_foot,Not listed,Not listed,2021_CartMi03_12,3,0,Not listed,1
2021,NYJ,DaviCo03,Corey Davis,WR,26.639288158795345,2020_21,8,1,0.6931471805599453,10,0,0,0.72,0,1,13.816666666666668,Hip / Groin,soft_tissue,Doubtful,DNP,2021_DaviCo03_8,2,0,Doubtful,0
2021,NYJ,DaviCo03,Corey Davis,WR,26.639288158795345,2020_21,9,2,1.0986122886681098,9,0,0,0.72,0,1,13.816666666666668,Hip / Groin,soft_tissue,Doubtful,DNP,2021_DaviCo03_8,2,0,Questionable,1
2021,NYJ,DaviCo03,Corey Davis,WR,26.639288158795345,2020_21,12,1,0.6931471805599453,6,0,0,0.93,0,1,12.7125,Hip / Groin,soft_tissue,Questionable,Limited,2021_DaviCo03_12,1,0,Questionable,1
2021,NYJ,MoorEl00,Elijah Moore,WR,21.43189596167009,2020_21,14,1,0.6931471805599453,4,1,0,0.86,0,0,12.563636363636363,Quad / Thigh,soft_tissue,Questionable,DNP,2021_MoorEl00_14,5,1,Not listed,0
2021,NYJ,MoorEl00,Elijah Moore,WR,21.43189596167009,2020_21,15,2,1.0986122886681098,3,0,0,0.86,0,0,12.563636363636363,Quad / Thigh,soft_tissue,Not listed,Not listed,2021_MoorEl00_14,5,1,Not listed,0
2021,NYJ,MoorEl00,Elijah Moore,WR,21.43189596167009,2020_21,16,3,1.3862943611198906,2,0,0,0.86,0,0,12.563636363636363,Quad / Thigh,soft_tissue,Not listed,Not listed,2021_MoorEl00_14,5,1,Not listed,0
2021,NYJ,MoorEl00,Elijah Moore,WR,21.43189596167009,2020_21,17,4,1.6094379124341003,1,0,0,0.86,0,0,12.563636363636363,Quad / Thigh,soft_tissue,Not listed,Not listed,2021_MoorEl00_14,5,1,Not listed,0
2021,NYJ,MoorEl00,Elijah Moore,WR,21.43189596167009,2020_21,18,5,1.791759469228055,0,0,0,0.86,0,0,12.563636363636363,Quad / Thigh,soft_tissue,Not listed,Not listed,2021_MoorEl00_14,5,1,No report,0
2021,PHI,HurtJa00,Jalen Hurts,QB,23.069130732375086,2020_21,13,1,0.6931471805599453,4,0,0,1.0,0,0,21.241666666666667,Ankle,ankle_foot,Questionable,Limited,2021_HurtJa00_13,1,0,No report,1
2021,PHI,HurtJa00,Jalen Hurts,QB,23.069130732375086,2020_21,18,1,0.6931471805599453,0,0,0,1.0,0,1,20.81066666666667,Ankle,ankle_foot,None,Full,2021_HurtJa00_18,1,1,No report,0
2021,PIT,JohnDi01,Diontae Johnson,WR,25.15811088295688,2020_21,3,1,0.6931471805599453,14,0,0,0.88,1,0,15.985,Knee,knee,Out,DNP,2021_JohnDi01_3,1,0,None,1
2021,SEA,CarsCh00,Chris Carson,RB,26.9596167008898,2020_21,5,1,0.6931471805599453,12,0,0,0.45,4,0,12.025,Neck,other,Questionable,DNP,2021_CarsCh00_5,13,1,Out,0
2021,SEA,CarsCh00,Chris Carson,RB,26.9596167008898,2020_21,6,2,1.0986122886681098,11,1,0,0.45,4,0,12.025,Neck,other,Out,DNP,2021_CarsCh00_5,13,1,Not listed,0
2021,SEA,CarsCh00,Chris Carson,RB,26.9596167008898,2020_21,7,3,1.3862943611198906,10,1,0,0.45,4,0,12.025,Neck,other,Not listed,Not listed,2021_CarsCh00_5,13,1,Not listed,0
2021,SEA,CarsCh00,Chris Carson,RB,26.9596167008898,2020_21,8,4,1.6094379124341003,9,1,0,0.45,4,0,12.025,Neck,other,Not listed,Not listed,2021_CarsCh00_5,13,1,Not listed,0
2021,SEA,CarsCh00,Chris Carson,RB,26.9596167008898,2020_21,10,5,1.791759469228055,8,1,0,0.45,4,0,12.025,Neck,other,Not listed,Not listed,2021_CarsCh00_5,13,1,Not listed,0
2021,SEA,CarsCh00,Chris Carson,RB,26.9596167008898,2020_21,11,6,1.9459101490553132,7,1,0,0.45,4,0,12.025,Neck,other,Not listed,Not listed,2021_CarsCh00_5,13,1,Not listed,0
2021,SEA,CarsCh00,Chris Carson,RB,26.9596167008898,2020_21,12,7,2.0794415416798357,6,1,0,0.45,4,0,12.025,Neck,other,Not listed,Not listed,2021_CarsCh00_5,13,1,Not listed,0
2021,SEA,CarsCh00,Chris Carson,RB,26.9596167008898,2020_21,13,8,2.1972245773362196,5,1,0,0.45,4,0,12.025,Neck,other,Not listed,Not listed,2021_CarsCh00_5,13,1,Not listed,0
2021,SEA,CarsCh00,Chris Carson,RB,26.9596167008898,2020_21,14,9,2.302585092994046,4,1,0,0.45,4,0,12.025,Neck,other,Not listed,Not listed,2021_CarsCh00_5,13,1,No report,0
2021,SEA,CarsCh00,Chris Carson,RB,26.9596167008898,2020_21,15,10,2.3978952727983707,3,1,0,0.45,4,0,12.025,Neck,other,Not listed,Not listed,2021_CarsCh00_5,13,1,Not listed,0
2021,SEA,CarsCh00,Chris Carson,RB,26.9596167008898,2020_21,16,11,2.4849066497880004,2,1,0,0.45,4,0,12.025,Neck,other,Not listed,Not listed,2021_CarsCh00_5,13,1,Not listed,0
2021,SEA,CarsCh00,Chris Carson,RB,26.9596167008898,2020_21,17,12,2.5649493574615367,1,1,0,0.45,4,0,12.025,Neck,other,Not listed,Not listed,2021_CarsCh00_5,13,1,Not listed,0
2021,SEA,CarsCh00,Chris Carson,RB,26.9596167008898,2020_21,18,13,2.6390573296152584,0,1,0,0.45,4,0,12.025,Neck,other,Not listed,Not listed,2021_CarsCh00_5,13,1,No report,0
2021,SF,KittGe00,George Kittle,TE,27.89596167008898,2020_21,5,1,0.6931471805599453,12,1,0,0.92,8,0,10.65,Lower Leg,soft_tissue,Doubtful,DNP,2021_KittGe00_5,3,0,Not listed,0
2021,SF,KittGe00,George Kittle,TE,27.89596167008898,2020_21,7,2,1.0986122886681098,11,1,0,0.92,8,0,10.65,Lower Leg,soft_tissue,Not listed,Not listed,2021_KittGe00_5,3,0,Not listed,0
2021,SF,KittGe00,George Kittle,TE,27.89596167008898,2020_21,8,3,1.3862943611198906,10,1,0,0.92,8,0,10.65,Lower Leg,soft_tissue,Not listed,Not listed,2021_KittGe00_5,3,0,Not listed,1
2021,SF,MitcEl00,Elijah Mitchell,RB,23.3347022587269,2020_21,3,1,0.6931471805599453,14,0,0,0.61,0,0,11.85,Shoulder,other,Doubtful,Limited,2021_MitcEl00_3,2,0,Questionable,0
2021,SF,MitcEl00,Elijah Mitchell,RB,23.3347022587269,2020_21,4,2,1.0986122886681098,13,0,0,0.61,0,0,11.85,Shoulder,other,Questionable,Limited,2021_MitcEl00_3,2,0,None,1
2021,SF,MitcEl00,Elijah Mitchell,RB,23.3347022587269,2020_21,11,1,0.6931471805599453,7,0,0,0.53,0,0,12.900000000000002,Chest / Ribs,other,Doubtful,DNP,2021_MitcEl00_11,1,0,Questionable,1
2021,SF,MitcEl00,Elijah Mitchell,RB,23.3347022587269,2020_21,14,1,0.6931471805599453,4,0,0,0.84,0,0,15.055555555555555,Head / Concussion,concussion,Out,DNP,2021_MitcEl00_14,3,0,Out,0
2021,SF,MitcEl00,Elijah Mitchell,RB,23.3347022587269,2020_21,15,2,1.0986122886681098,3,0,0,0.84,0,0,15.055555555555555,Head / Concussion,concussion,Out,DNP,2021_MitcEl00_14,3,0,Out,0
2021,SF,MitcEl00,Elijah Mitchell,RB,23.3347022587269,2020_21,16,3,1.3862943611198906,2,0,0,0.84,0,0,15.055555555555555,Head / Concussion,concussion,Out,DNP,2021_MitcEl00_14,3,0,Questionable,1
2021,SF,SamuDe00,Deebo Samuel,WR,25.6290212183436,2020_21,13,1,0.6931471805599453,5,0,0,0.66,6,1,21.172727272727272,Hip / Groin,soft_tissue,Out,DNP,2021_SamuDe00_13,1,0,Questionable,1
2021,TB,BrowAn04,Antonio Brown,WR,33.14442162902122,2020_21,7,1,0.6931471805599453,10,0,0,0.49,0,0,19.080000000000002,Ankle,ankle_foot,Out,DNP,2021_BrowAn04_7,8,0,Out,0
2021,TB,BrowAn04,Antonio Brown,WR,33.14442162902122,2020_21,8,2,1.0986122886681098,9,0,0,0.49,0,0,19.080000000000002,Ankle,ankle_foot,Out,DNP,2021_BrowAn04_7,8,0,Out,0
2021,TB,BrowAn04,Antonio Brown,WR,33.14442162902122,2020_21,10,3,1.3862943611198906,8,0,0,0.49,0,0,19.080000000000002,Ankle,ankle_foot,Out,DNP,2021_BrowAn04_7,8,0,Out,0
2021,TB,BrowAn04,Antonio Brown,WR,33.14442162902122,2020_21,11,4,1.6094379124341003,7,0,0,0.49,0,0,19.080000000000002,Ankle,ankle_foot,Out,DNP,2021_BrowAn04_7,8,0,Out,0
2021,TB,BrowAn04,Antonio Brown,WR,33.14442162902122,2020_21,12,5,1.791759469228055,6,0,0,0.49,0,0,19.080000000000002,Ankle,ankle_foot,Out,DNP,2021_BrowAn04_7,8,0,None,0
2021,TB,BrowAn04,Antonio Brown,WR,33.14442162902122,2020_21,13,6,1.9459101490553132,5,0,0,0.49,0,0,19.080000000000002,Ankle,ankle_foot,None,DNP,2021_BrowAn04_7,8,0,Not listed,0
2021,TB,BrowAn04,Antonio Brown,WR,33.14442162902122,2020_21,14,7,2.0794415416798357,4,0,0,0.49,0,0,19.080000000000002,Ankle,ankle_foot,Not listed,Not listed,2021_BrowAn04_7,8,0,Not listed,0
2021,TB,BrowAn04,Antonio Brown,WR,33.14442162902122,2020_21,15,8,2.1972245773362196,3,0,0,0.49,0,0,19.080000000000002,Ankle,ankle_foot,Not listed,Not listed,2021_BrowAn04_7,8,0,None,1
2021,TB,EvanMi00,Mike Evans,WR,28.030116358658454,2020_21,16,1,0.6931471805599453,2,0,1,0.23,0,1,15.778571428571428,Hamstring,soft_tissue,Out,DNP,2021_EvanMi00_16,1,0,Questionable,1
2021,TB,FourLe00,Leonard Fournette,RB,26.62012320328542,2020_21,16,1,0.6931471805599453,2,1,1,0.45,2,0,18.25714285714286,Hamstring,soft_tissue,None,DNP,2021_FourLe00_16,3,1,Not listed,0
2021,TB,FourLe00,Leonard Fournette,RB,26.62012320328542,2020_21,17,2,1.0986122886681098,1,1,1,0.45,2,0,18.25714285714286,Hamstring,soft_tissue,Not listed,Not listed,2021_FourLe00_16,3,1,Not listed,0
2021,TB,FourLe00,Leonard Fournette,RB,26.62012320328542,2020_21,18,3,1.3862943611198906,0,1,1,0.45,2,0,18.25714285714286,Hamstring,soft_tissue,Not listed,Not listed,2021_FourLe00_16,3,1,No report,0
2021,TB,GodwCh00,Chris Godwin,WR,25.51129363449692,2020_21,16,1,0.6931471805599453,2,1,1,0.22,4,0,17.314285714285713,Unspecified (IR),unspecified,Not listed,Not listed,2021_GodwCh00_16,3,1,Not listed,0
2021,TB,GodwCh00,Chris Godwin,WR,25.51129363449692,2020_21,17,2,1.0986122886681098,1,1,1,0.22,4,0,17.314285714285713,Unspecified (IR),unspecified,Not listed,Not listed,2021_GodwCh00_16,3,1,Not listed,0
2021,TB,GodwCh00,Chris Godwin,WR,25.51129363449692,2020_21,18,3,1.3862943611198906,0,1,1,0.22,4,0,17.314285714285713,Unspecified (IR),unspecified,Not listed,Not listed,2021_GodwCh00_16,3,1,No report,0
2021,TB,GronRo00,Rob Gronkowski,TE,32.30116358658453,2020_21,4,1,0.6931471805599453,13,0,0,0.62,0,0,16.932812499999997,Chest / Ribs,other,Doubtful,DNP,2021_GronRo00_4,4,0,Out,0
2021,TB,GronRo00,Rob Gronkowski,TE,32.30116358658453,2020_21,5,2,1.0986122886681098,12,0,0,0.62,0,0,16.932812499999997,Chest / Ribs,other,Out,DNP,2021_GronRo00_4,4,0,Out,0
2021,TB,GronRo00,Rob Gronkowski,TE,32.30116358658453,2020_21,6,3,1.3862943611198906,11,0,0,0.62,0,0,16.932812499999997,Chest / Ribs,other,Out,DNP,2021_GronRo00_4,4,0,Out,0
2021,TB,GronRo00,Rob Gronkowski,TE,32.30116358658453,2020_21,7,4,1.6094379124341003,10,0,0,0.62,0,0,16.932812499999997,Chest / Ribs,other,Out,DNP,2021_GronRo00_4,4,0,Questionable,1
2021,TB,GronRo00,Rob Gronkowski,TE,32.30116358658453,2020_21,10,1,0.6931471805599453,8,0,1,0.1,0,0,14.6,Back,other,Out,DNP,2021_GronRo00_10,1,0,Questionable,1
2021,TEN,BrowAJ00,A.J. Brown,WR,24.17248459958932,2020_21,12,1,0.6931471805599453,5,1,0,0.52,2,0,12.65,Chest / Ribs,other,Out,DNP,2021_BrowAJ00_12,3,0,Not listed,0
2021,TEN,BrowAJ00,A.J. Brown,WR,24.17248459958932,2020_21,14,2,1.0986122886681098,4,1,0,0.52,2,0,12.65,Chest / Ribs,other,Not listed,Not listed,2021_BrowAJ00_12,3,0,Not listed,0
2021,TEN,BrowAJ00,A.J. Brown,WR,24.17248459958932,2020_21,15,3,1.3862943611198906,3,1,0,0.52,2,0,12.65,Chest / Ribs,other,Not listed,Not listed,2021_BrowAJ00_12,3,0,Not listed,1
2021,TEN,HenrDe00,Derrick Henry,RB,27.65776865160849,2020_21,9,1,0.6931471805599453,8,1,0,0.74,0,0,24.1625,Unspecified (IR),unspecified,Not listed,Not listed,2021_HenrDe00_9,9,1,Not listed,0
2021,TEN,HenrDe00,Derrick Henry,RB,27.65776865160849,2020_21,10,2,1.0986122886681098,7,1,0,0.74,0,0,24.1625,Unspecified (IR),unspecified,Not listed,Not listed,2021_HenrDe00_9,9,1,Not listed,0
2021,TEN,HenrDe00,Derrick Henry,RB,27.65776865160849,2020_21,11,3,1.3862943611198906,6,1,0,0.74,0,0,24.1625,Unspecified (IR),unspecified,Not listed,Not listed,2021_HenrDe00_9,9,1,Not listed,0
2021,TEN,HenrDe00,Derrick Henry,RB,27.65776865160849,2020_21,12,4,1.6094379124341003,5,1,0,0.74,0,0,24.1625,Unspecified (IR),unspecified,Not listed,Not listed,2021_HenrDe00_9,9,1,Not listed,0
2021,TEN,HenrDe00,Derrick Henry,RB,27.65776865160849,2020_21,14,5,1.791759469228055,4,1,0,0.74,0,0,24.1625,Unspecified (IR),unspecified,Not listed,Not listed,2021_HenrDe00_9,9,1,Not listed,0
2021,TEN,HenrDe00,Derrick Henry,RB,27.65776865160849,2020_21,15,6,1.9459101490553132,3,1,0,0.74,0,0,24.1625,Unspecified (IR),unspecified,Not listed,Not listed,2021_HenrDe00_9,9,1,Not listed,0
2021,TEN,HenrDe00,Derrick Henry,RB,27.65776865160849,2020_21,16,7,2.0794415416798357,2,1,0,0.74,0,0,24.1625,Unspecified (IR),unspecified,Not listed,Not listed,2021_HenrDe00_9,9,1,Not listed,0
2021,TEN,HenrDe00,Derrick Henry,RB,27.65776865160849,2020_21,17,8,2.1972245773362196,1,1,0,0.74,0,0,24.1625,Unspecified (IR),unspecified,Not listed,Not listed,2021_HenrDe00_9,9,1,Not listed,0
2021,TEN,HenrDe00,Derrick Henry,RB,27.65776865160849,2020_21,18,9,2.302585092994046,0,1,0,0.74,0,0,24.1625,Unspecified (IR),unspecified,Not listed,Not listed,2021_HenrDe00_9,9,1,No report,0
2021,WAS,GibsAn00,Antonio Gibson,RB,23.19233401779603,2020_21,17,1,0.6931471805599453,1,0,1,0.37,2,0,13.8,Hip / Groin,soft_tissue,None,DNP,2021_GibsAn00_17,1,0,None,1
2021,WAS,McKiJ.00,J.D. McKissic,RB,28.046543463381244,2020_21,13,1,0.6931471805599453,5,0,0,0.39,0,0,11.627272727272727,Head / Concussion,concussion,Out,DNP,2021_McKiJ.00_13,6,1,Questionable,0
2021,WAS,McKiJ.00,J.D. McKissic,RB,28.046543463381244,2020_21,14,2,1.0986122886681098,4,0,0,0.39,0,0,11.627272727272727,Head / Concussion,concussion,Questionable,Limited,2021_McKiJ.00_13,6,1,No report,0
2021,WAS,McKiJ.00,J.D. McKissic,RB,28.046543463381244,2020_21,15,3,1.3862943611198906,3,0,0,0.39,0,0,11.627272727272727,Head / Concussion,concussion,None,DNP,2021_McKiJ.00_13,6,1,Not listed,0
2021,WAS,McKiJ.00,J.D. McKissic,RB,28.046543463381244,2020_21,16,4,1.6094379124341003,2,1,0,0.39,0,0,11.627272727272727,Head / Concussion,concussion,Not listed,Not listed,2021_McKiJ.00_13,6,1,Not listed,0
2021,WAS,McKiJ.00,J.D. McKissic,RB,28.046543463381244,2020_21,17,5,1.791759469228055,1,1,0,0.39,0,0,11.627272727272727,Head / Concussion,concussion,Not listed,Not listed,2021_McKiJ.00_13,6,1,Not listed,0
2021,WAS,McKiJ.00,J.D. McKissic,RB,28.046543463381244,2020_21,18,6,1.9459101490553132,0,1,0,0.39,0,0,11.627272727272727,Head / Concussion,concussion,Not listed,Not listed,2021_McKiJ.00_13,6,1,No report,0
2021,WAS,ThomLo00,Logan Thomas,TE,30.171115674195757,2020_21,5,1,0.6931471805599453,12,1,1,0.07,0,0,11.1846875,Hamstring,soft_tissue,Not listed,Not listed,2021_ThomLo00_5,6,0,Not listed,0
2021,WAS,ThomLo00,Logan Thomas,TE,30.171115674195757,2020_21,6,2,1.0986122886681098,11,1,1,0.07,0,0,11.1846875,Hamstring,soft_tissue,Not listed,Not listed,2021_ThomLo00_5,6,0,Not listed,0
2021,WAS,ThomLo00,Logan Thomas,TE,30.171115674195757,2020_21,7,3,1.3862943611198906,10,1,1,0.07,0,0,11.1846875,Hamstring,soft_tissue,Not listed,Not listed,2021_ThomLo00_5,6,0,Not listed,0
2021,WAS,ThomLo00,Logan Thomas,TE,30.171115674195757,2020_21,8,4,1.6094379124341003,9,1,1,0.07,0,0,11.1846875,Hamstring,soft_tissue,Not listed,Not listed,2021_ThomLo00_5,6,0,Not listed,0
2021,WAS,ThomLo00,Logan Thomas,TE,30.171115674195757,2020_21,10,5,1.791759469228055,8,1,1,0.07,0,0,11.1846875,Hamstring,soft_tissue,Not listed,Not listed,2021_ThomLo00_5,6,0,Not listed,0
2021,WAS,ThomLo00,Logan Thomas,TE,30.171115674195757,2020_21,11,6,1.9459101490553132,7,1,1,0.07,0,0,11.1846875,Hamstring,soft_tissue,Not listed,Not listed,2021_ThomLo00_5,6,0,Not listed,1
2021,WAS,ThomLo00,Logan Thomas,TE,30.171115674195757,2020_21,14,1,0.6931471805599453,4,1,0,0.64,0,1,10.72,Hamstring,soft_tissue,Not listed,Not listed,2021_ThomLo00_14,5,1,No report,0
2021,WAS,ThomLo00,Logan Thomas,TE,30.171115674195757,2020_21,15,2,1.0986122886681098,3,1,0,0.64,0,1,10.72,Hamstring,soft_tissue,Not listed,Not listed,2021_ThomLo00_14,5,1,Not listed,0
2021,WAS,ThomLo00,Logan Thomas,TE,30.171115674195757,2020_21,16,3,1.3862943611198906,2,1,0,0.64,0,1,10.72,Hamstring,soft_tissue,Not listed,Not listed,2021_ThomLo00_14,5,1,Not listed,0
2021,WAS,ThomLo00,Logan Thomas,TE,30.171115674195757,2020_21,17,4,1.6094379124341003,1,1,0,0.64,0,1,10.72,Hamstring,soft_tissue,Not listed,Not listed,2021_ThomLo00_14,5,1,Not listed,0
2021,WAS,ThomLo00,Logan Thomas,TE,30.171115674195757,2020_21,18,5,1.791759469228055,0,1,0,0.64,0,1,10.72,Hamstring,soft_tissue,Not listed,Not listed,2021_ThomLo00_14,5,1,No report,0
2022,ARI,BrowMa04,Marquise Brown,WR,25.242984257357975,2022plus,7,1,0.6931471805599453,10,1,0,0.96,1,0,18.25,Foot / Toe,ankle_foot,Out,DNP,2022_BrowMa04_7,5,0,Not listed,0
2022,ARI,BrowMa04,Marquise Brown,WR,25.242984257357975,2022plus,8,2,1.0986122886681098,9,1,0,0.96,1,0,18.25,Foot / Toe,ankle_foot,Not listed,Not listed,2022_BrowMa04_7,5,0,Not listed,0
2022,ARI,BrowMa04,Marquise Brown,WR,25.242984257357975,2022plus,9,3,1.3862943611198906,8,1,0,0.96,1,0,18.25,Foot / Toe,ankle_foot,Not listed,Not listed,2022_BrowMa04_7,5,0,Not listed,0
2022,ARI,BrowMa04,Marquise Brown,WR,25.242984257357975,2022plus,10,4,1.6094379124341003,7,1,0,0.96,1,0,18.25,Foot / Toe,ankle_foot,Not listed,Not listed,2022_BrowMa04_7,5,0,Not listed,0
2022,ARI,BrowMa04,Marquise Brown,WR,25.242984257357975,2022plus,11,5,1.791759469228055,6,1,0,0.96,1,0,18.25,Foot / Toe,ankle_foot,Not listed,Not listed,2022_BrowMa04_7,5,0,Not listed,1
2022,ARI,ConnJa00,James Conner,RB,27.326488706365502,2022plus,18,1,0.6931471805599453,0,0,1,0.55,2,0,15.399999999999999,Knee,knee,Out,DNP,2022_ConnJa00_18,1,1,No report,0
2022,ARI,ErtzZa00,Zach Ertz,TE,31.808350444900753,2022plus,11,1,0.6931471805599453,6,0,1,0.13,0,0,11.56,Knee,knee,Out,DNP,2022_ErtzZa00_11,7,1,Out,0
2022,ARI,ErtzZa00,Zach Ertz,TE,31.808350444900753,2022plus,12,2,1.0986122886681098,5,1,1,0.13,0,0,11.56,Knee,knee,Out,DNP,2022_ErtzZa00_11,7,1,Not listed,0
2022,ARI,ErtzZa00,Zach Ertz,TE,31.808350444900753,2022plus,14,3,1.3862943611198906,4,1,1,0.13,0,0,11.56,Knee,knee,Not listed,Not listed,2022_ErtzZa00_11,7,1,Not listed,0
2022,ARI,ErtzZa00,Zach Ertz,TE,31.808350444900753,2022plus,15,4,1.6094379124341003,3,1,1,0.13,0,0,11.56,Knee,knee,Not listed,Not listed,2022_ErtzZa00_11,7,1,Not listed,0
2022,ARI,ErtzZa00,Zach Ertz,TE,31.808350444900753,2022plus,16,5,1.791759469228055,2,1,1,0.13,0,0,11.56,Knee,knee,Not listed,Not listed,2022_ErtzZa00_11,7,1,Not listed,0
2022,ARI,ErtzZa00,Zach Ertz,TE,31.808350444900753,2022plus,17,6,1.9459101490553132,1,1,1,0.13,0,0,11.56,Knee,knee,Not listed,Not listed,2022_ErtzZa00_11,7,1,Not listed,0
2022,ARI,ErtzZa00,Zach Ertz,TE,31.808350444900753,2022plus,18,7,2.0794415416798357,0,1,1,0.13,0,0,11.56,Knee,knee,Not listed,Not listed,2022_ErtzZa00_11,7,1,No report,0
2022,ARI,HopkDe00,DeAndre Hopkins,WR,30.236824093086927,2022plus,17,1,0.6931471805599453,1,0,0,0.93,7,1,16.855555555555554,Knee,knee,Questionable,DNP,2022_HopkDe00_17,2,1,Out,0
2022,ARI,HopkDe00,DeAndre Hopkins,WR,30.236824093086927,2022plus,18,2,1.0986122886681098,0,0,0,0.93,7,1,16.855555555555554,Knee,knee,Out,DNP,2022_HopkDe00_17,2,1,No report,0
2022,ARI,MurrKy00,Kyler Murray,QB,25.06776180698152,2022plus,10,1,0.6931471805599453,7,0,0,1.0,3,0,19.40222222222222,Hamstring,soft_tissue,Questionable,Limited,2022_MurrKy00_10,2,0,Questionable,0
2022,ARI,MurrKy00,Kyler Murray,QB,25.06776180698152,2022plus,11,2,1.0986122886681098,6,0,0,1.0,3,0,19.40222222222222,Hamstring,soft_tissue,Questionable,Limited,2022_MurrKy00_10,2,0,None,1
2022,ARI,MurrKy00,Kyler Murray,QB,25.06776180698152,2022plus,15,1,0.6931471805599453,3,1,1,0.04,3,0,18.22909090909091,Unspecified (IR),unspecified,Not listed,Not listed,2022_MurrKy00_15,4,1,Not listed,0
2022,ARI,MurrKy00,Kyler Murray,QB,25.06776180698152,2022plus,16,2,1.0986122886681098,2,1,1,0.04,3,0,18.22909090909091,Unspecified (IR),unspecified,Not listed,Not listed,2022_MurrKy00_15,4,1,Not listed,0
2022,ARI,MurrKy00,Kyler Murray,QB,25.06776180698152,2022plus,17,3,1.3862943611198906,1,1,1,0.04,3,0,18.22909090909091,Unspecified (IR),unspecified,Not listed,Not listed,2022_MurrKy00_15,4,1,Not listed,0
2022,ARI,MurrKy00,Kyler Murray,QB,25.06776180698152,2022plus,18,4,1.6094379124341003,0,1,1,0.04,3,0,18.22909090909091,Unspecified (IR),unspecified,Not listed,Not listed,2022_MurrKy00_15,4,1,No report,0
2022,ATL,PattCo00,Cordarrelle Patterson,RB,31.460643394934976,2022plus,5,1,0.6931471805599453,12,1,1,0.29,1,0,14.700000000000001,Knee,knee,Not listed,Not listed,2022_PattCo00_5,4,0,Not listed,0
2022,ATL,PattCo00,Cordarrelle Patterson,RB,31.460643394934976,2022plus,6,2,1.0986122886681098,11,1,1,0.29,1,0,14.700000000000001,Knee,knee,Not listed,Not listed,2022_PattCo00_5,4,0,Not listed,0
2022,ATL,PattCo00,Cordarrelle Patterson,RB,31.460643394934976,2022plus,7,3,1.3862943611198906,10,1,1,0.29,1,0,14.700000000000001,Knee,knee,Not listed,Not listed,2022_PattCo00_5,4,0,Not listed,0
2022,ATL,PattCo00,Cordarrelle Patterson,RB,31.460643394934976,2022plus,8,4,1.6094379124341003,9,1,1,0.29,1,0,14.700000000000001,Knee,knee,Not listed,Not listed,2022_PattCo00_5,4,0,Not listed,1
2022,BAL,AndrMa00,Mark Andrews,TE,26.986995208761122,2022plus,9,1,0.6931471805599453,8,0,1,0.13,0,0,15.1875,Knee,knee,Doubtful,DNP,2022_AndrMa00_9,1,0,Questionable,1
2022,BAL,EdwaGu00,Gus Edwards,RB,27.38672142368241,2022plus,9,1,0.6931471805599453,8,0,1,0.21,0,0,12.55,Hamstring,soft_tissue,Doubtful,DNP,2022_EdwaGu00_9,2,0,Questionable,0
2022,BAL,EdwaGu00,Gus Edwards,RB,27.38672142368241,2022plus,11,2,1.0986122886681098,7,0,1,0.21,0,0,12.55,Hamstring,soft_tissue,Questionable,Limited,2022_EdwaGu00_9,2,0,Questionable,1
2022,BAL,JackLa00,Lamar Jackson,QB,25.648186173853524,2022plus,14,1,0.6931471805599453,4,0,1,0.14,4,0,19.673333333333336,Knee,knee,Doubtful,DNP,2022_JackLa00_14,5,1,Out,0
2022,BAL,JackLa00,Lamar Jackson,QB,25.648186173853524,2022plus,15,2,1.0986122886681098,3,0,1,0.14,4,0,19.673333333333336,Knee,knee,Out,DNP,2022_JackLa00_14,5,1,Out,0
2022,BAL,JackLa00,Lamar Jackson,QB,25.648186173853524,2022plus,16,3,1.3862943611198906,2,0,1,0.14,4,0,19.673333333333336,Knee,knee,Out,DNP,2022_JackLa00_14,5,1,Out,0
2022,BAL,JackLa00,Lamar Jackson,QB,25.648186173853524,2022plus,17,4,1.6094379124341003,1,0,1,0.14,4,0,19.673333333333336,Knee,knee,Out,DNP,2022_JackLa00_14,5,1,Out,0
2022,BAL,JackLa00,Lamar Jackson,QB,25.648186173853524,2022plus,18,5,1.791759469228055,0,0,1,0.14,4,0,19.673333333333336,Knee,knee,Out,DNP,2022_JackLa00_14,5,1,No report,0
2022,CHI,FielJu00,Justin Fields,QB,23.49349760438056,2022plus,12,1,0.6931471805599453,5,0,0,1.0,5,0,20.643636363636364,Shoulder,other,Questionable,Limited,2022_FielJu00_12,1,0,None,1
2022,CHI,FielJu00,Justin Fields,QB,23.49349760438056,2022plus,18,1,0.6931471805599453,0,0,0,1.0,5,0,19.732000000000003,Hip / Groin,soft_tissue,Out,DNP,2022_FielJu00_18,1,1,No report,0
2022,CIN,ChasJa00,Ja'Marr Chase,WR,22.50239561943874,2022plus,8,1,0.6931471805599453,8,0,0,0.93,0,0,20.24285714285714,Hip / Groin,soft_tissue,Out,DNP,2022_ChasJa00_8,4,0,Out,0
2022,CIN,ChasJa00,Ja'Marr Chase,WR,22.50239561943874,2022plus,9,2,1.0986122886681098,7,0,0,0.93,0,0,20.24285714285714,Hip / Groin,soft_tissue,Out,DNP,2022_ChasJa00_8,4,0,Out,0
2022,CIN,ChasJa00,Ja'Marr Chase,WR,22.50239561943874,2022plus,11,3,1.3862943611198906,6,0,0,0.93,0,0,20.24285714285714,Hip / Groin,soft_tissue,Out,DNP,2022_ChasJa00_8,4,0,Questionable,0
2022,CIN,ChasJa00,Ja'Marr Chase,WR,22.50239561943874,2022plus,12,4,1.6094379124341003,5,0,0,0.93,0,0,20.24285714285714,Hip / Groin,soft_tissue,Questionable,Limited,2022_ChasJa00_8,4,0,Questionable,1
2022,CIN,MixoJo00,Joe Mixon,RB,26.105407255304584,2022plus,12,1,0.6931471805599453,5,0,1,0.21,0,0,18.09,Head / Concussion,concussion,Out,DNP,2022_MixoJo00_12,2,0,Questionable,0
2022,CIN,MixoJo00,Joe Mixon,RB,26.105407255304584,2022plus,13,2,1.0986122886681098,4,0,1,0.21,0,0,18.09,Head / Concussion,concussion,Questionable,Limited,2022_MixoJo00_12,2,0,None,1
2022,CLE,NjokDa00,David Njoku,TE,26.143737166324435,2022plus,8,1,0.6931471805599453,9,0,0,0.62,0,0,11.314285714285715,Ankle,ankle_foot,Out,DNP,2022_NjokDa00_8,2,0,Out,0
2022,CLE,NjokDa00,David Njoku,TE,26.143737166324435,2022plus,10,2,1.0986122886681098,8,0,0,0.62,0,0,11.314285714285715,Ankle,ankle_foot,Out,DNP,2022_NjokDa00_8,2,0,Questionable,1
2022,CLE,NjokDa00,David Njoku,TE,26.143737166324435,2022plus,13,1,0.6931471805599453,5,0,0,0.81,0,0,10.755555555555555,Knee,knee,Out,DNP,2022_NjokDa00_13,1,0,None,1
2022,DAL,ElliEz00,Ezekiel Elliott,RB,27.1129363449692,2022plus,8,1,0.6931471805599453,9,0,0,0.49,0,0,11.071428571428571,Knee,knee,Doubtful,DNP,2022_ElliEz00_8,2,0,Questionable,0
2022,DAL,ElliEz00,Ezekiel Elliott,RB,27.1129363449692,2022plus,10,2,1.0986122886681098,8,0,0,0.49,0,0,11.071428571428571,Knee,knee,Questionable,Limited,2022_ElliEz00_8,2,0,Questionable,1
2022,DAL,PollTo00,Tony Pollard,RB,25.338809034907598,2022plus,17,1,0.6931471805599453,1,0,0,0.53,2,0,16.46,Quad / Thigh,soft_tissue,Questionable,DNP,2022_PollTo00_17,1,0,None,1
2022,DET,StxxAm00,Amon-Ra St. Brown,WR,22.855578370978783,2022plus,4,1,0.6931471805599453,13,0,0,0.73,0,0,21.8265625,Ankle,ankle_foot,Out,DNP,2022_StxxAm00_4,1,0,Questionable,1
2022,DET,SwifDA00,D'Andre Swift,RB,23.630390143737166,2022plus,4,1,0.6931471805599453,13,0,0,0.41,4,1,16.717307692307692,Shoulder,other,Out,DNP,2022_SwifDA00_4,3,0,Out,0
2022,DET,SwifDA00,D'Andre Swift,RB,23.630390143737166,2022plus,5,2,1.0986122886681098,12,0,0,0.41,4,1,16.717307692307692,Shoulder,other,Out,DNP,2022_SwifDA00_4,3,0,Questionable,0
2022,DET,SwifDA00,D'Andre Swift,RB,23.630390143737166,2022plus,7,3,1.3862943611198906,11,0,0,0.41,4,1,16.717307692307692,Shoulder,other,Questionable,Limited,2022_SwifDA00_4,3,0,None,1
2022,GB,LazaAl00,Allen Lazard,WR,26.72416153319644,2022plus,8,1,0.6931471805599453,9,0,0,0.59,1,1,14.0,Shoulder,other,Out,DNP,2022_LazaAl00_8,1,0,Questionable,1
2022,HOU,PierDa01,Dameon Pierce,RB,22.532511978097194,2022plus,15,1,0.6931471805599453,3,1,0,0.55,0,0,12.8,Ankle,ankle_foot,Out,DNP,2022_PierDa01_15,4,1,Not listed,0
2022,HOU,PierDa01,Dameon Pierce,RB,22.532511978097194,2022plus,16,2,1.0986122886681098,2,1,0,0.55,0,0,12.8,Ankle,ankle_foot,Not listed,Not listed,2022_PierDa01_15,4,1,Not listed,0
2022,HOU,PierDa01,Dameon Pierce,RB,22.532511978097194,2022plus,17,3,1.3862943611198906,1,1,0,0.55,0,0,12.8,Ankle,ankle_foot,Not listed,Not listed,2022_PierDa01_15,4,1,Not listed,0
2022,HOU,PierDa01,Dameon Pierce,RB,22.532511978097194,2022plus,18,4,1.6094379124341003,0,1,0,0.55,0,0,12.8,Ankle,ankle_foot,Not listed,Not listed,2022_PierDa01_15,4,1,No report,0
2022,IND,PittMi01,Michael Pittman Jr.,WR,24.906228610540726,2022plus,2,1,0.6931471805599453,15,0,0,0.98,0,0,17.301470588235297,Quad / Thigh,soft_tissue,Questionable,DNP,2022_PittMi01_2,1,0,None,1
2022,IND,TaylJo02,Jonathan Taylor,RB,23.616700889801507,2022plus,5,1,0.6931471805599453,12,0,0,0.88,0,0,12.55,Ankle,ankle_foot,Out,DNP,2022_TaylJo02_5,2,0,Questionable,0
2022,IND,TaylJo02,Jonathan Taylor,RB,23.616700889801507,2022plus,6,2,1.0986122886681098,11,0,0,0.88,0,0,12.55,Ankle,ankle_foot,Questionable,Limited,2022_TaylJo02_5,2,0,None,1
2022,IND,TaylJo02,Jonathan Taylor,RB,23.616700889801507,2022plus,9,1,0.6931471805599453,8,0,0,0.69,0,1,11.883333333333333,Ankle,ankle_foot,Out,DNP,2022_TaylJo02_9,1,0,None,1
2022,IND,TaylJo02,Jonathan Taylor,RB,23.616700889801507,2022plus,16,1,0.6931471805599453,2,1,1,0.03,0,0,13.30909090909091,Unspecified (IR),unspecified,Not listed,Not listed,2022_TaylJo02_16,3,1,Not listed,0
2022,IND,TaylJo02,Jonathan Taylor,RB,23.616700889801507,2022plus,17,2,1.0986122886681098,1,1,1,0.03,0,0,13.30909090909091,Unspecified (IR),unspecified,Not listed,Not listed,2022_TaylJo02_16,3,1,Not listed,0
2022,IND,TaylJo02,Jonathan Taylor,RB,23.616700889801507,2022plus,18,3,1.3862943611198906,0,1,1,0.03,0,0,13.30909090909091,Unspecified (IR),unspecified,Not listed,Not listed,2022_TaylJo02_16,3,1,No report,0
2022,KC,SmitJu00,JuJu Smith-Schuster,WR,25.7741273100616,2022plus,11,1,0.6931471805599453,7,0,1,0.38,12,0,13.055555555555555,Head / Concussion,concussion,Out,DNP,2022_SmitJu00_11,1,0,None,1
2022,LA,KuppCo00,Cooper Kupp,WR,29.21286789869952,2022plus,11,1,0.6931471805599453,7,1,0,0.67,0,0,22.37777777777778,Unspecified (IR),unspecified,Not listed,Not listed,2022_KuppCo00_11,8,1,Not listed,0
2022,LA,KuppCo00,Cooper Kupp,WR,29.21286789869952,2022plus,12,2,1.0986122886681098,6,1,0,0.67,0,0,22.37777777777778,Unspecified (IR),unspecified,Not listed,Not listed,2022_KuppCo00_11,8,1,Not listed,0
2022,LA,KuppCo00,Cooper Kupp,WR,29.21286789869952,2022plus,13,3,1.3862943611198906,5,1,0,0.67,0,0,22.37777777777778,Unspecified (IR),unspecified,Not listed,Not listed,2022_KuppCo00_11,8,1,Not listed,0
2022,LA,KuppCo00,Cooper Kupp,WR,29.21286789869952,2022plus,14,4,1.6094379124341003,4,1,0,0.67,0,0,22.37777777777778,Unspecified (IR),unspecified,Not listed,Not listed,2022_KuppCo00_11,8,1,Not listed,0
2022,LA,KuppCo00,Cooper Kupp,WR,29.21286789869952,2022plus,15,5,1.791759469228055,3,1,0,0.67,0,0,22.37777777777778,Unspecified (IR),unspecified,Not listed,Not listed,2022_KuppCo00_11,8,1,Not listed,0
2022,LA,KuppCo00,Cooper Kupp,WR,29.21286789869952,2022plus,16,6,1.9459101490553132,2,1,0,0.67,0,0,22.37777777777778,Unspecified (IR),unspecified,Not listed,Not listed,2022_KuppCo00_11,8,1,Not listed,0
2022,LA,KuppCo00,Cooper Kupp,WR,29.21286789869952,2022plus,17,7,2.0794415416798357,1,1,0,0.67,0,0,22.37777777777778,Unspecified (IR),unspecified,Not listed,Not listed,2022_KuppCo00_11,8,1,Not listed,0
2022,LA,KuppCo00,Cooper Kupp,WR,29.21286789869952,2022plus,18,8,2.1972245773362196,0,1,0,0.67,0,0,22.37777777777778,Unspecified (IR),unspecified,Not listed,Not listed,2022_KuppCo00_11,8,1,No report,0
2022,LAC,AlleKe00,Keenan Allen,WR,30.34633812457221,2022plus,2,1,0.6931471805599453,15,0,0,0.33,0,1,14.734375000000002,Hamstring,soft_tissue,Out,DNP,2022_AlleKe00_2,5,0,Questionable,0
2022,LAC,AlleKe00,Keenan Allen,WR,30.34633812457221,2022plus,3,2,1.0986122886681098,14,0,0,0.33,0,1,14.734375000000002,Hamstring,soft_tissue,Questionable,DNP,2022_AlleKe00_2,5,0,Out,0
2022,LAC,AlleKe00,Keenan Allen,WR,30.34633812457221,2022plus,4,3,1.3862943611198906,13,0,0,0.33,0,1,14.734375000000002,Hamstring,soft_tissue,Out,DNP,2022_AlleKe00_2,5,0,Out,0
2022,LAC,AlleKe00,Keenan Allen,WR,30.34633812457221,2022plus,5,4,1.6094379124341003,12,0,0,0.33,0,1,14.734375000000002,Hamstring,soft_tissue,Out,DNP,2022_AlleKe00_2,5,0,Doubtful,0
2022,LAC,AlleKe00,Keenan Allen,WR,30.34633812457221,2022plus,6,5,1.791759469228055,11,0,0,0.33,0,1,14.734375000000002,Hamstring,soft_tissue,Doubtful,Limited,2022_AlleKe00_2,5,0,Questionable,1
2022,LAC,WillMi07,Mike Williams,WR,27.90965092402464,2022plus,9,1,0.6931471805599453,9,0,0,0.76,0,0,14.928571428571429,Ankle,ankle_foot,Out,DNP,2022_WillMi07_9,2,0,Out,0
2022,LAC,WillMi07,Mike Williams,WR,27.90965092402464,2022plus,10,2,1.0986122886681098,8,0,0,0.76,0,0,14.928571428571429,Ankle,ankle_foot,Out,DNP,2022_WillMi07_9,2,0,Questionable,1
2022,LAC,WillMi07,Mike Williams,WR,27.90965092402464,2022plus,12,1,0.6931471805599453,6,0,1,0.09,0,1,13.375,Ankle,ankle_foot,Out,DNP,2022_WillMi07_12,2,0,Out,0
2022,LAC,WillMi07,Mike Williams,WR,27.90965092402464,2022plus,13,2,1.0986122886681098,5,0,1,0.09,0,1,13.375,Ankle,ankle_foot,Out,DNP,2022_WillMi07_12,2,0,None,1
2022,LV,WallDa01,Darren Waller,TE,29.965776865160848,2022plus,7,1,0.6931471805599453,11,0,1,0.13,6,0,9.875,Hamstring,soft_tissue,Out,DNP,2022_WallDa01_7,8,0,Questionable,0
2022,LV,WallDa01,Darren Waller,TE,29.965776865160848,2022plus,8,2,1.0986122886681098,10,0,1,0.13,6,0,9.875,Hamstring,soft_tissue,Questionable,Limited,2022_WallDa01_7,8,0,Questionable,0
2022,LV,WallDa01,Darren Waller,TE,29.965776865160848,2022plus,9,3,1.3862943611198906,9,0,1,0.13,6,0,9.875,Hamstring,soft_tissue,Questionable,Limited,2022_WallDa01_7,8,0,None,0
2022,LV,WallDa01,Darren Waller,TE,29.965776865160848,2022plus,10,4,1.6094379124341003,8,1,1,0.13,6,0,9.875,Hamstring,soft_tissue,None,Limited,2022_WallDa01_7,8,0,Not listed,0
2022,LV,WallDa01,Darren Waller,TE,29.965776865160848,2022plus,11,5,1.791759469228055,7,1,1,0.13,6,0,9.875,Hamstring,soft_tissue,Not listed,Not listed,2022_WallDa01_7,8,0,Not listed,0
2022,LV,WallDa01,Darren Waller,TE,29.965776865160848,2022plus,12,6,1.9459101490553132,6,1,1,0.13,6,0,9.875,Hamstring,soft_tissue,Not listed,Not listed,2022_WallDa01_7,8,0,Not listed,0
2022,LV,WallDa01,Darren Waller,TE,29.965776865160848,2022plus,13,7,2.0794415416798357,5,1,1,0.13,6,0,9.875,Hamstring,soft_tissue,Not listed,Not listed,2022_WallDa01_7,8,0,Not listed,0
2022,LV,WallDa01,Darren Waller,TE,29.965776865160848,2022plus,14,8,2.1972245773362196,4,1,1,0.13,6,0,9.875,Hamstring,soft_tissue,Not listed,Not listed,2022_WallDa01_7,8,0,Not listed,1
2022,MIA,TagoTu00,Tua Tagovailoa,QB,24.501026694045173,2022plus,5,1,0.6931471805599453,12,0,1,0.39,4,0,16.875,Head / Concussion,concussion,Out,DNP,2022_TagoTu00_5,2,0,Out,0
2022,MIA,TagoTu00,Tua Tagovailoa,QB,24.501026694045173,2022plus,6,2,1.0986122886681098,11,0,1,0.39,4,0,16.875,Head / Concussion,concussion,Out,Full,2022_TagoTu00_5,2,0,Not listed,1
2022,MIA,TagoTu00,Tua Tagovailoa,QB,24.501026694045173,2022plus,17,1,0.6931471805599453,1,0,0,1.0,4,1,17.763076923076923,Head / Concussion,concussion,Out,DNP,2022_TagoTu00_17,2,1,Out,0
2022,MIA,TagoTu00,Tua Tagovailoa,QB,24.501026694045173,2022plus,18,2,1.0986122886681098,0,0,0,1.0,4,1,17.763076923076923,Head / Concussion,concussion,Out,DNP,2022_TagoTu00_17,2,1,No report,0
2022,NE,HarrDa06,Damien Harris,RB,25.5523613963039,2022plus,6,1,0.6931471805599453,11,0,1,0.1,2,1,10.940000000000001,Hamstring,soft_tissue,Questionable,Limited,2022_HarrDa06_6,1,0,None,1
2022,NE,MeyeJa01,Jakobi Meyers,WR,25.809719370294317,2022plus,3,1,0.6931471805599453,14,0,0,0.82,0,0,12.996875,Knee,knee,Questionable,Limited,2022_MeyeJa01_3,2,0,Questionable,0
2022,NE,MeyeJa01,Jakobi Meyers,WR,25.809719370294317,2022plus,4,2,1.0986122886681098,13,0,0,0.82,0,0,12.996875,Knee,knee,Questionable,Limited,2022_MeyeJa01_3,2,0,Questionable,1
2022,NE,MeyeJa01,Jakobi Meyers,WR,25.809719370294317,2022plus,14,1,0.6931471805599453,4,0,0,0.57,0,0,12.620000000000001,Head / Concussion,concussion,Out,DNP,2022_MeyeJa01_14,1,0,Questionable,1
2022,NO,KamaAl00,Alvin Kamara,RB,27.104722792607802,2022plus,2,1,0.6931471805599453,15,0,0,0.62,4,0,15.440384615384618,Chest / Ribs,other,Questionable,DNP,2022_KamaAl00_2,1,0,Questionable,1
2022,NO,KamaAl00,Alvin Kamara,RB,27.104722792607802,2022plus,4,1,0.6931471805599453,13,0,0,0.7,4,1,12.751923076923077,Chest / Ribs,other,Questionable,Limited,2022_KamaAl00_4,1,0,Questionable,1
2022,NO,OlavCh00,Chris Olave,WR,22.17932922655715,2022plus,6,1,0.6931471805599453,11,0,1,0.4,0,0,15.180000000000001,Head / Concussion,concussion,Questionable,Full,2022_OlavCh00_6,1,0,Not listed,1
2022,NO,OlavCh00,Chris Olave,WR,22.17932922655715,2022plus,16,1,0.6931471805599453,2,0,0,0.49,0,0,13.461538461538462,Hamstring,soft_tissue,Out,DNP,2022_OlavCh00_16,1,0,Questionable,1
2022,NO,ThomMi05,Michael Thomas,WR,29.49760438056126,2022plus,4,1,0.6931471805599453,13,0,0,0.68,0,0,17.033333333333335,Foot / Toe,ankle_foot,Out,DNP,2022_ThomMi05_4,14,1,Out,0
2022,NO,ThomMi05,Michael Thomas,WR,29.49760438056126,2022plus,5,2,1.0986122886681098,12,0,0,0.68,0,0,17.033333333333335,Foot / Toe,ankle_foot,Out,DNP,2022_ThomMi05_4,14,1,Out,0
2022,NO,ThomMi05,Michael Thomas,WR,29.49760438056126,2022plus,6,3,1.3862943611198906,11,0,0,0.68,0,0,17.033333333333335,Foot / Toe,ankle_foot,Out,DNP,2022_ThomMi05_4,14,1,Out,0
2022,NO,ThomMi05,Michael Thomas,WR,29.49760438056126,2022plus,7,4,1.6094379124341003,10,0,0,0.68,0,0,17.033333333333335,Foot / Toe,ankle_foot,Out,DNP,2022_ThomMi05_4,14,1,Out,0
2022,NO,ThomMi05,Michael Thomas,WR,29.49760438056126,2022plus,8,5,1.791759469228055,9,0,0,0.68,0,0,17.033333333333335,Foot / Toe,ankle_foot,Out,DNP,2022_ThomMi05_4,14,1,None,0
2022,NO,ThomMi05,Michael Thomas,WR,29.49760438056126,2022plus,9,6,1.9459101490553132,8,1,0,0.68,0,0,17.033333333333335,Foot / Toe,ankle_foot,None,DNP,2022_ThomMi05_4,14,1,Not listed,0
2022,NO,ThomMi05,Michael Thomas,WR,29.49760438056126,2022plus,10,7,2.0794415416798357,7,1,0,0.68,0,0,17.033333333333335,Foot / Toe,ankle_foot,Not listed,Not listed,2022_ThomMi05_4,14,1,Not listed,0
2022,NO,ThomMi05,Michael Thomas,WR,29.49760438056126,2022plus,11,8,2.1972245773362196,6,1,0,0.68,0,0,17.033333333333335,Foot / Toe,ankle_foot,Not listed,Not listed,2022_ThomMi05_4,14,1,Not listed,0
2022,NO,ThomMi05,Michael Thomas,WR,29.49760438056126,2022plus,12,9,2.302585092994046,5,1,0,0.68,0,0,17.033333333333335,Foot / Toe,ankle_foot,Not listed,Not listed,2022_ThomMi05_4,14,1,Not listed,0
2022,NO,ThomMi05,Michael Thomas,WR,29.49760438056126,2022plus,13,10,2.3978952727983707,4,1,0,0.68,0,0,17.033333333333335,Foot / Toe,ankle_foot,Not listed,Not listed,2022_ThomMi05_4,14,1,Not listed,0
2022,NO,ThomMi05,Michael Thomas,WR,29.49760438056126,2022plus,15,11,2.4849066497880004,3,1,0,0.68,0,0,17.033333333333335,Foot / Toe,ankle_foot,Not listed,Not listed,2022_ThomMi05_4,14,1,Not listed,0
2022,NO,ThomMi05,Michael Thomas,WR,29.49760438056126,2022plus,16,12,2.5649493574615367,2,1,0,0.68,0,0,17.033333333333335,Foot / Toe,ankle_foot,Not listed,Not listed,2022_ThomMi05_4,14,1,Not listed,0
2022,NO,ThomMi05,Michael Thomas,WR,29.49760438056126,2022plus,17,13,2.6390573296152584,1,1,0,0.68,0,0,17.033333333333335,Foot / Toe,ankle_foot,Not listed,Not listed,2022_ThomMi05_4,14,1,Not listed,0
2022,NO,ThomMi05,Michael Thomas,WR,29.49760438056126,2022plus,18,14,2.70805020110221,0,1,0,0.68,0,0,17.033333333333335,Foot / Toe,ankle_foot,Not listed,Not listed,2022_ThomMi05_4,14,1,No report,0
2022,NYJ,HallBr03,Breece Hall,RB,21.253935660506503,2022plus,8,1,0.6931471805599453,9,1,1,0.2,0,0,16.442857142857143,Unspecified (IR),unspecified,Not listed,Not listed,2022_HallBr03_8,10,1,Not listed,0
2022,NYJ,HallBr03,Breece Hall,RB,21.253935660506503,2022plus,9,2,1.0986122886681098,8,1,1,0.2,0,0,16.442857142857143,Unspecified (IR),unspecified,Not listed,Not listed,2022_HallBr03_8,10,1,Not listed,0
2022,NYJ,HallBr03,Breece Hall,RB,21.253935660506503,2022plus,11,3,1.3862943611198906,7,1,1,0.2,0,0,16.442857142857143,Unspecified (IR),unspecified,Not listed,Not listed,2022_HallBr03_8,10,1,Not listed,0
2022,NYJ,HallBr03,Breece Hall,RB,21.253935660506503,2022plus,12,4,1.6094379124341003,6,1,1,0.2,0,0,16.442857142857143,Unspecified (IR),unspecified,Not listed,Not listed,2022_HallBr03_8,10,1,Not listed,0
2022,NYJ,HallBr03,Breece Hall,RB,21.253935660506503,2022plus,13,5,1.791759469228055,5,1,1,0.2,0,0,16.442857142857143,Unspecified (IR),unspecified,Not listed,Not listed,2022_HallBr03_8,10,1,Not listed,0
2022,NYJ,HallBr03,Breece Hall,RB,21.253935660506503,2022plus,14,6,1.9459101490553132,4,1,1,0.2,0,0,16.442857142857143,Unspecified (IR),unspecified,Not listed,Not listed,2022_HallBr03_8,10,1,Not listed,0
2022,NYJ,HallBr03,Breece Hall,RB,21.253935660506503,2022plus,15,7,2.0794415416798357,3,1,1,0.2,0,0,16.442857142857143,Unspecified (IR),unspecified,Not listed,Not listed,2022_HallBr03_8,10,1,Not listed,0
2022,NYJ,HallBr03,Breece Hall,RB,21.253935660506503,2022plus,16,8,2.1972245773362196,2,1,1,0.2,0,0,16.442857142857143,Unspecified (IR),unspecified,Not listed,Not listed,2022_HallBr03_8,10,1,Not listed,0
2022,NYJ,HallBr03,Breece Hall,RB,21.253935660506503,2022plus,17,9,2.302585092994046,1,1,1,0.2,0,0,16.442857142857143,Unspecified (IR),unspecified,Not listed,Not listed,2022_HallBr03_8,10,1,Not listed,0
2022,NYJ,HallBr03,Breece Hall,RB,21.253935660506503,2022plus,18,10,2.3978952727983707,0,1,1,0.2,0,0,16.442857142857143,Unspecified (IR),unspecified,Not listed,Not listed,2022_HallBr03_8,10,1,No report,0
2022,NYJ,WhitMi01,Mike White,QB,27.43874058863792,2022plus,15,1,0.6931471805599453,3,0,0,0.91,0,0,17.66,Chest / Ribs,other,Out,DNP,2022_WhitMi01_15,2,0,Out,0
2022,NYJ,WhitMi01,Mike White,QB,27.43874058863792,2022plus,16,2,1.0986122886681098,2,0,0,0.91,0,0,17.66,Chest / Ribs,other,Out,Limited,2022_WhitMi01_15,2,0,None,1
2022,PHI,GoedDa00,Dallas Goedert,TE,27.66050650239562,2022plus,11,1,0.6931471805599453,7,1,0,1.0,0,0,12.600000000000001,Unspecified (IR),unspecified,Not listed,Not listed,2022_GoedDa00_11,5,0,No report,0
2022,PHI,GoedDa00,Dallas Goedert,TE,27.66050650239562,2022plus,12,2,1.0986122886681098,6,1,0,1.0,0,0,12.600000000000001,Unspecified (IR),unspecified,Not listed,Not listed,2022_GoedDa00_11,5,0,Not listed,0
2022,PHI,GoedDa00,Dallas Goedert,TE,27.66050650239562,2022plus,13,3,1.3862943611198906,5,1,0,1.0,0,0,12.600000000000001,Unspecified (IR),unspecified,Not listed,Not listed,2022_GoedDa00_11,5,0,Not listed,0
2022,PHI,GoedDa00,Dallas Goedert,TE,27.66050650239562,2022plus,14,4,1.6094379124341003,4,1,0,1.0,0,0,12.600000000000001,Unspecified (IR),unspecified,Not listed,Not listed,2022_GoedDa00_11,5,0,Not listed,0
2022,PHI,GoedDa00,Dallas Goedert,TE,27.66050650239562,2022plus,15,5,1.791759469228055,3,1,0,1.0,0,0,12.600000000000001,Unspecified (IR),unspecified,Not listed,Not listed,2022_GoedDa00_11,5,0,Not listed,1
2022,PHI,HurtJa00,Jalen Hurts,QB,24.0684462696783,2022plus,16,1,0.6931471805599453,2,0,0,1.0,2,0,26.398571428571426,Shoulder,other,Out,DNP,2022_HurtJa00_16,2,0,Doubtful,0
2022,PHI,HurtJa00,Jalen Hurts,QB,24.0684462696783,2022plus,17,2,1.0986122886681098,1,0,0,1.0,2,0,26.398571428571426,Shoulder,other,Doubtful,Limited,2022_HurtJa00_16,2,0,Questionable,1
2022,PIT,FreiPa00,Pat Freiermuth,TE,23.852156057494867,2022plus,6,1,0.6931471805599453,11,0,0,0.49,1,1,9.9,Head / Concussion,concussion,Out,Limited,2022_FreiPa00_6,1,0,None,1
2022,SEA,LockTy00,Tyler Lockett,WR,29.924709103353866,2022plus,16,1,0.6931471805599453,2,0,0,0.89,0,0,15.742857142857144,Hand / Wrist,other,Out,DNP,2022_LockTy00_16,1,0,Questionable,1
2022,SEA,WalkKe00,Kenneth Walker III,RB,21.864476386036962,2022plus,14,1,0.6931471805599453,4,0,1,0.21,0,0,13.590909090909092,Ankle,ankle_foot,Questionable,DNP,2022_WalkKe00_14,1,0,None,1
2022,SF,MitcEl00,Elijah Mitchell,RB,24.334017796030118,2022plus,2,1,0.6931471805599453,15,1,0,0.25,6,0,12.275,Unspecified (IR),unspecified,Not listed,Not listed,2022_MitcEl00_2,7,0,Not listed,0
2022,SF,MitcEl00,Elijah Mitchell,RB,24.334017796030118,2022plus,3,2,1.0986122886681098,14,1,0,0.25,6,0,12.275,Unspecified (IR),unspecified,Not listed,Not listed,2022_MitcEl00_2,7,0,Not listed,0
2022,SF,MitcEl00,Elijah Mitchell,RB,24.334017796030118,2022plus,4,3,1.3862943611198906,13,1,0,0.25,6,0,12.275,Unspecified (IR),unspecified,Not listed,Not listed,2022_MitcEl00_2,7,0,Not listed,0
2022,SF,MitcEl00,Elijah Mitchell,RB,24.334017796030118,2022plus,5,4,1.6094379124341003,12,1,0,0.25,6,0,12.275,Unspecified (IR),unspecified,Not listed,Not listed,2022_MitcEl00_2,7,0,Not listed,0
2022,SF,MitcEl00,Elijah Mitchell,RB,24.334017796030118,2022plus,6,5,1.791759469228055,11,1,0,0.25,6,0,12.275,Unspecified (IR),unspecified,Not listed,Not listed,2022_MitcEl00_2,7,0,Not listed,0
2022,SF,MitcEl00,Elijah Mitchell,RB,24.334017796030118,2022plus,7,6,1.9459101490553132,10,1,0,0.25,6,0,12.275,Unspecified (IR),unspecified,Not listed,Not listed,2022_MitcEl00_2,7,0,Not listed,0
2022,SF,MitcEl00,Elijah Mitchell,RB,24.334017796030118,2022plus,8,7,2.0794415416798357,9,1,0,0.25,6,0,12.275,Unspecified (IR),unspecified,Not listed,Not listed,2022_MitcEl00_2,7,0,Not listed,1
2022,SF,SamuDe00,Deebo Samuel,WR,26.628336755646817,2022plus,8,1,0.6931471805599453,9,0,0,0.86,1,1,14.357142857142858,Hamstring,soft_tissue,Out,DNP,2022_SamuDe00_8,1,0,None,1
2022,SF,SamuDe00,Deebo Samuel,WR,26.628336755646817,2022plus,15,1,0.6931471805599453,3,0,1,0.43,1,0,13.666666666666666,Ankle,ankle_foot,Out,DNP,2022_SamuDe00_15,3,0,Out,0
2022,SF,SamuDe00,Deebo Samuel,WR,26.628336755646817,2022plus,16,2,1.0986122886681098,2,0,1,0.43,1,0,13.666666666666666,Ankle,ankle_foot,Out,DNP,2022_SamuDe00_15,3,0,Out,0
2022,SF,SamuDe00,Deebo Samuel,WR,26.628336755646817,2022plus,17,3,1.3862943611198906,1,0,1,0.43,1,0,13.666666666666666,Ankle,ankle_foot,Out,Limited,2022_SamuDe00_15,3,0,None,1
2022,TB,FourLe00,Leonard Fournette,RB,27.619438740588638,2022plus,12,1,0.6931471805599453,6,0,1,0.29,3,0,15.469999999999999,Hip / Groin,soft_tissue,Doubtful,Limited,2022_FourLe00_12,1,0,Questionable,1
2022,TB,GodwCh00,Chris Godwin,WR,26.510609171800137,2022plus,2,1,0.6931471805599453,15,0,0,0.31,3,1,14.610714285714284,Hamstring,soft_tissue,Out,DNP,2022_GodwCh00_2,2,0,Out,0
2022,TB,GodwCh00,Chris Godwin,WR,26.510609171800137,2022plus,3,2,1.0986122886681098,14,0,0,0.31,3,1,14.610714285714284,Hamstring,soft_tissue,Out,DNP,2022_GodwCh00_2,2,0,Questionable,1
2022,TEN,HenrDe00,Derrick Henry,RB,28.657084188911703,2022plus,17,1,0.6931471805599453,1,0,0,0.74,9,0,19.264,Hip / Groin,soft_tissue,Doubtful,Limited,2022_HenrDe00_17,1,0,None,1
2022,TEN,HillDo00,Dontrell Hilliard,RB,27.512662559890487,2022plus,2,1,0.6931471805599453,15,0,0,0.18,0,0,12.290625,Hamstring,soft_tissue,Out,DNP,2022_HillDo00_2,1,0,None,1
2022,WAS,DotsJa00,Jahan Dotson,WR,22.444900752908968,2022plus,5,1,0.6931471805599453,12,0,0,0.59,0,0,13.05,Hamstring,soft_tissue,Out,DNP,2022_DotsJa00_5,5,0,Out,0
2022,WAS,DotsJa00,Jahan Dotson,WR,22.444900752908968,2022plus,6,2,1.0986122886681098,11,0,0,0.59,0,0,13.05,Hamstring,soft_tissue,Out,DNP,2022_DotsJa00_5,5,0,Questionable,0
2022,WAS,DotsJa00,Jahan Dotson,WR,22.444900752908968,2022plus,7,3,1.3862943611198906,10,0,0,0.59,0,0,13.05,Hamstring,soft_tissue,Questionable,DNP,2022_DotsJa00_5,5,0,Out,0
2022,WAS,DotsJa00,Jahan Dotson,WR,22.444900752908968,2022plus,8,4,1.6094379124341003,9,0,0,0.59,0,0,13.05,Hamstring,soft_tissue,Out,DNP,2022_DotsJa00_5,5,0,Out,0
2022,WAS,DotsJa00,Jahan Dotson,WR,22.444900752908968,2022plus,9,5,1.791759469228055,8,0,0,0.59,0,0,13.05,Hamstring,soft_tissue,Out,DNP,2022_DotsJa00_5,5,0,None,1
2022,WAS,GibsAn00,Antonio Gibson,RB,24.191649555099247,2022plus,17,1,0.6931471805599453,1,0,1,0.29,1,0,11.06,Knee,knee,Out,DNP,2022_GibsAn00_17,2,1,None,0
2022,WAS,GibsAn00,Antonio Gibson,RB,24.191649555099247,2022plus,18,2,1.0986122886681098,0,1,1,0.29,1,0,11.06,Knee,knee,None,DNP,2022_GibsAn00_17,2,1,No report,0
2023,ARI,ConnJa00,James Conner,RB,28.32580424366872,2022plus,6,1,0.6931471805599453,11,1,1,0.21,4,1,11.88,Knee,knee,Not listed,Not listed,2023_ConnJa00_6,4,0,Not listed,0
2023,ARI,ConnJa00,James Conner,RB,28.32580424366872,2022plus,7,2,1.0986122886681098,10,1,1,0.21,4,1,11.88,Knee,knee,Not listed,Not listed,2023_ConnJa00_6,4,0,Not listed,0
2023,ARI,ConnJa00,James Conner,RB,28.32580424366872,2022plus,8,3,1.3862943611198906,9,1,1,0.21,4,1,11.88,Knee,knee,Not listed,Not listed,2023_ConnJa00_6,4,0,Not listed,0
2023,ARI,ConnJa00,James Conner,RB,28.32580424366872,2022plus,9,4,1.6094379124341003,8,1,1,0.21,4,1,11.88,Knee,knee,Not listed,Not listed,2023_ConnJa00_6,4,0,Questionable,1
2023,BAL,AndrMa00,Mark Andrews,TE,27.98631074606434,2022plus,12,1,0.6931471805599453,5,1,1,0.11,1,0,13.540000000000001,Ankle,ankle_foot,Out,DNP,2023_AndrMa00_12,6,1,Not listed,0
2023,BAL,AndrMa00,Mark Andrews,TE,27.98631074606434,2022plus,14,2,1.0986122886681098,4,1,1,0.11,1,0,13.540000000000001,Ankle,ankle_foot,Not listed,Not listed,2023_AndrMa00_12,6,1,Not listed,0
2023,BAL,AndrMa00,Mark Andrews,TE,27.98631074606434,2022plus,15,3,1.3862943611198906,3,1,1,0.11,1,0,13.540000000000001,Ankle,ankle_foot,Not listed,Not listed,2023_AndrMa00_12,6,1,Not listed,0
2023,BAL,AndrMa00,Mark Andrews,TE,27.98631074606434,2022plus,16,4,1.6094379124341003,2,1,1,0.11,1,0,13.540000000000001,Ankle,ankle_foot,Not listed,Not listed,2023_AndrMa00_12,6,1,Not listed,0
2023,BAL,AndrMa00,Mark Andrews,TE,27.98631074606434,2022plus,17,5,1.791759469228055,1,1,1,0.11,1,0,13.540000000000001,Ankle,ankle_foot,Not listed,Not listed,2023_AndrMa00_12,6,1,Not listed,0
2023,BAL,AndrMa00,Mark Andrews,TE,27.98631074606434,2022plus,18,6,1.9459101490553132,0,1,1,0.11,1,0,13.540000000000001,Ankle,ankle_foot,Not listed,Not listed,2023_AndrMa00_12,6,1,No report,0
2023,BAL,FlowZa00,Zay Flowers,WR,22.97056810403833,2022plus,18,1,0.6931471805599453,0,0,0,0.56,0,0,12.9,Lower Leg,soft_tissue,Doubtful,DNP,2023_FlowZa00_18,1,1,No report,0
2023,CIN,ChasJa00,Ja'Marr Chase,WR,23.50171115674196,2022plus,16,1,0.6931471805599453,2,0,0,0.71,4,0,17.837142857142858,Shoulder,other,Out,DNP,2023_ChasJa00_16,1,0,Questionable,1
2023,CLE,ChubNi00,Nick Chubb,RB,27.679671457905545,2022plus,3,1,0.6931471805599453,14,1,1,0.21,0,0,14.051470588235293,Unspecified (IR),unspecified,Not listed,Not listed,2023_ChubNi00_3,15,1,Not listed,0
2023,CLE,ChubNi00,Nick Chubb,RB,27.679671457905545,2022plus,4,2,1.0986122886681098,13,1,1,0.21,0,0,14.051470588235293,Unspecified (IR),unspecified,Not listed,Not listed,2023_ChubNi00_3,15,1,Not listed,0
2023,CLE,ChubNi00,Nick Chubb,RB,27.679671457905545,2022plus,6,3,1.3862943611198906,12,1,1,0.21,0,0,14.051470588235293,Unspecified (IR),unspecified,Not listed,Not listed,2023_ChubNi00_3,15,1,Not listed,0
2023,CLE,ChubNi00,Nick Chubb,RB,27.679671457905545,2022plus,7,4,1.6094379124341003,11,1,1,0.21,0,0,14.051470588235293,Unspecified (IR),unspecified,Not listed,Not listed,2023_ChubNi00_3,15,1,Not listed,0
2023,CLE,ChubNi00,Nick Chubb,RB,27.679671457905545,2022plus,8,5,1.791759469228055,10,1,1,0.21,0,0,14.051470588235293,Unspecified (IR),unspecified,Not listed,Not listed,2023_ChubNi00_3,15,1,Not listed,0
2023,CLE,ChubNi00,Nick Chubb,RB,27.679671457905545,2022plus,9,6,1.9459101490553132,9,1,1,0.21,0,0,14.051470588235293,Unspecified (IR),unspecified,Not listed,Not listed,2023_ChubNi00_3,15,1,Not listed,0
2023,CLE,ChubNi00,Nick Chubb,RB,27.679671457905545,2022plus,10,7,2.0794415416798357,8,1,1,0.21,0,0,14.051470588235293,Unspecified (IR),unspecified,Not listed,Not listed,2023_ChubNi00_3,15,1,Not listed,0
2023,CLE,ChubNi00,Nick Chubb,RB,27.679671457905545,2022plus,11,8,2.1972245773362196,7,1,1,0.21,0,0,14.051470588235293,Unspecified (IR),unspecified,Not listed,Not listed,2023_ChubNi00_3,15,1,Not listed,0
2023,CLE,ChubNi00,Nick Chubb,RB,27.679671457905545,2022plus,12,9,2.302585092994046,6,1,1,0.21,0,0,14.051470588235293,Unspecified (IR),unspecified,Not listed,Not listed,2023_ChubNi00_3,15,1,Not listed,0
2023,CLE,ChubNi00,Nick Chubb,RB,27.679671457905545,2022plus,13,10,2.3978952727983707,5,1,1,0.21,0,0,14.051470588235293,Unspecified (IR),unspecified,Not listed,Not listed,2023_ChubNi00_3,15,1,Not listed,0
2023,CLE,ChubNi00,Nick Chubb,RB,27.679671457905545,2022plus,14,11,2.4849066497880004,4,1,1,0.21,0,0,14.051470588235293,Unspecified (IR),unspecified,Not listed,Not listed,2023_ChubNi00_3,15,1,Not listed,0
2023,CLE,ChubNi00,Nick Chubb,RB,27.679671457905545,2022plus,15,12,2.5649493574615367,3,1,1,0.21,0,0,14.051470588235293,Unspecified (IR),unspecified,Not listed,Not listed,2023_ChubNi00_3,15,1,Not listed,0
2023,CLE,ChubNi00,Nick Chubb,RB,27.679671457905545,2022plus,16,13,2.6390573296152584,2,1,1,0.21,0,0,14.051470588235293,Unspecified (IR),unspecified,Not listed,Not listed,2023_ChubNi00_3,15,1,Not listed,0
2023,CLE,ChubNi00,Nick Chubb,RB,27.679671457905545,2022plus,17,14,2.70805020110221,1,1,1,0.21,0,0,14.051470588235293,Unspecified (IR),unspecified,Not listed,Not listed,2023_ChubNi00_3,15,1,Not listed,0
2023,CLE,ChubNi00,Nick Chubb,RB,27.679671457905545,2022plus,18,15,2.772588722239781,0,1,1,0.21,0,0,14.051470588235293,Unspecified (IR),unspecified,Not listed,Not listed,2023_ChubNi00_3,15,1,No report,0
2023,CLE,FlacJo00,Joe Flacco,QB,38.62286105407255,2022plus,18,1,0.6931471805599453,0,0,0,1.0,0,0,20.168,Lower Leg,soft_tissue,None,Full,2023_FlacJo00_18,1,1,No report,0
2023,DEN,SuttCo00,Courtland Sutton,WR,27.89322381930185,2022plus,17,1,0.6931471805599453,1,0,1,0.13,2,0,12.6,Head / Concussion,concussion,Out,DNP,2023_SuttCo00_17,1,0,None,1
2023,DET,MontDa01,David Montgomery,RB,26.234086242299796,2022plus,3,1,0.6931471805599453,14,0,1,0.45,1,0,12.003125,Quad / Thigh,soft_tissue,Doubtful,DNP,2023_MontDa01_3,1,0,Questionable,1
2023,DET,MontDa01,David Montgomery,RB,26.234086242299796,2022plus,7,1,0.6931471805599453,10,0,1,0.26,1,0,17.02,Chest / Ribs,other,Out,DNP,2023_MontDa01_7,2,0,Out,0
2023,DET,MontDa01,David Montgomery,RB,26.234086242299796,2022plus,8,2,1.0986122886681098,9,0,1,0.26,1,0,17.02,Chest / Ribs,other,Out,DNP,2023_MontDa01_7,2,0,None,1
2023,DET,StxxAm00,Amon-Ra St. Brown,WR,23.854893908281998,2022plus,5,1,0.6931471805599453,12,0,0,0.88,1,0,17.375,Core / Abdomen,other,Doubtful,DNP,2023_StxxAm00_5,1,0,None,1
2023,GB,JoneAa00,Aaron Jones,RB,28.747433264887064,2022plus,2,1,0.6931471805599453,15,0,0,0.47,0,0,17.64264705882353,Hamstring,soft_tissue,Questionable,DNP,2023_JoneAa00_2,2,0,Questionable,0
2023,GB,JoneAa00,Aaron Jones,RB,28.747433264887064,2022plus,3,2,1.0986122886681098,14,0,0,0.47,0,0,17.64264705882353,Hamstring,soft_tissue,Questionable,Limited,2023_JoneAa00_2,2,0,Questionable,1
2023,GB,JoneAa00,Aaron Jones,RB,28.747433264887064,2022plus,5,1,0.6931471805599453,12,0,0,0.35,0,1,14.586764705882354,Hamstring,soft_tissue,Questionable,Limited,2023_JoneAa00_5,1,0,Questionable,1
2023,GB,ReedJa03,Jayden Reed,WR,23.342915811088297,2022plus,16,1,0.6931471805599453,2,0,0,0.42,0,0,12.507142857142856,Foot / Toe,ankle_foot,Questionable,DNP,2023_ReedJa03_16,1,0,None,1
2023,HOU,BrowNo00,Noah Brown,WR,27.652292950034223,2022plus,11,1,0.6931471805599453,7,0,0,0.75,1,0,14.16,Knee,knee,Questionable,DNP,2023_BrowNo00_11,2,0,Out,0
2023,HOU,BrowNo00,Noah Brown,WR,27.652292950034223,2022plus,12,2,1.0986122886681098,6,0,0,0.75,1,0,14.16,Knee,knee,Out,DNP,2023_BrowNo00_11,2,0,Questionable,1
2023,HOU,CollNi00,Nico Collins,WR,24.45448323066393,2022plus,10,1,0.6931471805599453,8,0,0,0.79,7,0,15.3875,Lower Leg,soft_tissue,Out,DNP,2023_CollNi00_10,1,0,None,1
2023,HOU,CollNi00,Nico Collins,WR,24.45448323066393,2022plus,15,1,0.6931471805599453,3,0,1,0.05,7,1,16.366666666666667,Lower Leg,soft_tissue,Questionable,DNP,2023_CollNi00_15,1,0,Questionable,1
2023,HOU,DellNa00,Tank Dell,WR,23.84120465434634,2022plus,6,1,0.6931471805599453,11,0,1,0.36,0,0,12.86,Head / Concussion,concussion,Questionable,Limited,2023_DellNa00_6,1,0,None,1
2023,HOU,DellNa00,Tank Dell,WR,23.84120465434634,2022plus,14,1,0.6931471805599453,4,1,1,0.13,0,0,16.5,Lower Leg,soft_tissue,Not listed,Not listed,2023_DellNa00_14,5,1,Not listed,0
2023,HOU,DellNa00,Tank Dell,WR,23.84120465434634,2022plus,15,2,1.0986122886681098,3,1,1,0.13,0,0,16.5,Lower Leg,soft_tissue,Not listed,Not listed,2023_DellNa00_14,5,1,Not listed,0
2023,HOU,DellNa00,Tank Dell,WR,23.84120465434634,2022plus,16,3,1.3862943611198906,2,1,1,0.13,0,0,16.5,Lower Leg,soft_tissue,Not listed,Not listed,2023_DellNa00_14,5,1,Not listed,0
2023,HOU,DellNa00,Tank Dell,WR,23.84120465434634,2022plus,17,4,1.6094379124341003,1,1,1,0.13,0,0,16.5,Lower Leg,soft_tissue,Not listed,Not listed,2023_DellNa00_14,5,1,Not listed,0
2023,HOU,DellNa00,Tank Dell,WR,23.84120465434634,2022plus,18,5,1.791759469228055,0,1,1,0.13,0,0,16.5,Lower Leg,soft_tissue,Not listed,Not listed,2023_DellNa00_14,5,1,No report,0
2023,HOU,SchuDa00,Dalton Schultz,TE,27.140314852840522,2022plus,13,1,0.6931471805599453,5,0,1,0.48,2,0,10.318181818181818,Hamstring,soft_tissue,Out,DNP,2023_SchuDa00_13,2,0,Out,0
2023,HOU,SchuDa00,Dalton Schultz,TE,27.140314852840522,2022plus,14,2,1.0986122886681098,4,0,1,0.48,2,0,10.318181818181818,Hamstring,soft_tissue,Out,DNP,2023_SchuDa00_13,2,0,None,1
2023,HOU,StroCJ00,C.J. Stroud,QB,21.911019849418206,2022plus,15,1,0.6931471805599453,3,0,0,0.86,0,0,18.656923076923075,Head / Concussion,concussion,Doubtful,DNP,2023_StroCJ00_15,2,0,Out,0
2023,HOU,StroCJ00,C.J. Stroud,QB,21.911019849418206,2022plus,16,2,1.0986122886681098,2,0,0,0.86,0,0,18.656923076923075,Head / Concussion,concussion,Out,DNP,2023_StroCJ00_15,2,0,None,1
2023,IND,MossZa00,Zack Moss,RB,25.711156741957563,2022plus,16,1,0.6931471805599453,2,0,1,0.28,0,0,12.815384615384614,Arm / Elbow,other,Questionable,DNP,2023_MossZa00_16,2,0,Out,0
2023,IND,MossZa00,Zack Moss,RB,25.711156741957563,2022plus,17,2,1.0986122886681098,1,0,1,0.28,0,0,12.815384615384614,Arm / Elbow,other,Out,DNP,2023_MossZa00_16,2,0,Questionable,1
2023,IND,PittMi01,Michael Pittman Jr.,WR,25.905544147843944,2022plus,16,1,0.6931471805599453,2,0,1,0.31,1,0,16.65714285714286,Shoulder,other,Questionable,Limited,2023_PittMi01_16,1,0,Questionable,1
2023,IND,RichAn03,Anthony Richardson,QB,21.27857631759069,2022plus,3,1,0.6931471805599453,14,0,1,0.32,0,0,19.330000000000002,Head / Concussion,concussion,Out,DNP,2023_RichAn03_3,1,0,None,1
2023,IND,TaylJo02,Jonathan Taylor,RB,24.61601642710472,2022plus,13,1,0.6931471805599453,5,0,0,0.58,6,0,14.442857142857141,Hand / Wrist,other,Out,DNP,2023_TaylJo02_13,3,0,Out,0
2023,IND,TaylJo02,Jonathan Taylor,RB,24.61601642710472,2022plus,14,2,1.0986122886681098,4,0,0,0.58,6,0,14.442857142857141,Hand / Wrist,other,Out,DNP,2023_TaylJo02_13,3,0,Out,0
2023,IND,TaylJo02,Jonathan Taylor,RB,24.61601642710472,2022plus,15,3,1.3862943611198906,3,0,0,0.58,6,0,14.442857142857141,Hand / Wrist,other,Out,DNP,2023_TaylJo02_13,3,0,None,1
2023,JAX,KirkCh01,Christian Kirk,WR,26.784394250513348,2022plus,14,1,0.6931471805599453,4,1,1,0.01,0,0,12.521666666666667,Hip / Groin,soft_tissue,None,DNP,2023_KirkCh01_14,5,1,Not listed,0
2023,JAX,KirkCh01,Christian Kirk,WR,26.784394250513348,2022plus,15,2,1.0986122886681098,3,1,1,0.01,0,0,12.521666666666667,Hip / Groin,soft_tissue,Not listed,Not listed,2023_KirkCh01_14,5,1,Not listed,0
2023,JAX,KirkCh01,Christian Kirk,WR,26.784394250513348,2022plus,16,3,1.3862943611198906,2,1,1,0.01,0,0,12.521666666666667,Hip / Groin,soft_tissue,Not listed,Not listed,2023_KirkCh01_14,5,1,Not listed,0
2023,JAX,KirkCh01,Christian Kirk,WR,26.784394250513348,2022plus,17,4,1.6094379124341003,1,1,1,0.01,0,0,12.521666666666667,Hip / Groin,soft_tissue,Not listed,Not listed,2023_KirkCh01_14,5,1,Questionable,0
2023,JAX,KirkCh01,Christian Kirk,WR,26.784394250513348,2022plus,18,5,1.791759469228055,0,0,1,0.01,0,0,12.521666666666667,Hip / Groin,soft_tissue,Questionable,Limited,2023_KirkCh01_14,5,1,No report,0
2023,KC,KelcTr00,Travis Kelce,TE,33.90554414784394,2022plus,18,1,0.6931471805599453,0,0,0,0.81,0,0,14.626666666666667,Neck,other,None,Limited,2023_KelcTr00_18,1,1,No report,0
2023,KC,PachIs00,Isiah Pacheco,RB,24.501026694045173,2022plus,14,1,0.6931471805599453,4,0,0,0.7,0,0,14.483333333333334,Shoulder,other,Out,DNP,2023_PachIs00_14,2,0,Out,0
2023,KC,PachIs00,Isiah Pacheco,RB,24.501026694045173,2022plus,15,2,1.0986122886681098,3,0,0,0.7,0,0,14.483333333333334,Shoulder,other,Out,DNP,2023_PachIs00_14,2,0,None,1
2023,KC,PachIs00,Isiah Pacheco,RB,24.501026694045173,2022plus,18,1,0.6931471805599453,0,0,0,0.93,0,0,15.278571428571428,Quad / Thigh,soft_tissue,Questionable,Limited,2023_PachIs00_18,1,1,No report,0
2023,KC,RiceRa01,Rashee Rice,WR,23.359342915811087,2022plus,18,1,0.6931471805599453,0,0,0,0.78,0,0,13.28125,Hamstring,soft_tissue,Out,DNP,2023_RiceRa01_18,1,1,No report,0
2023,LA,WillKy02,Kyren Williams,RB,23.014373716632445,2022plus,7,1,0.6931471805599453,10,1,0,0.82,7,0,18.516666666666666,Ankle,ankle_foot,Out,DNP,2023_WillKy02_7,4,0,Not listed,0
2023,LA,WillKy02,Kyren Williams,RB,23.014373716632445,2022plus,8,2,1.0986122886681098,9,1,0,0.82,7,0,18.516666666666666,Ankle,ankle_foot,Not listed,Not listed,2023_WillKy02_7,4,0,Not listed,0
2023,LA,WillKy02,Kyren Williams,RB,23.014373716632445,2022plus,9,3,1.3862943611198906,8,1,0,0.82,7,0,18.516666666666666,Ankle,ankle_foot,Not listed,Not listed,2023_WillKy02_7,4,0,Not listed,0
2023,LA,WillKy02,Kyren Williams,RB,23.014373716632445,2022plus,11,4,1.6094379124341003,7,1,0,0.82,7,0,18.516666666666666,Ankle,ankle_foot,Not listed,Not listed,2023_WillKy02_7,4,0,None,1
2023,LAC,AlleKe00,Keenan Allen,WR,31.345653661875428,2022plus,15,1,0.6931471805599453,3,0,0,0.96,7,0,21.450769230769232,Foot / Toe,ankle_foot,Out,DNP,2023_AlleKe00_15,4,1,Out,0
2023,LAC,AlleKe00,Keenan Allen,WR,31.345653661875428,2022plus,16,2,1.0986122886681098,2,0,0,0.96,7,0,21.450769230769232,Foot / Toe,ankle_foot,Out,DNP,2023_AlleKe00_15,4,1,Out,0
2023,LAC,AlleKe00,Keenan Allen,WR,31.345653661875428,2022plus,17,3,1.3862943611198906,1,0,0,0.96,7,0,21.450769230769232,Foot / Toe,ankle_foot,Out,DNP,2023_AlleKe00_15,4,1,Out,0
2023,LAC,AlleKe00,Keenan Allen,WR,31.345653661875428,2022plus,18,4,1.6094379124341003,0,0,0,0.96,7,0,21.450769230769232,Foot / Toe,ankle_foot,Out,DNP,2023_AlleKe00_15,4,1,No report,0
2023,LAC,EkelAu00,Austin Ekeler,RB,28.292950034223136,2022plus,2,1,0.6931471805599453,15,0,0,0.51,0,0,23.04264705882353,Ankle,ankle_foot,Doubtful,DNP,2023_EkelAu00_2,3,0,Out,0
2023,LAC,EkelAu00,Austin Ekeler,RB,28.292950034223136,2022plus,3,2,1.0986122886681098,14,0,0,0.51,0,0,23.04264705882353,Ankle,ankle_foot,Out,DNP,2023_EkelAu00_2,3,0,Doubtful,0
2023,LAC,EkelAu00,Austin Ekeler,RB,28.292950034223136,2022plus,4,3,1.3862943611198906,13,0,0,0.51,0,0,23.04264705882353,Ankle,ankle_foot,Doubtful,Limited,2023_EkelAu00_2,3,0,None,1
2023,LAC,WillMi07,Mike Williams,WR,28.908966461327857,2022plus,4,1,0.6931471805599453,13,1,0,0.67,4,1,15.94423076923077,Ankle,ankle_foot,Not listed,Not listed,2023_WillMi07_4,14,1,Not listed,0
2023,LAC,WillMi07,Mike Williams,WR,28.908966461327857,2022plus,6,2,1.0986122886681098,12,1,0,0.67,4,1,15.94423076923077,Ankle,ankle_foot,Not listed,Not listed,2023_WillMi07_4,14,1,Not listed,0
2023,LAC,WillMi07,Mike Williams,WR,28.908966461327857,2022plus,7,3,1.3862943611198906,11,1,0,0.67,4,1,15.94423076923077,Ankle,ankle_foot,Not listed,Not listed,2023_WillMi07_4,14,1,Not listed,0
2023,LAC,WillMi07,Mike Williams,WR,28.908966461327857,2022plus,8,4,1.6094379124341003,10,1,0,0.67,4,1,15.94423076923077,Ankle,ankle_foot,Not listed,Not listed,2023_WillMi07_4,14,1,Not listed,0
2023,LAC,WillMi07,Mike Williams,WR,28.908966461327857,2022plus,9,5,1.791759469228055,9,1,0,0.67,4,1,15.94423076923077,Ankle,ankle_foot,Not listed,Not listed,2023_WillMi07_4,14,1,No report,0
2023,LAC,WillMi07,Mike Williams,WR,28.908966461327857,2022plus,10,6,1.9459101490553132,8,1,0,0.67,4,1,15.94423076923077,Ankle,ankle_foot,Not listed,Not listed,2023_WillMi07_4,14,1,Not listed,0
2023,LAC,WillMi07,Mike Williams,WR,28.908966461327857,2022plus,11,7,2.0794415416798357,7,1,0,0.67,4,1,15.94423076923077,Ankle,ankle_foot,Not listed,Not listed,2023_WillMi07_4,14,1,Not listed,0
2023,LAC,WillMi07,Mike Williams,WR,28.908966461327857,2022plus,12,8,2.1972245773362196,6,1,0,0.67,4,1,15.94423076923077,Ankle,ankle_foot,Not listed,Not listed,2023_WillMi07_4,14,1,Not listed,0
2023,LAC,WillMi07,Mike Williams,WR,28.908966461327857,2022plus,13,9,2.302585092994046,5,1,0,0.67,4,1,15.94423076923077,Ankle,ankle_foot,Not listed,Not listed,2023_WillMi07_4,14,1,Not listed,0
2023,LAC,WillMi07,Mike Williams,WR,28.908966461327857,2022plus,14,10,2.3978952727983707,4,1,0,0.67,4,1,15.94423076923077,Ankle,ankle_foot,Not listed,Not listed,2023_WillMi07_4,14,1,Not listed,0
2023,LAC,WillMi07,Mike Williams,WR,28.908966461327857,2022plus,15,11,2.4849066497880004,3,1,0,0.67,4,1,15.94423076923077,Ankle,ankle_foot,Not listed,Not listed,2023_WillMi07_4,14,1,Not listed,0
2023,LAC,WillMi07,Mike Williams,WR,28.908966461327857,2022plus,16,12,2.5649493574615367,2,1,0,0.67,4,1,15.94423076923077,Ankle,ankle_foot,Not listed,Not listed,2023_WillMi07_4,14,1,Not listed,0
2023,LAC,WillMi07,Mike Williams,WR,28.908966461327857,2022plus,17,13,2.6390573296152584,1,1,0,0.67,4,1,15.94423076923077,Ankle,ankle_foot,Not listed,Not listed,2023_WillMi07_4,14,1,Not listed,0
2023,LAC,WillMi07,Mike Williams,WR,28.908966461327857,2022plus,18,14,2.70805020110221,0,1,0,0.67,4,1,15.94423076923077,Ankle,ankle_foot,Not listed,Not listed,2023_WillMi07_4,14,1,No report,0
2023,LV,JacoJo01,Josh Jacobs,RB,25.5523613963039,2022plus,15,1,0.6931471805599453,3,0,0,0.63,0,0,13.930769230769231,Quad / Thigh,soft_tissue,Questionable,DNP,2023_JacoJo01_15,4,1,Questionable,0
2023,LV,JacoJo01,Josh Jacobs,RB,25.5523613963039,2022plus,16,2,1.0986122886681098,2,0,0,0.63,0,0,13.930769230769231,Quad / Thigh,soft_tissue,Questionable,DNP,2023_JacoJo01_15,4,1,Doubtful,0
2023,LV,JacoJo01,Josh Jacobs,RB,25.5523613963039,2022plus,17,3,1.3862943611198906,1,0,0,0.63,0,0,13.930769230769231,Quad / Thigh,soft_tissue,Doubtful,DNP,2023_JacoJo01_15,4,1,Out,0
2023,LV,JacoJo01,Josh Jacobs,RB,25.5523613963039,2022plus,18,4,1.6094379124341003,0,0,0,0.63,0,0,13.930769230769231,Quad / Thigh,soft_tissue,Out,DNP,2023_JacoJo01_15,4,1,No report,0
2023,LV,MeyeJa01,Jakobi Meyers,WR,26.809034907597535,2022plus,2,1,0.6931471805599453,15,0,0,0.8,3,1,17.041071428571428,Head / Concussion,concussion,Out,DNP,2023_MeyeJa01_2,1,0,None,1
2023,MIA,AchaDe00,De'Von Achane,RB,21.883641341546884,2022plus,6,1,0.6931471805599453,11,1,0,0.48,0,0,25.424999999999997,Knee,knee,Not listed,Not listed,2023_AchaDe00_6,4,0,Not listed,0
2023,MIA,AchaDe00,De'Von Achane,RB,21.883641341546884,2022plus,7,2,1.0986122886681098,10,1,0,0.48,0,0,25.424999999999997,Knee,knee,Not listed,Not listed,2023_AchaDe00_6,4,0,Not listed,0
2023,MIA,AchaDe00,De'Von Achane,RB,21.883641341546884,2022plus,8,3,1.3862943611198906,9,1,0,0.48,0,0,25.424999999999997,Knee,knee,Not listed,Not listed,2023_AchaDe00_6,4,0,Not listed,0
2023,MIA,AchaDe00,De'Von Achane,RB,21.883641341546884,2022plus,9,4,1.6094379124341003,8,1,0,0.48,0,0,25.424999999999997,Knee,knee,Not listed,Not listed,2023_AchaDe00_6,4,0,Questionable,1
2023,MIA,AchaDe00,De'Von Achane,RB,21.883641341546884,2022plus,12,1,0.6931471805599453,6,0,1,0.04,0,1,20.639999999999997,Knee,knee,Questionable,Limited,2023_AchaDe00_12,1,0,None,1
2023,MIA,HillTy00,Tyreek Hill,WR,29.503080082135522,2022plus,15,1,0.6931471805599453,3,0,0,0.47,0,0,24.823076923076922,Ankle,ankle_foot,Questionable,DNP,2023_HillTy00_15,1,0,Questionable,1
2023,MIA,MostRa00,Raheem Mostert,RB,31.394934976043807,2022plus,17,1,0.6931471805599453,1,0,1,0.29,1,1,17.846666666666668,Knee,knee,Questionable,Limited,2023_MostRa00_17,2,1,Questionable,0
2023,MIA,MostRa00,Raheem Mostert,RB,31.394934976043807,2022plus,18,2,1.0986122886681098,0,0,1,0.29,1,1,17.846666666666668,Knee,knee,Questionable,Limited,2023_MostRa00_17,2,1,No report,0
2023,MIA,WaddJa00,Jaylen Waddle,WR,24.76659822039699,2022plus,3,1,0.6931471805599453,14,0,0,0.73,0,0,13.673529411764706,Head / Concussion,concussion,Questionable,Limited,2023_WaddJa00_3,1,0,None,1
2023,MIA,WaddJa00,Jaylen Waddle,WR,24.76659822039699,2022plus,17,1,0.6931471805599453,1,0,0,0.43,0,0,14.185714285714287,Ankle,ankle_foot,Out,DNP,2023_WaddJa00_17,2,1,Questionable,0
2023,MIA,WaddJa00,Jaylen Waddle,WR,24.76659822039699,2022plus,18,2,1.0986122886681098,0,0,0,0.43,0,0,14.185714285714287,Ankle,ankle_foot,Questionable,Limited,2023_WaddJa00_17,2,1,No report,0
2023,MIN,CousKi00,Kirk Cousins,QB,35.03353867214237,2022plus,9,1,0.6931471805599453,8,1,0,0.85,0,0,18.7175,Unspecified (IR),unspecified,Not listed,Not listed,2023_CousKi00_9,9,1,Not listed,0
2023,MIN,CousKi00,Kirk Cousins,QB,35.03353867214237,2022plus,10,2,1.0986122886681098,7,1,0,0.85,0,0,18.7175,Unspecified (IR),unspecified,Not listed,Not listed,2023_CousKi00_9,9,1,Not listed,0
2023,MIN,CousKi00,Kirk Cousins,QB,35.03353867214237,2022plus,11,3,1.3862943611198906,6,1,0,0.85,0,0,18.7175,Unspecified (IR),unspecified,Not listed,Not listed,2023_CousKi00_9,9,1,Not listed,0
2023,MIN,CousKi00,Kirk Cousins,QB,35.03353867214237,2022plus,12,4,1.6094379124341003,5,1,0,0.85,0,0,18.7175,Unspecified (IR),unspecified,Not listed,Not listed,2023_CousKi00_9,9,1,Not listed,0
2023,MIN,CousKi00,Kirk Cousins,QB,35.03353867214237,2022plus,14,5,1.791759469228055,4,1,0,0.85,0,0,18.7175,Unspecified (IR),unspecified,Not listed,Not listed,2023_CousKi00_9,9,1,Not listed,0
2023,MIN,CousKi00,Kirk Cousins,QB,35.03353867214237,2022plus,15,6,1.9459101490553132,3,1,0,0.85,0,0,18.7175,Unspecified (IR),unspecified,Not listed,Not listed,2023_CousKi00_9,9,1,Not listed,0
2023,MIN,CousKi00,Kirk Cousins,QB,35.03353867214237,2022plus,16,7,2.0794415416798357,2,1,0,0.85,0,0,18.7175,Unspecified (IR),unspecified,Not listed,Not listed,2023_CousKi00_9,9,1,Not listed,0
2023,MIN,CousKi00,Kirk Cousins,QB,35.03353867214237,2022plus,17,8,2.1972245773362196,1,1,0,0.85,0,0,18.7175,Unspecified (IR),unspecified,Not listed,Not listed,2023_CousKi00_9,9,1,Not listed,0
2023,MIN,CousKi00,Kirk Cousins,QB,35.03353867214237,2022plus,18,9,2.302585092994046,0,1,0,0.85,0,0,18.7175,Unspecified (IR),unspecified,Not listed,Not listed,2023_CousKi00_9,9,1,No report,0
2023,MIN,HockTJ00,T.J. Hockenson,TE,26.16290212183436,2022plus,17,1,0.6931471805599453,1,1,1,0.44,0,0,14.6,Unspecified (IR),unspecified,Not listed,Not listed,2023_HockTJ00_17,2,1,Not listed,0
2023,MIN,HockTJ00,T.J. Hockenson,TE,26.16290212183436,2022plus,18,2,1.0986122886681098,0,1,1,0.44,0,0,14.6,Unspecified (IR),unspecified,Not listed,Not listed,2023_HockTJ00_17,2,1,No report,0
2023,MIN,JeffJu00,Justin Jefferson,WR,24.210814510609172,2022plus,6,1,0.6931471805599453,11,1,0,0.71,0,0,21.82,Hamstring,soft_tissue,Not listed,Not listed,2023_JeffJu00_6,7,0,Not listed,0
2023,MIN,JeffJu00,Justin Jefferson,WR,24.210814510609172,2022plus,7,2,1.0986122886681098,10,1,0,0.71,0,0,21.82,Hamstring,soft_tissue,Not listed,Not listed,2023_JeffJu00_6,7,0,Not listed,0
2023,MIN,JeffJu00,Justin Jefferson,WR,24.210814510609172,2022plus,8,3,1.3862943611198906,9,1,0,0.71,0,0,21.82,Hamstring,soft_tissue,Not listed,Not listed,2023_JeffJu00_6,7,0,Not listed,0
2023,MIN,JeffJu00,Justin Jefferson,WR,24.210814510609172,2022plus,9,4,1.6094379124341003,8,1,0,0.71,0,0,21.82,Hamstring,soft_tissue,Not listed,Not listed,2023_JeffJu00_6,7,0,Questionable,0
2023,MIN,JeffJu00,Justin Jefferson,WR,24.210814510609172,2022plus,10,5,1.791759469228055,7,1,0,0.71,0,0,21.82,Hamstring,soft_tissue,Questionable,Limited,2023_JeffJu00_6,7,0,Questionable,0
2023,MIN,JeffJu00,Justin Jefferson,WR,24.210814510609172,2022plus,11,6,1.9459101490553132,6,1,0,0.71,0,0,21.82,Hamstring,soft_tissue,Questionable,Limited,2023_JeffJu00_6,7,0,Questionable,0
2023,MIN,JeffJu00,Justin Jefferson,WR,24.210814510609172,2022plus,12,7,2.0794415416798357,5,1,0,0.71,0,0,21.82,Hamstring,soft_tissue,Questionable,Limited,2023_JeffJu00_6,7,0,None,1
2023,NE,BourKe00,Kendrick Bourne,WR,28.076659822039698,2022plus,9,1,0.6931471805599453,8,1,0,0.6,1,0,12.5,Unspecified (IR),unspecified,Not listed,Not listed,2023_BourKe00_9,9,1,Not listed,0
2023,NE,BourKe00,Kendrick Bourne,WR,28.076659822039698,2022plus,10,2,1.0986122886681098,7,1,0,0.6,1,0,12.5,Unspecified (IR),unspecified,Not listed,Not listed,2023_BourKe00_9,9,1,Not listed,0
2023,NE,BourKe00,Kendrick Bourne,WR,28.076659822039698,2022plus,12,3,1.3862943611198906,6,1,0,0.6,1,0,12.5,Unspecified (IR),unspecified,Not listed,Not listed,2023_BourKe00_9,9,1,Not listed,0
2023,NE,BourKe00,Kendrick Bourne,WR,28.076659822039698,2022plus,13,4,1.6094379124341003,5,1,0,0.6,1,0,12.5,Unspecified (IR),unspecified,Not listed,Not listed,2023_BourKe00_9,9,1,Not listed,0
2023,NE,BourKe00,Kendrick Bourne,WR,28.076659822039698,2022plus,14,5,1.791759469228055,4,1,0,0.6,1,0,12.5,Unspecified (IR),unspecified,Not listed,Not listed,2023_BourKe00_9,9,1,Not listed,0
2023,NE,BourKe00,Kendrick Bourne,WR,28.076659822039698,2022plus,15,6,1.9459101490553132,3,1,0,0.6,1,0,12.5,Unspecified (IR),unspecified,Not listed,Not listed,2023_BourKe00_9,9,1,Not listed,0
2023,NE,BourKe00,Kendrick Bourne,WR,28.076659822039698,2022plus,16,7,2.0794415416798357,2,1,0,0.6,1,0,12.5,Unspecified (IR),unspecified,Not listed,Not listed,2023_BourKe00_9,9,1,Not listed,0
2023,NE,BourKe00,Kendrick Bourne,WR,28.076659822039698,2022plus,17,8,2.1972245773362196,1,1,0,0.6,1,0,12.5,Unspecified (IR),unspecified,Not listed,Not listed,2023_BourKe00_9,9,1,Not listed,0
2023,NE,BourKe00,Kendrick Bourne,WR,28.076659822039698,2022plus,18,9,2.302585092994046,0,1,0,0.6,1,0,12.5,Unspecified (IR),unspecified,Not listed,Not listed,2023_BourKe00_9,9,1,No report,0
2023,NE,StevRh00,Rhamondre Stevenson,RB,25.519507186858316,2022plus,14,1,0.6931471805599453,4,0,1,0.27,0,0,12.141666666666667,Ankle,ankle_foot,Out,DNP,2023_StevRh00_14,5,1,Out,0
2023,NE,StevRh00,Rhamondre Stevenson,RB,25.519507186858316,2022plus,15,2,1.0986122886681098,3,0,1,0.27,0,0,12.141666666666667,Ankle,ankle_foot,Out,DNP,2023_StevRh00_14,5,1,Out,0
2023,NE,StevRh00,Rhamondre Stevenson,RB,25.519507186858316,2022plus,16,3,1.3862943611198906,2,0,1,0.27,0,0,12.141666666666667,Ankle,ankle_foot,Out,DNP,2023_StevRh00_14,5,1,Not listed,0
2023,NE,StevRh00,Rhamondre Stevenson,RB,25.519507186858316,2022plus,17,4,1.6094379124341003,1,1,1,0.27,0,0,12.141666666666667,Ankle,ankle_foot,Not listed,Not listed,2023_StevRh00_14,5,1,Not listed,0
2023,NE,StevRh00,Rhamondre Stevenson,RB,25.519507186858316,2022plus,18,5,1.791759469228055,0,1,1,0.27,0,0,12.141666666666667,Ankle,ankle_foot,Not listed,Not listed,2023_StevRh00_14,5,1,No report,0
2023,NO,KamaAl00,Alvin Kamara,RB,28.10403832991102,2022plus,18,1,0.6931471805599453,0,0,1,0.33,2,0,17.923076923076923,Ankle,ankle_foot,Questionable,DNP,2023_KamaAl00_18,1,1,No report,0
2023,NO,OlavCh00,Chris Olave,WR,23.17864476386037,2022plus,15,1,0.6931471805599453,3,0,0,0.65,2,0,14.446153846153846,Ankle,ankle_foot,Questionable,DNP,2023_OlavCh00_15,1,0,None,1
2023,NYG,BarkSa00,Saquon Barkley,RB,26.55715263518138,2022plus,3,1,0.6931471805599453,14,0,0,0.97,0,1,18.0,Ankle,ankle_foot,Out,DNP,2023_BarkSa00_3,3,0,Doubtful,0
2023,NYG,BarkSa00,Saquon Barkley,RB,26.55715263518138,2022plus,4,2,1.0986122886681098,13,0,0,0.97,0,1,18.0,Ankle,ankle_foot,Doubtful,Limited,2023_BarkSa00_3,3,0,Questionable,0
2023,NYG,BarkSa00,Saquon Barkley,RB,26.55715263518138,2022plus,5,3,1.3862943611198906,12,0,0,0.97,0,1,18.0,Ankle,ankle_foot,Questionable,Limited,2023_BarkSa00_3,3,0,Questionable,1
2023,NYG,WallDa01,Darren Waller,TE,30.965092402464066,2022plus,9,1,0.6931471805599453,8,1,1,0.23,8,1,10.05,Hamstring,soft_tissue,Out,DNP,2023_WallDa01_9,5,0,Not listed,0
2023,NYG,WallDa01,Darren Waller,TE,30.965092402464066,2022plus,10,2,1.0986122886681098,7,1,1,0.23,8,1,10.05,Hamstring,soft_tissue,Not listed,Not listed,2023_WallDa01_9,5,0,Not listed,0
2023,NYG,WallDa01,Darren Waller,TE,30.965092402464066,2022plus,11,3,1.3862943611198906,6,1,1,0.23,8,1,10.05,Hamstring,soft_tissue,Not listed,Not listed,2023_WallDa01_9,5,0,Not listed,0
2023,NYG,WallDa01,Darren Waller,TE,30.965092402464066,2022plus,12,4,1.6094379124341003,5,1,1,0.23,8,1,10.05,Hamstring,soft_tissue,Not listed,Not listed,2023_WallDa01_9,5,0,Not listed,0
2023,NYG,WallDa01,Darren Waller,TE,30.965092402464066,2022plus,14,5,1.791759469228055,4,1,1,0.23,8,1,10.05,Hamstring,soft_tissue,Not listed,Not listed,2023_WallDa01_9,5,0,Questionable,1
2023,PHI,GoedDa00,Dallas Goedert,TE,28.659822039698838,2022plus,11,1,0.6931471805599453,7,0,0,0.77,5,0,10.11111111111111,Arm / Elbow,other,Out,DNP,2023_GoedDa00_11,3,0,Out,0
2023,PHI,GoedDa00,Dallas Goedert,TE,28.659822039698838,2022plus,12,2,1.0986122886681098,6,0,0,0.77,5,0,10.11111111111111,Arm / Elbow,other,Out,DNP,2023_GoedDa00_11,3,0,Doubtful,0
2023,PHI,GoedDa00,Dallas Goedert,TE,28.659822039698838,2022plus,13,3,1.3862943611198906,5,0,0,0.77,5,0,10.11111111111111,Arm / Elbow,other,Doubtful,Limited,2023_GoedDa00_11,3,0,No report,1
2023,PHI,SmitDe07,DeVonta Smith,WR,24.79671457905544,2022plus,18,1,0.6931471805599453,0,0,0,0.88,0,0,14.225,Ankle,ankle_foot,Out,DNP,2023_SmitDe07_18,1,1,No report,0
2023,SEA,MetcDK00,D.K. Metcalf,WR,25.713894592744694,2022plus,7,1,0.6931471805599453,11,0,0,0.78,0,0,13.540000000000001,Chest / Ribs,other,Questionable,Limited,2023_MetcDK00_7,1,0,None,1
2023,SEA,WalkKe00,Kenneth Walker III,RB,22.863791923340177,2022plus,12,1,0.6931471805599453,6,0,1,0.11,1,0,13.76,Core / Abdomen,other,Doubtful,DNP,2023_WalkKe00_12,2,0,Doubtful,0
2023,SEA,WalkKe00,Kenneth Walker III,RB,22.863791923340177,2022plus,13,2,1.0986122886681098,5,0,1,0.11,1,0,13.76,Core / Abdomen,other,Doubtful,DNP,2023_WalkKe00_12,2,0,Questionable,1
2023,SF,AiyuBr00,Brandon Aiyuk,WR,25.45927446954141,2022plus,3,1,0.6931471805599453,14,0,0,0.53,0,0,16.75,Shoulder,other,Questionable,Limited,2023_AiyuBr00_3,1,0,None,1
2023,SF,McCaCh01,Christian McCaffrey,RB,27.23340177960301,2022plus,18,1,0.6931471805599453,0,0,0,0.54,0,0,24.45625,Lower Leg,soft_tissue,Out,DNP,2023_McCaCh01_18,1,1,No report,0
2023,WAS,RobiBr01,Brian Robinson Jr.,RB,24.44626967830253,2022plus,15,1,0.6931471805599453,3,0,1,0.22,1,0,13.538461538461538,Hamstring,soft_tissue,Out,DNP,2023_RobiBr01_15,2,0,Out,0
2023,WAS,RobiBr01,Brian Robinson Jr.,RB,24.44626967830253,2022plus,16,2,1.0986122886681098,2,0,1,0.22,1,0,13.538461538461538,Hamstring,soft_tissue,Out,DNP,2023_RobiBr01_15,2,0,None,1
2024,ARI,ConnJa00,James Conner,RB,29.32785763175907,2022plus,18,1,0.6931471805599453,0,1,1,0.15,4,1,15.8625,Knee,knee,Not listed,Not listed,2024_ConnJa00_18,1,1,No report,0
2024,ARI,McBrTr01,Trey McBride,TE,24.777549623545518,2022plus,4,1,0.6931471805599453,13,0,0,0.85,0,0,9.219117647058823,Head / Concussion,concussion,Out,DNP,2024_McBrTr01_4,1,0,Questionable,1
2024,BUF,CookJa01,James Cook,RB,24.93634496919918,2022plus,6,1,0.6931471805599453,11,0,0,0.59,0,0,16.84,Foot / Toe,ankle_foot,Questionable,Limited,2024_CookJa01_6,1,0,None,1
2024,BUF,ShakKh00,Khalil Shakir,WR,24.577686516084874,2022plus,5,1,0.6931471805599453,12,0,0,0.59,0,0,13.3,Ankle,ankle_foot,Out,DNP,2024_ShakKh00_5,1,0,Questionable,1
2024,CAR,HubbCh01,Chuba Hubbard,RB,25.22655715263518,2022plus,17,1,0.6931471805599453,1,1,0,0.84,0,0,16.10666666666667,Knee,knee,Questionable,Limited,2024_HubbCh01_17,2,1,Not listed,0
2024,CAR,HubbCh01,Chuba Hubbard,RB,25.22655715263518,2022plus,18,2,1.0986122886681098,0,1,0,0.84,0,0,16.10666666666667,Knee,knee,Not listed,Not listed,2024_HubbCh01_17,2,1,No report,0
2024,CAR,JohnDi01,Diontae Johnson,WR,28.15879534565366,2022plus,8,1,0.6931471805599453,0,0,0,0.7,4,0,12.042857142857143,Chest / Ribs,other,Out,DNP,2024_JohnDi01_8,1,1,No report,0
2024,CHI,AlleKe00,Keenan Allen,WR,32.34770704996578,2022plus,2,1,0.6931471805599453,15,0,0,0.68,4,1,17.813076923076927,Foot / Toe,ankle_foot,Questionable,DNP,2024_AlleKe00_2,2,0,Out,0
2024,CHI,AlleKe00,Keenan Allen,WR,32.34770704996578,2022plus,3,2,1.0986122886681098,14,0,0,0.68,4,1,17.813076923076927,Foot / Toe,ankle_foot,Out,DNP,2024_AlleKe00_2,2,0,Questionable,1
2024,CIN,BrowCh10,Chase Brown,RB,24.449007529089666,2022plus,18,1,0.6931471805599453,0,0,0,0.81,4,0,15.9375,Ankle,ankle_foot,Questionable,DNP,2024_BrowCh10_18,1,1,No report,0
2024,CIN,HiggTe00,Tee Higgins,WR,25.620807665982205,2022plus,8,1,0.6931471805599453,9,0,0,0.82,5,0,16.220000000000002,Quad / Thigh,soft_tissue,Questionable,Limited,2024_HiggTe00_8,3,0,Doubtful,0
2024,CIN,HiggTe00,Tee Higgins,WR,25.620807665982205,2022plus,9,2,1.0986122886681098,8,0,0,0.82,5,0,16.220000000000002,Quad / Thigh,soft_tissue,Doubtful,DNP,2024_HiggTe00_8,3,0,Doubtful,0
2024,CIN,HiggTe00,Tee Higgins,WR,25.620807665982205,2022plus,10,3,1.3862943611198906,7,0,0,0.82,5,0,16.220000000000002,Quad / Thigh,soft_tissue,Doubtful,DNP,2024_HiggTe00_8,3,0,None,1
2024,CLE,NjokDa00,David Njoku,TE,28.145106091718002,2022plus,2,1,0.6931471805599453,15,0,0,0.37,0,1,11.531249999999998,Ankle,ankle_foot,Out,DNP,2024_NjokDa00_2,3,0,Out,0
2024,CLE,NjokDa00,David Njoku,TE,28.145106091718002,2022plus,3,2,1.0986122886681098,14,0,0,0.37,0,1,11.531249999999998,Ankle,ankle_foot,Out,DNP,2024_NjokDa00_2,3,0,Out,0
2024,CLE,NjokDa00,David Njoku,TE,28.145106091718002,2022plus,4,3,1.3862943611198906,13,0,0,0.37,0,1,11.531249999999998,Ankle,ankle_foot,Out,DNP,2024_NjokDa00_2,3,0,Questionable,1
2024,CLE,NjokDa00,David Njoku,TE,28.145106091718002,2022plus,15,1,0.6931471805599453,3,0,0,0.9,0,0,13.39,Hamstring,soft_tissue,Questionable,DNP,2024_NjokDa00_15,1,0,Questionable,1
2024,CLE,NjokDa00,David Njoku,TE,28.145106091718002,2022plus,17,1,0.6931471805599453,1,0,0,0.62,0,1,13.5,Knee,knee,Out,DNP,2024_NjokDa00_17,2,1,Out,0
2024,CLE,NjokDa00,David Njoku,TE,28.145106091718002,2022plus,18,2,1.0986122886681098,0,1,0,0.62,0,1,13.5,Knee,knee,Out,DNP,2024_NjokDa00_17,2,1,No report,0
2024,DAL,LambCe00,CeeDee Lamb,WR,25.401779603011637,2022plus,17,1,0.6931471805599453,1,1,0,0.55,0,0,17.560000000000002,Shoulder,other,Out,DNP,2024_LambCe00_17,2,1,No report,0
2024,DAL,LambCe00,CeeDee Lamb,WR,25.401779603011637,2022plus,18,2,1.0986122886681098,0,1,0,0.55,0,0,17.560000000000002,Shoulder,other,Not listed,Not listed,2024_LambCe00_17,2,1,No report,0
2024,DET,MontDa01,David Montgomery,RB,27.236139630390145,2022plus,16,1,0.6931471805599453,2,0,0,0.3,3,0,15.837142857142856,Knee,knee,Out,DNP,2024_MontDa01_16,3,1,Out,0
2024,DET,MontDa01,David Montgomery,RB,27.236139630390145,2022plus,17,2,1.0986122886681098,1,0,0,0.3,3,0,15.837142857142856,Knee,knee,Out,DNP,2024_MontDa01_16,3,1,Out,0
2024,DET,MontDa01,David Montgomery,RB,27.236139630390145,2022plus,18,3,1.3862943611198906,0,0,0,0.3,3,0,15.837142857142856,Knee,knee,Out,DNP,2024_MontDa01_16,3,1,No report,0
2024,GB,LoveJo03,Jordan Love,QB,25.831622176591377,2022plus,2,1,0.6931471805599453,15,0,0,0.97,0,0,18.17617647058824,Knee,knee,Questionable,DNP,2024_LoveJo03_2,2,0,Questionable,0
2024,GB,LoveJo03,Jordan Love,QB,25.831622176591377,2022plus,3,2,1.0986122886681098,14,0,0,0.97,0,0,18.17617647058824,Knee,knee,Questionable,Limited,2024_LoveJo03_2,2,0,Questionable,1
2024,HOU,CollNi00,Nico Collins,WR,25.456536618754278,2022plus,6,1,0.6931471805599453,11,1,1,0.13,2,0,21.34,Hamstring,soft_tissue,Not listed,Not listed,2024_CollNi00_6,5,0,Not listed,0
2024,HOU,CollNi00,Nico Collins,WR,25.456536618754278,2022plus,7,2,1.0986122886681098,10,1,1,0.13,2,0,21.34,Hamstring,soft_tissue,Not listed,Not listed,2024_CollNi00_6,5,0,Not listed,0
2024,HOU,CollNi00,Nico Collins,WR,25.456536618754278,2022plus,8,3,1.3862943611198906,9,1,1,0.13,2,0,21.34,Hamstring,soft_tissue,Not listed,Not listed,2024_CollNi00_6,5,0,Not listed,0
2024,HOU,CollNi00,Nico Collins,WR,25.456536618754278,2022plus,9,4,1.6094379124341003,8,1,1,0.13,2,0,21.34,Hamstring,soft_tissue,Not listed,Not listed,2024_CollNi00_6,5,0,Questionable,0
2024,HOU,CollNi00,Nico Collins,WR,25.456536618754278,2022plus,10,5,1.791759469228055,7,0,1,0.13,2,0,21.34,Hamstring,soft_tissue,Questionable,Limited,2024_CollNi00_6,5,0,None,1
2024,HOU,DiggSt00,Stefon Diggs,WR,30.757015742642025,2022plus,9,1,0.6931471805599453,8,1,0,0.54,0,0,15.24,Knee,knee,None,DNP,2024_DiggSt00_9,9,1,Not listed,0
2024,HOU,DiggSt00,Stefon Diggs,WR,30.757015742642025,2022plus,10,2,1.0986122886681098,7,1,0,0.54,0,0,15.24,Knee,knee,Not listed,Not listed,2024_DiggSt00_9,9,1,Not listed,0
2024,HOU,DiggSt00,Stefon Diggs,WR,30.757015742642025,2022plus,11,3,1.3862943611198906,6,1,0,0.54,0,0,15.24,Knee,knee,Not listed,Not listed,2024_DiggSt00_9,9,1,Not listed,0
2024,HOU,DiggSt00,Stefon Diggs,WR,30.757015742642025,2022plus,12,4,1.6094379124341003,5,1,0,0.54,0,0,15.24,Knee,knee,Not listed,Not listed,2024_DiggSt00_9,9,1,Not listed,0
2024,HOU,DiggSt00,Stefon Diggs,WR,30.757015742642025,2022plus,13,5,1.791759469228055,4,1,0,0.54,0,0,15.24,Knee,knee,Not listed,Not listed,2024_DiggSt00_9,9,1,Not listed,0
2024,HOU,DiggSt00,Stefon Diggs,WR,30.757015742642025,2022plus,15,6,1.9459101490553132,3,1,0,0.54,0,0,15.24,Knee,knee,Not listed,Not listed,2024_DiggSt00_9,9,1,Not listed,0
2024,HOU,DiggSt00,Stefon Diggs,WR,30.757015742642025,2022plus,16,7,2.0794415416798357,2,1,0,0.54,0,0,15.24,Knee,knee,Not listed,Not listed,2024_DiggSt00_9,9,1,Not listed,0
2024,HOU,DiggSt00,Stefon Diggs,WR,30.757015742642025,2022plus,17,8,2.1972245773362196,1,1,0,0.54,0,0,15.24,Knee,knee,Not listed,Not listed,2024_DiggSt00_9,9,1,Not listed,0
2024,HOU,DiggSt00,Stefon Diggs,WR,30.757015742642025,2022plus,18,9,2.302585092994046,0,1,0,0.54,0,0,15.24,Knee,knee,Not listed,Not listed,2024_DiggSt00_9,9,1,No report,0
2024,HOU,MixoJo00,Joe Mixon,RB,28.10677618069815,2022plus,3,1,0.6931471805599453,14,0,0,0.47,0,0,16.552941176470586,Ankle,ankle_foot,Doubtful,DNP,2024_MixoJo00_3,3,0,Questionable,0
2024,HOU,MixoJo00,Joe Mixon,RB,28.10677618069815,2022plus,4,2,1.0986122886681098,13,0,0,0.47,0,0,16.552941176470586,Ankle,ankle_foot,Questionable,Limited,2024_MixoJo00_3,3,0,Out,0
2024,HOU,MixoJo00,Joe Mixon,RB,28.10677618069815,2022plus,5,3,1.3862943611198906,12,0,0,0.47,0,0,16.552941176470586,Ankle,ankle_foot,Out,DNP,2024_MixoJo00_3,3,0,Questionable,1
2024,IND,DownJo00,Josh Downs,WR,23.055441478439427,2022plus,13,1,0.6931471805599453,4,0,0,0.53,0,0,13.76,Shoulder,other,Out,DNP,2024_DownJo00_13,1,0,Questionable,1
2024,IND,TaylJo02,Jonathan Taylor,RB,25.61806981519507,2022plus,5,1,0.6931471805599453,12,0,0,0.73,3,1,18.15,Ankle,ankle_foot,Out,DNP,2024_TaylJo02_5,3,0,Out,0
2024,IND,TaylJo02,Jonathan Taylor,RB,25.61806981519507,2022plus,6,2,1.0986122886681098,11,0,0,0.73,3,1,18.15,Ankle,ankle_foot,Out,DNP,2024_TaylJo02_5,3,0,Out,0
2024,IND,TaylJo02,Jonathan Taylor,RB,25.61806981519507,2022plus,7,3,1.3862943611198906,10,0,0,0.73,3,1,18.15,Ankle,ankle_foot,Out,DNP,2024_TaylJo02_5,3,0,None,1
2024,JAX,EngrEv00,Evan Engram,TE,29.998631074606433,2022plus,2,1,0.6931471805599453,15,0,0,0.68,0,0,10.535294117647059,Hamstring,soft_tissue,Not listed,Not listed,2024_EngrEv00_2,4,0,Out,0
2024,JAX,EngrEv00,Evan Engram,TE,29.998631074606433,2022plus,3,2,1.0986122886681098,14,0,0,0.68,0,0,10.535294117647059,Hamstring,soft_tissue,Out,DNP,2024_EngrEv00_2,4,0,Out,0
2024,JAX,EngrEv00,Evan Engram,TE,29.998631074606433,2022plus,4,3,1.3862943611198906,13,0,0,0.68,0,0,10.535294117647059,Hamstring,soft_tissue,Out,DNP,2024_EngrEv00_2,4,0,Questionable,0
2024,JAX,EngrEv00,Evan Engram,TE,29.998631074606433,2022plus,5,4,1.6094379124341003,12,0,0,0.68,0,0,10.535294117647059,Hamstring,soft_tissue,Questionable,Limited,2024_EngrEv00_2,4,0,Questionable,1
2024,KC,MahoPa00,Patrick Mahomes,QB,28.958247775496236,2022plus,18,1,0.6931471805599453,0,0,0,1.0,1,1,17.68875,Ankle,ankle_foot,Doubtful,Limited,2024_MahoPa00_18,1,1,No report,0
2024,KC,PachIs00,Isiah Pacheco,RB,25.503080082135522,2022plus,3,1,0.6931471805599453,14,1,0,0.66,3,0,15.614285714285714,Ankle,ankle_foot,Not listed,Not listed,2024_PachIs00_3,9,0,Not listed,0
2024,KC,PachIs00,Isiah Pacheco,RB,25.503080082135522,2022plus,4,2,1.0986122886681098,13,1,0,0.66,3,0,15.614285714285714,Ankle,ankle_foot,Not listed,Not listed,2024_PachIs00_3,9,0,Not listed,0
2024,KC,PachIs00,Isiah Pacheco,RB,25.503080082135522,2022plus,5,3,1.3862943611198906,12,1,0,0.66,3,0,15.614285714285714,Ankle,ankle_foot,Not listed,Not listed,2024_PachIs00_3,9,0,Not listed,0
2024,KC,PachIs00,Isiah Pacheco,RB,25.503080082135522,2022plus,7,4,1.6094379124341003,11,1,0,0.66,3,0,15.614285714285714,Ankle,ankle_foot,Not listed,Not listed,2024_PachIs00_3,9,0,Not listed,0
2024,KC,PachIs00,Isiah Pacheco,RB,25.503080082135522,2022plus,8,5,1.791759469228055,10,1,0,0.66,3,0,15.614285714285714,Ankle,ankle_foot,Not listed,Not listed,2024_PachIs00_3,9,0,Not listed,0
2024,KC,PachIs00,Isiah Pacheco,RB,25.503080082135522,2022plus,9,6,1.9459101490553132,9,1,0,0.66,3,0,15.614285714285714,Ankle,ankle_foot,Not listed,Not listed,2024_PachIs00_3,9,0,Not listed,0
2024,KC,PachIs00,Isiah Pacheco,RB,25.503080082135522,2022plus,10,7,2.0794415416798357,8,1,0,0.66,3,0,15.614285714285714,Ankle,ankle_foot,Not listed,Not listed,2024_PachIs00_3,9,0,Out,0
2024,KC,PachIs00,Isiah Pacheco,RB,25.503080082135522,2022plus,11,8,2.1972245773362196,7,1,0,0.66,3,0,15.614285714285714,Ankle,ankle_foot,Out,Limited,2024_PachIs00_3,9,0,Out,0
2024,KC,PachIs00,Isiah Pacheco,RB,25.503080082135522,2022plus,12,9,2.302585092994046,6,1,0,0.66,3,0,15.614285714285714,Ankle,ankle_foot,Out,Limited,2024_PachIs00_3,9,0,None,1
2024,KC,RiceRa01,Rashee Rice,WR,24.361396303901437,2022plus,5,1,0.6931471805599453,12,1,1,0.06,1,0,16.225,Ankle,ankle_foot,Not listed,Not listed,2024_RiceRa01_5,13,1,Not listed,0
2024,KC,RiceRa01,Rashee Rice,WR,24.361396303901437,2022plus,7,2,1.0986122886681098,11,1,1,0.06,1,0,16.225,Ankle,ankle_foot,Not listed,Not listed,2024_RiceRa01_5,13,1,Not listed,0
2024,KC,RiceRa01,Rashee Rice,WR,24.361396303901437,2022plus,8,3,1.3862943611198906,10,1,1,0.06,1,0,16.225,Ankle,ankle_foot,Not listed,Not listed,2024_RiceRa01_5,13,1,Not listed,0
2024,KC,RiceRa01,Rashee Rice,WR,24.361396303901437,2022plus,9,4,1.6094379124341003,9,1,1,0.06,1,0,16.225,Ankle,ankle_foot,Not listed,Not listed,2024_RiceRa01_5,13,1,Not listed,0
2024,KC,RiceRa01,Rashee Rice,WR,24.361396303901437,2022plus,10,5,1.791759469228055,8,1,1,0.06,1,0,16.225,Ankle,ankle_foot,Not listed,Not listed,2024_RiceRa01_5,13,1,Not listed,0
2024,KC,RiceRa01,Rashee Rice,WR,24.361396303901437,2022plus,11,6,1.9459101490553132,7,1,1,0.06,1,0,16.225,Ankle,ankle_foot,Not listed,Not listed,2024_RiceRa01_5,13,1,Not listed,0
2024,KC,RiceRa01,Rashee Rice,WR,24.361396303901437,2022plus,12,7,2.0794415416798357,6,1,1,0.06,1,0,16.225,Ankle,ankle_foot,Not listed,Not listed,2024_RiceRa01_5,13,1,Not listed,0
2024,KC,RiceRa01,Rashee Rice,WR,24.361396303901437,2022plus,13,8,2.1972245773362196,5,1,1,0.06,1,0,16.225,Ankle,ankle_foot,Not listed,Not listed,2024_RiceRa01_5,13,1,Not listed,0
2024,KC,RiceRa01,Rashee Rice,WR,24.361396303901437,2022plus,14,9,2.302585092994046,4,1,1,0.06,1,0,16.225,Ankle,ankle_foot,Not listed,Not listed,2024_RiceRa01_5,13,1,Not listed,0
2024,KC,RiceRa01,Rashee Rice,WR,24.361396303901437,2022plus,15,10,2.3978952727983707,3,1,1,0.06,1,0,16.225,Ankle,ankle_foot,Not listed,Not listed,2024_RiceRa01_5,13,1,Not listed,0
2024,KC,RiceRa01,Rashee Rice,WR,24.361396303901437,2022plus,16,11,2.4849066497880004,2,1,1,0.06,1,0,16.225,Ankle,ankle_foot,Not listed,Not listed,2024_RiceRa01_5,13,1,Not listed,0
2024,KC,RiceRa01,Rashee Rice,WR,24.361396303901437,2022plus,17,12,2.5649493574615367,1,1,1,0.06,1,0,16.225,Ankle,ankle_foot,Not listed,Not listed,2024_RiceRa01_5,13,1,Not listed,0
2024,KC,RiceRa01,Rashee Rice,WR,24.361396303901437,2022plus,18,13,2.6390573296152584,0,1,1,0.06,1,0,16.225,Ankle,ankle_foot,Not listed,Not listed,2024_RiceRa01_5,13,1,No report,0
2024,LA,KuppCo00,Cooper Kupp,WR,31.21423682409309,2022plus,3,1,0.6931471805599453,14,0,1,0.52,0,0,16.775000000000002,Ankle,ankle_foot,Out,DNP,2024_KuppCo00_3,4,0,Out,0
2024,LA,KuppCo00,Cooper Kupp,WR,31.21423682409309,2022plus,4,2,1.0986122886681098,13,0,1,0.52,0,0,16.775000000000002,Ankle,ankle_foot,Out,DNP,2024_KuppCo00_3,4,0,Out,0
2024,LA,KuppCo00,Cooper Kupp,WR,31.21423682409309,2022plus,5,3,1.3862943611198906,12,0,1,0.52,0,0,16.775000000000002,Ankle,ankle_foot,Out,DNP,2024_KuppCo00_3,4,0,Questionable,0
2024,LA,KuppCo00,Cooper Kupp,WR,31.21423682409309,2022plus,7,4,1.6094379124341003,11,0,1,0.52,0,0,16.775000000000002,Ankle,ankle_foot,Questionable,Limited,2024_KuppCo00_3,4,0,None,1
2024,LA,NacuPu00,Puka Nacua,WR,23.260780287474333,2022plus,2,1,0.6931471805599453,15,1,0,0.32,0,0,15.219117647058823,Knee,knee,Not listed,Not listed,2024_NacuPu00_2,5,0,Not listed,0
2024,LA,NacuPu00,Puka Nacua,WR,23.260780287474333,2022plus,3,2,1.0986122886681098,14,1,0,0.32,0,0,15.219117647058823,Knee,knee,Not listed,Not listed,2024_NacuPu00_2,5,0,Not listed,0
2024,LA,NacuPu00,Puka Nacua,WR,23.260780287474333,2022plus,4,3,1.3862943611198906,13,1,0,0.32,0,0,15.219117647058823,Knee,knee,Not listed,Not listed,2024_NacuPu00_2,5,0,Not listed,0
2024,LA,NacuPu00,Puka Nacua,WR,23.260780287474333,2022plus,5,4,1.6094379124341003,12,1,0,0.32,0,0,15.219117647058823,Knee,knee,Not listed,Not listed,2024_NacuPu00_2,5,0,Not listed,0
2024,LA,NacuPu00,Puka Nacua,WR,23.260780287474333,2022plus,7,5,1.791759469228055,11,1,0,0.32,0,0,15.219117647058823,Knee,knee,Not listed,Not listed,2024_NacuPu00_2,5,0,Questionable,1
2024,LAC,DobbJK00,J.K. Dobbins,RB,25.70841889117043,2022plus,13,1,0.6931471805599453,5,1,1,0.3,16,1,15.090909090909092,Knee,knee,Out,DNP,2024_DobbJK00_13,4,0,Not listed,0
2024,LAC,DobbJK00,J.K. Dobbins,RB,25.70841889117043,2022plus,14,2,1.0986122886681098,4,1,1,0.3,16,1,15.090909090909092,Knee,knee,Not listed,Not listed,2024_DobbJK00_13,4,0,Not listed,0
2024,LAC,DobbJK00,J.K. Dobbins,RB,25.70841889117043,2022plus,15,3,1.3862943611198906,3,1,1,0.3,16,1,15.090909090909092,Knee,knee,Not listed,Not listed,2024_DobbJK00_13,4,0,Not listed,0
2024,LAC,DobbJK00,J.K. Dobbins,RB,25.70841889117043,2022plus,16,4,1.6094379124341003,2,1,1,0.3,16,1,15.090909090909092,Knee,knee,Not listed,Not listed,2024_DobbJK00_13,4,0,Questionable,1
2024,LAC,McCoLa00,Ladd McConkey,WR,22.806297056810404,2022plus,14,1,0.6931471805599453,4,0,0,0.63,0,0,13.625,Knee,knee,Questionable,Limited,2024_McCoLa00_14,1,0,Questionable,1
2024,LV,AdamDa01,Davante Adams,WR,31.68788501026694,2022plus,4,1,0.6931471805599453,2,0,0,0.95,0,0,15.12794117647059,Hamstring,soft_tissue,Out,DNP,2024_AdamDa01_4,3,1,Out,0
2024,LV,AdamDa01,Davante Adams,WR,31.68788501026694,2022plus,5,2,1.0986122886681098,1,0,0,0.95,0,0,15.12794117647059,Hamstring,soft_tissue,Out,DNP,2024_AdamDa01_4,3,1,Out,0
2024,LV,AdamDa01,Davante Adams,WR,31.68788501026694,2022plus,6,3,1.3862943611198906,0,0,0,0.95,0,0,15.12794117647059,Hamstring,soft_tissue,Out,DNP,2024_AdamDa01_4,3,1,No report,0
2024,MIA,MostRa00,Raheem Mostert,RB,32.39698836413415,2022plus,2,1,0.6931471805599453,15,0,0,0.44,2,0,14.360000000000001,Chest / Ribs,other,Out,DNP,2024_MostRa00_2,3,0,Doubtful,0
2024,MIA,MostRa00,Raheem Mostert,RB,32.39698836413415,2022plus,3,2,1.0986122886681098,14,0,0,0.44,2,0,14.360000000000001,Chest / Ribs,other,Doubtful,Limited,2024_MostRa00_2,3,0,Questionable,0
2024,MIA,MostRa00,Raheem Mostert,RB,32.39698836413415,2022plus,4,3,1.3862943611198906,13,0,0,0.44,2,0,14.360000000000001,Chest / Ribs,other,Questionable,Limited,2024_MostRa00_2,3,0,None,1
2024,NE,StevRh00,Rhamondre Stevenson,RB,26.521560574948666,2022plus,6,1,0.6931471805599453,11,0,0,0.47,5,0,13.260000000000002,Foot / Toe,ankle_foot,Out,DNP,2024_StevRh00_6,1,0,Questionable,1
2024,NO,HillTa00,Taysom Hill,TE,34.026009582477755,2022plus,14,1,0.6931471805599453,4,1,0,0.59,1,0,12.7925,Knee,knee,Out,DNP,2024_HillTa00_14,5,1,Not listed,0
2024,NO,HillTa00,Taysom Hill,TE,34.026009582477755,2022plus,15,2,1.0986122886681098,3,1,0,0.59,1,0,12.7925,Knee,knee,Not listed,Not listed,2024_HillTa00_14,5,1,Not listed,0
2024,NO,HillTa00,Taysom Hill,TE,34.026009582477755,2022plus,16,3,1.3862943611198906,2,1,0,0.59,1,0,12.7925,Knee,knee,Not listed,Not listed,2024_HillTa00_14,5,1,Not listed,0
2024,NO,HillTa00,Taysom Hill,TE,34.026009582477755,2022plus,17,4,1.6094379124341003,1,1,0,0.59,1,0,12.7925,Knee,knee,Not listed,Not listed,2024_HillTa00_14,5,1,Not listed,0
2024,NO,HillTa00,Taysom Hill,TE,34.026009582477755,2022plus,18,5,1.791759469228055,0,1,0,0.59,1,0,12.7925,Knee,knee,Not listed,Not listed,2024_HillTa00_14,5,1,No report,0
2024,NO,KamaAl00,Alvin Kamara,RB,29.10609171800137,2022plus,16,1,0.6931471805599453,2,0,1,0.45,1,0,18.95,Hip / Groin,soft_tissue,Out,DNP,2024_KamaAl00_16,3,1,Out,0
2024,NO,KamaAl00,Alvin Kamara,RB,29.10609171800137,2022plus,17,2,1.0986122886681098,1,0,1,0.45,1,0,18.95,Hip / Groin,soft_tissue,Out,DNP,2024_KamaAl00_16,3,1,Doubtful,0
2024,NO,KamaAl00,Alvin Kamara,RB,29.10609171800137,2022plus,18,3,1.3862943611198906,0,0,1,0.45,1,0,18.95,Hip / Groin,soft_tissue,Doubtful,DNP,2024_KamaAl00_16,3,1,No report,0
2024,NO,ShahRa00,Rashid Shaheed,WR,26.0041067761807,2022plus,7,1,0.6931471805599453,10,1,0,0.81,2,0,13.633333333333335,Knee,knee,Out,DNP,2024_ShahRa00_7,11,1,Not listed,0
2024,NO,ShahRa00,Rashid Shaheed,WR,26.0041067761807,2022plus,8,2,1.0986122886681098,9,1,0,0.81,2,0,13.633333333333335,Knee,knee,Not listed,Not listed,2024_ShahRa00_7,11,1,Not listed,0
2024,NO,ShahRa00,Rashid Shaheed,WR,26.0041067761807,2022plus,9,3,1.3862943611198906,8,1,0,0.81,2,0,13.633333333333335,Knee,knee,Not listed,Not listed,2024_ShahRa00_7,11,1,Not listed,0
2024,NO,ShahRa00,Rashid Shaheed,WR,26.0041067761807,2022plus,10,4,1.6094379124341003,7,1,0,0.81,2,0,13.633333333333335,Knee,knee,Not listed,Not listed,2024_ShahRa00_7,11,1,Not listed,0
2024,NO,ShahRa00,Rashid Shaheed,WR,26.0041067761807,2022plus,11,5,1.791759469228055,6,1,0,0.81,2,0,13.633333333333335,Knee,knee,Not listed,Not listed,2024_ShahRa00_7,11,1,Not listed,0
2024,NO,ShahRa00,Rashid Shaheed,WR,26.0041067761807,2022plus,13,6,1.9459101490553132,5,1,0,0.81,2,0,13.633333333333335,Knee,knee,Not listed,Not listed,2024_ShahRa00_7,11,1,Not listed,0
2024,NO,ShahRa00,Rashid Shaheed,WR,26.0041067761807,2022plus,14,7,2.0794415416798357,4,1,0,0.81,2,0,13.633333333333335,Knee,knee,Not listed,Not listed,2024_ShahRa00_7,11,1,Not listed,0
2024,NO,ShahRa00,Rashid Shaheed,WR,26.0041067761807,2022plus,15,8,2.1972245773362196,3,1,0,0.81,2,0,13.633333333333335,Knee,knee,Not listed,Not listed,2024_ShahRa00_7,11,1,Not listed,0
2024,NO,ShahRa00,Rashid Shaheed,WR,26.0041067761807,2022plus,16,9,2.302585092994046,2,1,0,0.81,2,0,13.633333333333335,Knee,knee,Not listed,Not listed,2024_ShahRa00_7,11,1,Not listed,0
2024,NO,ShahRa00,Rashid Shaheed,WR,26.0041067761807,2022plus,17,10,2.3978952727983707,1,1,0,0.81,2,0,13.633333333333335,Knee,knee,Not listed,Not listed,2024_ShahRa00_7,11,1,Not listed,0
2024,NO,ShahRa00,Rashid Shaheed,WR,26.0041067761807,2022plus,18,11,2.4849066497880004,0,1,0,0.81,2,0,13.633333333333335,Knee,knee,Not listed,Not listed,2024_ShahRa00_7,11,1,No report,0
2024,NYG,NabeMa00,Malik Nabers,WR,21.097878165639973,2022plus,5,1,0.6931471805599453,12,0,0,0.9,0,0,22.900000000000002,Head / Concussion,concussion,Out,DNP,2024_NabeMa00_5,2,0,Out,0
2024,NYG,NabeMa00,Malik Nabers,WR,21.097878165639973,2022plus,6,2,1.0986122886681098,11,0,0,0.9,0,0,22.900000000000002,Head / Concussion,concussion,Out,DNP,2024_NabeMa00_5,2,0,None,1
2024,NYG,SingDe00,Devin Singletary,RB,26.99520876112252,2022plus,5,1,0.6931471805599453,12,0,0,0.68,0,0,11.825,Hip / Groin,soft_tissue,Doubtful,Limited,2024_SingDe00_5,2,0,Questionable,0
2024,NYG,SingDe00,Devin Singletary,RB,26.99520876112252,2022plus,6,2,1.0986122886681098,11,0,0,0.68,0,0,11.825,Hip / Groin,soft_tissue,Questionable,DNP,2024_SingDe00_5,2,0,None,1
2024,NYJ,HallBr03,Breece Hall,RB,23.255304585900067,2022plus,14,1,0.6931471805599453,4,0,0,0.62,0,0,15.775,Knee,knee,Doubtful,DNP,2024_HallBr03_14,1,0,Questionable,1
2024,NYJ,LazaAl00,Allen Lazard,WR,28.725530458590008,2022plus,8,1,0.6931471805599453,9,0,0,0.58,0,0,14.457142857142857,Chest / Ribs,other,Doubtful,DNP,2024_LazaAl00_8,5,0,Out,0
2024,NYJ,LazaAl00,Allen Lazard,WR,28.725530458590008,2022plus,9,2,1.0986122886681098,8,1,0,0.58,0,0,14.457142857142857,Chest / Ribs,other,Out,DNP,2024_LazaAl00_8,5,0,Not listed,0
2024,NYJ,LazaAl00,Allen Lazard,WR,28.725530458590008,2022plus,10,3,1.3862943611198906,7,1,0,0.58,0,0,14.457142857142857,Chest / Ribs,other,Not listed,Not listed,2024_LazaAl00_8,5,0,Not listed,0
2024,NYJ,LazaAl00,Allen Lazard,WR,28.725530458590008,2022plus,11,4,1.6094379124341003,6,1,0,0.58,0,0,14.457142857142857,Chest / Ribs,other,Not listed,Not listed,2024_LazaAl00_8,5,0,Not listed,0
2024,NYJ,LazaAl00,Allen Lazard,WR,28.725530458590008,2022plus,13,5,1.791759469228055,5,1,0,0.58,0,0,14.457142857142857,Chest / Ribs,other,Not listed,Not listed,2024_LazaAl00_8,5,0,None,1
2024,PHI,BrowAJ00,A.J. Brown,WR,27.173169062286107,2022plus,2,1,0.6931471805599453,15,0,0,0.95,0,0,18.501470588235293,Hamstring,soft_tissue,Questionable,DNP,2024_BrowAJ00_2,3,0,Out,0
2024,PHI,BrowAJ00,A.J. Brown,WR,27.173169062286107,2022plus,3,2,1.0986122886681098,14,0,0,0.95,0,0,18.501470588235293,Hamstring,soft_tissue,Out,DNP,2024_BrowAJ00_2,3,0,Questionable,0
2024,PHI,BrowAJ00,A.J. Brown,WR,27.173169062286107,2022plus,4,3,1.3862943611198906,13,0,0,0.95,0,0,18.501470588235293,Hamstring,soft_tissue,Questionable,Limited,2024_BrowAJ00_2,3,0,No report,1
2024,PHI,BrowAJ00,A.J. Brown,WR,27.173169062286107,2022plus,18,1,0.6931471805599453,0,0,0,0.91,0,0,16.684615384615384,Knee,knee,Doubtful,DNP,2024_BrowAJ00_18,1,1,No report,0
2024,PHI,GoedDa00,Dallas Goedert,TE,29.661875427789184,2022plus,7,1,0.6931471805599453,11,0,1,0.05,3,0,10.819999999999999,Hamstring,soft_tissue,Out,DNP,2024_GoedDa00_7,3,0,Out,0
2024,PHI,GoedDa00,Dallas Goedert,TE,29.661875427789184,2022plus,8,2,1.0986122886681098,10,0,1,0.05,3,0,10.819999999999999,Hamstring,soft_tissue,Out,DNP,2024_GoedDa00_7,3,0,Out,0
2024,PHI,GoedDa00,Dallas Goedert,TE,29.661875427789184,2022plus,9,3,1.3862943611198906,9,0,1,0.05,3,0,10.819999999999999,Hamstring,soft_tissue,Out,DNP,2024_GoedDa00_7,3,0,None,1
2024,PHI,GoedDa00,Dallas Goedert,TE,29.661875427789184,2022plus,14,1,0.6931471805599453,4,1,0,0.71,3,0,10.455555555555556,Knee,knee,Out,DNP,2024_GoedDa00_14,4,0,Not listed,0
2024,PHI,GoedDa00,Dallas Goedert,TE,29.661875427789184,2022plus,15,2,1.0986122886681098,3,1,0,0.71,3,0,10.455555555555556,Knee,knee,Not listed,Not listed,2024_GoedDa00_14,4,0,Not listed,0
2024,PHI,GoedDa00,Dallas Goedert,TE,29.661875427789184,2022plus,16,3,1.3862943611198906,2,1,0,0.71,3,0,10.455555555555556,Knee,knee,Not listed,Not listed,2024_GoedDa00_14,4,0,Not listed,0
2024,PHI,GoedDa00,Dallas Goedert,TE,29.661875427789184,2022plus,17,4,1.6094379124341003,1,1,0,0.71,3,0,10.455555555555556,Knee,knee,Not listed,Not listed,2024_GoedDa00_14,4,0,None,1
2024,PHI,HurtJa00,Jalen Hurts,QB,26.069815195071868,2022plus,17,1,0.6931471805599453,1,0,1,0.16,0,0,21.008,Head / Concussion,concussion,Out,DNP,2024_HurtJa00_17,2,1,Out,0
2024,PHI,HurtJa00,Jalen Hurts,QB,26.069815195071868,2022plus,18,2,1.0986122886681098,0,0,1,0.16,0,0,21.008,Head / Concussion,concussion,Out,DNP,2024_HurtJa00_17,2,1,No report,0
2024,PHI,SmitDe07,DeVonta Smith,WR,25.79876796714579,2022plus,4,1,0.6931471805599453,13,0,0,0.76,1,0,16.281249999999996,Head / Concussion,concussion,Out,DNP,2024_SmitDe07_4,1,0,No report,1
2024,PHI,SmitDe07,DeVonta Smith,WR,25.79876796714579,2022plus,12,1,0.6931471805599453,6,0,0,0.89,1,0,12.955555555555556,Hamstring,soft_tissue,Out,DNP,2024_SmitDe07_12,2,0,Questionable,0
2024,PHI,SmitDe07,DeVonta Smith,WR,25.79876796714579,2022plus,13,2,1.0986122886681098,5,0,0,0.89,1,0,12.955555555555556,Hamstring,soft_tissue,Questionable,Limited,2024_SmitDe07_12,2,0,None,1
2024,PHI,SmitDe07,DeVonta Smith,WR,25.79876796714579,2022plus,18,1,0.6931471805599453,0,0,0,0.8,1,0,15.338461538461539,Hand / Wrist,other,Doubtful,DNP,2024_SmitDe07_18,1,1,No report,0
2024,PIT,FielJu00,Justin Fields,QB,25.49486652977413,2022plus,7,1,0.6931471805599453,10,0,0,1.0,4,0,18.89,Hamstring,soft_tissue,Not listed,Not listed,2024_FielJu00_7,3,0,Questionable,0
2024,PIT,FielJu00,Justin Fields,QB,25.49486652977413,2022plus,8,2,1.0986122886681098,9,0,0,1.0,4,0,18.89,Hamstring,soft_tissue,Questionable,Unknown,2024_FielJu00_7,3,0,None,0
2024,PIT,FielJu00,Justin Fields,QB,25.49486652977413,2022plus,10,3,1.3862943611198906,8,0,0,1.0,4,0,18.89,Hamstring,soft_tissue,None,Full,2024_FielJu00_7,3,0,Not listed,1
2024,PIT,PickGe00,George Pickens,WR,23.496235455167692,2022plus,14,1,0.6931471805599453,4,0,0,0.91,0,0,12.950000000000001,Hamstring,soft_tissue,Questionable,Limited,2024_PickGe00_14,3,0,Out,0
2024,PIT,PickGe00,George Pickens,WR,23.496235455167692,2022plus,15,2,1.0986122886681098,3,0,0,0.91,0,0,12.950000000000001,Hamstring,soft_tissue,Out,DNP,2024_PickGe00_14,3,0,Out,0
2024,PIT,PickGe00,George Pickens,WR,23.496235455167692,2022plus,16,3,1.3862943611198906,2,0,0,0.91,0,0,12.950000000000001,Hamstring,soft_tissue,Out,DNP,2024_PickGe00_14,3,0,None,1
2024,SEA,MetcDK00,D.K. Metcalf,WR,26.715947980835043,2022plus,8,1,0.6931471805599453,9,0,0,0.78,1,0,15.114285714285714,Knee,knee,Doubtful,DNP,2024_MetcDK00_8,2,0,Out,0
2024,SEA,MetcDK00,D.K. Metcalf,WR,26.715947980835043,2022plus,9,2,1.0986122886681098,8,0,0,0.78,1,0,15.114285714285714,Knee,knee,Out,DNP,2024_MetcDK00_8,2,0,None,1
2024,SEA,WalkKe00,Kenneth Walker III,RB,23.865845311430526,2022plus,2,1,0.6931471805599453,15,0,0,0.66,2,1,14.694999999999999,Core / Abdomen,other,Doubtful,DNP,2024_WalkKe00_2,2,0,Doubtful,0
2024,SEA,WalkKe00,Kenneth Walker III,RB,23.865845311430526,2022plus,3,2,1.0986122886681098,14,0,0,0.66,2,1,14.694999999999999,Core / Abdomen,other,Doubtful,Limited,2024_WalkKe00_2,2,0,None,1
2024,SEA,WalkKe00,Kenneth Walker III,RB,23.865845311430526,2022plus,14,1,0.6931471805599453,4,0,0,0.61,2,1,16.73,Ankle,ankle_foot,Questionable,DNP,2024_WalkKe00_14,2,0,Doubtful,0
2024,SEA,WalkKe00,Kenneth Walker III,RB,23.865845311430526,2022plus,15,2,1.0986122886681098,3,0,0,0.61,2,1,16.73,Ankle,ankle_foot,Doubtful,DNP,2024_WalkKe00_14,2,0,None,1
2024,SEA,WalkKe00,Kenneth Walker III,RB,23.865845311430526,2022plus,17,1,0.6931471805599453,1,0,0,0.59,2,1,16.472727272727273,Ankle,ankle_foot,Out,DNP,2024_WalkKe00_17,2,1,Not listed,0
2024,SEA,WalkKe00,Kenneth Walker III,RB,23.865845311430526,2022plus,18,2,1.0986122886681098,0,1,0,0.59,2,1,16.472727272727273,Ankle,ankle_foot,Not listed,Not listed,2024_WalkKe00_17,2,1,No report,0
2024,SF,JennJa00,Jauan Jennings,WR,27.145790554414784,2022plus,7,1,0.6931471805599453,10,0,0,0.52,4,0,13.9,Hip / Groin,soft_tissue,Out,DNP,2024_JennJa00_7,2,0,Out,0
2024,SF,JennJa00,Jauan Jennings,WR,27.145790554414784,2022plus,8,2,1.0986122886681098,9,0,0,0.52,4,0,13.9,Hip / Groin,soft_tissue,Out,DNP,2024_JennJa00_7,2,0,None,1
2024,SF,KittGe00,George Kittle,TE,30.89664613278576,2022plus,3,1,0.6931471805599453,14,0,0,0.73,0,0,13.5,Hamstring,soft_tissue,Doubtful,DNP,2024_KittGe00_3,1,0,None,1
2024,SF,KittGe00,George Kittle,TE,30.89664613278576,2022plus,11,1,0.6931471805599453,7,0,0,0.89,0,1,17.625,Hamstring,soft_tissue,Questionable,Limited,2024_KittGe00_11,1,0,None,1
2024,SF,McCaCh01,Christian McCaffrey,RB,28.23545516769336,2022plus,14,1,0.6931471805599453,4,1,1,0.25,1,0,11.950000000000001,Unspecified (IR),unspecified,Not listed,Not listed,2024_McCaCh01_14,5,1,Not listed,0
2024,SF,McCaCh01,Christian McCaffrey,RB,28.23545516769336,2022plus,15,2,1.0986122886681098,3,1,1,0.25,1,0,11.950000000000001,Unspecified (IR),unspecified,Not listed,Not listed,2024_McCaCh01_14,5,1,Not listed,0
2024,SF,McCaCh01,Christian McCaffrey,RB,28.23545516769336,2022plus,16,3,1.3862943611198906,2,1,1,0.25,1,0,11.950000000000001,Unspecified (IR),unspecified,Not listed,Not listed,2024_McCaCh01_14,5,1,Not listed,0
2024,SF,McCaCh01,Christian McCaffrey,RB,28.23545516769336,2022plus,17,4,1.6094379124341003,1,1,1,0.25,1,0,11.950000000000001,Unspecified (IR),unspecified,Not listed,Not listed,2024_McCaCh01_14,5,1,Not listed,0
2024,SF,McCaCh01,Christian McCaffrey,RB,28.23545516769336,2022plus,18,5,1.791759469228055,0,1,1,0.25,1,0,11.950000000000001,Unspecified (IR),unspecified,Not listed,Not listed,2024_McCaCh01_14,5,1,No report,0
2024,SF,PurdBr00,Brock Purdy,QB,24.681724845995895,2022plus,12,1,0.6931471805599453,6,0,0,1.0,0,0,18.722,Shoulder,other,Out,DNP,2024_PurdBr00_12,1,0,Questionable,1
2024,SF,PurdBr00,Brock Purdy,QB,24.681724845995895,2022plus,18,1,0.6931471805599453,0,0,0,0.92,0,0,17.790666666666667,Arm / Elbow,other,Out,DNP,2024_PurdBr00_18,1,1,No report,0
2024,SF,SamuDe00,Deebo Samuel,WR,28.629705681040384,2022plus,3,1,0.6931471805599453,14,0,0,0.86,2,0,17.298333333333332,Lower Leg,soft_tissue,Out,DNP,2024_SamuDe00_3,1,0,Questionable,1
2024,TB,EvanMi00,Mike Evans,WR,31.030800821355236,2022plus,8,1,0.6931471805599453,9,0,1,0.28,0,0,13.642857142857142,Hamstring,soft_tissue,Out,DNP,2024_EvanMi00_8,3,0,Out,0
2024,TB,EvanMi00,Mike Evans,WR,31.030800821355236,2022plus,9,2,1.0986122886681098,8,0,1,0.28,0,0,13.642857142857142,Hamstring,soft_tissue,Out,DNP,2024_EvanMi00_8,3,0,Out,0
2024,TB,EvanMi00,Mike Evans,WR,31.030800821355236,2022plus,10,3,1.3862943611198906,7,0,1,0.28,0,0,13.642857142857142,Hamstring,soft_tissue,Out,DNP,2024_EvanMi00_8,3,0,Questionable,1
2024,TB,GodwCh00,Chris Godwin,WR,28.511978097193705,2022plus,8,1,0.6931471805599453,9,1,0,0.85,0,0,19.685714285714287,Unspecified (IR),unspecified,Not listed,Not listed,2024_GodwCh00_8,10,1,Not listed,0
2024,TB,GodwCh00,Chris Godwin,WR,28.511978097193705,2022plus,9,2,1.0986122886681098,8,1,0,0.85,0,0,19.685714285714287,Unspecified (IR),unspecified,Not listed,Not listed,2024_GodwCh00_8,10,1,Not listed,0
2024,TB,GodwCh00,Chris Godwin,WR,28.511978097193705,2022plus,10,3,1.3862943611198906,7,1,0,0.85,0,0,19.685714285714287,Unspecified (IR),unspecified,Not listed,Not listed,2024_GodwCh00_8,10,1,Not listed,0
2024,TB,GodwCh00,Chris Godwin,WR,28.511978097193705,2022plus,12,4,1.6094379124341003,6,1,0,0.85,0,0,19.685714285714287,Unspecified (IR),unspecified,Not listed,Not listed,2024_GodwCh00_8,10,1,Not listed,0
2024,TB,GodwCh00,Chris Godwin,WR,28.511978097193705,2022plus,13,5,1.791759469228055,5,1,0,0.85,0,0,19.685714285714287,Unspecified (IR),unspecified,Not listed,Not listed,2024_GodwCh00_8,10,1,Not listed,0
2024,TB,GodwCh00,Chris Godwin,WR,28.511978097193705,2022plus,14,6,1.9459101490553132,4,1,0,0.85,0,0,19.685714285714287,Unspecified (IR),unspecified,Not listed,Not listed,2024_GodwCh00_8,10,1,Not listed,0
2024,TB,GodwCh00,Chris Godwin,WR,28.511978097193705,2022plus,15,7,2.0794415416798357,3,1,0,0.85,0,0,19.685714285714287,Unspecified (IR),unspecified,Not listed,Not listed,2024_GodwCh00_8,10,1,Not listed,0
2024,TB,GodwCh00,Chris Godwin,WR,28.511978097193705,2022plus,16,8,2.1972245773362196,2,1,0,0.85,0,0,19.685714285714287,Unspecified (IR),unspecified,Not listed,Not listed,2024_GodwCh00_8,10,1,Not listed,0
2024,TB,GodwCh00,Chris Godwin,WR,28.511978097193705,2022plus,17,9,2.302585092994046,1,1,0,0.85,0,0,19.685714285714287,Unspecified (IR),unspecified,Not listed,Not listed,2024_GodwCh00_8,10,1,Not listed,0
2024,TB,GodwCh00,Chris Godwin,WR,28.511978097193705,2022plus,18,10,2.3978952727983707,0,1,0,0.85,0,0,19.685714285714287,Unspecified (IR),unspecified,Not listed,Not listed,2024_GodwCh00_8,10,1,No report,0
2024,TB,OttoCa00,Cade Otton,TE,25.38261464750171,2022plus,16,1,0.6931471805599453,2,0,0,0.92,0,0,10.042857142857143,Knee,knee,Doubtful,Limited,2024_OttoCa00_16,3,1,Out,0
2024,TB,OttoCa00,Cade Otton,TE,25.38261464750171,2022plus,17,2,1.0986122886681098,1,0,0,0.92,0,0,10.042857142857143,Knee,knee,Out,DNP,2024_OttoCa00_16,3,1,Doubtful,0
2024,TB,OttoCa00,Cade Otton,TE,25.38261464750171,2022plus,18,3,1.3862943611198906,0,0,0,0.92,0,0,10.042857142857143,Knee,knee,Doubtful,Limited,2024_OttoCa00_16,3,1,No report,0
2024,TEN,PollTo00,Tony Pollard,RB,27.340177960301162,2022plus,17,1,0.6931471805599453,1,0,0,0.39,0,0,12.966666666666667,Ankle,ankle_foot,Questionable,DNP,2024_PollTo00_17,1,0,Questionable,1
2024,WAS,EkelAu00,Austin Ekeler,RB,29.295003422313485,2022plus,4,1,0.6931471805599453,13,0,1,0.22,3,0,12.160714285714285,Head / Concussion,concussion,Out,DNP,2024_EkelAu00_4,1,0,None,1
2024,WAS,EkelAu00,Austin Ekeler,RB,29.295003422313485,2022plus,13,1,0.6931471805599453,4,1,0,0.63,3,1,11.554545454545455,Head / Concussion,concussion,Out,DNP,2024_EkelAu00_13,4,0,Not listed,0
2024,WAS,EkelAu00,Austin Ekeler,RB,29.295003422313485,2022plus,15,2,1.0986122886681098,3,1,0,0.63,3,1,11.554545454545455,Head / Concussion,concussion,Not listed,Not listed,2024_EkelAu00_13,4,0,Not listed,0
2024,WAS,EkelAu00,Austin Ekeler,RB,29.295003422313485,2022plus,16,3,1.3862943611198906,2,1,0,0.63,3,1,11.554545454545455,Head / Concussion,concussion,Not listed,Not listed,2024_EkelAu00_13,4,0,Not listed,0
2024,WAS,EkelAu00,Austin Ekeler,RB,29.295003422313485,2022plus,17,4,1.6094379124341003,1,1,0,0.63,3,1,11.554545454545455,Head / Concussion,concussion,Not listed,Not listed,2024_EkelAu00_13,4,0,Questionable,1
2024,WAS,RobiBr01,Brian Robinson Jr.,RB,25.44832306639288,2022plus,6,1,0.6931471805599453,11,0,1,0.34,2,1,15.459999999999999,Knee,knee,Questionable,DNP,2024_RobiBr01_6,1,0,Questionable,1
2024,WAS,RobiBr01,Brian Robinson Jr.,RB,25.44832306639288,2022plus,9,1,0.6931471805599453,8,0,0,0.47,2,1,14.142857142857142,Hamstring,soft_tissue,Questionable,Limited,2024_RobiBr01_9,2,0,Out,0
2024,WAS,RobiBr01,Brian Robinson Jr.,RB,25.44832306639288,2022plus,10,2,1.0986122886681098,7,0,0,0.47,2,1,14.142857142857142,Hamstring,soft_tissue,Out,DNP,2024_RobiBr01_9,2,0,None,1
2025,ARI,ConnJa00,James Conner,RB,30.327173169062284,2022plus,4,1,0.6931471805599453,13,1,1,0.3,1,0,12.290624999999999,Foot / Toe,ankle_foot,None,DNP,2025_ConnJa00_4,14,1,Not listed,0
2025,ARI,ConnJa00,James Conner,RB,30.327173169062284,2022plus,5,2,1.0986122886681098,12,1,1,0.3,1,0,12.290624999999999,Foot / Toe,ankle_foot,Not listed,Not listed,2025_ConnJa00_4,14,1,Not listed,0
2025,ARI,ConnJa00,James Conner,RB,30.327173169062284,2022plus,6,3,1.3862943611198906,11,1,1,0.3,1,0,12.290624999999999,Foot / Toe,ankle_foot,Not listed,Not listed,2025_ConnJa00_4,14,1,Not listed,0
2025,ARI,ConnJa00,James Conner,RB,30.327173169062284,2022plus,7,4,1.6094379124341003,10,1,1,0.3,1,0,12.290624999999999,Foot / Toe,ankle_foot,Not listed,Not listed,2025_ConnJa00_4,14,1,Not listed,0
2025,ARI,ConnJa00,James Conner,RB,30.327173169062284,2022plus,9,5,1.791759469228055,9,1,1,0.3,1,0,12.290624999999999,Foot / Toe,ankle_foot,Not listed,Not listed,2025_ConnJa00_4,14,1,Not listed,0
2025,ARI,ConnJa00,James Conner,RB,30.327173169062284,2022plus,10,6,1.9459101490553132,8,1,1,0.3,1,0,12.290624999999999,Foot / Toe,ankle_foot,Not listed,Not listed,2025_ConnJa00_4,14,1,Not listed,0
2025,ARI,ConnJa00,James Conner,RB,30.327173169062284,2022plus,11,7,2.0794415416798357,7,1,1,0.3,1,0,12.290624999999999,Foot / Toe,ankle_foot,Not listed,Not listed,2025_ConnJa00_4,14,1,Not listed,0
2025,ARI,ConnJa00,James Conner,RB,30.327173169062284,2022plus,12,8,2.1972245773362196,6,1,1,0.3,1,0,12.290624999999999,Foot / Toe,ankle_foot,Not listed,Not listed,2025_ConnJa00_4,14,1,Not listed,0
2025,ARI,ConnJa00,James Conner,RB,30.327173169062284,2022plus,13,9,2.302585092994046,5,1,1,0.3,1,0,12.290624999999999,Foot / Toe,ankle_foot,Not listed,Not listed,2025_ConnJa00_4,14,1,Not listed,0
2025,ARI,ConnJa00,James Conner,RB,30.327173169062284,2022plus,14,10,2.3978952727983707,4,1,1,0.3,1,0,12.290624999999999,Foot / Toe,ankle_foot,Not listed,Not listed,2025_ConnJa00_4,14,1,Not listed,0
2025,ARI,ConnJa00,James Conner,RB,30.327173169062284,2022plus,15,11,2.4849066497880004,3,1,1,0.3,1,0,12.290624999999999,Foot / Toe,ankle_foot,Not listed,Not listed,2025_ConnJa00_4,14,1,Not listed,0
2025,ARI,ConnJa00,James Conner,RB,30.327173169062284,2022plus,16,12,2.5649493574615367,2,1,1,0.3,1,0,12.290624999999999,Foot / Toe,ankle_foot,Not listed,Not listed,2025_ConnJa00_4,14,1,Not listed,0
2025,ARI,ConnJa00,James Conner,RB,30.327173169062284,2022plus,17,13,2.6390573296152584,1,1,1,0.3,1,0,12.290624999999999,Foot / Toe,ankle_foot,Not listed,Not listed,2025_ConnJa00_4,14,1,Not listed,0
2025,ARI,ConnJa00,James Conner,RB,30.327173169062284,2022plus,18,14,2.70805020110221,0,1,1,0.3,1,0,12.290624999999999,Foot / Toe,ankle_foot,Not listed,Not listed,2025_ConnJa00_4,14,1,No report,0
2025,ARI,HarrMa09,Marvin Harrison Jr.,WR,23.058179329226558,2022plus,14,1,0.6931471805599453,4,0,0,0.61,0,0,12.540000000000001,Foot / Toe,ankle_foot,Out,DNP,2025_HarrMa09_14,2,0,Out,0
2025,ARI,HarrMa09,Marvin Harrison Jr.,WR,23.058179329226558,2022plus,15,2,1.0986122886681098,3,0,0,0.61,0,0,12.540000000000001,Foot / Toe,ankle_foot,Out,DNP,2025_HarrMa09_14,2,0,Questionable,1
2025,ATL,LondDr00,Drake London,WR,24.10677618069815,2022plus,8,1,0.6931471805599453,10,0,0,0.98,0,1,15.816666666666668,Hip / Groin,soft_tissue,Questionable,Limited,2025_LondDr00_8,1,0,None,1
2025,ATL,LondDr00,Drake London,WR,24.10677618069815,2022plus,12,1,0.6931471805599453,6,0,0,0.92,0,0,19.666666666666668,Knee,knee,Out,DNP,2025_LondDr00_12,4,0,Out,0
2025,ATL,LondDr00,Drake London,WR,24.10677618069815,2022plus,13,2,1.0986122886681098,5,0,0,0.92,0,0,19.666666666666668,Knee,knee,Out,DNP,2025_LondDr00_12,4,0,Out,0
2025,ATL,LondDr00,Drake London,WR,24.10677618069815,2022plus,14,3,1.3862943611198906,4,0,0,0.92,0,0,19.666666666666668,Knee,knee,Out,DNP,2025_LondDr00_12,4,0,Out,0
2025,ATL,LondDr00,Drake London,WR,24.10677618069815,2022plus,15,4,1.6094379124341003,3,0,0,0.92,0,0,19.666666666666668,Knee,knee,Out,DNP,2025_LondDr00_12,4,0,Questionable,1
2025,BAL,JackLa00,Lamar Jackson,QB,28.648870636550306,2022plus,5,1,0.6931471805599453,12,0,0,0.69,0,0,23.34,Hamstring,soft_tissue,Out,DNP,2025_JackLa00_5,3,0,Out,0
2025,BAL,JackLa00,Lamar Jackson,QB,28.648870636550306,2022plus,6,2,1.0986122886681098,11,0,0,0.69,0,0,23.34,Hamstring,soft_tissue,Out,DNP,2025_JackLa00_5,3,0,Out,0
2025,BAL,JackLa00,Lamar Jackson,QB,28.648870636550306,2022plus,8,3,1.3862943611198906,10,0,0,0.69,0,0,23.34,Hamstring,soft_tissue,Out,Limited,2025_JackLa00_5,3,0,No report,1
2025,BUF,KincDa00,Dalton Kincaid,TE,25.872689938398356,2022plus,6,1,0.6931471805599453,11,0,0,0.54,4,0,13.34,Core / Abdomen,other,Questionable,Limited,2025_KincDa00_6,1,0,Questionable,1
2025,BUF,KincDa00,Dalton Kincaid,TE,25.872689938398356,2022plus,11,1,0.6931471805599453,7,0,0,0.26,4,0,12.225000000000001,Hamstring,soft_tissue,Out,DNP,2025_KincDa00_11,3,0,Out,0
2025,BUF,KincDa00,Dalton Kincaid,TE,25.872689938398356,2022plus,12,2,1.0986122886681098,6,0,0,0.26,4,0,12.225000000000001,Hamstring,soft_tissue,Out,DNP,2025_KincDa00_11,3,0,Questionable,0
2025,BUF,KincDa00,Dalton Kincaid,TE,25.872689938398356,2022plus,13,3,1.3862943611198906,5,0,0,0.26,4,0,12.225000000000001,Hamstring,soft_tissue,Questionable,Limited,2025_KincDa00_11,3,0,Questionable,1
2025,CAR,HubbCh01,Chuba Hubbard,RB,26.2258726899384,2022plus,5,1,0.6931471805599453,12,0,0,0.51,2,0,14.025,Lower Leg,soft_tissue,Out,DNP,2025_HubbCh01_5,2,0,Out,0
2025,CAR,HubbCh01,Chuba Hubbard,RB,26.2258726899384,2022plus,6,2,1.0986122886681098,11,0,0,0.51,2,0,14.025,Lower Leg,soft_tissue,Out,DNP,2025_HubbCh01_5,2,0,None,1
2025,CHI,OdunRo00,Rome Odunze,WR,23.247091033538673,2022plus,14,1,0.6931471805599453,4,0,0,0.8,0,0,12.174999999999999,Foot / Toe,ankle_foot,Out,DNP,2025_OdunRo00_14,5,1,Questionable,0
2025,CHI,OdunRo00,Rome Odunze,WR,23.247091033538673,2022plus,15,2,1.0986122886681098,3,0,0,0.8,0,0,12.174999999999999,Foot / Toe,ankle_foot,Questionable,Limited,2025_OdunRo00_14,5,1,Out,0
2025,CHI,OdunRo00,Rome Odunze,WR,23.247091033538673,2022plus,16,3,1.3862943611198906,2,0,0,0.8,0,0,12.174999999999999,Foot / Toe,ankle_foot,Out,DNP,2025_OdunRo00_14,5,1,Out,0
2025,CHI,OdunRo00,Rome Odunze,WR,23.247091033538673,2022plus,17,4,1.6094379124341003,1,0,0,0.8,0,0,12.174999999999999,Foot / Toe,ankle_foot,Out,DNP,2025_OdunRo00_14,5,1,Questionable,0
2025,CHI,OdunRo00,Rome Odunze,WR,23.247091033538673,2022plus,18,5,1.791759469228055,0,0,0,0.8,0,0,12.174999999999999,Foot / Toe,ankle_foot,Questionable,Limited,2025_OdunRo00_14,5,1,No report,0
2025,CHI,SwifDA00,D'Andre Swift,RB,26.63107460643395,2022plus,9,1,0.6931471805599453,9,0,0,0.49,0,0,15.942857142857145,Hip / Groin,soft_tissue,Out,DNP,2025_SwifDA00_9,1,0,Questionable,1
2025,CIN,HiggTe00,Tee Higgins,WR,26.62012320328542,2022plus,13,1,0.6931471805599453,5,0,0,0.77,3,0,12.863636363636363,Head / Concussion,concussion,Out,DNP,2025_HiggTe00_13,1,0,None,1
2025,CIN,HiggTe00,Tee Higgins,WR,26.62012320328542,2022plus,15,1,0.6931471805599453,3,0,0,0.73,3,1,14.058333333333332,Head / Concussion,concussion,Out,DNP,2025_HiggTe00_15,1,0,Questionable,1
2025,CLE,FannHa00,Harold Fannin,TE,21.117043121149898,2022plus,18,1,0.6931471805599453,0,0,1,0.23,0,0,11.65,Hip / Groin,soft_tissue,Out,DNP,2025_FannHa00_18,1,1,No report,0
2025,CLE,JudkQu00,Quinshon Judkins,RB,21.842573579739906,2022plus,17,1,0.6931471805599453,1,1,0,0.39,0,0,12.12857142857143,Unspecified (IR),unspecified,Not listed,Not listed,2025_JudkQu00_17,2,1,Not listed,0
2025,CLE,JudkQu00,Quinshon Judkins,RB,21.842573579739906,2022plus,18,2,1.0986122886681098,0,1,0,0.39,0,0,12.12857142857143,Unspecified (IR),unspecified,Not listed,Not listed,2025_JudkQu00_17,2,1,No report,0
2025,DAL,LambCe00,CeeDee Lamb,WR,26.401095140314855,2022plus,4,1,0.6931471805599453,13,0,1,0.09,2,0,18.330000000000002,Ankle,ankle_foot,Out,DNP,2025_LambCe00_4,3,0,Out,0
2025,DAL,LambCe00,CeeDee Lamb,WR,26.401095140314855,2022plus,5,2,1.0986122886681098,12,0,1,0.09,2,0,18.330000000000002,Ankle,ankle_foot,Out,DNP,2025_LambCe00_4,3,0,Out,0
2025,DAL,LambCe00,CeeDee Lamb,WR,26.401095140314855,2022plus,6,3,1.3862943611198906,11,0,1,0.09,2,0,18.330000000000002,Ankle,ankle_foot,Out,DNP,2025_LambCe00_4,3,0,None,1
2025,DAL,WillJa10,Javonte Williams,RB,25.352498288843258,2022plus,18,1,0.6931471805599453,0,1,1,0.27,0,0,15.175,Shoulder,other,Out,DNP,2025_WillJa10_18,1,1,No report,0
2025,DEN,DobbJK00,J.K. Dobbins,RB,26.70773442847365,2022plus,11,1,0.6931471805599453,6,1,0,0.52,4,0,11.59,Foot / Toe,ankle_foot,Out,DNP,2025_DobbJK00_11,7,1,Not listed,0
2025,DEN,DobbJK00,J.K. Dobbins,RB,26.70773442847365,2022plus,13,2,1.0986122886681098,5,1,0,0.52,4,0,11.59,Foot / Toe,ankle_foot,Not listed,Not listed,2025_DobbJK00_11,7,1,Not listed,0
2025,DEN,DobbJK00,J.K. Dobbins,RB,26.70773442847365,2022plus,14,3,1.3862943611198906,4,1,0,0.52,4,0,11.59,Foot / Toe,ankle_foot,Not listed,Not listed,2025_DobbJK00_11,7,1,Not listed,0
2025,DEN,DobbJK00,J.K. Dobbins,RB,26.70773442847365,2022plus,15,4,1.6094379124341003,3,1,0,0.52,4,0,11.59,Foot / Toe,ankle_foot,Not listed,Not listed,2025_DobbJK00_11,7,1,Not listed,0
2025,DEN,DobbJK00,J.K. Dobbins,RB,26.70773442847365,2022plus,16,5,1.791759469228055,2,1,0,0.52,4,0,11.59,Foot / Toe,ankle_foot,Not listed,Not listed,2025_DobbJK00_11,7,1,Not listed,0
2025,DEN,DobbJK00,J.K. Dobbins,RB,26.70773442847365,2022plus,17,6,1.9459101490553132,1,1,0,0.52,4,0,11.59,Foot / Toe,ankle_foot,Not listed,Not listed,2025_DobbJK00_11,7,1,Not listed,0
2025,DEN,DobbJK00,J.K. Dobbins,RB,26.70773442847365,2022plus,18,7,2.0794415416798357,0,1,0,0.52,4,0,11.59,Foot / Toe,ankle_foot,Not listed,Not listed,2025_DobbJK00_11,7,1,No report,0
2025,DET,LaPoSa01,Sam LaPorta,TE,24.635181382614647,2022plus,11,1,0.6931471805599453,7,1,0,0.76,1,0,11.877777777777778,Back,other,Out,DNP,2025_LaPoSa01_11,8,1,Not listed,0
2025,DET,LaPoSa01,Sam LaPorta,TE,24.635181382614647,2022plus,12,2,1.0986122886681098,6,1,0,0.76,1,0,11.877777777777778,Back,other,Not listed,Not listed,2025_LaPoSa01_11,8,1,Not listed,0
2025,DET,LaPoSa01,Sam LaPorta,TE,24.635181382614647,2022plus,13,3,1.3862943611198906,5,1,0,0.76,1,0,11.877777777777778,Back,other,Not listed,Not listed,2025_LaPoSa01_11,8,1,Not listed,0
2025,DET,LaPoSa01,Sam LaPorta,TE,24.635181382614647,2022plus,14,4,1.6094379124341003,4,1,0,0.76,1,0,11.877777777777778,Back,other,Not listed,Not listed,2025_LaPoSa01_11,8,1,Not listed,0
2025,DET,LaPoSa01,Sam LaPorta,TE,24.635181382614647,2022plus,15,5,1.791759469228055,3,1,0,0.76,1,0,11.877777777777778,Back,other,Not listed,Not listed,2025_LaPoSa01_11,8,1,Not listed,0
2025,DET,LaPoSa01,Sam LaPorta,TE,24.635181382614647,2022plus,16,6,1.9459101490553132,2,1,0,0.76,1,0,11.877777777777778,Back,other,Not listed,Not listed,2025_LaPoSa01_11,8,1,Not listed,0
2025,DET,LaPoSa01,Sam LaPorta,TE,24.635181382614647,2022plus,17,7,2.0794415416798357,1,1,0,0.76,1,0,11.877777777777778,Back,other,Not listed,Not listed,2025_LaPoSa01_11,8,1,Not listed,0
2025,DET,LaPoSa01,Sam LaPorta,TE,24.635181382614647,2022plus,18,8,2.1972245773362196,0,1,0,0.76,1,0,11.877777777777778,Back,other,Not listed,Not listed,2025_LaPoSa01_11,8,1,No report,0
2025,GB,JacoJo01,Josh Jacobs,RB,27.55373032169747,2022plus,12,1,0.6931471805599453,6,0,1,0.22,0,0,18.05,Knee,knee,Questionable,Limited,2025_JacoJo01_12,1,0,None,1
2025,GB,JacoJo01,Josh Jacobs,RB,27.55373032169747,2022plus,18,1,0.6931471805599453,0,0,1,0.28,0,1,15.806666666666667,Knee,knee,None,Full,2025_JacoJo01_18,1,1,No report,0
2025,GB,KrafTu00,Tucker Kraft,TE,24.826830937713893,2022plus,10,1,0.6931471805599453,8,1,1,0.49,0,0,14.649999999999999,Unspecified (IR),unspecified,Not listed,Not listed,2025_KrafTu00_10,9,1,Not listed,0
2025,GB,KrafTu00,Tucker Kraft,TE,24.826830937713893,2022plus,11,2,1.0986122886681098,7,1,1,0.49,0,0,14.649999999999999,Unspecified (IR),unspecified,Not listed,Not listed,2025_KrafTu00_10,9,1,Not listed,0
2025,GB,KrafTu00,Tucker Kraft,TE,24.826830937713893,2022plus,12,3,1.3862943611198906,6,1,1,0.49,0,0,14.649999999999999,Unspecified (IR),unspecified,Not listed,Not listed,2025_KrafTu00_10,9,1,Not listed,0
2025,GB,KrafTu00,Tucker Kraft,TE,24.826830937713893,2022plus,13,4,1.6094379124341003,5,1,1,0.49,0,0,14.649999999999999,Unspecified (IR),unspecified,Not listed,Not listed,2025_KrafTu00_10,9,1,Not listed,0
2025,GB,KrafTu00,Tucker Kraft,TE,24.826830937713893,2022plus,14,5,1.791759469228055,4,1,1,0.49,0,0,14.649999999999999,Unspecified (IR),unspecified,Not listed,Not listed,2025_KrafTu00_10,9,1,Not listed,0
2025,GB,KrafTu00,Tucker Kraft,TE,24.826830937713893,2022plus,15,6,1.9459101490553132,3,1,1,0.49,0,0,14.649999999999999,Unspecified (IR),unspecified,Not listed,Not listed,2025_KrafTu00_10,9,1,Not listed,0
2025,GB,KrafTu00,Tucker Kraft,TE,24.826830937713893,2022plus,16,7,2.0794415416798357,2,1,1,0.49,0,0,14.649999999999999,Unspecified (IR),unspecified,Not listed,Not listed,2025_KrafTu00_10,9,1,Not listed,0
2025,GB,KrafTu00,Tucker Kraft,TE,24.826830937713893,2022plus,17,8,2.1972245773362196,1,1,1,0.49,0,0,14.649999999999999,Unspecified (IR),unspecified,Not listed,Not listed,2025_KrafTu00_10,9,1,Not listed,0
2025,GB,KrafTu00,Tucker Kraft,TE,24.826830937713893,2022plus,18,9,2.302585092994046,0,1,1,0.49,0,0,14.649999999999999,Unspecified (IR),unspecified,Not listed,Not listed,2025_KrafTu00_10,9,1,No report,0
2025,HOU,CollNi00,Nico Collins,WR,26.455852156057496,2022plus,8,1,0.6931471805599453,10,0,0,0.51,5,0,12.783333333333333,Head / Concussion,concussion,Out,DNP,2025_CollNi00_8,1,0,None,1
2025,IND,JoneDa05,Daniel Jones,QB,28.265571526351813,2022plus,15,1,0.6931471805599453,3,1,1,0.23,0,0,17.41846153846154,Lower Leg,soft_tissue,Not listed,Not listed,2025_JoneDa05_15,4,1,Not listed,0
2025,IND,JoneDa05,Daniel Jones,QB,28.265571526351813,2022plus,16,2,1.0986122886681098,2,1,1,0.23,0,0,17.41846153846154,Lower Leg,soft_tissue,Not listed,Not listed,2025_JoneDa05_15,4,1,Not listed,0
2025,IND,JoneDa05,Daniel Jones,QB,28.265571526351813,2022plus,17,3,1.3862943611198906,1,1,1,0.23,0,0,17.41846153846154,Lower Leg,soft_tissue,Not listed,Not listed,2025_JoneDa05_15,4,1,Not listed,0
2025,IND,JoneDa05,Daniel Jones,QB,28.265571526351813,2022plus,18,4,1.6094379124341003,0,1,1,0.23,0,0,17.41846153846154,Lower Leg,soft_tissue,Not listed,Not listed,2025_JoneDa05_15,4,1,No report,0
2025,KC,MahoPa00,Patrick Mahomes,QB,29.95756331279945,2022plus,16,1,0.6931471805599453,2,1,0,0.92,1,0,20.405714285714286,Knee,knee,Not listed,Not listed,2025_MahoPa00_16,3,1,Not listed,0
2025,KC,MahoPa00,Patrick Mahomes,QB,29.95756331279945,2022plus,17,2,1.0986122886681098,1,1,0,0.92,1,0,20.405714285714286,Knee,knee,Not listed,Not listed,2025_MahoPa00_16,3,1,Not listed,0
2025,KC,MahoPa00,Patrick Mahomes,QB,29.95756331279945,2022plus,18,3,1.3862943611198906,0,1,0,0.92,1,0,20.405714285714286,Knee,knee,Not listed,Not listed,2025_MahoPa00_16,3,1,No report,0
2025,KC,RiceRa01,Rashee Rice,WR,25.360711841204655,2022plus,16,1,0.6931471805599453,2,0,0,0.85,13,0,18.7625,Head / Concussion,concussion,Out,DNP,2025_RiceRa01_16,3,1,None,0
2025,KC,RiceRa01,Rashee Rice,WR,25.360711841204655,2022plus,17,2,1.0986122886681098,1,1,0,0.85,13,0,18.7625,Head / Concussion,concussion,None,DNP,2025_RiceRa01_16,3,1,Not listed,0
2025,KC,RiceRa01,Rashee Rice,WR,25.360711841204655,2022plus,18,3,1.3862943611198906,0,1,0,0.85,13,0,18.7625,Head / Concussion,concussion,Not listed,Not listed,2025_RiceRa01_16,3,1,No report,0
2025,LA,AdamDa01,Davante Adams,WR,32.68720054757016,2022plus,16,1,0.6931471805599453,2,0,0,0.46,3,0,15.921428571428573,Knee,knee,Doubtful,DNP,2025_AdamDa01_16,3,1,Doubtful,0
2025,LA,AdamDa01,Davante Adams,WR,32.68720054757016,2022plus,17,2,1.0986122886681098,1,0,0,0.46,3,0,15.921428571428573,Knee,knee,Doubtful,DNP,2025_AdamDa01_16,3,1,Questionable,0
2025,LA,AdamDa01,Davante Adams,WR,32.68720054757016,2022plus,18,3,1.3862943611198906,0,0,0,0.46,3,0,15.921428571428573,Knee,knee,Questionable,Limited,2025_AdamDa01_16,3,1,No report,0
2025,LA,NacuPu00,Puka Nacua,WR,24.26009582477755,2022plus,7,1,0.6931471805599453,10,0,1,0.51,5,0,23.133333333333336,Ankle,ankle_foot,Out,DNP,2025_NacuPu00_7,1,0,None,1
2025,LAC,HampOm00,Omarion Hampton,RB,22.46406570841889,2022plus,6,1,0.6931471805599453,11,1,0,0.58,0,0,15.4,Ankle,ankle_foot,Not listed,Not listed,2025_HampOm00_6,7,0,Not listed,0
2025,LAC,HampOm00,Omarion Hampton,RB,22.46406570841889,2022plus,7,2,1.0986122886681098,10,1,0,0.58,0,0,15.4,Ankle,ankle_foot,Not listed,Not listed,2025_HampOm00_6,7,0,Not listed,0
2025,LAC,HampOm00,Omarion Hampton,RB,22.46406570841889,2022plus,8,3,1.3862943611198906,9,1,0,0.58,0,0,15.4,Ankle,ankle_foot,Not listed,Not listed,2025_HampOm00_6,7,0,Not listed,0
2025,LAC,HampOm00,Omarion Hampton,RB,22.46406570841889,2022plus,9,4,1.6094379124341003,8,1,0,0.58,0,0,15.4,Ankle,ankle_foot,Not listed,Not listed,2025_HampOm00_6,7,0,Not listed,0
2025,LAC,HampOm00,Omarion Hampton,RB,22.46406570841889,2022plus,10,5,1.791759469228055,7,1,0,0.58,0,0,15.4,Ankle,ankle_foot,Not listed,Not listed,2025_HampOm00_6,7,0,Not listed,0
2025,LAC,HampOm00,Omarion Hampton,RB,22.46406570841889,2022plus,11,6,1.9459101490553132,6,1,0,0.58,0,0,15.4,Ankle,ankle_foot,Not listed,Not listed,2025_HampOm00_6,7,0,Out,0
2025,LAC,HampOm00,Omarion Hampton,RB,22.46406570841889,2022plus,13,7,2.0794415416798357,5,1,0,0.58,0,0,15.4,Ankle,ankle_foot,Out,Limited,2025_HampOm00_6,7,0,Questionable,1
2025,LAC,HampOm00,Omarion Hampton,RB,22.46406570841889,2022plus,18,1,0.6931471805599453,0,0,0,0.81,0,1,15.077777777777776,Ankle,ankle_foot,Out,DNP,2025_HampOm00_18,1,1,No report,0
2025,LAC,HerbJu00,Justin Herbert,QB,27.479808350444902,2022plus,18,1,0.6931471805599453,0,0,0,1.0,0,1,17.93,Hand / Wrist,other,None,DNP,2025_HerbJu00_18,1,1,No report,0
2025,LAC,JohnQu02,Quentin Johnston,WR,23.98631074606434,2022plus,6,1,0.6931471805599453,11,0,0,0.82,2,0,17.28,Hamstring,soft_tissue,Questionable,Limited,2025_JohnQu02_6,1,0,None,1
2025,LAC,JohnQu02,Quentin Johnston,WR,23.98631074606434,2022plus,15,1,0.6931471805599453,3,0,0,0.76,2,0,12.363636363636363,Hip / Groin,soft_tissue,Questionable,Limited,2025_JohnQu02_15,1,0,Questionable,1
2025,LV,BoweBr01,Brock Bowers,TE,22.718685831622178,2022plus,17,1,0.6931471805599453,1,1,0,0.98,0,0,14.683333333333332,Unspecified (IR),unspecified,Not listed,Not listed,2025_BoweBr01_17,2,1,Not listed,0
2025,LV,BoweBr01,Brock Bowers,TE,22.718685831622178,2022plus,18,2,1.0986122886681098,0,1,0,0.98,0,0,14.683333333333332,Unspecified (IR),unspecified,Not listed,Not listed,2025_BoweBr01_17,2,1,No report,0
2025,MIA,AchaDe00,De'Von Achane,RB,23.88501026694045,2022plus,18,1,0.6931471805599453,0,0,0,0.75,0,0,20.175,Shoulder,other,Doubtful,DNP,2025_AchaDe00_18,1,1,No report,0
2025,MIA,HillTy00,Tyreek Hill,WR,31.50444900752909,2022plus,5,1,0.6931471805599453,12,1,1,0.41,0,0,13.375,Unspecified (IR),unspecified,Not listed,Not listed,2025_HillTy00_5,13,1,Not listed,0
2025,MIA,HillTy00,Tyreek Hill,WR,31.50444900752909,2022plus,6,2,1.0986122886681098,11,1,1,0.41,0,0,13.375,Unspecified (IR),unspecified,Not listed,Not listed,2025_HillTy00_5,13,1,Not listed,0
2025,MIA,HillTy00,Tyreek Hill,WR,31.50444900752909,2022plus,7,3,1.3862943611198906,10,1,1,0.41,0,0,13.375,Unspecified (IR),unspecified,Not listed,Not listed,2025_HillTy00_5,13,1,Not listed,0
2025,MIA,HillTy00,Tyreek Hill,WR,31.50444900752909,2022plus,8,4,1.6094379124341003,9,1,1,0.41,0,0,13.375,Unspecified (IR),unspecified,Not listed,Not listed,2025_HillTy00_5,13,1,Not listed,0
2025,MIA,HillTy00,Tyreek Hill,WR,31.50444900752909,2022plus,9,5,1.791759469228055,8,1,1,0.41,0,0,13.375,Unspecified (IR),unspecified,Not listed,Not listed,2025_HillTy00_5,13,1,Not listed,0
2025,MIA,HillTy00,Tyreek Hill,WR,31.50444900752909,2022plus,10,6,1.9459101490553132,7,1,1,0.41,0,0,13.375,Unspecified (IR),unspecified,Not listed,Not listed,2025_HillTy00_5,13,1,Not listed,0
2025,MIA,HillTy00,Tyreek Hill,WR,31.50444900752909,2022plus,11,7,2.0794415416798357,6,1,1,0.41,0,0,13.375,Unspecified (IR),unspecified,Not listed,Not listed,2025_HillTy00_5,13,1,Not listed,0
2025,MIA,HillTy00,Tyreek Hill,WR,31.50444900752909,2022plus,13,8,2.1972245773362196,5,1,1,0.41,0,0,13.375,Unspecified (IR),unspecified,Not listed,Not listed,2025_HillTy00_5,13,1,Not listed,0
2025,MIA,HillTy00,Tyreek Hill,WR,31.50444900752909,2022plus,14,9,2.302585092994046,4,1,1,0.41,0,0,13.375,Unspecified (IR),unspecified,Not listed,Not listed,2025_HillTy00_5,13,1,Not listed,0
2025,MIA,HillTy00,Tyreek Hill,WR,31.50444900752909,2022plus,15,10,2.3978952727983707,3,1,1,0.41,0,0,13.375,Unspecified (IR),unspecified,Not listed,Not listed,2025_HillTy00_5,13,1,Not listed,0
2025,MIA,HillTy00,Tyreek Hill,WR,31.50444900752909,2022plus,16,11,2.4849066497880004,2,1,1,0.41,0,0,13.375,Unspecified (IR),unspecified,Not listed,Not listed,2025_HillTy00_5,13,1,Not listed,0
2025,MIA,HillTy00,Tyreek Hill,WR,31.50444900752909,2022plus,17,12,2.5649493574615367,1,1,1,0.41,0,0,13.375,Unspecified (IR),unspecified,Not listed,Not listed,2025_HillTy00_5,13,1,Not listed,0
2025,MIA,HillTy00,Tyreek Hill,WR,31.50444900752909,2022plus,18,13,2.6390573296152584,0,1,1,0.41,0,0,13.375,Unspecified (IR),unspecified,Not listed,Not listed,2025_HillTy00_5,13,1,No report,0
2025,MIA,WaddJa00,Jaylen Waddle,WR,26.767967145790553,2022plus,18,1,0.6931471805599453,0,0,1,0.25,2,0,12.1325,Chest / Ribs,other,Questionable,Limited,2025_WaddJa00_18,1,1,No report,0
2025,MIA,WallDa01,Darren Waller,TE,32.96646132785763,2022plus,8,1,0.6931471805599453,9,1,1,0.28,0,0,11.425,Hip / Groin,soft_tissue,Not listed,Not listed,2025_WallDa01_8,4,0,Not listed,0
2025,MIA,WallDa01,Darren Waller,TE,32.96646132785763,2022plus,9,2,1.0986122886681098,8,1,1,0.28,0,0,11.425,Hip / Groin,soft_tissue,Not listed,Not listed,2025_WallDa01_8,4,0,Not listed,0
2025,MIA,WallDa01,Darren Waller,TE,32.96646132785763,2022plus,10,3,1.3862943611198906,7,1,1,0.28,0,0,11.425,Hip / Groin,soft_tissue,Not listed,Not listed,2025_WallDa01_8,4,0,Not listed,0
2025,MIA,WallDa01,Darren Waller,TE,32.96646132785763,2022plus,11,4,1.6094379124341003,6,1,1,0.28,0,0,11.425,Hip / Groin,soft_tissue,Not listed,Not listed,2025_WallDa01_8,4,0,Questionable,1
2025,MIN,JoneAa00,Aaron Jones,RB,30.748802190280628,2022plus,3,1,0.6931471805599453,14,1,0,0.43,0,1,11.605882352941176,Hamstring,soft_tissue,Not listed,Not listed,2025_JoneAa00_3,4,0,Not listed,0
2025,MIN,JoneAa00,Aaron Jones,RB,30.748802190280628,2022plus,4,2,1.0986122886681098,13,1,0,0.43,0,1,11.605882352941176,Hamstring,soft_tissue,Not listed,Not listed,2025_JoneAa00_3,4,0,Not listed,0
2025,MIN,JoneAa00,Aaron Jones,RB,30.748802190280628,2022plus,5,3,1.3862943611198906,12,1,0,0.43,0,1,11.605882352941176,Hamstring,soft_tissue,Not listed,Not listed,2025_JoneAa00_3,4,0,Not listed,0
2025,MIN,JoneAa00,Aaron Jones,RB,30.748802190280628,2022plus,7,4,1.6094379124341003,11,1,0,0.43,0,1,11.605882352941176,Hamstring,soft_tissue,Not listed,Not listed,2025_JoneAa00_3,4,0,Questionable,1
2025,NYG,NabeMa00,Malik Nabers,WR,22.09719370294319,2022plus,5,1,0.6931471805599453,12,1,1,0.33,2,0,14.275,Shoulder,other,Not listed,Not listed,2025_NabeMa00_5,13,1,Not listed,0
2025,NYG,NabeMa00,Malik Nabers,WR,22.09719370294319,2022plus,6,2,1.0986122886681098,11,1,1,0.33,2,0,14.275,Shoulder,other,Not listed,Not listed,2025_NabeMa00_5,13,1,Not listed,0
2025,NYG,NabeMa00,Malik Nabers,WR,22.09719370294319,2022plus,7,3,1.3862943611198906,10,1,1,0.33,2,0,14.275,Shoulder,other,Not listed,Not listed,2025_NabeMa00_5,13,1,Not listed,0
2025,NYG,NabeMa00,Malik Nabers,WR,22.09719370294319,2022plus,8,4,1.6094379124341003,9,1,1,0.33,2,0,14.275,Shoulder,other,Not listed,Not listed,2025_NabeMa00_5,13,1,Not listed,0
2025,NYG,NabeMa00,Malik Nabers,WR,22.09719370294319,2022plus,9,5,1.791759469228055,8,1,1,0.33,2,0,14.275,Shoulder,other,Not listed,Not listed,2025_NabeMa00_5,13,1,Not listed,0
2025,NYG,NabeMa00,Malik Nabers,WR,22.09719370294319,2022plus,10,6,1.9459101490553132,7,1,1,0.33,2,0,14.275,Shoulder,other,Not listed,Not listed,2025_NabeMa00_5,13,1,Not listed,0
2025,NYG,NabeMa00,Malik Nabers,WR,22.09719370294319,2022plus,11,7,2.0794415416798357,6,1,1,0.33,2,0,14.275,Shoulder,other,Not listed,Not listed,2025_NabeMa00_5,13,1,Not listed,0
2025,NYG,NabeMa00,Malik Nabers,WR,22.09719370294319,2022plus,12,8,2.1972245773362196,5,1,1,0.33,2,0,14.275,Shoulder,other,Not listed,Not listed,2025_NabeMa00_5,13,1,Not listed,0
2025,NYG,NabeMa00,Malik Nabers,WR,22.09719370294319,2022plus,13,9,2.302585092994046,4,1,1,0.33,2,0,14.275,Shoulder,other,Not listed,Not listed,2025_NabeMa00_5,13,1,Not listed,0
2025,NYG,NabeMa00,Malik Nabers,WR,22.09719370294319,2022plus,15,10,2.3978952727983707,3,1,1,0.33,2,0,14.275,Shoulder,other,Not listed,Not listed,2025_NabeMa00_5,13,1,Not listed,0
2025,NYG,NabeMa00,Malik Nabers,WR,22.09719370294319,2022plus,16,11,2.4849066497880004,2,1,1,0.33,2,0,14.275,Shoulder,other,Not listed,Not listed,2025_NabeMa00_5,13,1,Not listed,0
2025,NYG,NabeMa00,Malik Nabers,WR,22.09719370294319,2022plus,17,12,2.5649493574615367,1,1,1,0.33,2,0,14.275,Shoulder,other,Not listed,Not listed,2025_NabeMa00_5,13,1,Not listed,0
2025,NYG,NabeMa00,Malik Nabers,WR,22.09719370294319,2022plus,18,13,2.6390573296152584,0,1,1,0.33,2,0,14.275,Shoulder,other,Not listed,Not listed,2025_NabeMa00_5,13,1,No report,0
2025,NYG,RobiWa01,Wan'Dale Robinson,WR,24.654346338124572,2022plus,18,1,0.6931471805599453,0,1,0,0.75,0,0,13.61875,Chest / Ribs,other,Out,DNP,2025_RobiWa01_18,1,1,No report,0
2025,NYG,SkatCa00,Cam Skattebo,RB,23.57015742642026,2022plus,9,1,0.6931471805599453,8,1,1,0.21,0,0,15.9625,Unspecified (IR),unspecified,Not listed,Not listed,2025_SkatCa00_9,9,1,Not listed,0
2025,NYG,SkatCa00,Cam Skattebo,RB,23.57015742642026,2022plus,10,2,1.0986122886681098,7,1,1,0.21,0,0,15.9625,Unspecified (IR),unspecified,Not listed,Not listed,2025_SkatCa00_9,9,1,Not listed,0
2025,NYG,SkatCa00,Cam Skattebo,RB,23.57015742642026,2022plus,11,3,1.3862943611198906,6,1,1,0.21,0,0,15.9625,Unspecified (IR),unspecified,Not listed,Not listed,2025_SkatCa00_9,9,1,Not listed,0
2025,NYG,SkatCa00,Cam Skattebo,RB,23.57015742642026,2022plus,12,4,1.6094379124341003,5,1,1,0.21,0,0,15.9625,Unspecified (IR),unspecified,Not listed,Not listed,2025_SkatCa00_9,9,1,Not listed,0
2025,NYG,SkatCa00,Cam Skattebo,RB,23.57015742642026,2022plus,13,5,1.791759469228055,4,1,1,0.21,0,0,15.9625,Unspecified (IR),unspecified,Not listed,Not listed,2025_SkatCa00_9,9,1,Not listed,0
2025,NYG,SkatCa00,Cam Skattebo,RB,23.57015742642026,2022plus,15,6,1.9459101490553132,3,1,1,0.21,0,0,15.9625,Unspecified (IR),unspecified,Not listed,Not listed,2025_SkatCa00_9,9,1,Not listed,0
2025,NYG,SkatCa00,Cam Skattebo,RB,23.57015742642026,2022plus,16,7,2.0794415416798357,2,1,1,0.21,0,0,15.9625,Unspecified (IR),unspecified,Not listed,Not listed,2025_SkatCa00_9,9,1,Not listed,0
2025,NYG,SkatCa00,Cam Skattebo,RB,23.57015742642026,2022plus,17,8,2.1972245773362196,1,1,1,0.21,0,0,15.9625,Unspecified (IR),unspecified,Not listed,Not listed,2025_SkatCa00_9,9,1,Not listed,0
2025,NYG,SkatCa00,Cam Skattebo,RB,23.57015742642026,2022plus,18,9,2.302585092994046,0,1,1,0.21,0,0,15.9625,Unspecified (IR),unspecified,Not listed,Not listed,2025_SkatCa00_9,9,1,No report,0
2025,NYJ,HallBr03,Breece Hall,RB,24.254620123203285,2022plus,18,1,0.6931471805599453,0,0,0,0.48,1,1,12.97875,Knee,knee,Out,Limited,2025_HallBr03_18,1,1,No report,0
2025,NYJ,WilsGa00,Garrett Wilson,WR,25.111567419575632,2022plus,7,1,0.6931471805599453,10,0,0,0.84,0,0,16.583333333333332,Knee,knee,Doubtful,DNP,2025_WilsGa00_7,2,0,Out,0
2025,NYJ,WilsGa00,Garrett Wilson,WR,25.111567419575632,2022plus,8,2,1.0986122886681098,9,0,0,0.84,0,0,16.583333333333332,Knee,knee,Out,DNP,2025_WilsGa00_7,2,0,Questionable,1
2025,NYJ,WilsGa00,Garrett Wilson,WR,25.111567419575632,2022plus,11,1,0.6931471805599453,7,0,1,0.39,0,1,14.214285714285714,Knee,knee,Out,DNP,2025_WilsGa00_11,8,1,Not listed,0
2025,NYJ,WilsGa00,Garrett Wilson,WR,25.111567419575632,2022plus,12,2,1.0986122886681098,6,1,1,0.39,0,1,14.214285714285714,Knee,knee,Not listed,Not listed,2025_WilsGa00_11,8,1,Not listed,0
2025,NYJ,WilsGa00,Garrett Wilson,WR,25.111567419575632,2022plus,13,3,1.3862943611198906,5,1,1,0.39,0,1,14.214285714285714,Knee,knee,Not listed,Not listed,2025_WilsGa00_11,8,1,Not listed,0
2025,NYJ,WilsGa00,Garrett Wilson,WR,25.111567419575632,2022plus,14,4,1.6094379124341003,4,1,1,0.39,0,1,14.214285714285714,Knee,knee,Not listed,Not listed,2025_WilsGa00_11,8,1,Not listed,0
2025,NYJ,WilsGa00,Garrett Wilson,WR,25.111567419575632,2022plus,15,5,1.791759469228055,3,1,1,0.39,0,1,14.214285714285714,Knee,knee,Not listed,Not listed,2025_WilsGa00_11,8,1,Not listed,0
2025,NYJ,WilsGa00,Garrett Wilson,WR,25.111567419575632,2022plus,16,6,1.9459101490553132,2,1,1,0.39,0,1,14.214285714285714,Knee,knee,Not listed,Not listed,2025_WilsGa00_11,8,1,Not listed,0
2025,NYJ,WilsGa00,Garrett Wilson,WR,25.111567419575632,2022plus,17,7,2.0794415416798357,1,1,1,0.39,0,1,14.214285714285714,Knee,knee,Not listed,Not listed,2025_WilsGa00_11,8,1,Not listed,0
2025,NYJ,WilsGa00,Garrett Wilson,WR,25.111567419575632,2022plus,18,8,2.1972245773362196,0,1,1,0.39,0,1,14.214285714285714,Knee,knee,Not listed,Not listed,2025_WilsGa00_11,8,1,No report,0
2025,PHI,BrowAJ00,A.J. Brown,WR,28.17248459958932,2022plus,8,1,0.6931471805599453,9,0,0,0.92,4,1,12.357142857142858,Hamstring,soft_tissue,Out,DNP,2025_BrowAJ00_8,1,0,None,1
2025,PHI,GoedDa00,Dallas Goedert,TE,30.661190965092402,2022plus,2,1,0.6931471805599453,15,0,0,0.83,7,1,10.62,Knee,knee,Out,DNP,2025_GoedDa00_2,1,0,None,1
2025,PHI,GoedDa00,Dallas Goedert,TE,30.661190965092402,2022plus,18,1,0.6931471805599453,0,0,0,0.8,7,1,12.34,Knee,knee,Out,DNP,2025_GoedDa00_18,1,1,No report,0
2025,SF,JennJa00,Jauan Jennings,WR,28.145106091718002,2022plus,3,1,0.6931471805599453,14,0,0,0.87,2,0,12.891666666666666,Ankle,ankle_foot,Questionable,DNP,2025_JennJa00_3,1,0,Questionable,1
2025,SF,KittGe00,George Kittle,TE,31.89596167008898,2022plus,2,1,0.6931471805599453,15,1,0,0.28,2,1,14.955000000000002,Hamstring,soft_tissue,Not listed,Not listed,2025_KittGe00_2,5,0,Not listed,0
2025,SF,KittGe00,George Kittle,TE,31.89596167008898,2022plus,3,2,1.0986122886681098,14,1,0,0.28,2,1,14.955000000000002,Hamstring,soft_tissue,Not listed,Not listed,2025_KittGe00_2,5,0,Not listed,0
2025,SF,KittGe00,George Kittle,TE,31.89596167008898,2022plus,4,3,1.3862943611198906,13,1,0,0.28,2,1,14.955000000000002,Hamstring,soft_tissue,Not listed,Not listed,2025_KittGe00_2,5,0,Not listed,0
2025,SF,KittGe00,George Kittle,TE,31.89596167008898,2022plus,5,4,1.6094379124341003,12,1,0,0.28,2,1,14.955000000000002,Hamstring,soft_tissue,Not listed,Not listed,2025_KittGe00_2,5,0,Not listed,0
2025,SF,KittGe00,George Kittle,TE,31.89596167008898,2022plus,6,5,1.791759469228055,11,1,0,0.28,2,1,14.955000000000002,Hamstring,soft_tissue,Not listed,Not listed,2025_KittGe00_2,5,0,None,1
2025,SF,KittGe00,George Kittle,TE,31.89596167008898,2022plus,17,1,0.6931471805599453,1,0,0,0.62,2,0,15.36,Ankle,ankle_foot,Questionable,DNP,2025_KittGe00_17,1,0,Questionable,1
2025,SF,PearRi00,Ricky Pearsall,WR,24.97741273100616,2022plus,5,1,0.6931471805599453,12,0,0,0.56,0,0,13.075000000000001,Knee,knee,Out,DNP,2025_PearRi00_5,6,0,Out,0
2025,SF,PearRi00,Ricky Pearsall,WR,24.97741273100616,2022plus,6,2,1.0986122886681098,11,0,0,0.56,0,0,13.075000000000001,Knee,knee,Out,DNP,2025_PearRi00_5,6,0,Out,0
2025,SF,PearRi00,Ricky Pearsall,WR,24.97741273100616,2022plus,7,3,1.3862943611198906,10,0,0,0.56,0,0,13.075000000000001,Knee,knee,Out,DNP,2025_PearRi00_5,6,0,Out,0
2025,SF,PearRi00,Ricky Pearsall,WR,24.97741273100616,2022plus,8,4,1.6094379124341003,9,0,0,0.56,0,0,13.075000000000001,Knee,knee,Out,DNP,2025_PearRi00_5,6,0,Out,0
2025,SF,PearRi00,Ricky Pearsall,WR,24.97741273100616,2022plus,9,5,1.791759469228055,8,0,0,0.56,0,0,13.075000000000001,Knee,knee,Out,DNP,2025_PearRi00_5,6,0,Out,0
2025,SF,PearRi00,Ricky Pearsall,WR,24.97741273100616,2022plus,10,6,1.9459101490553132,7,0,0,0.56,0,0,13.075000000000001,Knee,knee,Out,DNP,2025_PearRi00_5,6,0,None,1
2025,TB,EvanMi00,Mike Evans,WR,32.030116358658454,2022plus,4,1,0.6931471805599453,13,0,0,0.72,3,1,12.792857142857143,Hamstring,soft_tissue,Out,DNP,2025_EvanMi00_4,3,0,Out,0
2025,TB,EvanMi00,Mike Evans,WR,32.030116358658454,2022plus,5,2,1.0986122886681098,12,0,0,0.72,3,1,12.792857142857143,Hamstring,soft_tissue,Out,DNP,2025_EvanMi00_4,3,0,Out,0
2025,TB,EvanMi00,Mike Evans,WR,32.030116358658454,2022plus,6,3,1.3862943611198906,11,0,0,0.72,3,1,12.792857142857143,Hamstring,soft_tissue,Out,DNP,2025_EvanMi00_4,3,0,Questionable,1
2025,TB,GodwCh00,Chris Godwin,WR,29.51129363449692,2022plus,6,1,0.6931471805599453,11,0,0,0.77,10,0,12.642857142857142,Lower Leg,soft_tissue,Out,DNP,2025_GodwCh00_6,5,0,Out,0
2025,TB,GodwCh00,Chris Godwin,WR,29.51129363449692,2022plus,7,2,1.0986122886681098,10,0,0,0.77,10,0,12.642857142857142,Lower Leg,soft_tissue,Out,DNP,2025_GodwCh00_6,5,0,Out,0
2025,TB,GodwCh00,Chris Godwin,WR,29.51129363449692,2022plus,8,3,1.3862943611198906,9,0,0,0.77,10,0,12.642857142857142,Lower Leg,soft_tissue,Out,DNP,2025_GodwCh00_6,5,0,Out,0
2025,TB,GodwCh00,Chris Godwin,WR,29.51129363449692,2022plus,10,4,1.6094379124341003,8,0,0,0.77,10,0,12.642857142857142,Lower Leg,soft_tissue,Out,DNP,2025_GodwCh00_6,5,0,Out,0
2025,TB,GodwCh00,Chris Godwin,WR,29.51129363449692,2022plus,11,5,1.791759469228055,7,0,0,0.77,10,0,12.642857142857142,Lower Leg,soft_tissue,Out,Limited,2025_GodwCh00_6,5,0,Questionable,1
2025,TB,IrviBu00,Bucky Irving,RB,23.0362765229295,2022plus,5,1,0.6931471805599453,12,0,0,0.61,0,0,18.0,Foot / Toe,ankle_foot,Out,DNP,2025_IrviBu00_5,7,0,Out,0
2025,TB,IrviBu00,Bucky Irving,RB,23.0362765229295,2022plus,6,2,1.0986122886681098,11,0,0,0.61,0,0,18.0,Foot / Toe,ankle_foot,Out,DNP,2025_IrviBu00_5,7,0,Out,0
2025,TB,IrviBu00,Bucky Irving,RB,23.0362765229295,2022plus,7,3,1.3862943611198906,10,0,0,0.61,0,0,18.0,Foot / Toe,ankle_foot,Out,DNP,2025_IrviBu00_5,7,0,Out,0
2025,TB,IrviBu00,Bucky Irving,RB,23.0362765229295,2022plus,8,4,1.6094379124341003,9,0,0,0.61,0,0,18.0,Foot / Toe,ankle_foot,Out,DNP,2025_IrviBu00_5,7,0,Out,0
2025,TB,IrviBu00,Bucky Irving,RB,23.0362765229295,2022plus,10,5,1.791759469228055,8,0,0,0.61,0,0,18.0,Foot / Toe,ankle_foot,Out,DNP,2025_IrviBu00_5,7,0,Out,0
2025,TB,IrviBu00,Bucky Irving,RB,23.0362765229295,2022plus,11,6,1.9459101490553132,7,0,0,0.61,0,0,18.0,Foot / Toe,ankle_foot,Out,Limited,2025_IrviBu00_5,7,0,Out,0
2025,TB,IrviBu00,Bucky Irving,RB,23.0362765229295,2022plus,12,7,2.0794415416798357,6,0,0,0.61,0,0,18.0,Foot / Toe,ankle_foot,Out,Limited,2025_IrviBu00_5,7,0,Questionable,1
2025,WAS,DaniJa02,Jayden Daniels,QB,24.70362765229295,2022plus,3,1,0.6931471805599453,14,0,0,1.0,0,0,20.42029411764706,Knee,knee,Out,Limited,2025_DaniJa02_3,2,0,Out,0
2025,WAS,DaniJa02,Jayden Daniels,QB,24.70362765229295,2022plus,4,2,1.0986122886681098,13,0,0,1.0,0,0,20.42029411764706,Knee,knee,Out,DNP,2025_DaniJa02_3,2,0,None,1
2025,WAS,DaniJa02,Jayden Daniels,QB,24.70362765229295,2022plus,8,1,0.6931471805599453,9,0,0,0.69,0,0,19.268,Hamstring,soft_tissue,Out,DNP,2025_DaniJa02_8,1,0,None,1
2025,WAS,DaniJa02,Jayden Daniels,QB,24.70362765229295,2022plus,10,1,0.6931471805599453,7,0,0,0.88,0,0,18.593333333333334,Arm / Elbow,other,Out,DNP,2025_DaniJa02_10,3,0,Out,0
2025,WAS,DaniJa02,Jayden Daniels,QB,24.70362765229295,2022plus,11,2,1.0986122886681098,6,0,0,0.88,0,0,18.593333333333334,Arm / Elbow,other,Out,DNP,2025_DaniJa02_10,3,0,Out,0
2025,WAS,DaniJa02,Jayden Daniels,QB,24.70362765229295,2022plus,13,3,1.3862943611198906,5,0,0,0.88,0,0,18.593333333333334,Arm / Elbow,other,Out,Limited,2025_DaniJa02_10,3,0,None,1
2025,WAS,SamuDe00,Deebo Samuel,WR,29.6290212183436,2022plus,7,1,0.6931471805599453,10,0,0,0.72,2,0,15.666666666666666,Foot / Toe,ankle_foot,Out,Limited,2025_SamuDe00_7,1,0,None,1
2026,BAL,FlowZa00,Zay Flowers,WR,25.971252566735114,2022plus,2,1,0.6931471805599453,1,0,0,0.29,0,0,17.233823529411765,Hamstring,soft_tissue,Doubtful,Limited,2026_FlowZa00_2,1,0,Questionable,1
2026,DEN,HarvRJ00,RJ Harvey,RB,25.571526351813826,2022plus,2,1,0.6931471805599453,1,0,0,0.51,0,0,11.13970588235294,Hamstring,soft_tissue,Questionable,Limited,2026_HarvRJ00_2,1,0,None,1
